update,mean,std,count,smooth,smooth_sd
1,-386.80123406053355,121.08058839532325,10,-386.80123406053355,121.08058839532325
2,-413.4359325317723,106.94114396959814,10,-400.1185832961529,114.01086618246069
3,-370.68906555320285,157.2003238048274,10,-390.3087440485029,128.40735205658294
4,-438.7565617686795,125.62797433418993,10,-402.420698478547,127.71250762598467
5,-434.39742348403036,180.97750246492924,10,-408.81604347964367,138.36550659377357
6,-434.82619797781774,140.09343783477468,10,-413.1510692293393,138.65349513394042
7,-365.49087655905,128.74052422121494,10,-406.34247027644085,137.2373564321225
8,-438.25688987902157,180.7896356897859,10,-410.3317727267634,142.68139133933045
9,-408.27382669706304,182.82755513035764,10,-410.1031120567967,147.14207620500014
10,-354.09845716342807,99.58591171033218,10,-404.50264656745986,142.38645975553334
11,-422.7312825866845,119.69594043330294,10,-406.1597952964803,140.32368527169422
12,-410.87125901911287,114.17965413284014,10,-406.5524172733663,138.14501601012304
13,-376.5041241409077,146.3195075791156,10,-404.24101010933106,138.7738230538917
14,-418.4593485327532,144.83691198253157,10,-405.25660571100406,139.20690083450884
15,-435.12447027458785,162.76009014281757,10,-407.2477966819097,140.77711345506273
16,-410.60163708723195,142.25043046680912,10,-407.45741170724233,140.8691957682969
17,-396.40842995734886,104.79193164418652,10,-406.8074716043074,138.74700376099628
18,-363.5780994721552,212.75989016648543,10,-404.40583981918786,142.85883078352347
19,-427.94360654203155,107.5985918344185,10,-405.64466964670595,141.00302873357057
20,-414.7268962253696,154.2393583080416,10,-406.0987809756391,141.66484521229413
21,-442.9494233215385,164.1371554789405,10,-407.85357346830097,142.73495522499158
22,-405.4812281889203,138.01594252153626,10,-407.7457395919655,142.5204546475618
23,-439.88468225783583,189.49028449051875,10,-409.14308492526425,144.56262116247296
24,-464.61101781864784,152.56045371147374,10,-411.4542487958219,144.895864185348
25,-388.5155612532374,156.24641567078697,10,-410.53670129411853,145.34988624476554
26,-422.5092105178126,135.0429350788224,10,-410.9971824181067,144.95346504607542
27,-362.6569884215748,199.96760370263922,10,-409.20680486267963,146.99102573705926
28,-377.70607511101326,155.12403422600198,10,-408.0817788001201,147.28149032595007
29,-420.5900716387978,153.14759598350207,10,-408.5130992428331,147.48376983138292
30,-467.2936264013517,145.33948350200862,10,-410.47245014811705,147.4122936204038
31,-426.34186946728977,110.6752193493755,10,-410.9843669003484,146.22722670843515
32,-410.2631584804514,201.292527595141,10,-410.9618291372267,147.94801736114465
33,-399.4692432894945,257.71645404104356,10,-410.6135689600227,151.27433362417187
34,-516.976312572659,182.51010418857783,10,-413.74188494862966,152.19303275841912
35,-440.816316502959,147.96051144360007,10,-414.5154401358962,152.0721035779957
36,-326.9921462002461,111.7758329853821,10,-412.08423752657257,150.9527627282009
37,-446.4879942133249,220.13935133602206,10,-413.0140687883767,152.82267052841226
38,-339.2938036263201,118.7820727333133,10,-411.0740618104278,151.9268653232781
39,-433.54635467390955,149.72322370743626,10,-411.650274447953,151.87036169210265
40,-353.0912948253408,150.93741572381336,10,-410.18629995738775,151.84703804289543
41,-401.5201098065963,225.6959719882024,10,-409.974929465905,153.64823155375657
42,-362.87510757349844,181.58988924358496,10,-408.8535051351334,154.31350911780012
43,-433.4204613912564,197.8583385066256,10,-409.4248296992293,155.32617956870305
44,-455.7062010312694,191.12742666023277,10,-410.47667904768474,156.13984427532873
45,-461.3930222156454,176.104147122682,10,-411.60815334030605,156.58349544971435
46,-339.44255810260194,154.44065827027873,10,-410.03933605252985,156.5369120327701
47,-489.25479116922304,239.26002942375476,10,-411.7247712677787,158.29697836023786
48,-349.1285477167672,157.53998187983703,10,-410.4206832771326,158.2812076002295
49,-390.9431509295366,160.7316416127288,10,-410.0231826169775,158.33121645762745
50,-368.7181914847113,137.55897210825944,10,-409.1970827943322,157.9157715706401
51,-398.0040133875203,167.4723464757776,10,-409.42113838087187,158.8436067322492
52,-436.5775922095726,161.4544353409442,10,-409.8839715744278,159.9338725596761
53,-447.1442065831046,127.08778963596659,10,-411.41307439502583,159.33162187629887
54,-379.47762376615304,158.83507953154134,10,-410.22749563497536,159.9957639802459
55,-382.66151399867823,121.87134684245267,10,-409.1927774452683,158.81364086779638
56,-461.2298252572958,193.53198665219526,10,-409.7208499908578,159.88241184414474
57,-422.9162170127667,150.30165241527635,10,-410.86935679993223,160.31363440802596
58,-443.08383358280525,166.18689269791489,10,-410.9658956740079,160.0215795481886
59,-470.3936663319144,120.6306720952,10,-412.208292466705,158.77764188748543
60,-364.7511257063272,120.59988273319844,10,-412.42134583756297,159.19792130794275
61,-361.52929084852576,183.1677530581576,10,-411.1973060027998,160.46735756043984
62,-435.12101030433706,192.13341476911265,10,-411.68230102850436,162.02643277316528
63,-369.43226435405086,158.86362603031353,10,-411.5408638327673,162.27731514218922
64,-366.60764659090836,100.40447171469879,10,-410.50382979393044,161.38866633683259
65,-372.2262793888352,139.69873659581933,10,-409.2458659762153,160.92743926589262
66,-326.6279242322257,85.8117888530199,10,-407.56639171911536,159.79866643361683
67,-319.79017277571603,115.5059359858824,10,-406.03402657548264,160.01294652045073
68,-386.64353844479893,196.94161097436782,10,-406.49533535493555,159.6965809366084
69,-375.8491969731902,173.21874809731935,10,-405.4534471635587,161.00898406186639
70,-354.81458552451295,138.8272288165863,10,-404.2552009495415,160.7007414720373
71,-409.8332518472583,173.48986031210165,10,-403.592877520056,160.88779556870057
72,-363.7064958882374,130.02583467703795,10,-402.7573828740423,160.7279934118106
73,-399.97070347616096,147.2979517141473,10,-401.95910329840876,159.88414675628314
74,-373.66857514537,62.58463797166292,10,-400.14025444494314,158.08463044148698
75,-355.6422803356405,244.65429392624068,10,-399.4827888265911,159.85278800659603
76,-403.60692716312303,167.65426575100858,10,-399.1047431594974,160.50501462003976
77,-376.8938441307686,196.56869914618798,10,-399.3894802736813,160.43703652891077
78,-514.4951145318244,232.41990130344507,10,-402.1252610620974,161.9829538704596
79,-389.03697801168494,188.59030606950523,10,-401.4941991895552,162.69180807217967
80,-415.7169661596737,152.14393400274102,10,-400.4626659847216,162.8278970821943
81,-431.1906588985138,155.0744532912477,10,-400.5596417733461,163.71588176103177
82,-400.2530308006227,184.62712950690383,10,-400.35943921974956,163.38257379926702
83,-415.0529531303843,150.21171066245878,10,-400.6711134165674,161.2324789316953
84,-405.25881932154516,148.88266600800657,10,-398.4367635515451,160.5599301680839
85,-361.0023542236402,156.71604633355966,10,-396.8404843059587,160.7350408658831
86,-352.6416001973038,160.109490896804,10,-397.35347338589986,161.70171402411154
87,-398.3756359974462,104.31366917154232,10,-396.3912262215823,159.38520038082194
88,-405.42599095670477,200.99128256815663,10,-397.71386996819007,161.02938457751884
89,-284.3758567202894,116.9695157623883,10,-394.7304600091177,160.37431041861785
90,-416.81438279412816,195.9211068246489,10,-396.0049217684934,161.27398424063458
91,-320.8492207374503,195.55565914936778,10,-394.3915039871104,160.67117798385786
92,-436.9106330452734,148.94527718362474,10,-395.87221449654595,160.01828574265866
93,-402.85102158338196,252.4024854028121,10,-395.26082570038847,161.1091686805824
94,-396.0927710672581,145.9402896812201,10,-394.06855710110824,160.20542594100212
95,-377.18460276483654,191.5616946836693,10,-392.38438871209195,160.51457689222187
96,-443.4289156094119,115.92106830267038,10,-394.4641158622282,159.7441850928697
97,-360.3353537377167,177.15111144719128,10,-391.885727113598,158.50200673333845
98,-322.20127782532853,96.20255684955033,10,-391.34718171576924,157.2752582327327
99,-387.31463392559226,228.00106441292823,10,-391.2746113756903,158.62064668873668
100,-466.6605176821451,186.9556169327109,10,-393.233457899639,159.6085795852257
101,-379.68891468337495,172.97897130605955,10,-392.8671559255561,159.71871208183134
102,-387.942601967264,180.85950563308947,10,-391.89445612071,160.10681348767426
103,-359.8881054756213,125.96479194254356,10,-390.14933409856036,160.0843535338058
104,-431.6096358930016,162.59094680814326,10,-391.1919743410973,160.15947087933782
105,-353.6520793549071,110.97891523539359,10,-390.6117856482218,159.94162224719662
106,-423.9562354543952,152.18522560565077,10,-389.8663138521639,159.11468702626576
107,-326.77219587004566,115.56461094147038,10,-387.94343342930944,158.4199461967896
108,-431.55015895175245,137.01934431316994,10,-387.71275993668837,157.83659522909474
109,-420.10671280259487,126.88118753199818,10,-386.70702086610197,157.96160553783068
110,-422.632819651069,200.64878234654032,10,-387.86465474499676,159.56258353009753
111,-420.62233972567867,178.24232943976008,10,-389.04651572253994,159.4640750577296
112,-372.5590205583563,142.1367037212022,10,-387.79527592762037,158.46414083677138
113,-500.60356203819083,186.9328560933953,10,-390.4187018813032,159.02552543803304
114,-354.7506541277647,135.57294269037567,10,-390.1815620320403,159.72889485754658
115,-534.1093370498631,304.9421914809392,10,-393.4192231852609,163.03376395524893
116,-366.12112307351,215.38568837371014,10,-394.2090871620865,165.62524194566274
117,-455.2248713872399,171.99606658984436,10,-396.91778113431695,166.755044557742
118,-434.458047473897,131.97776904831863,10,-397.87407131489897,165.455767719221
119,-417.66502126677585,96.00092534064356,10,-398.7103878007708,163.91141126408752
120,-420.7870261204459,136.0496639384009,10,-400.02983661268934,163.85585996652378
121,-361.1647026327676,111.59655957430202,10,-399.0564656283994,162.6179939517678
122,-366.76299242973784,129.3267548883806,10,-399.11759555922936,162.60401235599463
123,-415.72011924685955,107.42123347451059,10,-399.4325838746434,161.8064779912019
124,-396.5567141451821,191.83704389540304,10,-399.89034665463964,164.3915261096767
125,-423.34602657678727,126.95810502918434,10,-401.2444215794626,162.0376023317356
126,-391.3312300562221,106.74533140426989,10,-400.9989076373245,160.81942364480082
127,-355.8602865582376,145.43096995376203,10,-400.57823648587396,159.79666906095227
128,-393.04133661445366,158.99046735368194,10,-398.14916092752645,158.32808038195702
129,-354.66360701365903,128.43152828451534,10,-397.46169350756594,157.1249048262572
130,-457.46641488153637,209.49417926970816,10,-398.2966824820033,158.27190973159657
131,-330.9380467630857,112.61501476741795,10,-396.29163023929476,157.42272096111995
132,-410.57094809343045,254.6166231800044,10,-396.4979885851509,158.82251083458198
133,-301.3387671459958,160.14909779619424,10,-394.22370486546316,159.02125857725667
134,-432.60169338394144,204.86176834151198,10,-394.77056234671113,160.1408406239268
135,-326.6798347719937,140.6246575519293,10,-394.0841119576782,159.8190128482942
136,-401.37584861620724,169.62075979156157,10,-395.0587969260563,160.00923822618935
137,-431.11377934975945,164.31677359717148,10,-395.71355979310255,161.20930031470195
138,-343.87161711065903,160.9041386413204,10,-394.48247231618166,160.40755743616518
139,-383.82211196491215,154.97606866363643,10,-396.47139742107413,161.16768849419014
140,-368.7017990758719,126.0919055389264,10,-395.50914574670895,159.77110446847573
141,-388.6714173609666,135.1567162958566,10,-396.86558967917927,158.5631256114055
142,-389.9763964075318,102.12400610978743,10,-395.92690494642443,157.62670018992875
143,-368.3916224609601,190.42579603169435,10,-395.2377169639759,156.38716640250638
144,-376.8188814333823,167.70410823308205,10,-394.8522391712984,156.82244277354366
145,-361.31114112769427,127.66384887306849,10,-394.5347699385556,155.54448585733167
146,-329.24329394725646,90.13654165968562,10,-392.2510575053125,155.02879532447196
147,-300.250499309808,155.07132756883658,10,-391.04936041675427,154.58719964690485
148,-504.9215217680633,197.9772139893902,10,-394.70376529560895,156.62269278970163
149,-356.1716463910677,159.6688847574791,10,-394.0809055449185,155.25604919659264
150,-412.43683838568825,109.19544425390136,10,-392.99643195898943,153.70084574301646
151,-445.6028645167735,172.80253674919297,10,-394.31471095565735,153.69731705187914
152,-431.887489510534,193.01149112635565,10,-395.1936087065228,153.94035676174445
153,-379.97032224823903,137.81194525367042,10,-395.5952530419752,154.17729982796698
154,-444.8211659084254,179.1156737209244,10,-395.8594836422837,154.5077943662226
155,-430.9580184473887,140.6439964681304,10,-397.4056024241332,155.10109599087735
156,-354.889125530559,102.17410899047162,10,-396.02426022565646,154.10087365857376
157,-368.2770360801331,149.23730728986206,10,-396.8543570298583,154.77432758554158
158,-430.5722112783207,119.31255764968519,10,-396.8347980763896,154.42019185227193
159,-317.3825699546712,70.54924643658957,10,-394.7803152194312,153.29355303036374
160,-386.78279654204545,194.5916006131825,10,-394.0633147572507,153.17240939569658
161,-309.00319785432066,95.99362000280146,10,-391.83093191982357,151.52743520695742
162,-391.29248775917347,139.58465531090758,10,-392.20560126383987,151.47639423875154
163,-426.74175866682634,162.0638149486063,10,-390.72836519641254,150.97901341585575
164,-387.4812822908393,125.4442714370141,10,-391.382977759674,150.7764399907885
165,-405.5276176886408,218.3605315143623,10,-388.81134337244947,149.04480679145698
166,-441.38132442683553,161.5131981379353,10,-390.31654739951597,147.9673569867415
167,-371.0389583752502,182.3347531103051,10,-388.6328291392762,148.1741307171507
168,-366.27458985536083,154.09337790744155,10,-387.2691599869055,148.61644289433315
169,-416.2982281249034,102.9035619273693,10,-387.2418241240681,148.75449562606767
170,-385.0292304776075,106.7387235368272,10,-386.52666821121136,148.16827681803616
171,-452.02185976908623,202.88569436268946,10,-388.3438113539378,149.99405951380393
172,-332.24426955699886,115.96521120145216,10,-387.65343689648296,149.72682864006538
173,-324.82356898765977,166.36329924438525,10,-385.83550589129896,150.90566995546286
174,-399.78520040825936,148.7471153679593,10,-385.9000756165605,150.04387138491398
175,-351.4526328103396,129.37323535742348,10,-384.46220774123157,150.09217399147875
176,-403.07483286145634,173.95298514343133,10,-384.6970797973362,151.436327066262
177,-426.7382301141576,177.57766922233148,10,-386.11463866845463,152.0792610516334
178,-465.56392532812623,192.5495448161611,10,-387.56509044272804,152.750442600883
179,-388.6196872090077,194.20880060787988,10,-388.244212046635,154.0659880473503
180,-420.88822410912337,101.46342889600835,10,-387.5126482311867,151.90537303987628
181,-393.9066399223257,212.70389483812158,10,-388.77202009437156,153.90715064129034
182,-370.0184789185088,224.74547826358963,10,-387.96097071087314,153.30972774296202
183,-376.29855791008595,181.41734423997298,10,-389.4601665261549,153.7350926718376
184,-394.6926868547906,225.36882395688446,10,-388.70198639557196,154.14523378414506
185,-381.7018282753942,110.5522439570005,10,-389.8024262656399,153.54378551224647
186,-315.4356468070923,132.06833961916675,10,-388.08362222945755,152.7927371087986
187,-417.8343832042416,125.62636064245433,10,-387.8180343065472,152.01892884970425
188,-308.66292682455486,95.78409324495462,10,-387.1138605008252,150.71652794177695
189,-403.8721452737657,124.64378544105105,10,-387.51486116700215,150.10988227732526
190,-376.843897389951,133.79502461442917,10,-387.6777031332838,150.26394465883533
191,-320.6617338158204,108.07136233932593,10,-386.31750946238094,149.72223757970468
192,-324.2379940005544,137.02707950061998,10,-385.00274141424137,150.42029904752135
193,-363.1013698904329,156.81710748576057,10,-384.8969363628309,149.7481252766027
194,-499.63522424825624,192.97206498306076,10,-387.3532632191284,150.25348441160224
195,-439.5367238430649,198.86113322421176,10,-388.91777487343586,151.6774300986251
196,-383.8724803482296,119.00685500253317,10,-390.0103586014553,152.25483636548208
197,-404.29782001091155,140.1057518163075,10,-392.09130501547725,151.9555248504315
198,-423.36027982983506,162.88951455697554,10,-390.4600801767127,151.2537708617832
199,-370.1198397391644,165.05455274779456,10,-390.7390440436746,151.36148422158948
200,-404.25686582157005,165.705821424789,10,-390.57544459239233,152.49169176500726
201,-404.9367924619999,176.42048894594188,10,-389.76212315129675,152.56405080894223
202,-391.655979031603,148.25828306930168,10,-388.9574929417181,151.66898664780115
203,-341.42498898116827,190.3154941841251,10,-388.1865862763767,152.71905762641023
204,-421.4357600997332,124.97263193065196,10,-387.7188781602028,151.6361967906048
205,-401.8730839582241,118.8566972793873,10,-387.1371794704196,151.20045080682988
206,-362.1124083885495,160.27644493919388,10,-387.28164512757934,152.36249752580432
207,-332.5230811847682,100.65212525243216,10,-386.566566029672,151.39079388505576
208,-354.79318666909313,132.58595373710025,10,-385.0509855374875,151.65626180680405
209,-375.12649176386157,134.7508106060343,10,-386.2058639736713,152.94029309019297
210,-422.5143992685663,210.50112044444745,10,-386.9204960282017,153.25848348681825
211,-430.5187719593205,257.62351971841946,10,-389.35080751030165,156.49108148113064
212,-447.53894245330594,182.7035897644855,10,-390.47573660418436,157.35346017020217
213,-435.93325366890724,105.04393867091717,10,-390.659566504226,156.2130626446484
214,-414.7933858875813,191.0047743641358,10,-391.20580857616085,157.5242727031908
215,-471.06419502871466,164.47874197332152,10,-392.51654012296234,156.44663691237
216,-353.7148346317148,167.68077167281598,10,-390.76321032705994,156.5699883830676
217,-474.83181390567154,183.89014593001855,10,-392.83906743766835,156.60109623946187
218,-423.97664006684755,224.8012494455125,10,-393.99310844189813,158.01525367022327
219,-332.3172437383927,131.09794771439925,10,-392.3134887541679,158.57914138596388
220,-437.5923409741471,206.90867488686126,10,-393.36475096409873,160.58254041296456
221,-409.4916018165621,190.24461681389923,10,-392.5141458050482,160.32971886198877
222,-431.4471899622064,127.96626506251448,10,-394.49820421315235,160.56973993921002
223,-292.3353512630009,83.0783041482762,10,-393.8484398586593,158.90404003728787
224,-472.7228398466732,152.04903480642704,10,-395.3071926474274,158.9700784260572
225,-447.75724092694725,176.17398621045032,10,-397.23328480975965,159.90609344311773
226,-407.14615570726045,165.38701019286123,10,-397.3147112666757,159.7347739441063
227,-487.524448423191,167.6942591681745,10,-398.5304356328564,159.53710574302318
228,-360.983869278014,170.12986393551466,10,-396.43883451185417,159.08871212541027
229,-390.1383010941166,174.62502117986563,10,-396.46920678955644,158.69703653685
230,-406.21473948964774,122.1456256168703,10,-396.1757370971669,159.11068047126722
231,-336.45417315101815,142.49952694369452,10,-395.02668776174073,157.7065931133787
232,-431.4843034038934,272.5609802299499,10,-396.2560042514484,158.6629031527059
233,-404.52929496753836,157.97102758030695,10,-396.8206189925975,158.19397681951259
234,-372.3898286452749,150.3476605318577,10,-396.3745618284071,156.69355355101203
235,-393.14955076353937,150.6545194614142,10,-396.60351627817,157.4955990611003
236,-377.28623213873885,98.54513831384901,10,-397.840527984803,156.82513503499396
237,-351.66704601576566,137.18065233588675,10,-396.5171812410335,157.0562208688626
238,-309.73092488007626,83.72391435489511,10,-396.5385412021439,156.81501729106142
239,-403.5374018380763,112.79316467825598,10,-396.53184633343005,156.5780048758055
240,-389.5256797681915,175.2938226535107,10,-396.785481980995,157.40798083658714
241,-478.99034765322057,174.16302700262634,10,-399.95205425774293,158.72981412985314
242,-335.911574994676,99.05710823716244,10,-400.18552587762525,157.970414704584
243,-454.0612404239579,199.1997332324618,10,-402.0047232882958,158.81806721951804
244,-432.32071333655296,114.83216444547962,10,-400.65843307006173,157.2552692087664
245,-307.2622196094643,79.10073372676734,10,-398.01294298538966,154.86006121881752
246,-421.3227644844551,221.21942599958078,10,-398.7619486681142,156.90431263875848
247,-420.2493111392405,200.1739049177687,10,-399.0809784906807,158.10567570078769
248,-504.108503108611,148.0702828629584,10,-400.69594295625626,157.80929106690735
249,-376.93366027788113,139.09931313705343,10,-400.8322193670307,157.2901862746925
250,-427.6469465181146,144.19246738286446,10,-401.30002098096156,156.859919193854
251,-422.93051151006813,286.0365086504115,10,-401.6598953619229,159.05223958794338
252,-322.510514196269,146.32404744097133,10,-400.27698606521625,159.0135548753768
253,-370.13220468822954,211.39135125219028,10,-400.85113037935747,159.43507201673808
254,-371.860688221858,136.16267456099334,10,-399.85962894179994,159.65887286934495
255,-406.12052209735475,237.83659708334935,10,-399.9445777045826,162.03847086542416
256,-417.4844708407676,130.70410406551716,10,-401.05201895362705,161.44702404795063
257,-378.67952631963374,153.01310339466875,10,-401.97514785632427,162.4942436107954
258,-418.1878510308117,219.6578200199088,10,-403.2430411435587,164.23568093645153
259,-359.04643980477965,143.85345131720013,10,-402.9214401043771,164.41773375067484
260,-295.1821691852519,127.16575316181212,10,-400.37479550271075,162.75102640502215
261,-336.1715567686657,160.62899000140993,10,-398.4878511988976,160.81113581068198
262,-431.7380454345317,235.95894500000747,10,-398.17183325852216,161.8762429153924
263,-346.2784248352471,101.3373933944372,10,-396.3787366818489,161.80211200986278
264,-353.90178922325083,148.75664418454187,10,-395.1609047485623,160.95714940627093
265,-429.65147484011277,199.0850096683106,10,-394.3326503447903,161.64927476017073
266,-394.8774008652792,187.47784961512576,10,-395.1559016694616,162.04521631901693
267,-357.4368176668921,193.84645027437148,10,-392.80800174468607,162.24434240590398
268,-346.55193732816633,104.4203242862522,10,-391.25950768991237,159.83672390271877
269,-283.61374193153864,140.24947264205863,10,-390.2854376537752,160.01975440127194
270,-408.22365905953967,153.7084855147565,10,-389.6980640154831,158.95575061382988
271,-335.5376835005993,129.6710821641139,10,-388.2189856491638,157.74427992083417
272,-301.3699069486758,96.86441973050785,10,-385.6174399888932,157.122243014194
273,-461.63059634365874,162.86331864632695,10,-389.00334489050636,158.71794330415503
274,-391.33576016359183,166.6573177035493,10,-387.3756032968447,159.01010896209746
275,-431.58165815613546,201.00349860255614,10,-387.05209164142843,159.50669920993957
276,-478.8792498917622,178.08624385118227,10,-388.4867535251184,159.76068388310597
277,-404.1594481163779,223.94609984112566,10,-386.8194535189822,160.88572069656502
278,-443.303660958399,200.88825137471028,10,-388.4658493525899,161.50088844534892
279,-390.6595415137944,179.1941547935858,10,-388.4762741609834,161.59227111762334
280,-426.9568817399966,190.67525144359297,10,-388.8911170059904,162.96286363415777
281,-436.4507401094535,175.25873793428107,10,-390.89104834515916,163.6180478539695
282,-415.60971112657097,128.513206684284,10,-390.57355649961266,160.7370923830562
283,-393.7523089741077,106.42695570615714,10,-390.35801677974405,159.7062109455732
284,-346.8030293024399,101.3974200915313,10,-389.8462807928874,158.72720613676665
285,-388.0213395644661,172.81633483245923,10,-389.74371656890594,159.17044244418753
286,-465.3214866997863,138.65123157170882,10,-391.504421660127,159.97256430934476
287,-479.26601787130437,194.55471791480102,10,-394.05640109723777,161.12004562092304
288,-379.84332792949357,185.8265714434469,10,-395.4586491582261,163.16209876269406
289,-356.40229273970715,99.37334008908958,10,-394.5159469762587,162.89370227091072
290,-418.8781327754624,169.97671382585548,10,-395.1029960364042,162.78736009435764
291,-400.6880160118915,194.4558236749513,10,-393.5369494035776,163.19321602780417
292,-427.0609535473556,165.60909226230012,10,-395.3599369746312,164.52425570830692
293,-358.107646152942,89.83675911624313,10,-393.44086508921094,162.33699622598257
294,-387.4965692851568,210.37753054755788,10,-392.5443822081829,164.2479035480241
295,-362.07869971627326,152.71183852188986,10,-393.64071181031903,165.72012564392654
296,-394.43412640614235,172.39162518729086,10,-393.10293904875283,164.74356962768078
297,-417.7988402428722,161.2500281145702,10,-393.05392963082545,163.96509209161678
298,-336.50570290252097,145.07241212599686,10,-389.7018736267037,163.90513467687757
299,-450.9284007969368,285.13090656988203,10,-391.18176843708477,166.82576654553418
300,-427.005606133229,123.53157803969383,10,-391.16894162938695,166.41254875867074
301,-344.1985207878411,160.26927273559946,10,-389.59430181494247,163.8972040403745
302,-404.32625499313474,179.65482925485202,10,-391.2306166308798,164.56381967665212
303,-513.8581417128139,211.82638045594265,10,-394.1051353713715,164.57252026072717
304,-426.61493655464517,81.02728753968707,10,-395.2002203380273,163.46981252030105
305,-425.8781658532356,134.85204559491285,10,-395.59537321314485,161.41012149053233
306,-378.70621926429646,182.48066541862602,10,-394.81980818161554,162.44565271759453
307,-550.2550488412628,246.4785015478075,10,-398.2513186320481,164.31496068065732
308,-437.3065345439948,197.3594978378425,10,-398.6336923023118,163.86899423701595
309,-479.65237428651335,244.45432652173344,10,-401.04581099194644,165.8810117411066
310,-401.76130015791455,160.72369162426543,10,-403.1773936113996,166.5521705103557
311,-339.0569862800864,99.80497238824022,10,-403.235102201628,165.3356901580923
312,-380.08890857965076,115.62511157604796,10,-402.2021194645304,162.9290134896131
313,-337.8417316496029,134.6956674444045,10,-402.0333856008175,163.59617897061244
314,-452.1791118533405,190.49910932320512,10,-403.99893205341925,164.43102827338572
315,-369.5065949159392,162.455857985165,10,-402.79603445493586,163.6984452397228
316,-383.06403794469514,132.93565900322014,10,-402.5597671965241,162.60760142748467
317,-364.3832897764702,163.97935044324475,10,-402.6986966387158,162.0102594308621
318,-355.9940819140269,152.6414007756549,10,-402.887539530433,162.97468096065015
319,-449.23758016134906,273.3637861851073,10,-406.2000162950292,165.6369672315111
320,-417.16902769908313,160.27242764520966,10,-406.3789236678201,165.76824607412019
321,-479.49405029731054,193.8272349278137,10,-409.2580510037543,167.05136912939417
322,-440.1569548103559,103.42861313516515,10,-412.03379196098786,167.18265299748734
323,-299.6852648899032,163.90877409922803,10,-408.79488533191284,167.20356210654535
324,-423.2157493355259,157.87818672066305,10,-409.43248511535154,167.02797948688766
325,-379.07772465353463,183.91563312649848,10,-408.38240644529947,166.68622217736652
326,-411.7142616937407,193.5328129787831,10,-407.0391066813391,166.99515355991852
327,-380.64320379926164,191.0783315346312,10,-406.5687817949967,166.33779819378861
328,-450.82885804516644,198.0899812490962,10,-406.71928573673205,166.28183279127634
329,-358.8411527001852,147.4003850952392,10,-406.08291796045984,165.64595739730942
330,-452.25044469431487,184.54654841253867,10,-406.5887892195462,165.5233833366883
331,-466.3967073393711,193.46538544560426,10,-407.18770856414454,165.8875162869148
332,-467.41415949278064,174.16101756173094,10,-408.2237975314688,166.80047250446376
333,-424.8961269067101,173.32101938544884,10,-408.8466738901209,168.13835377804958
334,-476.39509344005955,386.4516122781954,10,-411.4385151728732,173.83943762178285
335,-393.588486660001,183.09350201030267,10,-411.54985811478394,174.04498096533973
336,-409.0327151543219,99.87111981156295,10,-410.4240826838746,173.26937873013682
337,-336.8564958662645,80.92026889161197,10,-407.5758922437739,170.996689749673
338,-341.5428265785636,142.22152383072756,10,-406.8098822167552,170.12458879741862
339,-484.39484158224167,233.9097998822537,10,-409.36973319360595,172.81531799328192
340,-450.6767395964209,114.10193988323434,10,-410.005705330025,171.6978225144295
341,-385.3706617837042,238.41337662733662,10,-409.69935824546127,172.57697357347723
342,-465.12610978613503,188.08424675320796,10,-410.46066137023683,173.02647666329537
343,-486.2044727663204,266.2873156738877,10,-413.02259790250434,176.5554877944482
344,-556.8655584450637,233.03570914065241,10,-416.40997768570253,177.00865136631012
345,-470.7193851729595,127.86164924200875,10,-418.58279139483625,176.51164758071252
346,-480.5312326152656,185.84151301439164,10,-420.3047335190188,176.78064533725453
347,-397.53743669244477,189.6719289068976,10,-419.89950544801025,177.349083353101
348,-409.46350765272297,138.27455315994308,10,-421.3586615430143,177.21312617377995
349,-389.80180966020356,119.64067193702928,10,-420.13612972027954,173.9033214811229
350,-421.84881949588805,153.30807192499458,10,-420.03299398753285,174.49885135882892
351,-440.27593556819727,177.31224320393753,10,-421.9545422831399,174.8397107681957
352,-340.99542440455184,161.5076620316687,10,-420.6879256713682,174.476767423732
353,-429.72332016777654,110.05790630351986,10,-419.00522924046754,172.44139794068357
354,-469.2945648818025,215.93565157874866,10,-419.8588218070106,175.13956522146484
355,-523.4240001123852,241.0079515115215,10,-421.80973849219356,177.262683339797
356,-419.0854267496594,183.344395165995,10,-422.61732264190084,177.27995793474437
357,-437.799413375784,164.33441575870245,10,-420.3682099325912,175.63707621896225
358,-456.69910238101966,218.90854337409806,10,-420.7560612893317,176.06805712968736
359,-398.36701074745037,153.03509868765812,10,-419.1303540185504,174.2396725730059
360,-394.42633080208236,171.31042648091244,10,-418.98365463143375,174.45140727013876
361,-395.57677221865924,165.7158524248391,10,-420.1140503502052,175.76962487087076
362,-429.01636639569415,150.501608765719,10,-421.0925995065261,176.46715481466418
363,-531.4438757221392,240.53691708386717,10,-424.96464238797694,178.58397980745343
364,-406.2661644301879,170.22800303611248,10,-424.0463834395138,178.1785576817116
365,-428.72312907378046,160.01109893981916,10,-425.23071412267063,178.12966250080473
366,-425.68165152826157,192.72302072152848,10,-426.08306639434204,179.3254097351709
367,-432.47999148456313,194.18959313667906,10,-427.445000428504,179.9296145890396
368,-373.65328958041977,171.3829747696139,10,-427.7981845818317,180.30444606891876
369,-488.73835936971483,229.66768982769628,10,-428.5882001659991,179.43052414177055
370,-492.83723807331626,189.18173535922242,10,-430.10156437348377,180.00871029605082
371,-429.26130148135064,229.27627320200273,10,-429.09690939716455,180.71769106153457
372,-457.0547980149701,229.69046965097903,10,-429.43486626125696,183.24292819185084
373,-343.4611818763212,131.13314813761207,10,-430.3103846009853,182.5874156726185
374,-433.661394471458,147.41078234787682,10,-430.5192975037039,182.3780675851628
375,-431.1291453017423,225.26123858098617,10,-431.5603259166681,183.2049796942526
376,-331.3006115133891,132.10673961330002,10,-429.95205291306115,181.9764582269429
377,-470.34287593954,148.9676740250877,10,-431.7460463558667,181.13424507675202
378,-398.41853927930856,88.35719736325443,10,-430.6978399805495,178.93958939903519
379,-519.9215429747546,152.46189826297174,10,-433.91944778604085,179.0408196623898
380,-444.89283762537434,195.71729202974828,10,-433.7722956446621,179.26423453473402
381,-531.5278962619913,197.2730032807906,10,-435.07491942311447,179.34038689143773
382,-405.6681010452859,177.33670677631582,10,-433.83999825416447,179.40390067572946
383,-409.95036927879465,178.10312871045056,10,-433.5410831016062,179.4995428622295
384,-432.39609169196035,113.4577402124374,10,-432.6611030666443,174.0396654209143
385,-500.4412863451198,146.10273783211952,10,-434.7981590603467,173.29985013735066
386,-397.43457852833967,193.67549360860926,10,-434.56619632782696,175.17593761329158
387,-407.80707881997876,192.66208287385706,10,-435.98520798690123,177.41077389293648
388,-459.03930068915076,253.98754233176788,10,-438.3351374691129,179.6460942629573
389,-512.2833270518001,167.279761038387,10,-438.8929071785041,178.31349348608
390,-431.55590002477203,214.61253349709702,10,-438.5104903870711,180.32370535835722
391,-402.7645003598279,97.15891398361103,10,-438.85836715859347,177.49861610548268
392,-536.1338698018724,241.41619200315247,10,-440.2785223589082,178.5652550104816
393,-382.7282131502192,201.81153789099125,10,-438.20899716658624,177.27573945482368
394,-414.74887513307056,179.50767345435779,10,-435.3666635003463,176.20517874109777
395,-407.75132604414205,192.3972023316004,10,-434.10730231776995,177.49588980288956
396,-530.1588810689689,247.15825175150619,10,-435.09985528684405,178.72222457763186
397,-372.73685488495636,164.82539793692013,10,-434.6038436506943,178.22529395823233
398,-401.35213543811767,149.65379401404434,10,-434.44161620640216,178.45287877531436
399,-365.2595369361236,113.66620023144354,10,-433.9507707519206,178.33338934120266
400,-426.2775874872842,141.80075802282,10,-434.0393461117485,178.1032430631592
401,-482.4600990528702,211.48500708607028,10,-434.88302938144193,178.78669834080185
402,-455.35350597236794,147.93718929362842,10,-437.1701910127984,178.51528888604105
403,-487.80179830519467,165.4550516676171,10,-438.3317605755467,179.623231793323
404,-447.0369798871214,218.93753350618584,10,-437.8866088756531,179.6832694318717
405,-377.49421061623553,223.00804074077618,10,-434.96801308573015,179.32327121645682
406,-476.1225995842278,172.21611018290878,10,-436.1087565424215,179.10070551679507
407,-438.64782129142867,185.32797717840103,10,-436.12572470073445,179.52057674518906
408,-472.1721106201254,182.3870463384591,10,-436.4351848655166,178.79014680447628
409,-492.7552871065485,174.72280685028426,10,-438.3229503926986,179.2239009677288
410,-391.88571795587876,138.1683520394211,10,-438.2721381357746,178.561059478899
411,-441.04217714139577,169.327132279554,10,-439.18144623422927,178.63328507599326
412,-353.5521842290898,176.3948967406941,10,-437.6721625908972,179.15115083549273
413,-504.159156936578,173.57344811973573,10,-437.126468215186,177.81188145621013
414,-435.6056833587087,147.5910030466302,10,-437.7132585937564,177.35914145642047
415,-392.9860071094373,172.84392028296375,10,-436.9985161544695,177.61579788328334
416,-440.5807158456247,138.9073002390487,10,-437.2964974408167,176.53948347363374
417,-474.45441365541467,174.2151773839981,10,-438.13598588423383,176.13999515858012
418,-515.8119019419975,219.71376274503376,10,-440.9791581314654,177.10661091808856
419,-493.41942868750965,200.86807895994562,10,-441.07277951782123,176.53061870073353
420,-381.48151866148726,115.88234823870947,10,-438.8456651295846,175.06463095832325
421,-416.7807520155444,218.6422369482618,10,-438.59605414026845,174.85195023324846
422,-461.356686674516,210.05578491461026,10,-438.68209191345943,174.4592565385211
423,-394.5666586733024,134.5350327946632,10,-439.704201449399,174.52729423166213
424,-456.2788444362842,174.2405477800655,10,-440.15655044869555,175.0638895403059
425,-408.25717618105807,137.01340348768312,10,-439.69911106628183,173.29893283843984
426,-458.12805003992605,238.46114403414907,10,-442.23565983681254,175.4260209268568
427,-501.78454565746705,263.93461924100615,10,-442.8644932311711,177.72535983117515
428,-478.24408231316494,170.28607697794246,10,-444.4610040918482,179.3639374234689
429,-492.32248113922003,229.46966286998347,10,-443.9090228551376,180.90409271560918
430,-478.7305661300994,192.59301007180198,10,-444.5857774252321,180.84160707645023
431,-359.28608546389904,164.58676504098693,10,-441.14094120927024,180.18788231165414
432,-402.1570848253636,241.55644107186012,10,-441.07072088487183,181.47227699756502
433,-476.56272169579336,140.64996213732243,10,-442.4029679332118,180.72321366610245
434,-432.75099833548876,170.27232815345246,10,-442.41006606608244,181.85950542492276
435,-505.4089519429898,188.84009458060996,10,-442.50941937803987,182.7142525598926
436,-415.45641624872826,175.3017677157561,10,-442.8698561324477,182.3467780420355
437,-493.94345191878966,205.33856684315546,10,-444.5925835944239,182.60030772142147
438,-400.01762565194565,171.18544130551558,10,-443.4121500936797,180.94426570089644
439,-362.1740389123315,139.43263694466958,10,-440.4099643308904,180.3873232190221
440,-437.1795780853437,236.48287617838096,10,-440.5224378921017,180.82473007264775
441,-515.2146880297626,238.79854187063148,10,-442.7714416455004,183.6575226303882
442,-412.8620748767694,244.62772276469695,10,-440.30600574699827,183.72175324561908
443,-445.6665452969625,138.75634174778622,10,-441.5647723899332,182.460649322755
444,-488.30951991958136,187.94767383782315,10,-443.03598528566334,182.62944933042434
445,-451.31296686520807,196.247291589888,10,-443.90721810208464,182.70645111559006
446,-473.72053232766996,127.31092577502773,10,-442.7784511272586,180.30950459606046
447,-512.5476906930933,242.62143815400444,10,-445.5746678434212,181.8654254004022
448,-403.6597226122294,200.7218429696558,10,-445.62081958690345,182.88678637951438
449,-451.801733545287,133.16530668377195,10,-447.35166351908674,183.27676850856093
450,-398.491952883351,183.67662012111168,10,-446.79595082700797,184.1142857505268
451,-525.2576623799794,126.00794687942243,10,-447.6519020935503,182.40474454639386
452,-431.9763891871735,127.00489459589812,10,-447.1843597578464,181.9860986524392
453,-389.68785910735215,249.01577559357364,10,-445.22208097388955,183.65731313095839
454,-472.700745678727,184.97729511052046,10,-445.7353562897217,182.9781083630451
455,-458.74156629898545,148.62434384008588,10,-447.36030340337675,181.49043442503128
456,-486.01910636206793,201.11537008533702,10,-447.55823353893356,182.06841962307982
457,-393.7462757006468,143.2692040611805,10,-446.660202627118,181.22724416073538
458,-391.2053163556573,197.62423039300901,10,-445.0408667418285,181.53198784182638
459,-467.6208480612269,198.02297672215704,10,-444.5381779609221,181.99799123926383
460,-385.2957579872199,145.77173280879381,10,-444.406378761549,182.1500588546513
461,-401.33242220999637,134.46338156191803,10,-443.61218366292104,181.4527838402986
462,-438.32756614463204,169.0484481510479,10,-445.30769130123184,181.3058548685057
463,-404.4202349481393,208.30916462222982,10,-443.312912861463,182.00056919855558
464,-380.58883070619447,134.6832932880024,10,-442.2125758084127,181.74241500338303
465,-460.38735332654915,200.93466808601994,10,-443.56060273275494,182.30422995944411
466,-371.408657398652,187.65156834216728,10,-442.17716156381556,183.27911532150648
467,-489.7865666622987,203.72149635737657,10,-442.48380462395335,183.86924170097404
468,-478.12042054877594,178.78910649238605,10,-441.7299749960889,183.0507485759211
469,-420.1732190779885,152.28078068834614,10,-440.2650508038984,182.07900261048914
470,-460.7218814438167,157.1730974317188,10,-441.849858059545,182.90481759434934
471,-393.9663639691297,157.73190425895058,10,-441.39357029861674,181.68661094056307
472,-473.0268264778814,187.01558070945342,10,-441.62697309468405,181.22580685645994
473,-506.25011815177095,200.41497222503176,10,-443.8606422842534,182.5434056450673
474,-436.5067346783841,206.27785477564785,10,-443.46520008909545,183.18415178497892
475,-431.90075788425094,145.9407899354218,10,-443.9380717231592,183.36269951393373
476,-448.71109704024747,226.25318876152514,10,-443.74973266316573,183.11854040848127
477,-386.3739064250525,140.15736989026328,10,-441.44151987851745,180.6429954214664
478,-502.8911037254431,131.153839240049,10,-441.9344603067629,179.86035066670854
479,-455.0068263900786,238.46729499721744,10,-441.18814721178006,180.0403033092532
480,-409.9543250544707,143.47500833526004,10,-439.81262239026734,179.05794327452236
481,-471.55372428403996,190.96992244496818,10,-442.0579751666703,179.58560642260198
482,-368.07946751077196,105.32272101491102,10,-441.37642282037837,176.86093202146301
483,-396.47827632353557,101.29333210302538,10,-439.7747339129333,176.07379942077708
484,-420.74454819399807,121.1493768162009,10,-439.53460491010344,175.09134039403204
485,-442.5120657267279,139.79191280492466,10,-438.2766671857782,174.11037675851833
486,-349.1568005274339,143.48238389340548,10,-436.95067487135236,173.47398908207134
487,-460.15126192157277,195.2753048074327,10,-436.274831071408,173.27272384135682
488,-467.82819279993475,197.9159492170957,10,-437.6310424143678,173.80733399958845
489,-428.7255266972473,131.1878703126519,10,-438.9620721700661,173.64243866694807
490,-520.5420430420551,225.81468733345955,10,-440.62932146920036,173.42907489004963
491,-376.9878449644083,143.95034549291552,10,-437.8647846078933,171.53211096249532
492,-368.67411633297934,130.80772588572307,10,-436.98102543701754,169.25571102491583
493,-487.94640231594497,225.65906162456716,10,-437.8266225773972,170.99376542245147
494,-514.252769068049,151.531434678598,10,-438.3454875603666,170.26544063926696
495,-413.59526339997893,149.09467410259361,10,-437.591133491062,169.3223882895211
496,-487.5229205874978,198.71063660778876,10,-437.8671812562586,170.75038250617632
497,-400.5585830091184,143.47153916249934,10,-435.627399102579,168.76738452634626
498,-467.1997062649907,199.89264266581068,10,-436.89819877563417,168.75080052026934
499,-382.6516223845344,139.67651857567324,10,-435.51519655241924,168.88102475810737
500,-416.21244171285053,229.7581257295543,10,-435.8696063290091,169.80265487027623
501,-437.04677015074867,214.43806503579603,10,-434.10538848442457,171.5712572334037
502,-414.17962842005664,171.20802627477335,10,-433.74945326908215,172.4553198669812
503,-530.0687183671589,279.384624619059,10,-436.55707045427835,173.06269684749088
504,-574.0276643611112,216.12939769791242,10,-438.58360882792607,173.68573889923874
505,-485.3805030645017,94.30951075468103,10,-439.11638756323634,172.59944223753067
506,-487.87550093424113,160.75063412514118,10,-439.1535154546798,171.79214751832674
507,-367.77507411194085,178.89766132969805,10,-438.63409142290567,172.50471666369708
508,-506.86868186875597,169.36979994638702,10,-440.94735873316773,171.93962805476465
509,-470.41122765272377,162.2730554767954,10,-441.00316632499766,171.22462962985736
510,-411.85967561842597,183.82424952030698,10,-441.5344446776218,171.98567996408764
511,-429.3135215384379,167.6520552847587,10,-442.0940666641907,172.64945343854444
512,-444.6627160573581,163.29824785716227,10,-442.2207696624451,172.53444943266675
513,-404.01665379196555,123.63002087033408,10,-442.2126980393217,170.84086655762883
514,-441.02495659781005,175.0486686486638,10,-443.42142055715397,171.64817406484207
515,-451.20563754944607,196.17313113011733,10,-443.2377862416119,171.55294332572396
516,-403.9820793489297,165.00793137639434,10,-443.8892546806175,171.10007058640855
517,-441.9954936950144,146.16875498809816,10,-442.93343322127186,169.94901575902298
518,-460.5448338500595,168.96509706254153,10,-442.58192148729745,169.7525355704261
519,-449.43448488493294,200.3254337974938,10,-443.1671468034363,170.71342863260904
520,-464.29407933089885,89.33211649645278,10,-443.238590761178,169.3566090139037
521,-387.79420432071043,125.36204836065134,10,-443.11514756820964,168.70921189593773
522,-506.23128690556734,213.88504770661038,10,-443.7792367767634,169.2466012358809
523,-400.1909659511355,128.54519654718447,10,-441.6580537327507,167.8092057223239
524,-448.1581204682173,156.69516627422897,10,-441.89108144854725,166.81755195229553
525,-414.098572565981,122.91885411048203,10,-441.5350377421819,166.35711323579676
526,-457.2162868363724,190.86423392639736,10,-441.7051415381044,165.6493341390942
527,-442.91169568213064,198.8269117978783,10,-442.835897323246,166.8227249772465
528,-476.5671465286294,234.6240500085935,10,-442.3094181793097,168.8921291926174
529,-534.9711045339245,215.00655410992871,10,-443.9087037421867,168.42291437487162
530,-426.6288783242233,202.0678907146838,10,-444.2421948075817,169.5947720224601
531,-360.94947470158456,136.40616713997645,10,-442.0301098159326,168.50349691636023
532,-464.2637732078235,144.9203169470936,10,-443.9537959298736,169.29544883500387
533,-429.04318132956297,165.5854097974141,10,-444.60509402999406,170.58129038889166
534,-419.29842328976235,142.47376516944723,10,-444.5761715319093,171.00777815595657
535,-400.67849100700386,159.1761654800214,10,-443.73950003751486,171.39546320945854
536,-432.37812654377393,148.3706625567302,10,-445.40392655784177,171.49322878272505
537,-502.510549167668,166.6950128007351,10,-446.25111230276366,170.92162294259109
538,-409.98331932388874,136.03019661868237,10,-445.09421483324275,169.68390789062283
539,-605.1902740150813,180.72378913123183,10,-448.6235097795993,170.67462626699447
540,-421.6471049209623,152.90494678154545,10,-446.64561101717743,169.21643145595615
541,-421.4198913820918,179.14056894335155,10,-447.53425194553114,169.92023592496483
542,-425.75002083963983,199.4897509228051,10,-448.6757700356644,171.2938764257065
543,-368.0473664708657,207.6563710594696,10,-446.27778931876276,170.93382261440453
544,-424.1610210781403,175.99779407706242,10,-444.4759543589646,171.4231498023738
545,-382.6928414353564,138.91606762363892,10,-443.85790591967213,171.21957767279474
546,-382.51960053136816,164.65359394030082,10,-441.7578395185496,170.53843681944497
547,-463.65160226615956,126.3496796912643,10,-443.0196999036905,170.19599963002028
548,-402.7201940172074,90.79135180644639,10,-441.7301096587348,168.01397381283303
549,-367.9611599426251,153.385982479261,10,-441.4363004098965,168.28816309090473
550,-412.9011313950408,194.10836766967765,10,-441.3700742035403,167.5751679297072
551,-480.92068191610895,215.82019158093144,10,-442.24755243884744,167.6028104606099
552,-430.2439683477857,222.37641639533794,10,-442.5688392374021,168.62617826302122
553,-419.1354714497963,127.76790615255977,10,-440.35017429905486,165.59384389369123
554,-415.26923056062344,125.43418220451414,10,-437.1750056230452,163.77993958382328
555,-530.4222229862182,273.66658360013787,10,-438.07584002147945,167.36708104073242
556,-494.5592558516597,145.6150465319591,10,-438.20951511982787,167.06436928886876
557,-420.5229064751434,145.72400251978692,10,-439.26447176709183,166.40089611267052
558,-525.7700270910238,185.76256722087712,10,-439.64249867153717,166.72875145816033
559,-439.860172556034,170.73800315740698,10,-439.0314775696034,166.89805041177257
560,-501.85539552157127,160.2860602307867,10,-440.8313919676664,166.42728662598216
561,-397.266481829936,126.63242345875645,10,-440.1904511734963,165.60689398946212
562,-412.3395875441723,244.0753224926569,10,-439.5439886032325,167.22243548217202
563,-450.32994446883123,183.44047196948858,10,-440.4702544167698,168.41864450415508
564,-530.9193397932636,195.7974961112618,10,-442.26814208067896,168.83362105340703
565,-520.2903678535437,228.44560187586995,10,-443.6498366867609,169.4790704683221
566,-409.92926700871897,104.64170120819183,10,-443.76878043995663,168.27174586495804
567,-435.3251612704709,171.58799358077567,10,-443.6353737914658,168.78013063681158
568,-459.208453760245,162.69301027694624,10,-443.6086461896695,168.6546889010997
569,-532.3317891688661,131.25329077005955,10,-445.2665922753482,167.27324604055102
570,-411.0516753668702,128.43423210875122,10,-444.2017441960677,168.05528835279702
571,-342.4619990159264,154.74051819798814,10,-443.29510008997204,168.64285774954377
572,-453.62933318713715,177.97676193593523,10,-442.2430610156035,167.92469203413023
573,-498.1525872597167,180.05381457570886,10,-444.2022934417751,168.95486439470073
574,-506.92485074286606,163.49157399574375,10,-445.3776280472681,169.09079254913104
575,-570.3229082578686,125.54336611991347,10,-448.50211476110593,169.14328278931967
576,-401.634953812038,139.82553604444425,10,-447.3904881006191,168.12250883168062
577,-486.065358448806,98.75185110676493,10,-448.2535613559526,166.12100761785834
578,-467.1202714976624,222.08364576271674,10,-448.0646238553332,165.87019953294086
579,-503.2602169130302,184.24779228631323,10,-447.43040610291536,165.25502429646855
580,-417.38978077135334,135.0212666106854,10,-447.245624151858,163.91409181438857
581,-584.1515942254794,211.07226762562212,10,-451.7096665423359,165.4074138241015
582,-494.217771823518,176.5902443734308,10,-452.3087465146498,166.0408123726282
583,-507.2445430253726,179.17137704506112,10,-453.87277374856586,166.31253171758115
584,-490.44873454342144,193.48810343473184,10,-455.2957799736391,167.33281848288684
585,-483.1521536038496,155.73648141749555,10,-456.9452532255759,167.26402480163634
586,-509.5287031707039,253.29969172445564,10,-458.4882647581146,169.36260538499084
587,-411.5752612799506,177.65062640295275,10,-456.66955900036027,169.5817176570352
588,-386.3607720352212,154.66341294391412,10,-456.19710805458686,169.95438198353978
589,-408.95812068432303,236.70296671187677,10,-452.2724649879718,171.07396553515272
590,-449.5701607605568,255.67462378613962,10,-452.8309261047635,173.12935907524457
591,-547.7735549072753,294.06351273502816,10,-455.35799937526724,175.4278179510781
592,-503.570704928155,265.2222265167648,10,-456.9144130570376,176.7424674629573
593,-446.7567770532527,181.88370056999486,10,-458.4886012686852,176.22701405316784
594,-526.4942745876275,200.46838985288093,10,-460.53526633887503,176.71642596868415
595,-501.60474145154296,193.608551980939,10,-462.9135043391987,177.81027565583017
596,-538.1514745853351,155.11677632617042,10,-466.02614182027804,177.61953930354758
597,-560.1359535756167,212.18802440888595,10,-467.95582884646717,179.33630619789997
598,-375.11299787739733,168.34170160074157,10,-467.40368492367094,180.88731319378593
599,-432.1800176890409,118.61869363531076,10,-468.6880620785993,180.19196741690695
600,-500.6475205609614,144.84457006466022,10,-470.4429898619177,179.2066914648066
601,-332.46796881938997,136.40455776471813,10,-467.4739355999833,177.6183787884823
602,-494.3711392259602,100.10137214203307,10,-468.7564790175468,175.17287790341624
603,-427.3019201642425,155.24917191529985,10,-468.9198079918357,175.72250321867102
604,-492.3591240643997,132.60862275927002,10,-470.4616058619112,175.86599202976612
605,-393.66045877353855,158.75138563530888,10,-467.72637057765763,173.56768807046953
606,-537.1198403508057,241.10701506074855,10,-468.57758226764054,175.4775274410453
607,-479.46627010021746,242.13096681210783,10,-469.756449540142,177.40566672689172
608,-424.29352170301115,203.32828967113844,10,-467.72691943238175,177.75698117589698
609,-521.2963600872615,193.13607184728167,10,-469.35564318300624,178.2049425496945
610,-417.8440931332742,86.36274401439083,10,-467.67541713524025,176.72647622536658
611,-448.93109885091536,186.7328951607496,10,-468.70870947565993,177.9284856594064
612,-430.5097518371005,145.97423614898315,10,-469.0721127615186,175.96646393253286
613,-508.43394106283597,151.2075309307225,10,-470.2341926933986,175.32180511175753
614,-397.01333522957424,157.84698282399313,10,-467.55607260212486,174.5627948460122
615,-509.0362989231027,284.50946715388943,10,-467.3309912235161,175.68407215157262
616,-593.0670262319193,215.61464596925754,10,-470.9937464079801,177.90353104679386
617,-469.4424224249723,208.13706955011511,10,-471.67609163107,178.63451256618072
618,-632.5964017758456,280.5310818010304,10,-475.143850591382,180.99127399666241
619,-487.88261497193633,143.46315405522256,10,-474.25486710744343,181.23547126236568
620,-496.7763580959876,101.03363123487685,10,-475.9693607620258,180.6874592448882
621,-395.97343033126214,129.72509711729418,10,-477.03958938833244,180.18715082327427
622,-473.21129854119306,198.63504689325524,10,-477.4312286954136,180.60031652242068
623,-443.93049375291076,220.40707434338532,10,-476.3467868252776,181.40738171777426
624,-440.99245420488097,132.3062485142728,10,-475.02813889451784,180.78367520814484
625,-409.7356294274715,109.93452443946408,10,-471.8163933179099,180.47149837453588
626,-486.93370267416077,157.12055250559678,10,-473.52236829515226,180.81739870375893
627,-537.4734318941462,213.30635371373836,10,-474.5505297640591,183.1084887558984
628,-602.4405141396113,207.97498729055462,10,-477.25693461689815,182.82631558645514
629,-509.76593625168,133.37589519286138,10,-477.38704900367105,181.8088776445861
630,-515.9273799363573,98.88667601234022,10,-479.3578009869712,181.08618583261915
631,-462.528269709601,209.50700062508025,10,-476.92533449665365,181.05488049260828
632,-598.4952360614507,145.82771726049384,10,-479.01088378141236,180.43962995034954
633,-462.95237321426094,189.6640718788152,10,-478.1250403851902,180.64948384702467
634,-501.2004238886895,157.63167257391328,10,-478.34007417209557,179.9323552298083
635,-447.3638690234808,182.70851010024316,10,-477.6243084804882,180.4717958034632
636,-517.7135060239766,187.02287526183434,10,-477.7880045375537,179.14625947421078
637,-491.33419045454656,180.18148986742088,10,-479.38318312104553,179.19687674350016
638,-487.5679031994923,130.46123725754668,10,-481.40732574433093,178.7128332297728
639,-562.1427404139571,213.53492259004878,10,-484.4710181389237,178.24947234733622
640,-575.2644718379736,284.81367861643946,10,-486.98490436047206,178.83225344394222
641,-373.2901069879532,161.51439798475647,10,-483.4952354020856,176.1812711489368
642,-530.8440618041659,234.70016801364767,10,-484.04070253960583,175.57082997887446
643,-468.46268688272886,155.81473346184887,10,-484.47482073619534,175.04945063671155
644,-474.49054557392276,155.67841193946566,10,-483.4347461559213,174.15365107844326
645,-408.90760790727916,145.9649302112768,10,-481.5808034850361,173.20077864305003
646,-565.4386652736878,257.94729306428883,10,-482.12654729880296,175.25738897781238
647,-525.2318086549345,124.67976511649448,10,-481.42846440038943,173.50722379196458
648,-525.9529812550924,278.0617017270712,10,-484.44526406794336,175.70162379449113
649,-524.8455622427781,91.68377342923964,10,-486.298574959018,175.1629253903697
650,-481.31394700816566,184.08451029873964,10,-485.9119034879621,175.9477241950513
651,-535.0309449404643,192.88461574423815,10,-489.9631630103835,177.07732535464172
652,-473.3043122510229,115.42092384000901,10,-489.54182647088487,177.38371638860127
653,-522.367720916238,297.9077721994921,10,-491.4431424859247,180.23688839428513
654,-439.6608661007999,174.14781723651657,10,-490.38917732665277,181.06767228383003
655,-523.6281965433848,165.88780291658534,10,-492.98853208204963,181.21040062945553
656,-554.7446822509464,156.20080380926103,10,-493.3410289200525,179.51227640442582
657,-394.6335572230641,118.3589311985483,10,-491.64437466250945,177.03683569215463
658,-485.0951402388757,127.41724804498736,10,-492.86040703322675,175.51861485963155
659,-400.64292935371134,203.7401502843289,10,-490.4473384185557,175.73069642837254
660,-465.7562828419897,134.11823532271967,10,-491.40558221273005,176.68580625453913
661,-431.0044264824343,137.87963010018413,10,-491.04704876536033,175.7087409533278
662,-538.419826192059,117.62785361081903,10,-493.2052502524595,175.1418133025645
663,-546.2972700902276,167.89866668589158,10,-493.9625168330073,175.47563601766782
664,-487.68445232828634,106.46868655742429,10,-495.77593917498154,174.44807009233645
665,-448.8188566879404,207.40214383277123,10,-494.57159033027835,172.9059236259141
666,-514.3415475477707,183.1471083052967,10,-492.9970807565954,172.2565728726349
667,-462.1698303607679,234.64130278891287,10,-492.8516289153112,172.78665753741086
668,-514.2751722581581,151.23883518216311,10,-490.4852043249575,170.2008126050335
669,-446.9548287701158,180.5525635966106,10,-489.666648600921,170.94260079586127
670,-526.5458764761315,277.195770936361,10,-490.26203896852394,174.46584358989097
671,-501.68753800677086,165.5913548878515,10,-492.3763211220341,175.1831687453021
672,-327.380388498936,80.96613810517414,10,-489.45970292118903,172.82979056954042
673,-418.4096074461795,136.45871112903086,10,-488.94928519505424,171.15082330525337
674,-467.19247314776476,196.7840800263772,10,-489.473285573912,172.44037993549543
675,-520.9400920899083,234.84299246705723,10,-491.69737482716073,174.93854929604728
676,-411.75420984493473,168.72719176150437,10,-490.1937849705763,175.1706820811655
677,-496.4438489266942,237.57831254395472,10,-489.3731933112272,175.6561212577698
678,-474.7660453420334,211.98615609051623,10,-486.8197039352756,175.73634463376905
679,-445.10963701474503,125.53384406299479,10,-485.52657795053693,175.5795036111717
680,-502.2637962898665,257.5100174062716,10,-485.2533062776071,178.75197043905035
681,-381.4568483842707,124.95534199201052,10,-483.63187785110057,177.06093726638898
682,-462.6154523800527,151.62751277343398,10,-480.91428217747256,177.17693317664776
683,-519.061223175771,260.82844688377855,10,-482.03645917670286,178.60022067674706
684,-398.7526681825258,157.75191922254473,10,-479.9875040625795,178.6026256097197
685,-468.4448093931005,172.85602078037846,10,-480.4091228699719,178.4055758233224
686,-455.0463517475312,101.82984982258131,10,-479.1557797844431,176.70171531453732
687,-482.2016480100623,204.19380435832005,10,-478.9731289355534,177.1819616043553
688,-522.8401282999941,252.33399310589115,10,-479.6785734375634,179.61941672132218
689,-575.7276808366516,284.36082199545484,10,-479.95027224601733,181.03593470943034
690,-406.7336546007694,101.76269041476421,10,-476.5796559012732,177.37491494539682
691,-471.71321657993775,203.3274159625123,10,-478.5481180931128,178.21117530495195
692,-498.10974913386235,214.22080583855168,10,-477.89343183970675,177.80158806145
693,-567.598162519419,283.143610163874,10,-479.8761413524406,180.3481655954905
694,-467.91058126574825,219.59060598888834,10,-479.7445420662771,181.62640947647895
695,-382.25586913006214,228.67145849425137,10,-479.2115072907327,183.28054004213843
696,-459.5537291100658,164.5984111791343,10,-477.0938085674603,181.41356240443537
697,-501.76320044372443,216.66880444082378,10,-476.62443640323613,183.25334319092195
698,-492.8795739643032,175.5295261831664,10,-475.96296825742036,181.20269968004388
699,-423.50816266261046,162.45616922570912,10,-473.9362202658169,182.61814759597328
700,-514.9427804391657,174.48968183613022,10,-474.60879693443695,182.42625102672108
701,-538.6261489674697,260.895838832854,10,-474.68070101497705,183.78647548849338
702,-522.2205309036033,178.90585952899949,10,-475.6590253880287,185.05617420227318
703,-384.6830487766376,110.67502625255405,10,-472.9053319452367,181.3115192833344
704,-433.6889064863841,152.04052261886764,10,-472.78589275294837,180.86937339098142
705,-451.4019237496806,218.57353081156288,10,-471.34136729707427,181.923087948881
706,-574.9499650290174,296.417557832114,10,-471.7454729526357,184.72742302933807
707,-487.8183834372618,219.7210299035833,10,-473.60916947691953,186.75466500343876
708,-445.84907543629845,204.21607559893474,10,-472.82424818086804,188.2906415545177
709,-537.0154512334082,211.57877354379747,10,-475.55169861846196,188.44741401970703
710,-482.32534342310646,154.9658785290497,10,-475.88307983008434,188.86436688383367
711,-541.7276054596126,195.08181930435725,10,-478.0975434096279,190.00841066791716
712,-472.4684835600763,238.3588283068913,10,-476.77851655698817,192.42303016183862
713,-516.9362775519123,207.90442317227615,10,-476.1912967062219,193.2231452915663
714,-525.9866159929463,111.63365125864475,10,-476.95733997951504,193.32644458559068
715,-479.7599843640426,122.49879454077927,10,-477.57616253303706,191.62837759975085
716,-503.44522111443166,235.93957998159794,10,-477.3582360043703,192.68422703327687
717,-607.0281267687491,210.46666991641177,10,-480.25540193252994,192.20073437582684
718,-543.878543262781,189.00343110213228,10,-480.84746935262234,192.95602629422618
719,-419.1115725552296,141.00237523962141,10,-480.29060422832475,192.1650225270864
720,-518.0446309843261,182.8314298704525,10,-480.1205793184887,190.27773570576818
721,-640.1498496928397,232.3781317603956,10,-482.88982555221,191.61347124321907
722,-481.67296355842336,210.4279280769158,10,-485.9756770533997,194.20270704265388
723,-470.63097613745356,178.02986828451117,10,-487.02010442722525,195.03413018576353
724,-376.68311225263705,145.87333514031693,10,-485.2099172093227,194.01591528804235
725,-521.8495480032932,311.48400901936475,10,-485.2281063275905,195.54873561908846
726,-570.2128791928328,225.91666201667664,10,-488.3972797145485,196.69252502419192
727,-547.1333971964656,148.79342942007267,10,-489.411070679944,194.91682736171433
728,-477.98035184193066,191.69158106254653,10,-489.47535680994196,194.51093586115496
729,-410.50255434261743,144.5532725898206,10,-488.78321515649935,194.89132443169154
730,-564.1821216459678,178.350430053614,10,-490.0215816636214,193.30813268463837
731,-509.1990831252024,183.6927483325637,10,-492.5764263584401,194.48288081144943
732,-439.185114795745,218.92598820684012,10,-492.1078196067538,195.82885032011754
733,-469.39983249508543,193.00967811712903,10,-491.1145917931401,194.47247494478452
734,-411.559961635346,141.5293985741157,10,-491.3707376621966,194.14802453181593
735,-658.8739360910865,265.6933264942895,10,-495.1793201961563,196.00477064609416
736,-486.46201202380206,180.29433948606248,10,-495.8076334016818,197.5740604393638
737,-599.4344837965916,168.56678772093073,10,-498.15229011741235,196.86152010661598
738,-493.51917932041476,162.54058259884238,10,-497.5658711378208,195.065651896475
739,-532.4652649411512,137.6350365465917,10,-496.7006228199108,192.13113618749776
740,-502.97966923142684,250.92347316846184,10,-498.62554311252387,195.1143518425717
741,-494.1348323319297,210.64647548099396,10,-499.07397542756365,195.26073303294132
742,-460.65836635586567,114.85780448541783,10,-498.32494777200367,193.27347300587863
743,-468.2634297174015,198.7047902470022,10,-496.3382531159633,191.5846966075412
744,-552.8778768816937,247.22230916340735,10,-498.0375990282821,192.1373306710316
745,-441.34421583821756,199.920219293096,10,-499.2193659624453,191.56230588700848
746,-447.06550199049025,176.0046362744773,10,-498.9696014200539,191.79043038891533
747,-451.46347239512824,218.47949441583256,10,-497.9636068590819,191.82664418841551
748,-557.9914564873475,213.67837778586144,10,-499.26584450954283,192.58962122046944
749,-489.16832380526273,172.40879584586276,10,-500.5790477323958,192.78867375287254
750,-556.9219854466785,199.88740995949593,10,-501.418631832546,193.29662831533983
751,-526.6716738727602,153.7657511161722,10,-501.1795423306519,191.15402656100616
752,-559.4765437568094,205.48002480524605,10,-501.92466258771594,191.6855098665311
753,-475.4868464749546,173.73414210603343,10,-503.7407385416822,192.9466921836007
754,-510.6910319865401,194.90064624263397,10,-505.2807810516855,193.803894656076
755,-456.43204217856226,153.1381436410754,10,-505.3813834202631,192.49518691266624
756,-436.2163760296286,181.48202965683117,10,-502.6067116402753,190.19647634916063
757,-602.9915453427315,185.84551107261294,10,-504.91017487838474,189.51896597254122
758,-387.9753987673881,119.59390524894441,10,-503.7527013450066,187.82652256554147
759,-516.9708056464151,221.14312507012798,10,-503.3518084332666,188.01780959606805
760,-519.7163997265001,134.42932098093334,10,-504.0996295593345,187.6070784451057
761,-489.63290533923845,198.17467209481163,10,-503.0577355569271,187.6689355009148
762,-499.47918067836883,147.17840880245092,10,-503.59794949929295,185.84532711082605
763,-535.5420423367079,251.696666154886,10,-503.97006479498873,186.72117197047825
764,-422.1066899938489,169.82056149202612,10,-501.8924662750068,187.88491017514585
765,-458.4004317438519,130.38210228573396,10,-501.465275222603,188.04257633004494
766,-549.6178742178939,194.6172804872469,10,-502.38872828467225,187.21613034015795
767,-518.477764440584,242.5857911600973,10,-500.61772103810904,187.85851276503163
768,-572.6418703712561,136.12573019162406,10,-501.19298758027844,186.8009587468215
769,-546.4947506200618,248.94438087032398,10,-503.7406511415751,188.9597988594355
770,-495.64162254401765,218.89664695651177,10,-503.29259097276895,189.68110320115665
771,-532.9511122478912,220.06539553661918,10,-501.14861622386996,189.43484847668117
772,-475.26119329870824,159.56880717396675,10,-501.0203808186757,188.41766605862216
773,-450.3769119584793,219.91648131483836,10,-500.6152995350962,189.25539831922868
774,-531.4526955076038,286.47566209819945,10,-503.7106912001956,192.06744485838627
775,-578.7560245257064,216.48863556515255,10,-504.8488207306438,190.16753738930205
776,-524.6235073337963,201.042989795471,10,-503.9370332934632,189.6700639448779
777,-466.9732447917153,112.79827203784996,10,-502.33383024536806,188.95016079723345
778,-394.3859310815602,135.34696312295767,10,-500.66194183016074,187.8232684384417
779,-536.1561757484333,260.287881677143,10,-503.1750142582769,190.13796062018812
780,-591.4474525413493,242.0675081742962,10,-503.72032087618464,191.4123021826018
781,-536.1266607286061,210.0435696818416,10,-504.25887242825263,191.93931860958736
782,-442.8326282763708,281.5774230243317,10,-504.3318226978652,193.19234730593723
783,-524.5077409869351,309.58310354773784,10,-505.43398086770225,195.5238158145494
784,-540.7771735457757,129.84498767879177,10,-508.0183251059108,195.29012759664292
785,-543.1728767020954,222.55412894914693,10,-505.70430391813096,194.42734364574008
786,-449.2878524099662,187.00853049447042,10,-504.9608207258542,194.5616274659082
787,-563.9830403304849,117.8009563707126,10,-504.25179185653207,193.54631083890385
788,-410.7370859786544,141.10041623551658,10,-502.5961499896967,193.11750751163734
789,-585.1472588877133,100.71486253907422,10,-503.649789868628,192.379104031487
790,-383.7692348877674,156.42928686153704,10,-501.26558118175484,190.4892203053485
791,-442.3432260398275,133.00797022676713,10,-500.22974905591286,188.93645020026398
792,-543.0260407079761,199.52208827248919,10,-501.87710254295496,190.62973587600538
793,-474.08684699778894,169.7006807683006,10,-501.99357088856283,190.04965368643138
794,-535.5668504459466,241.36245576106023,10,-501.64735035984785,189.93245661838444
795,-462.0625193312907,171.12642747797327,10,-502.06171642970935,189.35658078208198
796,-523.188327144309,324.47859929015596,10,-503.58417293278563,192.32606004239554
797,-485.6675262313096,139.2726670730527,10,-504.26825400950923,190.74192349553996
798,-564.8707172979377,155.3204499851507,10,-504.40583922572114,189.57476493952575
799,-462.41078983072595,125.79620720915419,10,-503.8706885462304,188.64251316679153
800,-500.4416794786956,161.4782067637313,10,-502.7410824268708,187.8743291028763
801,-498.6357140311035,165.6876777374127,10,-502.1803632300377,188.1127676353011
802,-545.1052401515161,180.24005576475713,10,-501.8929371579318,187.6079682544913
803,-536.4325777407036,317.24311102671095,10,-503.11185178324683,190.47814763290492
804,-493.41808485818257,182.95527482004033,10,-502.7663928406797,190.239240204453
805,-472.4621134998275,158.3197382158748,10,-503.08699426710496,190.342872095949
806,-603.5516600529795,188.9969476205391,10,-506.433699947572,190.49317045522312
807,-470.40738176374106,162.1562614946464,10,-503.7820166759921,190.01938546366378
808,-517.7513542308977,118.4047554125338,10,-506.37753578526235,189.9956024669356
809,-473.0381814215963,158.24300109317647,10,-505.498883300766,188.73759998739658
810,-499.58764237609466,152.90834605285798,10,-505.09630815375783,189.10718048883507
811,-536.109469824771,193.0077561594686,10,-506.02583944346867,189.00384217012817
812,-452.57709693516574,116.0328023480474,10,-505.08779776860445,188.38093004104013
813,-610.3328519071895,290.4778540286195,10,-506.5836139600142,189.1565537985148
814,-547.5754466294909,168.1585413389998,10,-509.09298909272695,189.12331339545423
815,-465.00660638360324,235.8149571798518,10,-509.2251125855219,191.2319704933366
816,-488.2593784012578,191.60885382603402,10,-507.9979426691891,191.1718019601123
817,-429.67907952326175,196.31741696808817,10,-506.22196897084274,190.24643447627213
818,-483.95140901348896,138.84808471696874,10,-504.4481597436874,190.30088156677905
819,-518.9742410038441,172.54447282757488,10,-503.89774955136306,188.77288340592403
820,-491.7270212477476,248.28977003281588,10,-503.8194575254378,189.36074586745013
821,-472.08755576914945,188.98051083923,10,-502.60218639586293,188.73904817350234
822,-411.2045974853375,153.3277711874369,10,-501.3210544795956,188.61422745377175
823,-518.6221020555935,89.73126818425038,10,-502.6859582815378,186.01052319116
824,-533.6370220485408,184.08717149042099,10,-502.72964481235664,183.96275337900443
825,-399.3990185079109,121.01658571920696,10,-499.1425046920007,182.05331238208558
826,-496.2201468872863,142.1676150021073,10,-498.57443748307037,180.87580488621825
827,-503.76939082601314,161.86465519302052,10,-499.31036040375636,181.85713254932165
828,-512.5533491728064,114.27162363284712,10,-501.6737087655811,181.43562575951944
829,-502.0994950047302,233.13742434223226,10,-500.9925751507071,180.89261661282123
830,-488.2787379517122,202.90679503106176,10,-498.9292008589144,180.10940234995655
831,-527.0854848533304,169.44828633101463,10,-498.74837734140885,179.29749668294005
832,-510.04067502137804,213.75563027614814,10,-500.0925382763089,177.94106082797637
833,-515.059187274036,228.65003626087432,10,-499.90356720205097,176.3223994822391
834,-654.9694970229937,174.55868072853315,10,-502.18741367159544,177.21667334323394
835,-540.953872234433,268.27392002151487,10,-502.14303358224214,178.1310691646813
836,-488.09953267721255,228.174826182262,10,-502.9192671875871,178.95439507843707
837,-509.46486765290376,103.9643528923348,10,-501.8289037340354,178.67766300886953
838,-556.5403372377342,172.89074138253017,10,-504.744968759217,179.3134695118098
839,-567.889789484607,281.27800056259593,10,-504.3998193711549,182.92473227228027
840,-425.44419389487575,146.12505198774718,10,-505.23331855129703,182.71864757480446
841,-540.9293777460833,130.5119639825096,10,-507.20504158542224,182.66872744991932
842,-555.9681943139469,214.34488974838453,10,-507.46388465754166,182.96518347943726
843,-450.1789178744249,175.36717535154162,10,-506.9857260750744,183.07851337110205
844,-443.7449915260013,139.03365348550983,10,-505.1492888966755,181.03193732559106
845,-489.5592509842525,192.3844957089143,10,-505.6992235297348,181.45709869020985
846,-533.5451540890037,175.34833883772498,10,-505.9063600686287,178.47449348116126
847,-484.10855815551133,229.2452046914093,10,-505.8751807071128,180.27394423352843
848,-500.9361142021841,201.92428913375204,10,-504.59648864519767,181.20602101650044
849,-608.7103911916653,254.56426908049178,10,-507.5224806724164,183.78138225392718
850,-498.04286584421595,180.49111429805276,10,-507.4745043997268,184.16164040461362
851,-520.5889040479657,177.22662961121458,10,-507.91356820006405,184.39241944208968
852,-456.3913175512489,142.65817836311004,10,-506.13928974805873,183.64078189405672
853,-542.0397505833996,144.6086978450465,10,-506.2514332049127,180.1880936304234
854,-606.9563564982584,264.6827199359043,10,-508.52219863771415,181.82264253274067
855,-483.6856613174847,149.97091159128425,10,-508.7466695940673,181.65566600024889
856,-560.3346250985602,178.16335295734714,10,-507.882328894979,181.438994106985
857,-536.4845318272008,193.08285739460896,10,-509.2038718962482,182.0575260249843
858,-564.3367813042032,270.9735203796151,10,-510.1355804377142,185.10890132432593
859,-515.4466267360301,115.40697419590973,10,-510.9837493440029,184.2521807863806
860,-509.9873906436528,213.31439354482782,10,-511.19174430935396,185.46030173621995
861,-462.14034933727754,164.27023112116498,10,-509.71236189960416,184.8855512354539
862,-526.162160875896,117.0642753760601,10,-511.18406317841874,184.90618069601416
863,-561.434833337189,307.40839827152644,10,-510.20610280701874,185.2447915808723
864,-496.3589730396394,146.03443179692928,10,-509.18177333522175,184.80230939003087
865,-544.6546333959939,177.66208309581097,10,-510.77473387546945,183.63925190835002
866,-563.2756826340622,184.2990766504594,10,-512.2750599601255,183.4930563648385
867,-481.3275172002438,155.34261025777627,10,-513.3080287136653,182.67356023063232
868,-470.5291024453639,150.65246710849505,10,-513.0395825823027,182.9096478784628
869,-465.2626667391437,192.9516205972385,10,-511.96535109700875,183.31779083385612
870,-462.97683812227126,154.28460035550071,10,-511.3903474344993,181.43768744030984
871,-503.93818614582926,149.73550564892446,10,-512.0273600420328,180.6527873365037
872,-513.0556988069454,229.59835699427762,10,-514.0643820684649,182.17819905264057
873,-413.35550991840756,85.83717728199147,10,-511.9590502257212,182.10031723459534
874,-509.25970174501754,111.23341710407985,10,-511.4715038196506,180.64324214686854
875,-516.9726397031473,180.98996319538037,10,-513.8229762435553,181.84270969639203
876,-548.1975516080832,252.707940535047,10,-514.8625243379714,184.05351620705082
877,-531.5003577654885,149.38125673799564,10,-515.4171436767609,183.8038482379503
878,-573.1600293102176,141.60780354984192,10,-516.6292772795091,184.35057183629016
879,-433.9645294833316,163.29731710401387,10,-515.266577969081,182.95376969152576
880,-524.5530125602932,151.53354954120363,10,-515.9920634612527,181.92630478172862
881,-547.5580008287349,221.72594221451627,10,-516.4015137807609,182.97185789939869
882,-586.1662722097052,218.5738174123856,10,-517.9240257245275,183.06822164212338
883,-500.40667206730785,146.70586766883906,10,-517.6309754203929,181.42933827028267
884,-492.71256694003534,177.76007199028177,10,-514.3858368187337,181.49336609551767
885,-614.7655752601589,219.53912522889044,10,-515.8620708792482,180.51867019966522
886,-631.6198033319357,173.77695145481593,10,-518.7324762923427,179.43071270511632
887,-573.3251057472677,212.88156087753907,10,-520.0096810542299,181.60905686482033
888,-497.0610435995394,210.70051301233022,10,-518.8200951814661,182.36525229741636
889,-496.74071396180386,166.68883012225515,10,-517.3971136710101,180.07346888860957
890,-436.39674747716924,146.88882962764345,10,-517.6161647426559,180.0887444414075
891,-504.5224049846585,165.31216863374556,10,-516.8880252874275,180.78474853443223
892,-507.6312167682828,177.21768297079072,10,-515.9212857365142,180.04220439888036
893,-543.8480641863819,221.70526584770835,10,-517.7946686627533,180.96896620880364
894,-413.11580286714224,130.0217945944113,10,-517.1820848895761,180.78872903098167
895,-497.53450105113063,158.6431781282957,10,-517.3415898909136,180.11390267936935
896,-536.7914286935386,165.02090684777045,10,-517.4065153830044,179.90735403957024
897,-594.1034363828428,242.71435070444875,10,-519.606412947551,180.17673695983103
898,-522.068583489983,143.75444401668344,10,-520.0290623333069,179.01334005748967
899,-605.2351245041108,137.73075562610774,10,-519.9595569995558,176.67666978840197
900,-551.0755170939029,100.68689542003257,10,-521.0202100245496,175.08058541084156
901,-510.76303655897436,339.93528279095585,10,-520.8236926747697,178.3347584744364
902,-501.8408990212487,211.85324216673823,10,-521.7326843041698,179.71865975050892
903,-648.6582649985704,230.00753171854896,10,-523.8650545924733,181.426636427979
904,-504.2246436870746,179.69496107199694,10,-521.8104203362495,179.7268812507008
905,-510.56529024270037,116.72761179103782,10,-522.3480129147539,179.06201525469586
906,-535.5958210134548,247.92870435144562,10,-521.8532368330518,180.45732228257788
907,-603.7879098425641,208.68172004790102,10,-523.1993043933591,180.76929953564365
908,-553.288650485709,145.2027032141454,10,-522.9783417769892,178.2538831923343
909,-582.2938189329359,182.3014489407725,10,-524.3152856209273,179.59177268723158
910,-558.9085886462221,185.4819890735056,10,-525.2937095809787,179.03512459780512
911,-563.2117481237401,224.66702403548547,10,-527.3151375567079,180.2430604560915
912,-558.137490318996,199.72629340825725,10,-527.95464414557,181.89630081673545
913,-503.2353479236751,212.5914214131601,10,-526.7906544372996,179.99996127956817
914,-570.3370961912955,150.32844179643197,10,-528.2702169003328,180.08584147955818
915,-463.69620068275606,196.399902048013,10,-526.651048246068,180.46059785860223
916,-537.3462739955405,233.41273574194494,10,-526.1324600732976,181.44287104043195
917,-552.3332140492454,233.95261597152077,10,-527.5525740102776,183.01507115470685
918,-546.7090067735703,159.73111657271588,10,-529.0761720968417,183.19664414399125
919,-494.86676464582223,124.01982773717809,10,-529.6682540549751,181.81800828679008
920,-579.1652852934875,124.02364599732681,10,-531.9920229983995,181.21278919962657
921,-578.7013376905579,267.2261698886451,10,-533.4872860292941,183.56260248442098
922,-449.83272826675,114.0751186612829,10,-532.2228266184901,181.25213771776112
923,-542.5742684686572,145.25177480105663,10,-534.8072017894951,182.4404296681424
924,-595.0790353124755,226.5116939845177,10,-536.5235884608443,184.74599520575114
925,-630.9727921826291,230.30732177980238,10,-538.8035915104341,185.7323423774396
926,-526.1962321950122,166.5823767021704,10,-538.3635651221725,184.00983110078207
927,-474.0142134725931,112.29072565820947,10,-537.2138422363146,183.2680204791863
928,-532.0007492967272,232.77987229601942,10,-536.3906566360448,185.09146185410992
929,-491.3139509342447,150.1451007300014,10,-537.5376450650631,184.82841752662966
930,-511.37852374153636,125.55464702450757,10,-537.2741552886878,184.30883947629576
931,-530.5640315519852,147.0881128269672,10,-536.9342759031529,182.81608288854477
932,-581.7422693423938,264.83320143762137,10,-536.8457958458066,183.74127056904948
933,-468.72298320381424,145.5050701343541,10,-536.2121220685368,183.71725461835976
934,-585.3133851036548,221.69994809232426,10,-538.0641384318092,184.59605214040062
935,-557.2430539879114,209.15043971579848,10,-536.9136880063643,184.38827843013877
936,-482.3058655941807,239.40139243879833,10,-533.9274092516091,185.70076724981837
937,-589.1119884400598,208.07041245785356,10,-534.243146905465,185.60454428142472
938,-554.2670937202479,208.04272225188473,10,-535.3872679078792,185.55138846621583
939,-451.3397173925403,107.53557940566621,10,-534.479247976494,184.36832345188407
940,-474.7197432296098,148.78189609912152,10,-535.2457078915428,184.40618478131356
941,-456.5881671632011,177.51326256325603,10,-534.2870231351137,184.65020665990377
942,-484.22851558140536,138.86909296409,10,-533.8189691113762,183.8832348597698
943,-573.6392727728622,175.7229240276912,10,-534.4147932831057,182.96358802336945
944,-453.76401953403536,199.58296072669236,10,-535.2277576164437,184.35481134601505
945,-678.6489252947014,230.8935397810776,10,-538.850046101315,185.79981857907072
946,-531.5520160449132,158.15618781557254,10,-538.7452578483425,185.66252419842672
947,-580.9523429981822,219.17178923459696,10,-538.4822359806493,185.19167296902967
948,-585.252806769354,177.28251118344974,10,-539.7459204462367,185.86223431236505
949,-475.5436468822528,135.91310907096982,10,-537.1520908937996,185.82588138126226
950,-477.29630614936787,136.10617765842917,10,-535.6765066749089,186.53426702603022
951,-522.2500965703911,147.1932212056502,10,-535.9062478751372,182.67942579432406
952,-605.4100978175632,186.4826552200213,10,-537.9776318510635,182.17201405538972
953,-546.376275932137,289.61373798813975,10,-535.9319920697349,183.36413818078157
954,-558.5492426566123,228.00595887944294,10,-537.0184840491255,184.33035813693047
955,-638.7298861175796,193.6905188928285,10,-539.5817759666231,185.8696162789663
956,-515.5678515845709,205.8257531839981,10,-539.1812165780455,185.02755725561732
957,-578.2773389426284,196.46766645775205,10,-538.6710051600467,184.78327618381434
958,-584.8973190406484,197.91055905326022,10,-539.3031785311455,185.83743330059664
959,-553.1446053588533,244.23629110361716,10,-538.7201942596638,187.07613014385356
960,-666.5024780674297,184.8792358597179,10,-540.872072048088,187.0640750795778
961,-612.6665515712506,158.2953818344576,10,-541.8611681170382,185.73664223555727
962,-586.2059608207629,173.34358904528676,10,-542.4225375270735,185.20898814829786
963,-585.2425814628571,243.15671260675148,10,-544.062682197857,185.8202939721697
964,-610.3702614439097,164.78884780911966,10,-544.8633455029094,186.10950209242344
965,-571.7172640929891,213.1225906238963,10,-547.0237667711141,186.44395586394106
966,-638.072176076553,212.0128261154318,10,-549.0382848127343,186.0159576714108
967,-550.9840694261381,145.58004305935754,10,-549.0113019202722,184.24850621316753
968,-571.9069091258052,291.58963141058337,10,-549.5152599673169,186.88567650992485
969,-559.64348484446,230.1175630111057,10,-550.8107943712897,189.00763121540345
970,-475.10869139877775,156.27706926258702,10,-548.7296624933955,189.65269968070865
971,-579.4835869109361,178.60877913252423,10,-548.7453074778031,187.88035186558625
972,-556.7555013478993,178.59917647925738,10,-550.8837629394261,189.17083302194573
973,-601.4385243534127,171.8559825659865,10,-552.0610480571212,189.70291717724433
974,-555.3821355340096,240.5153201643587,10,-551.2671100615518,189.98298970084116
975,-585.8522436602825,119.24166427325719,10,-550.3646990911047,187.76167655071026
976,-562.6350600032787,215.54486773447422,10,-551.0934756472702,188.7409263713563
977,-618.348898134411,133.6386510897883,10,-553.9801693405067,189.16788487998787
978,-529.6754108051532,95.04414086703666,10,-553.9336625706752,186.4131702514082
979,-525.3751602105415,144.12213130085544,10,-554.614886756201,186.2927108628253
980,-540.8715441383267,220.14849999389827,10,-555.2047471641368,188.18458792221307
981,-570.9461655683821,154.29074224008716,10,-556.0123898444648,188.32864051047548
982,-556.70920359316,199.23421124645662,10,-555.5117285294801,187.01666070665217
983,-393.57548677216107,150.37029767017847,10,-554.0087786008471,187.1139652573687
984,-486.74612288378614,82.53714272915704,10,-552.0374333564497,184.3307091501054
985,-607.574283398837,179.1550175101894,10,-553.0440579446683,183.7308007059932
986,-535.0873888050571,155.52249149115448,10,-554.0996884088858,182.05322268704032
987,-552.2660330921624,146.6347756279098,10,-553.3627693019276,180.82450995044147
988,-658.9110236708004,213.240217548574,10,-555.4556479009389,180.92845985637524
989,-612.3936480896548,197.966676913317,10,-558.6767265148811,182.7370818065282
990,-627.2183496195031,189.84626612673807,10,-561.7266986426789,183.55836920708055
991,-602.5525422136047,162.40088305475274,10,-564.645986143687,183.25612161691046
992,-535.3254266756637,202.47617330497266,10,-565.6679243655722,184.52826322372817
993,-596.932906860367,112.98175848141608,10,-566.1337970473222,183.27343991280262
994,-570.1139332557133,141.24090505369844,10,-568.4607953217559,182.1065987993428
995,-453.3950290808634,131.54991886187472,10,-563.955717397479,180.1197263809587
996,-609.7804443699063,209.46316266511448,10,-565.520285963979,181.14586587794957
997,-550.8193405584312,212.81501017407683,10,-564.9176259151839,181.0187302967392
998,-514.0676733301578,128.19576651602983,10,-563.4939232464,180.0369954033908
999,-516.3500373665531,104.50725412107052,10,-564.310051056086,179.40887830439283
1000,-635.1039111066586,240.9440716434334,10,-567.4662031552318,181.50563618409288
1001,-502.6800514412901,169.52145324768915,10,-567.0748022526498,181.95220082493367
1002,-594.529087203539,220.548315130567,10,-566.8571820403693,182.63351402314456
1003,-519.8225676357334,141.57500252872006,10,-566.3261078744413,179.67273931395616
1004,-538.2422038325961,106.72155144223979,10,-565.919967097961,177.24705116521216
1005,-661.2205641601754,155.03704397363805,10,-566.3697806588129,176.47398166682834
1006,-487.35103540997113,140.83617480359547,10,-565.8054443353209,175.17419009922025
1007,-530.654136659794,163.21244647356033,10,-564.8529802896643,174.5090856995364
1008,-487.20267326136883,154.60268704324594,10,-562.8990873740786,173.64292825933612
1009,-588.3226126238767,207.1443361775671,10,-563.602647519379,172.90108916081513
1010,-583.9748698044202,177.98648034094998,10,-561.9520953541189,172.76323405043976
1011,-576.3370163776674,185.7262448086675,10,-561.2255046502472,173.31185130992395
1012,-702.2292805981544,169.06969254907358,10,-563.5459710457951,173.22637337999976
1013,-590.2555298643,209.391992553117,10,-563.6462300138239,172.55107897892702
1014,-562.5964293611144,280.4075214724561,10,-562.6907533721679,174.86345245219377
1015,-567.6168215867876,191.93580618243502,10,-562.608744522044,174.43971676336457
1016,-545.8089505429461,109.25440097649684,10,-560.7634800113718,172.38454826058583
1017,-550.4267528260932,208.60601764239672,10,-560.752333679371,173.6450677522466
1018,-601.2675482641314,176.88168044929225,10,-561.3395464621375,171.35090873302084
1019,-490.0220819904028,180.57760542028745,10,-559.9471184050564,170.36010958120445
1020,-587.6296612219628,197.0932534850609,10,-562.1975378015201,171.17643326565397
1021,-656.1742235488033,229.84914587745976,10,-563.7313505342773,172.2012406005527
1022,-588.2710564502383,232.32842539743112,10,-564.3616616363241,173.27582557891617
1023,-540.2202653865819,181.1734017403579,10,-563.1372964569875,173.46217396240354
1024,-486.44272243725175,153.9041896299622,10,-561.7585081950524,171.7299513517156
1025,-546.7020384035744,174.64285764682742,10,-560.9755040899182,172.83797521918703
1026,-629.6759438728081,157.68388640173765,10,-562.3163217673088,171.6807555925323
1027,-568.5892103097658,146.88679014146626,10,-561.3211280108158,171.94571837356588
1028,-604.9774194914488,241.57224619873412,10,-562.8271681845417,174.8762804801998
1029,-520.7879100964844,203.71638881236436,10,-562.7354231822607,176.06816563042997
1030,-604.0883920390636,263.3723593622871,10,-563.9997601402753,176.93264281779773
1031,-456.44156662347393,70.47654254684088,10,-561.7096681613773,175.2563588239328
1032,-547.3851416795248,223.1961897976983,10,-561.5231869231046,175.73559839495763
1033,-552.7191414508923,168.75654063949915,10,-564.7060600166792,176.10332325434402
1034,-632.9362985271874,254.33078393582687,10,-567.6298635295473,179.53919607847743
1035,-680.795497184779,231.3630536803261,10,-569.094287805266,180.58335680188017
1036,-524.1590387308391,235.3546954220111,10,-568.8757208037816,182.1800008804973
1037,-556.55585097895,181.6192213737316,10,-568.9615171615175,182.87968979541375
1038,-508.8346315526495,97.67810391137354,10,-565.9599893191544,180.56844752266974
1039,-570.8371493901703,223.6110624097695,10,-565.1288593451648,181.08133523259875
1040,-476.6636289030469,191.95805455396135,10,-562.1177649308357,181.1235710011432
1041,-569.8296480033007,233.82942774601614,10,-561.4633070466297,182.55214189496849
1042,-578.9099031209903,207.96474140853365,10,-562.3349965755361,182.66191325703966
1043,-552.5918171708557,136.33144014099656,10,-561.4481747817458,183.1289068902313
1044,-556.5199220259822,139.7578813568857,10,-561.1762945571512,183.09924641629507
1045,-490.05671851420686,147.0093824307038,10,-561.9095283458181,183.40843568767167
1046,-618.2440627537173,144.7424778066318,10,-562.0788007134943,182.114021990502
1047,-565.4341948248523,225.61537344552332,10,-562.3710977988227,182.37002925593097
1048,-606.8452616296967,198.52045442004413,10,-564.2266495648134,183.77652301401125
1049,-468.37073526249026,162.92061046731106,10,-563.2670635227323,184.94479014093602
1050,-520.2243726069988,190.36468444865125,10,-560.969472752739,183.93320239704036
1051,-525.395034069636,136.1860089408195,10,-561.423772405306,183.266493510903
1052,-539.606547097959,223.42741477709842,10,-560.3253216031943,183.3240755038336
1053,-607.1279345267528,197.8541190527564,10,-562.0714289410148,184.4496578343143
1054,-593.6339196207916,125.54806225616957,10,-563.1792632567787,184.82618805059295
1055,-564.553164106156,187.82511233198906,10,-561.2459152556982,185.48194941776
1056,-593.0241050167568,164.91410084212285,10,-563.3593766478339,185.96350793853054
1057,-721.6211306830435,309.8597949873559,10,-567.178716528299,188.89645490880645
1058,-523.1775200954262,141.0155406304466,10,-567.89821346498,188.62471198055042
1059,-538.5097257629034,175.58935977147752,10,-566.9019557277607,187.9936124524287
1060,-535.9835210085973,142.61476737731888,10,-565.9421287518442,187.28617819315605
1061,-602.9558987602182,161.88468755453826,10,-566.4745063994951,186.80934704807342
1062,-554.4113510446615,150.70542070107348,10,-563.5181478084254,186.4420616111135
1063,-625.8325051229929,167.02685236779956,10,-564.2296873135992,185.5947588074071
1064,-591.2193504957759,231.2134105249988,10,-564.8021457362923,184.6108765884579
1065,-490.7834221221184,154.2618974576254,10,-563.2654777469991,183.85739841396173
1066,-575.7878910572438,167.83851439726803,10,-563.865056557285,185.02908068237718
1067,-610.7200542753756,150.46250775358243,10,-565.0709225862706,183.86621048460088
1068,-601.6067421878489,150.74095519497178,10,-565.077706464745,183.34339597951447
1069,-611.5210949672937,186.5778315526792,10,-567.5076867242828,183.4634005021623
1070,-612.8093521996162,213.89939092611655,10,-568.0112805438359,183.79952325098344
1071,-562.4907132121381,110.66110464347275,10,-566.1376103371026,181.4157624263037
1072,-586.1853969712076,215.25584311951985,10,-566.095897147522,181.07431078074546
1073,-681.1522498192057,218.80546150693405,10,-568.9145368361744,181.826951976077
1074,-642.685283652335,147.3062973001043,10,-572.0393880604761,181.69499412947982
1075,-577.05450163005,168.33281498091293,10,-572.6464373250056,181.56879327616153
1076,-622.7888420146935,201.34500866417423,10,-572.5086952878432,182.4420157214103
1077,-437.9454140567594,136.16985573755218,10,-569.8958193627832,182.22767703333204
1078,-607.3929497759865,194.43253326088512,10,-569.9441299684738,181.2848827745751
1079,-541.8983546616109,156.77804459896743,10,-570.3663388597764,180.34611589030712
1080,-526.9170871416864,140.0495114670651,10,-568.8229127618289,177.87965893240272
1081,-638.8075777513881,216.65692741745337,10,-572.4702329843872,180.80326662981489
1082,-618.6530623170377,197.1759023823692,10,-573.8955913971374,180.28286088150824
1083,-536.5408853450108,213.18682468054354,10,-573.5720262750198,181.1714665623292
1084,-626.2654937559565,131.71504285154225,10,-573.4386101795951,178.71915174064347
1085,-545.6505606388628,192.55517760750203,10,-570.7357114486767,177.94299421918703
1086,-617.1345963885965,199.48331991384754,10,-572.5952226018319,177.22556670902378
1087,-645.5102566248922,132.36853018449017,10,-574.3743107147508,176.24055288523894
1088,-621.4247201149922,180.93120546796928,10,-576.6261124859976,177.90561491637087
1089,-697.6475094945818,227.29784046450996,10,-579.162319688086,177.97935047746563
1090,-545.351989102026,232.70025405851837,10,-580.5360868920656,178.79419446755674
1091,-653.7287277154289,220.561141798531,10,-582.2140684863081,178.52882874860705
1092,-596.5839843185931,230.5999544468141,10,-582.5675501102601,178.98153300937264
1093,-530.7137711543803,149.46286951792558,10,-582.1299891899306,179.24416159691125
1094,-499.43041198303274,129.46274391314523,10,-580.9881989890716,179.03825884803646
1095,-483.7229520698567,108.97542530892561,10,-580.8615236601847,178.27757970560089
1096,-595.8292870383605,160.83833692838184,10,-580.4132281458775,178.59949688803587
1097,-528.105657862534,125.7041710040835,10,-579.6666574066312,176.60127283920704
1098,-536.3035978327454,222.22645749697202,10,-578.2558241306921,177.0753929007456
1099,-576.6572351990926,202.8391213190168,10,-580.4215541294242,177.87376311777973
1100,-546.2613599601343,148.1091870593294,10,-580.9422938764869,177.02865316999333
1101,-502.56974676849507,208.8568372524522,10,-580.4857881304641,178.482069736226
1102,-516.0608058342177,159.6066052007868,10,-580.0148733051894,177.20565354469974
1103,-595.5019921447645,268.55619517952687,10,-579.7823544575496,178.61969506723514
1104,-646.580785494399,201.0570918537257,10,-580.8412917750217,180.12987565918627
1105,-572.0170348708272,176.88830959509613,10,-580.9905691903151,179.91113960444844
1106,-634.8331877752723,197.66802520543393,10,-581.8267508454853,180.56621809171466
1107,-561.0560124417618,195.0116189174644,10,-578.6154484806597,178.26925457031683
1108,-560.0051808091879,122.26202964082673,10,-579.352001694935,177.89418435052445
1109,-688.1644027845308,178.8862600903902,10,-582.3450952353676,177.96012235690267
1110,-454.2465961621566,137.23261236243874,10,-580.7103567384387,177.85247925660508
1111,-550.2952340938737,207.84637422227033,10,-579.6571434451118,178.77171298995975
1112,-544.5727205332857,140.33450555361887,10,-579.4603708348843,178.56429468701066
1113,-555.2048346391878,164.88646353629616,10,-578.0478174252081,178.5214869103806
1114,-615.0528209864611,122.102425023523,10,-578.524486835022,176.3392672003511
1115,-641.3732036645881,227.64644741713943,10,-581.5362824658713,177.80695819954133
1116,-691.5149739997271,201.7652929981159,10,-583.8508241247209,178.48549377155828
1117,-596.834808172669,195.8041849088525,10,-583.5731192026669,179.39232731466367
1118,-609.9495218470702,179.7596311627787,10,-583.7399747958513,179.9727008340198
1119,-625.1731882320382,157.8695154975035,10,-584.0130166611461,179.3985345129163
1120,-689.52932726069,126.52674707513536,10,-585.5474161623675,177.6510816358967
1121,-579.5655222059492,185.77872465272253,10,-585.8889123422439,179.15343403608168
1122,-517.7162800891721,183.8566993517081,10,-584.5195300046031,178.52545116072545
1123,-622.0330270908769,148.41745853189596,10,-583.3371455500366,177.1176911012247
1124,-639.3740971915762,143.50245586411688,10,-583.2709218208214,177.04161427250494
1125,-670.0217537261385,223.84732658159652,10,-585.1302668627433,178.15190450451865
1126,-501.0745865156091,128.52341636834876,10,-582.6959817527614,176.6954726586021
1127,-524.5306868106973,214.20861028488133,10,-584.4276872078401,178.25624774954866
1128,-690.4297559222034,186.3982826882633,10,-586.0884233307646,178.09556273809628
1129,-491.5502799784091,153.15792971978715,10,-585.0814618371005,178.02316044051267
1130,-604.9850765150851,138.4446905260582,10,-586.6428216245685,177.99106402169252
1131,-529.9609148678195,170.7694015799768,10,-584.4658883668972,177.073313504943
1132,-676.8684598341238,194.06732908310073,10,-585.6301963172389,177.0111420389576
1133,-667.5057482862215,262.4430085727337,10,-588.2494935760631,177.9962657168014
1134,-555.0374649593414,142.425322314891,10,-586.8249330001307,178.21047130606837
1135,-562.6951493798088,139.4358982757055,10,-587.1658247749497,177.14808571943246
1136,-534.2560911127222,169.53643888664382,10,-585.5082546694322,176.5491480988884
1137,-622.7891815274955,147.12838817278063,10,-585.0538331674843,176.84434525865422
1138,-608.02764546814,159.29227412089338,10,-584.7858916745472,176.41156663171267
1139,-614.2519804318255,192.4536582843142,10,-583.1179810932921,175.71468298810876
1140,-578.3205315477533,192.50405340504423,10,-583.7773519422066,174.91075897503927
1141,-521.0589918512455,182.11365892492438,10,-581.123957224923,174.14180931756712
1142,-664.5545215061818,185.7127226903497,10,-582.4833679686748,173.24406468243785
1143,-638.3702319460771,212.7322691581488,10,-584.6364971845087,174.50945267524227
1144,-625.1015243221829,202.30292870611459,10,-587.1499194312916,175.96625637110165
1145,-588.8451057180816,138.53498093976924,10,-589.2523625042562,176.55744748371853
1146,-547.1128308496101,120.97446085564341,10,-588.2780333804812,175.76016996226375
1147,-608.1500943807166,143.47386302552175,10,-589.878922110845,176.11556380269252
1148,-525.7370746850094,138.71538648228324,10,-589.6675916478903,174.44534238239874
1149,-567.0706940530827,146.23829864540085,10,-589.47586082497,173.31332592892647
1150,-599.2039178820831,142.9445909123113,10,-590.5347119834089,173.2100340059861
1151,-567.0822299125527,205.87612557406814,10,-591.8249616462901,173.1504197724184
1152,-566.3879136861718,160.85981997598213,10,-592.8315038033292,173.1754840679223
1153,-519.352121760184,172.84796800541872,10,-591.3085063956376,171.26131952444013
1154,-708.9304250074904,195.75307365019685,10,-592.5554991858994,171.15523916036958
1155,-581.4269547524116,244.96879727545308,10,-592.7436975835312,172.51684891397667
1156,-528.4246573558634,106.33708128424443,10,-590.615526975143,170.69023003555293
1157,-462.1820696798776,141.26324836323363,10,-588.6380481199052,169.6152626244683
1158,-631.5581168544242,126.59105708575485,10,-590.0691068408099,169.70184317336683
1159,-678.433553525643,242.4649787415461,10,-589.8744898556322,170.97341754638998
1160,-646.6776435531095,122.49090968371041,10,-593.7231108034513,170.67858349281542
1161,-684.6514692225144,211.81901183520145,10,-596.4102355060242,170.75803624507404
1162,-605.8141225095909,157.75484724640395,10,-597.6350635455501,171.10644307892974
1163,-577.3074250042494,203.14463034509834,10,-598.0771153528514,171.87160641510573
1164,-637.4970993734025,225.00549838353527,10,-598.52600092059,173.92966788230603
1165,-566.0971833386271,209.1699372763976,10,-597.0204805140709,173.56013767949116
1166,-521.2537717396472,101.37640485632663,10,-593.6152564688693,171.5523599166554
1167,-732.2971084437241,217.64551290974077,10,-596.3245024742904,171.98918647667315
1168,-514.8231624560426,149.20372514809085,10,-594.4219752864698,171.37806835637946
1169,-637.825829019104,175.08185341019762,10,-594.6750281022112,171.72231511463332
1170,-640.4652260114763,138.12742201683275,10,-593.6937460772269,171.95432861346725
1171,-536.5736466479409,237.6469944319519,10,-592.8339085660667,172.99169400905186
1172,-601.1483334214606,122.43690526938717,10,-594.5025496327124,171.76329812740542
1173,-598.6275758975717,208.62696543253847,10,-594.0344406088465,172.96748826541824
1174,-619.7240790041526,259.81230607899545,10,-593.641440245098,175.29368526971584
1175,-574.3803539109948,203.92921142437288,10,-591.728612248795,174.89532296657137
1176,-399.2030838355731,66.78608802234334,10,-589.6911821951943,173.66057639965126
1177,-610.6456479052706,211.1717507898846,10,-591.4134814170859,173.5998392097513
1178,-683.5204807964225,267.040642243918,10,-591.2752959145703,175.21268640086444
1179,-627.6857273114558,231.23830134109372,10,-593.9980048612312,176.77429383329053
1180,-645.1064974957438,149.2898552530158,10,-594.8004332808443,176.99119712782968
1181,-543.2043011744025,167.28588255118243,10,-595.065301006976,176.92152674725384
1182,-527.531683874941,130.13446074480055,10,-592.0785654877924,175.64286938048787
1183,-616.4674022675841,219.60275090515418,10,-591.0577985674196,174.78606422713628
1184,-579.7964795665087,266.5255386993186,10,-591.5529788595629,177.26806855482482
1185,-570.9517084074281,150.8310369518927,10,-591.7181100401154,177.49597132834856
1186,-580.670276885816,193.15308890873547,10,-592.6463937555773,177.9683043287904
1187,-575.9953140372224,218.81901142270888,10,-591.7105164057717,179.40211679378896
1188,-581.5249994999845,100.15400669089651,10,-591.1804634864087,178.21935144518903
1189,-550.9676999318492,92.39236245078578,10,-589.9147778764092,176.21812552851847
1190,-683.5896348840379,302.9144779158759,10,-592.0201599431348,178.4263340187351
1191,-564.574129477893,190.602481910718,10,-592.8904626956678,178.59611047845098
1192,-638.3966766994855,175.22576269791392,10,-592.3673057995338,178.38637127860224
1193,-546.4615659438284,154.4042441567495,10,-590.5291324794889,177.21981077857424
1194,-625.9541312290653,262.57662314773756,10,-590.5461846176265,178.42528466740671
1195,-462.73975881931256,145.98140276095126,10,-588.0240776796512,178.57421310383035
1196,-542.0399089070918,242.30435754512405,10,-587.9226192408008,181.00081103761997
1197,-603.4826550155096,169.69482664338332,10,-587.8292704534965,181.5252303099772
1198,-554.5791615554432,173.80083533439293,10,-588.4061121909053,182.2269392870194
1199,-662.5251122070526,219.90418853569713,10,-590.3152005539846,183.70025708482532
1200,-564.3930995754106,195.89356882788215,10,-589.6189841878511,184.7592366431367
1201,-601.0225717773803,242.21696356177938,10,-590.2977910251477,185.4860534028909
1202,-572.5718931034406,189.44875760553072,10,-590.421470613493,186.05783215548183
1203,-579.8814490411887,183.16276052419482,10,-591.6320571591131,186.26412800585743
1204,-643.6707393894309,175.09463468955272,10,-590.326863446752,185.85095922664456
1205,-535.1145959039337,150.29058728802545,10,-589.4006162697823,183.95739502689605
1206,-539.470008093492,125.38710176911032,10,-589.6215232845349,184.33839543659334
1207,-559.3809359682731,190.28176542875173,10,-591.5655006103029,185.3187657779037
1208,-606.3369816927775,184.7030794104363,10,-591.06107790707,186.4810062243973
1209,-603.6509491386358,183.43607359910402,10,-589.5654258193298,185.30042812154846
1210,-555.4578412907252,190.1770610435068,10,-587.7410297740821,186.65415114874438
1211,-642.9643581888644,224.24445112993462,10,-586.907287553409,186.90265993463902
1212,-672.4631033028105,215.62544112702236,10,-588.2402671692735,188.06007181225144
1213,-609.643248083121,96.94965906078464,10,-588.886983630851,185.93617238656512
1214,-628.9268851010511,176.17027062781307,10,-588.7155793454039,184.95946783145075
1215,-637.0491380905254,154.2740613658813,10,-590.134618440442,183.8615503132404
1216,-617.5781227814656,192.8000135459286,10,-592.0611054612783,185.6900224870324
1217,-722.4336438359524,221.88822041972549,10,-591.8638361691229,185.77487663723213
1218,-585.7009842389398,260.5324728978401,10,-593.2813926047809,188.00145159222706
1219,-565.0511591675629,179.82388708789185,10,-591.8258992077501,188.09629226578093
1220,-585.397086453977,180.5090497529211,10,-590.7245364166001,188.94392482050273
1221,-711.2536535131027,203.44181187947942,10,-594.2181365539034,188.25982116945332
1222,-661.4772257925364,125.70370083594032,10,-595.4247144013248,188.32515708078438
1223,-578.6163333079276,277.41248351751426,10,-595.0244895495318,189.7008674424839
1224,-685.2097798379917,224.00561920198962,10,-596.3342035662088,188.98473370494378
1225,-581.8789772565615,96.46541736526167,10,-596.4841760331201,186.83545782376154
1226,-578.6488758299467,154.23147806363667,10,-600.0730918730075,188.5843656245874
1227,-692.0716102648773,225.19710768189918,10,-601.7016111201997,188.8648727624277
1228,-498.7672962278207,86.43695231012347,10,-598.0065474288275,185.2527989637518
1229,-675.3109369002301,202.97704389392484,10,-598.9590516206031,184.68757381480842
1230,-619.5250938480375,163.2400281879096,10,-598.4474235476489,184.9665772735063
1231,-597.2446523553203,190.46686897881278,10,-599.5282305712673,185.4301970020589
1232,-516.197198638166,153.05765682039726,10,-599.3015408665317,185.88866092357082
1233,-583.7400380361574,328.55831456216845,10,-598.6469935819032,188.06777219671113
1234,-763.9570494277762,195.37391558853116,10,-602.3302049791286,186.64473973449535
1235,-559.777283715691,195.62243882548958,10,-602.1067164852939,187.5405677719673
1236,-580.1295986322224,205.94357309269344,10,-602.095902920222,187.79637745564642
1237,-686.9460756930682,224.9045294552367,10,-604.3149181533389,187.918087816297
1238,-579.8631803807746,191.37807859368468,10,-604.2816817709546,189.7425692543528
1239,-582.3906110055206,223.75877431907506,10,-604.910139992428,192.36989749171858
1240,-659.0755501268807,132.45688800353662,10,-604.4198582972849,188.96074569347184
1241,-603.256341031682,207.52477752025106,10,-605.1935025283607,189.2991916056625
1242,-509.0894373454247,128.37061810128807,10,-602.6073577412794,188.36208871372995
1243,-548.5876399895102,158.58923617096914,10,-602.6498792221931,188.4457885540143
1244,-630.5703712229799,280.13814083169245,10,-602.7422040220714,188.79701890769343
1245,-592.6410502854902,163.17866172061525,10,-605.340229851395,189.14096408688667
1246,-635.8730317124932,162.00465038094984,10,-607.216892307503,187.53496994360322
1247,-601.9750109889436,208.06045859463686,10,-607.1867394269717,188.30228258262824
1248,-646.1130689647053,224.02774615179462,10,-609.017417575157,189.3068207989763
1249,-489.5146648800595,83.96877896072702,10,-605.5572086286171,186.58811260747686
1250,-694.405035803736,179.82184480321683,10,-608.1574473531836,186.2666781269836
1251,-619.8959154648326,203.17849566227798,10,-608.5349142269326,185.48590876899357
1252,-600.7630896953273,136.4078003868067,10,-609.0987381587704,184.42508962461915
1253,-623.8124734010622,234.82639268903415,10,-609.9773586459678,185.45836226791596
1254,-667.8462981691031,193.40841226238953,10,-610.4608698215613,185.82463781937267
1255,-662.3587804278387,181.07412047736392,10,-613.0057535120395,186.4403084831594
1256,-576.0200198339487,201.7432222063029,10,-613.7367537468486,187.96743089190332
1257,-584.0058128324134,260.6355288894543,10,-614.2292512841314,189.37450616111735
1258,-659.4659192868179,234.76358064133063,10,-615.2918300360121,190.37571618573523
1259,-612.5431672782203,171.81350038207412,10,-615.4696743988038,190.14326472139462
1260,-681.1230685963499,147.18746746306687,10,-617.9829789449163,189.2834728497858
1261,-713.8718203248611,325.4888833100956,10,-619.4011281876362,191.308361493389
1262,-688.1447121499652,177.00166402782955,10,-619.7147603645794,190.5358859514052
1263,-601.2013465727001,189.02149642562412,10,-619.545922334371,192.37732269870196
1264,-539.2690489226159,163.80508508483973,10,-617.7527656108023,192.13001898784248
1265,-638.4081753784767,72.97824388886204,10,-617.7799463565614,190.5041026383021
1266,-758.7819966488848,184.57370704202023,10,-620.6040238339098,190.33957650822396
1267,-687.6737317796427,219.54156781760148,10,-619.9088255927835,190.29264345618148
1268,-476.4509663974196,116.79493493976038,10,-617.7238252359531,187.41789269701988
1269,-587.3959391663603,141.62187567095833,10,-618.170720835929,186.6538524686812
1270,-503.8449475726605,180.66740895163332,10,-616.5396780583028,186.65701965265544
1271,-543.7843643969245,106.14009599538646,10,-613.1902922759791,184.7109853349736
1272,-734.8050960428761,183.52500444514595,10,-614.6568496809859,185.8674114071577
1273,-613.9825537721898,185.79048190205467,10,-615.3641740902711,184.03497137484854
1274,-565.0174317388546,170.53169420309808,10,-612.9603271282884,182.96549287487068
1275,-595.6043909019742,121.15485692055553,10,-613.2348354011967,183.45928166597656
1276,-592.9445424426822,227.40662139134432,10,-613.5207487334515,184.92278453253073
1277,-687.097364731393,241.04014670759946,10,-613.4212638227817,185.23964531304475
1278,-659.3120372720053,123.0272187265218,10,-616.6321586436654,185.97145064137268
1279,-626.0294680588142,210.65873387260126,10,-615.6465292668371,186.12508444094624
1280,-651.1481652339974,188.10022641180495,10,-616.2789906945562,186.6222884054241
1281,-600.6552830191193,190.64521086210056,10,-616.3472033078323,186.62585524308983
1282,-691.7162224852013,236.35433423401165,10,-619.8575837847729,188.29178879136208
1283,-600.3179794716327,230.9096921596023,10,-620.1891426134824,186.33881634331078
1284,-545.7159344792772,158.24564965669487,10,-615.8243203145125,185.5962510246741
1285,-678.8649196587926,213.09776842212955,10,-618.2060730333745,185.9457576166069
1286,-575.2736009165403,196.1770029370089,10,-618.1089530790609,185.75042621349323
1287,-628.8053138497582,137.78158006301112,10,-616.9461378421947,184.0079672256487
1288,-597.7122854871826,216.68268354745936,10,-617.3031199443229,184.51405932472417
1289,-594.4355024595711,217.60811145931638,10,-617.5440177734039,184.39104606752898
1290,-564.4566878300643,191.2366676644012,10,-615.6516405274675,185.56664166074628
1291,-576.9700576626601,230.41531101145114,10,-615.1259148600872,186.02445233057028
1292,-600.4700463812085,157.09901713735994,10,-616.9535270408028,186.59902031129175
1293,-602.2656700951633,125.54168006390493,10,-618.0270876429158,185.9380691891505
1294,-526.4762060725361,222.99551020796812,10,-615.945204339907,184.79521657667598
1295,-587.2903202516686,197.31504415378055,10,-615.8381897392305,185.47794422533926
1296,-587.7229150048549,176.23860468857757,10,-614.8751874050779,185.7626233114918
1297,-659.0869668775624,254.23188353399624,10,-616.0174265228502,186.686051810279
1298,-551.4781499568628,116.58148610572563,10,-614.1247281426934,184.53712660935759
1299,-665.700813323732,201.5887365259911,10,-617.6484511115669,186.8895257606629
1300,-632.2392169911047,127.15322839598689,10,-616.4051347353143,185.83615343251833
1301,-590.3477883870809,172.53179578404496,10,-615.8141721937592,185.22321943495368
1302,-621.0806958796024,147.11607155484023,10,-616.2205243174446,185.43738485831437
1303,-605.0292036059813,234.67009696443833,10,-615.8448589215429,185.4342589438225
1304,-685.8136140487464,205.94963633009317,10,-616.2042052391357,185.68508342517657
1305,-515.7503848738581,197.68035270724113,10,-613.2720373280562,186.01720806977406
1306,-584.3433548002986,168.71228991693826,10,-613.4385040273831,185.35658942398678
1307,-670.3088094588991,182.868453178832,10,-615.164563959913,183.80124790977436
1308,-583.8291425267305,151.27615102398138,10,-613.6518284247112,182.13149931742737
1309,-515.600436913906,148.3698483253963,10,-611.7129738174249,181.66262627629374
1310,-559.4927749818843,223.7398318755343,10,-609.2803679451356,183.19367356454316
1311,-594.6436896251923,213.47631672711807,10,-606.8958053311422,180.9534222328836
1312,-541.4067970281283,120.335139865644,10,-603.9610470287055,179.82009174963983
1313,-646.3954399614998,205.44366770376482,10,-604.8649288964814,180.14853517520262
1314,-604.6709353900185,230.58703471957503,10,-606.1729666258294,181.48417416789732
1315,-657.9129256646818,212.2262038222342,10,-606.5630616315535,184.26913336656477
1316,-583.1594172584321,237.2810215590949,10,-603.0506100437445,185.32327965690627
1317,-559.3853810065959,168.81201840753022,10,-600.4848430282835,184.30868866870486
1318,-596.3869673634266,184.8255014522421,10,-602.8835630476037,185.66929999895447
1319,-684.0720432991208,232.8226190932075,10,-604.817085130259,187.49331486739945
1320,-562.0835373071919,138.80935525760003,10,-605.9818569249496,186.6561537935188
1321,-601.1086390874519,163.38168840657985,10,-607.1283424187602,187.80098564174267
1322,-830.5256988471972,280.2576630518,10,-609.0427544748466,189.73563881387577
1323,-537.7140456684263,231.63233016594634,10,-607.5173843127712,190.6524757791536
1324,-594.7701777509244,290.39039453348437,10,-608.1124392330127,193.04964978576135
1325,-622.9574485579105,166.99868649621288,10,-608.6595003861314,193.96652637727445
1326,-650.6473760254173,224.89198302401144,10,-609.813557057786,193.91623360992784
1327,-559.8030461685375,155.4276725962186,10,-607.267670686529,192.20398412770024
1328,-681.3006262361807,165.1677025399272,10,-607.7074424658125,193.04679380396837
1329,-565.6123440263013,136.47718277489358,10,-606.4990999851623,191.5631627820142
1330,-582.1721416759366,202.91528209771462,10,-605.119579514001,191.85946389573238
1331,-705.4803918734657,214.91841990619739,10,-607.2160816910878,192.3449280766143
1332,-561.2859595181226,133.25990571439107,10,-604.6074764317462,190.28303950622185
1333,-573.2180495162982,229.33063244335747,10,-604.0654778326395,190.251458311897
1334,-562.3036365303229,219.13992189630287,10,-604.3972318736605,191.4693437566891
1335,-587.8727932017009,210.39214524843413,10,-602.5773893445186,191.41523129321521
1336,-655.6772990216966,234.35459662043806,10,-604.1854633066217,192.17878316688382
1337,-511.7480251826074,167.8602219150282,10,-601.8443175332789,192.78035600392417
1338,-599.9191003675012,189.17491406330493,10,-601.8884538308852,192.23020061424108
1339,-599.7354163729149,123.69497788054721,10,-601.994452109152,190.35193794266567
1340,-450.3637359208741,103.08092966521671,10,-599.7125930709682,188.58882318268198
1341,-654.7528537660118,139.40839878182683,10,-601.2682489930353,186.7686849380895
1342,-743.9097211121805,243.54295914577642,10,-604.1370424876546,188.4975637782578
1343,-624.8685416384458,191.45411866611525,10,-604.5890999185203,189.81581255030204
1344,-652.9662277652209,235.30356803749763,10,-607.1189003523741,190.06197370689264
1345,-597.7919573591001,170.34593378580533,10,-607.3289330945228,189.52259149953312
1346,-625.7293779764261,216.71964310906304,10,-608.0890623539541,190.33221226794282
1347,-580.3380199671778,185.42940037984133,10,-606.5140834157465,188.9561626048597
1348,-675.7638922162034,218.88754968695326,10,-608.9997982609333,191.00228387648428
1349,-603.0724173384872,146.28098249383123,10,-607.7472303412284,189.89612879584107
1350,-696.9534949549644,260.36358844160236,10,-609.0415159005056,192.5603359967534
1351,-526.7183760305251,200.7497208128625,10,-607.7689276533745,193.12469449732973
1352,-667.3549498838304,211.12833200287267,10,-608.6944127334589,194.40493970629038
1353,-585.3758869632613,224.55500817269564,10,-608.3013464006046,194.20263793045552
1354,-620.0792840461526,279.2735834771429,10,-606.9866598005527,195.66911687339652
1355,-592.7462906919318,175.48206511915157,10,-608.5265779169142,195.22515112163478
1356,-625.6208015123427,250.34235946137426,10,-609.3521268511549,196.85775251252352
1357,-638.9458103350887,117.49576694445584,10,-608.7248668686788,195.55029878783597
1358,-674.7201295107282,130.12954573442136,10,-610.5426866083587,195.12736668204482
1359,-674.3265221267391,196.40855154417525,10,-613.7172083126155,196.08814074642035
1360,-524.6509331347464,148.10070596878217,10,-613.0203714756727,194.57535822828532
1361,-520.9304715270426,139.15507258741926,10,-611.5461071137097,193.0889333454913
1362,-592.8139040619976,202.68717886513747,10,-612.574249254387,194.7359741254812
1363,-641.4065822872001,124.0083357341104,10,-612.4744721009012,193.1072674860881
1364,-623.6081954631209,108.67137462588208,10,-612.8532173023632,190.66895428421424
1365,-571.3696416317683,189.18173241667515,10,-611.1223516217049,190.20806485610305
1366,-578.3184287998904,220.4445498568857,10,-611.0255318525341,189.87133542205885
1367,-568.6445179506577,114.05553592647183,10,-611.2107145914154,188.7762057724377
1368,-581.0789482640888,207.2014045836447,10,-610.9045542094286,189.22372383506575
1369,-561.1884734895187,163.91792599077036,10,-608.4468828132365,187.84562997301703
1370,-641.7355094892579,196.43703395051003,10,-610.039922256878,188.99818354687523
1371,-558.8013563695597,135.9232421614267,10,-609.1937766025202,188.44901462197217
1372,-580.3914133590516,211.36677684678156,10,-604.1910908927573,187.07119689787177
1373,-697.1950718386105,211.10977156733742,10,-607.3807114161609,186.66074572589957
1374,-531.7667762563864,184.32215070028406,10,-606.1206433862702,184.53938084923556
1375,-611.6019787380989,183.14553246496547,10,-605.8935339898741,184.86231776861067
1376,-596.5362896376557,226.26498302430792,10,-604.8113122621187,184.8897777686166
1377,-615.1841949992083,192.83110083330985,10,-605.918935238732,185.6378463333584
1378,-557.7152110229194,148.2567485638976,10,-603.4472269344668,185.2996272538378
1379,-557.2537143878806,179.3805914774302,10,-603.2800543416985,186.1576954278885
1380,-611.4934612668079,166.5505647308368,10,-603.8664807335158,185.43040108055095
1381,-588.7738513606296,251.63116148439386,10,-601.5323499232593,186.1646559121149
1382,-591.6269858649528,122.36765491087547,10,-602.1391704501959,185.94681089604458
1383,-818.7703561947378,223.47123754050662,10,-607.0502165837646,185.82962299798757
1384,-618.593187405179,190.17479877401564,10,-608.1760076012616,185.25032053554185
1385,-598.9911731682503,214.54422219834427,10,-608.3983752005927,185.3333620745401
1386,-550.9356484789421,142.4338229404775,10,-606.3035421897375,183.4949466009408
1387,-618.2571612964239,211.5091119990201,10,-608.433724912014,184.36792440262067
1388,-539.3114056788294,152.98802011139196,10,-607.2215710182404,183.64418652358236
1389,-631.7729858686581,273.9313211527209,10,-607.8623224081553,186.64891338902584
1390,-577.3027963845864,167.5791627757783,10,-610.4011036174295,187.9388780512371
1391,-579.6283482647286,238.8852159576724,10,-608.8986135074038,189.92841439475404
1392,-488.20320416508804,177.80686785912928,10,-603.784483168462,188.61369256902108
1393,-587.58027229529,182.01296704727525,10,-603.0387177815988,188.42486953664428
1394,-567.7322010905167,131.2159101912614,10,-601.3340372481048,186.34311637971962
1395,-617.2158728199782,194.93961958413993,10,-601.7225155573224,186.8349900956863
1396,-660.8702386732659,163.89553112477336,10,-602.4253327712591,185.77850785600052
1397,-501.04946460163893,139.17938821171592,10,-600.8395616639485,184.853507612638
1398,-655.5061672109737,250.47601215517992,10,-600.4344071638438,185.48527686200254
1399,-650.4129379233673,105.72543741181268,10,-601.3812175755414,184.6741659603622
1400,-513.5236519221983,86.52282655908424,10,-597.712620714886,181.19735072271178
1401,-644.4075264345271,182.36425272949646,10,-600.066403722966,180.82964136104445
1402,-584.984044558644,142.7624158016645,10,-598.4189856164624,179.4623230370203
1403,-578.3564434626248,169.31301104280496,10,-598.2785967464496,178.35748309442246
1404,-527.2243722703693,229.55622440931347,10,-596.4214985109339,177.36313591306586
1405,-612.0941681570552,161.46578766976327,10,-596.8084560602364,177.0828103640781
1406,-659.8044091408325,221.22421862572264,10,-597.4921282128062,176.50044754736507
1407,-473.5987607687481,136.74219709562178,10,-594.1851872214794,176.8853761503884
1408,-599.4668624684558,158.5002149651385,10,-592.6801218806339,177.45278953500278
1409,-611.0287864264089,206.8643286337349,10,-591.4141671666274,177.66190507679394
1410,-591.1522649315178,218.10281602425658,10,-592.7441938025628,179.0619472779034
1411,-594.8386956286881,147.70905987382483,10,-594.2223582845958,179.23302702363154
1412,-555.7287722918479,189.17866248857928,10,-593.4806556491927,178.96285669610035
1413,-590.6818833572064,159.13776031917928,10,-592.4661616705929,179.66544518780174
1414,-665.6573943218775,172.35170061487062,10,-593.307145647768,180.93905170758148
1415,-538.1085840000248,188.86689605517705,10,-592.6419244951333,180.93275498035152
1416,-655.4594047156586,174.0302369180578,10,-594.1847440134486,180.00446872157497
1417,-652.2562195927896,226.29359791645123,10,-595.8569780462911,182.2492299613745
1418,-743.3146299307939,196.7215758289801,10,-599.1016916796253,182.03963338628125
1419,-593.4359661958067,150.33140268041598,10,-599.7466415337511,181.76790292007416
1420,-619.0664253578432,86.52248104567161,10,-599.2932598511228,179.5696118619774
1421,-623.0149184112878,211.02155456183218,10,-600.5775310919573,181.07157810998552
1422,-672.9215988304396,197.76937948188086,10,-602.4281348013851,180.7996301626875
1423,-679.497029255909,223.49077250389144,10,-602.0741739497312,181.0472501814186
1424,-623.6430799251985,228.8297927000496,10,-603.9117000231073,181.93740302141393
1425,-639.1931307644123,225.22523721580268,10,-604.4635230636336,182.77899711643062
1426,-611.4650640948087,179.13236743332126,10,-604.7620985527766,181.83634480461092
1427,-695.8802654711429,215.686969117041,10,-606.3760199622153,182.29346217028558
1428,-614.2820396373878,200.99716361662828,10,-607.5073565345047,183.3482704713402
1429,-614.3815070281012,169.1450464539741,10,-608.649912387309,183.14355957087105
1430,-698.6255684612775,132.9583873478574,10,-610.3925545311984,182.47171602321146
1431,-454.88390950357655,104.70701589439892,10,-607.7147556940573,179.53323311141153
1432,-617.3665789972928,182.00452941547144,10,-608.229547556704,180.72597060150346
1433,-560.526006889546,157.69393356651776,10,-603.0646605706003,179.41042452202367
1434,-495.2120928085511,157.0974447119834,10,-600.5970386786678,178.74887744078305
1435,-508.8562803230802,173.48337066759026,10,-598.7943408217644,177.927660410168
1436,-598.9550622702866,175.3639001011102,10,-599.7547290975913,178.58626195338064
1437,-620.6294902871853,99.51367673261106,10,-599.8021756774065,176.3463532480525
1438,-519.3812846374951,152.3373761738162,10,-599.4035732565798,176.33334036930097
1439,-674.8029483274184,223.85551888120202,10,-600.264172505755,175.33182432387056
1440,-588.8005195301206,152.0400105838689,10,-600.4941269686657,175.02104128003236
1441,-635.4540819786461,232.38013451447915,10,-601.6106416429441,174.8909396511685
1442,-641.3290120234017,189.2479433920808,10,-604.6731578001104,175.11976116182757
1443,-514.8085846993345,189.305807906638,10,-603.2177240481913,175.2656179790148
1444,-566.8184512690102,146.3141982959506,10,-603.199449051761,175.56758374110856
1445,-683.1938467735359,230.12798738242708,10,-604.5190085308321,176.27135109707433
1446,-696.4761038407847,220.28040774217592,10,-605.2311258341826,177.3990486294224
1447,-613.7778859167524,205.13444307445627,10,-607.4856942604848,178.71814972667718
1448,-642.3599963495598,178.66987619833296,10,-607.2227708432565,177.2820270075402
1449,-610.557533987708,159.63107954793708,10,-606.4256627645433,178.36013985026273
1450,-707.0679228014002,156.0568153639848,10,-610.2965481821275,179.7508196263607
1451,-609.4950002090945,187.09191287208466,10,-609.5982976576188,179.84537282921255
1452,-570.002913107722,180.22541825660804,10,-609.2986750286003,180.59463287831142
1453,-682.7819342938689,285.40244127209854,10,-611.3871848452252,182.9164214828973
1454,-557.5558562938886,138.73267771824345,10,-611.9938145256956,181.09995054907588
1455,-478.41467983653865,163.58762611637962,10,-609.3202247592852,181.1423873180082
1456,-454.23778338566234,133.13501784898438,10,-605.2088922441818,179.38060330247342
1457,-647.6859198089536,191.30066530008438,10,-608.690635424986,180.47177266656269
1458,-533.8900581123817,196.75026207785066,10,-607.3790993378644,181.23677360881692
1459,-695.4634390343413,163.5142476912125,10,-609.0677923900231,180.36977198996647
1460,-623.0743813246812,195.41217119997188,10,-609.7062347178864,179.91595909348078
1461,-603.7060294187011,217.34648725762133,10,-609.8835813936867,181.3087076411567
1462,-547.2686341120237,184.91237268795004,10,-609.7143786300901,181.2233818451441
1463,-546.4020415558473,122.89040472805253,10,-608.828781794063,180.49843473332155
1464,-538.4674565024384,128.5127161516522,10,-606.2849830376742,179.62165504405715
1465,-526.3785359628597,140.24910517060476,10,-606.050382076931,178.64929922636568
1466,-574.8105489841292,192.8500119030417,10,-604.4374049623004,179.0256947260654
1467,-596.5681939170615,221.735215976858,10,-603.3236444487859,178.93452708727355
1468,-618.945042862945,208.94038438222498,10,-600.8362527074289,179.17890325833847
1469,-616.091938515231,168.70878618432866,10,-601.2893721538173,179.5464509284167
1470,-571.3633298704488,153.90754522395204,10,-600.3353102440694,180.8941522119823
1471,-546.1642598505931,152.05750289249613,10,-598.7982970728556,179.71487117859562
1472,-548.2812536838833,177.78806855898392,10,-596.3054901699244,179.31524496013765
1473,-649.8879117231464,199.47945186489005,10,-595.7133078192692,178.8350185473576
1474,-470.7612151827414,131.95662845669816,10,-592.6556705244201,176.8975552624906
1475,-608.0359584402411,118.47665630076378,10,-592.0325270779366,174.7625836441898
1476,-495.47853860301865,135.8538836036735,10,-589.7127965681008,173.89701396759682
1477,-567.1036002441376,202.11721021220396,10,-587.1372632635606,173.62561878950007
1478,-539.5296131308394,187.8864732789168,10,-585.6422147334297,173.36340498274586
1479,-590.6498532245696,224.79351704441422,10,-585.1675816573592,174.47637439455468
1480,-607.0076672527241,142.55382042480898,10,-583.3352236331881,174.66828305609368
1481,-560.3727962210232,234.72011110126473,10,-585.4450013675369,177.26854496023105
1482,-556.8973296204457,136.9732986801094,10,-584.2356163799999,176.36792034552383
1483,-568.3390589995655,205.16670816308877,10,-584.3918774222003,177.31737583745522
1484,-488.79349142459057,144.5345491018935,10,-584.263505394521,177.06611792525345
1485,-588.3439159900927,142.60902206857628,10,-585.8532581078613,176.4486309532732
1486,-665.7674729468625,251.86431359334918,10,-587.1895063213929,177.97863922311794
1487,-628.9616035606433,162.29828619370272,10,-587.356148586862,179.23433141233977
1488,-611.1268327657468,150.72256091166005,10,-589.191059549427,179.2020351070966
1489,-575.7471040554232,153.15161537388616,10,-587.2099426639871,177.78795703695033
1490,-640.4953057030144,108.3943920464945,10,-588.243838387445,176.91504466620285
1491,-655.5499743899752,213.73095454688436,10,-588.6457562356715,176.54206106685095
1492,-503.2881814993366,109.86044389629448,10,-585.8849396251902,174.9543110769352
1493,-629.7846180393906,257.5093229028393,10,-588.1844602919915,176.3183813768592
1494,-589.9395508672973,142.56832266391655,10,-588.6468822839572,176.2434638642185
1495,-602.2219065481938,136.48998764748677,10,-587.0274434794503,174.3707038695197
1496,-568.0492529110924,160.6863730006842,10,-584.4589064608565,173.1788231746899
1497,-573.9627415085707,168.0862395680737,10,-583.6626035726929,172.43785910456222
1498,-659.4333641039868,126.53244697999675,10,-584.0040709277815,171.3951105201955
1499,-518.0867535251218,126.73617449804568,10,-582.1546553185296,170.7372124191977
1500,-597.4130356071418,211.0183502896963,10,-579.9615575746445,171.83644311771192
1501,-551.3861362160767,128.25860634907207,10,-578.7993802947842,170.6597769872517
1502,-583.4729342455781,136.75038278125572,10,-579.0687807175414,169.79027627774462
1503,-592.0912599372617,200.1765543275815,10,-577.2549672304092,168.08575853885424
1504,-572.1449633501745,82.93481837602086,10,-577.5467493715349,166.96980135200985
1505,-580.5528190026582,205.452735050707,10,-579.5895121548573,167.80710353069637
1506,-611.1892918548747,208.79811848294034,10,-582.7285423242415,169.32036554337552
1507,-642.045559990392,102.20058401469748,10,-582.6157351278704,167.53836391766777
1508,-722.0238861927434,254.01198724557227,10,-586.3784116894776,168.68359842102223
1509,-550.7796825590267,121.75476197892142,10,-583.4847365599712,167.84840870677638
1510,-565.5001106665839,155.43672434587998,10,-582.3332511468092,167.04889976969454
1511,-593.003456539115,160.350694362656,10,-582.1191996892176,165.90898391179525
1512,-638.0984224847587,44.70283433016684,10,-583.9357954566724,163.1047931446396
1513,-609.8646058058267,203.14060410604336,10,-585.2050467416717,164.7097971321994
1514,-543.6567548223559,168.83870292477778,10,-585.3088327080701,165.5163168676619
1515,-539.1344170765103,160.2396722271045,10,-585.5639503303432,165.91612820879192
1516,-607.2157392763253,242.3341374021445,10,-586.2120541361871,166.90581071877398
1517,-610.2764091452793,177.15343040507128,10,-586.4862184407516,166.01417500733822
1518,-508.509610012296,155.3168781601654,10,-584.2775097837387,164.94170488289706
1519,-607.9044448457529,222.34725186892754,10,-584.1137599103491,166.01447419658905
1520,-596.9313893135206,179.26553458288936,10,-584.6251210992106,166.5216339837678
1521,-649.1041568166826,148.68751224755567,10,-586.6839190385323,166.45423417086897
1522,-626.0957764668854,198.901026432644,10,-588.2402094941924,166.87649332834218
1523,-596.7830386950861,140.5100141850132,10,-587.1781120336311,165.69710457474463
1524,-670.8543481039029,205.6494000683388,10,-591.1799746920543,167.17096000697748
1525,-571.1784492391745,160.67785217842572,10,-590.442824508033,168.01498392453067
1526,-543.639634384138,153.7426571564598,10,-591.4060464236554,168.3727593955864
1527,-574.3779584062264,164.4160347571531,10,-591.5515335868971,167.61873588648538
1528,-649.1826618096709,237.12107388878354,10,-593.7445945604737,168.60342789868275
1529,-576.4383418551615,169.22353273218064,10,-593.4603643330856,167.4920282124381
1530,-614.7971049413607,201.2250029280572,10,-593.6161530868583,168.66545186250303
1531,-618.0712197629737,148.1466432800433,10,-594.7701215576974,166.93398250607862
1532,-558.2949788435582,196.65701176224638,10,-594.7980745421596,168.12765676772133
1533,-643.872005579911,192.65094467028354,10,-596.3087334737664,167.87734149786525
1534,-565.4135763968561,183.51498119513516,10,-597.8411351732117,168.65695013973007
1535,-585.059262433165,107.50617243087639,10,-597.7754421020732,167.9548931469761
1536,-561.074754559598,166.65793615832735,10,-595.6815877343279,166.25076559827565
1537,-568.0095573623099,137.2264971543994,10,-594.4625468103612,165.74932981748955
1538,-567.2449077917446,174.43380459107226,10,-593.5849083108811,166.2235546910778
1539,-608.9238844089527,181.70004412866527,10,-594.2484439179517,166.79452326617337
1540,-554.5775191139776,128.44103521291086,10,-592.5300881861709,167.19545612950168
1541,-579.4394643673234,152.32256033398184,10,-591.0078779857179,165.96728824524368
1542,-680.8506541669194,218.84987428574894,10,-594.5591274390696,168.14707685303273
1543,-681.841314948441,187.7900316042741,10,-595.6002613772506,166.75269102706145
1544,-628.5398563285748,208.30168569171386,10,-596.3722674864762,168.06735828761742
1545,-465.44318316381884,134.4014063743366,10,-593.6366930187886,168.02558666215438
1546,-469.9151969848218,142.39923171251016,10,-591.6740119002632,167.6598438363909
1547,-620.0428735800314,219.03489022821782,10,-592.5956145416924,168.67881684959383
1548,-569.477739706503,176.06072640353236,10,-590.7965020537428,169.6693824380645
1549,-597.0141707251652,173.07374937358517,10,-592.3750503977436,170.59613393557527
1550,-534.9804395459892,124.70425762970885,10,-591.1263984765206,168.8698520823755
1551,-619.9672782283712,220.553643408878,10,-592.4980213167665,170.7157528235716
1552,-643.0290959396619,242.13848322425963,10,-593.6891445506482,172.82351483243173
1553,-567.3136716433463,132.63916660668906,10,-593.1935927847699,171.4727670780139
1554,-555.2336009904021,180.62256379550757,10,-592.8553655375745,173.4265219864036
1555,-624.5710881591283,248.77672201268646,10,-593.735730920704,174.2930017256432
1556,-569.7790511584269,177.72933999536255,10,-592.9075261067749,173.67162615589166
1557,-564.3921515245822,215.88411960158294,10,-591.3544579374587,175.9452968676294
1558,-592.6255445750103,192.70877534903298,10,-588.766491105104,174.71923262969855
1559,-551.1277720717862,216.3273276393855,10,-588.7734528953594,176.61068394290785
1560,-558.541087299943,167.60029014284254,10,-588.6342724280264,176.85395525884707
1561,-669.2989761142913,130.8272223954308,10,-590.1601828195301,176.26348581950253
1562,-598.8548325080309,119.80587380215702,10,-589.3753110199956,177.76554660894234
1563,-610.9516742587108,138.5529593969236,10,-589.3970523890532,176.47379371476
1564,-615.0819511485535,97.33971498878391,10,-590.8255563155772,175.04381395604014
1565,-554.7871880387345,244.37735808868243,10,-591.1386117348216,176.72656767327172
1566,-644.1661912822549,136.3964950174926,10,-591.8776207749402,174.60781482557869
1567,-593.7283630189853,115.01363368059641,10,-591.5466598524143,173.36501889108916
1568,-581.947154574874,241.6424341054898,10,-593.0154107436659,175.09153000999567
1569,-689.9972880892212,192.42796329171708,10,-594.6572676085353,174.49314423845146
1570,-415.9434154720317,172.4568174361614,10,-591.0375081317056,174.3569698955169
1571,-554.2041370023946,143.4391730455303,10,-589.1395077354197,174.25200311147634
1572,-513.6516232764459,196.90827850712745,10,-586.8906246716109,174.21214815296608
1573,-565.0444254095255,162.51245197315487,10,-586.2558524058996,174.65219690872888
1574,-669.3449035472958,154.12703125856208,10,-586.2256635147675,173.62174953253333
1575,-553.8944937074767,150.35688610323848,10,-585.8799844041336,173.41533021102958
1576,-592.6497523887527,143.4703201131362,10,-586.8601867642258,173.2098834701631
1577,-633.2816638822263,207.94445927382677,10,-588.0382608737459,174.08045196049662
1578,-492.0581643761725,114.28958754380955,10,-584.895770925076,171.62382223359714
1579,-599.1585778430759,155.75812666983967,10,-585.3501756448342,171.3545141123503
1580,-687.2667175990623,235.96728372514718,10,-586.7995678979881,172.04935972829207
1581,-627.4970678358043,191.47640780587696,10,-586.9880848594447,172.91595501880872
1582,-576.7875452596587,148.0895455690054,10,-587.3579361877668,171.94460569494393
1583,-598.3798940470194,164.04064620511335,10,-586.4480939571089,171.37239972564058
1584,-629.5535320565193,115.60450715723712,10,-587.730893070302,170.0141902448826
1585,-527.0981145544006,98.83344228746299,10,-586.5716701127268,169.84073564201432
1586,-636.4711828742344,322.64139412748295,10,-588.0795986790196,172.96040480139743
1587,-576.6731434192993,207.25675185248468,10,-588.2528704001593,174.36100989535913
1588,-643.7183086994402,142.91141021738233,10,-589.7823384183132,173.7305620078853
1589,-701.2005169894046,172.56452091785172,10,-591.6278710699222,173.54785154366905
1590,-519.4171684698913,139.03794009152307,10,-590.9246640570406,173.7597896412413
1591,-629.3655648207832,193.3098470862064,10,-591.9231860661097,174.57953537628575
1592,-671.6869209990168,181.05409523689136,10,-591.7399114027517,173.82361979530867
1593,-648.8206921078321,200.85021799476056,10,-591.0794989459395,174.0848235231184
1594,-532.5246304851372,182.80828879260724,10,-589.1591944290708,173.57495558513622
1595,-620.452200863883,171.43825791378455,10,-592.2593747830721,174.31569261592517
1596,-592.4121455930891,141.80996992802596,10,-594.7093137552374,174.3039073802355
1597,-633.7596730324773,206.8047428347457,10,-594.9836497442864,174.05930443236608
1598,-466.73670904409346,199.65771002728934,10,-592.9288291310382,174.53124410484122
1599,-611.8244351003152,158.70396802663842,10,-593.2250344185412,174.24384847790228
1600,-647.3258743571893,153.28308495184862,10,-595.4719431147652,174.8154250243451
1601,-622.4846590146303,158.35886293207483,10,-595.5222907304903,173.57152941480902
1602,-545.4860263517595,155.64394375462166,10,-593.5714293387323,171.84163862541624
1603,-661.0146982139587,111.05682533139995,10,-595.4454498701446,171.40999179991047
1604,-517.7670030671563,134.66029641965727,10,-594.6961179116797,170.49074645239347
1605,-597.6281745956223,117.07432767458974,10,-594.1572596404097,167.8566985656315
1606,-612.7325781167333,203.61807773878223,10,-595.0163301795758,168.3744733204999
1607,-517.4451147587699,164.13754679309278,10,-594.0773894442596,167.33954186433004
1608,-546.8143600748584,194.46740740318674,10,-593.1611657542566,167.37471450541318
1609,-650.3848493866794,154.9803859506143,10,-595.1463073005544,166.14777567163776
1610,-699.5090278914516,120.79141292947122,10,-597.9656661123845,165.2115981273703
1611,-495.18180806393696,117.67501813493567,10,-594.4833227513775,164.9485540421604
1612,-572.7351886249168,127.80308154274906,10,-593.9609298737153,165.10849819697225
1613,-519.53841501084,130.01325668438267,10,-592.1326646887578,164.93770414272146
1614,-594.9323408092117,245.4255997434959,10,-591.729672481971,167.89942183781568
1615,-612.6853292322961,106.01215988616136,10,-592.8876353058423,165.13211787376522
1616,-577.8871233708953,204.91708796640833,10,-591.562053947615,166.50252973274357
1617,-452.6469073827372,123.73763848523983,10,-588.7404248348901,166.67700982883645
1618,-580.3060448829485,201.13700571736393,10,-588.7076026410515,165.86690126107393
1619,-605.2376771783549,165.9406531483213,10,-587.0124104228343,165.337155058206
1620,-639.4240908850109,228.01730035072848,10,-591.4820239310939,166.44836471649734
1621,-591.6016552623031,224.72687161598265,10,-592.2299742962921,168.0741186879064
1622,-651.4444481854144,142.88563973486617,10,-594.9858307944714,166.99366591246118
1623,-586.6220589568877,149.67852684767155,10,-595.4173834654187,166.7369874099515
1624,-541.4787408501945,100.63657969544602,10,-592.8600602114766,165.66717837868916
1625,-707.2158477468647,172.3361755634999,10,-595.9264872922644,166.1067641678944
1626,-607.6001184844631,153.2259671479021,10,-596.2254946141786,166.30187710858974
1627,-624.5160843428514,224.32880982264325,10,-596.0501830233911,166.62956411956606
1628,-571.8951562295711,162.01115991891444,10,-597.6469228604591,167.58399556706817
1629,-595.2693613731651,238.07153682593267,10,-597.5691385310608,169.23026377019002
1630,-599.6147301528206,151.96204250788648,10,-595.816098782136,167.55015894584477
1631,-624.0050910973425,220.74861663707188,10,-595.7462592473668,168.13560312246867
1632,-582.5157889694727,164.6573306920085,10,-595.860824121563,168.46695882492878
1633,-638.2193956177609,223.23188178415714,10,-596.6576141529779,169.65078353650964
1634,-651.9351450660394,150.40728108293092,10,-597.1052464131683,170.3468390150235
1635,-647.9517413554395,145.1832695804286,10,-599.5223189491891,171.2738355608828
1636,-650.8378336422436,191.164170794565,10,-599.8096519645492,168.64429109422446
1637,-625.8335711007467,190.480699190398,10,-600.7928605181781,168.30877004098275
1638,-534.0117052692871,185.27735594869418,10,-598.5987284495751,169.15608895560896
1639,-580.8437619740728,147.78982800940426,10,-596.1915933492684,168.66059509744002
1640,-503.6247691465431,118.51213476481281,10,-595.8757453628015,168.25007899090582
1641,-595.0183308652876,202.3442544213095,10,-595.1888006836916,168.43076713760786
1642,-497.5308978759648,121.1750132523541,10,-591.7056802212305,167.2331854979171
1643,-673.3206250108418,275.0157601327981,10,-592.1956788792907,168.71649634067788
1644,-732.9616130354316,210.28873951898163,10,-596.2044185302965,169.26610535520533
1645,-633.0312281339238,123.21481429879071,10,-596.4559990756974,168.30163648290545
1646,-652.2236995428813,227.97120730829675,10,-597.6522301546934,170.0248612305109
1647,-616.2428990652918,206.8993771688654,10,-597.3018946753496,170.0267539171933
1648,-539.0672123427271,188.6213128650863,10,-598.7485047413222,169.80602597394926
1649,-605.1055488245286,137.68785513523198,10,-598.6141270158064,169.38570371612113
1650,-599.0744008638769,150.7876840645292,10,-597.6490975459402,169.3357956983747
1651,-511.8494843445046,140.07795662443374,10,-595.4363940525377,168.97017757222196
1652,-493.7438420474433,124.09590565769143,10,-594.4015503664513,168.33921681028332
1653,-619.6130250121547,158.08531433547284,10,-593.5735169024152,169.27978659036475
1654,-619.7301199156761,167.44842737111279,10,-595.6127792393855,169.9355492093939
1655,-560.0648073681455,164.70405910502498,10,-594.861511894836,170.88814383800258
1656,-636.44963435824,159.6084772344902,10,-595.3358530196662,170.00795182791674
1657,-686.5307830161757,186.15733668286092,10,-598.7175663848143,170.44834762571213
1658,-634.8172634634144,194.22948574189127,10,-600.4776244525855,170.44358919248623
1659,-591.0600703542576,177.77608735359837,10,-599.291128871937,170.8995032205459
1660,-587.6999634965634,246.89109591133482,10,-597.0549475840393,173.42149688018318
1661,-627.3460800462133,202.0427489952392,10,-599.6982330236848,175.10885149738925
1662,-600.2866233286302,143.3262718764838,10,-600.249261717759,175.41931530406393
1663,-598.1710014307116,165.69935639896357,10,-601.8219134461565,176.13303729835556
1664,-633.8000816971869,154.8375716268282,10,-602.5992682639159,174.32127673602218
1665,-590.7254746495287,156.43463446164964,10,-602.1600711722605,175.32972622753195
1666,-637.0385664675484,176.67946653774314,10,-603.3431000341935,174.76497379895864
1667,-648.2848843886454,143.2567419150098,10,-607.2558595743118,175.15535586755402
1668,-533.6372343578663,188.93185527770018,10,-606.3224833638101,174.91125285876075
1669,-596.3637521086148,206.4771145247959,10,-606.1450048624154,175.72198208629024
1670,-620.9676477813134,223.53902188063282,10,-605.7758760003413,175.63241651688833
1671,-682.3561076671482,150.80636695448388,10,-607.5909650484382,174.1540064236584
1672,-686.3900562126901,167.51162646310658,10,-608.2898772089837,174.6465261582232
1673,-623.1227606595423,203.20586662313573,10,-609.0198912430369,175.71707295373247
1674,-615.043491726837,158.13708519620437,10,-610.4911862605697,176.8670830637476
1675,-655.7051001514461,224.64300095941115,10,-609.4609713086612,177.91321957166582
1676,-593.509973808463,160.16320169224346,10,-609.1791684151414,178.05196426255264
1677,-595.566539775805,208.02814905060322,10,-608.6001775238004,177.7259510471119
1678,-641.3967952283651,163.75130794398058,10,-609.9902103037762,177.76075400761326
1679,-570.2343916967478,214.23340043674273,10,-609.4895109102479,177.28399127982945
1680,-560.0915247841173,162.71960107419494,10,-608.6990468028739,177.4991424511556
1681,-661.8206504811255,170.20883779122335,10,-609.4553579905495,176.48834687423866
1682,-652.0214843060126,210.63402839982297,10,-610.8454718972803,177.40788082839495
1683,-587.6454690698345,112.79610556413495,10,-609.8339933663218,175.19916530399448
1684,-649.4478231288709,233.70643237980238,10,-609.7842469275785,176.8651483299319
1685,-613.8546274903455,163.479041272023,10,-609.1023046502767,177.23106376376379
1686,-633.607707588648,149.82205941716802,10,-608.7577021292047,176.40422153621586
1687,-744.6081300929434,167.3033752359543,10,-611.1331933090486,175.940675057127
1688,-657.6685945622542,191.28351215136163,10,-613.606331094908,176.06079818118033
1689,-710.668610715495,152.8351117727277,10,-616.2028280697366,176.1617038564468
1690,-560.0537049532816,166.04039066868052,10,-617.3314067858714,177.11226897452417
1691,-533.2859962436526,276.56143491062943,10,-616.0967600934387,178.59661258431052
1692,-647.7738074452708,140.1538133092144,10,-619.1016182848248,178.97618858544772
1693,-558.3493962775608,117.13975692614794,10,-616.8021937101591,175.81866852131472
1694,-531.8433156922418,151.8300936021058,10,-612.7798277632953,174.64949560297723
1695,-568.1930737531466,128.0656503152468,10,-611.4830646756798,174.74651232330638
1696,-642.9182557619328,186.39894448361053,10,-611.2969558000608,173.91506706681264
1697,-491.3085419605677,99.95307762987255,10,-608.7982686579663,171.77614107603276
1698,-530.8289078636369,92.44792079787959,10,-608.6335025683845,169.85267323468867
1699,-619.0314890117479,105.87969900467724,10,-608.912021372129,169.2165101120776
1700,-614.3370765249681,205.04640622465823,10,-609.2172748853507,170.3016845552801
1701,-595.7230675837468,222.0338413573752,10,-610.8947465501356,171.94080224993894
1702,-732.2154755816716,108.25635663269168,10,-615.6641792208201,171.62401126943897
1703,-570.6848768035477,188.89259332824489,10,-614.6856162566479,172.24015684929435
1704,-599.4982422566769,244.21007975687834,10,-614.280978703468,173.7753898970097
1705,-659.9792278388164,230.82153741456887,10,-616.2792671128814,175.09773946320058
1706,-655.839425987688,194.76153780106065,10,-616.6670629454702,175.80080067453204
1707,-565.6877925906308,239.3941183183845,10,-614.2502031369593,176.8655363072425
1708,-631.7933343683026,134.1320805662016,10,-614.1897245550571,175.66358820372872
1709,-655.3316078229691,146.311041141689,10,-615.4751553044313,175.0342872794905
1710,-642.6784841739166,195.96719183451827,10,-616.5747257179784,174.01580919795416
1711,-662.9815031771213,233.33230551574266,10,-617.2874341805965,174.64160032836423
1712,-685.3376064281592,210.41279722518803,10,-618.9884538425871,175.9833308353383
1713,-532.2405773055094,121.26967313037946,10,-617.6698453600831,175.0947371699666
1714,-688.903459638674,279.21043374294635,10,-618.7719129189128,177.582194412289
1715,-571.5758515763191,143.35453097627794,10,-618.3889204574486,177.32059234258156
1716,-629.3749475737343,246.75782006154338,10,-618.2356480795725,178.7221594130575
1717,-675.5683117220476,96.99906789670891,10,-618.7813166262405,177.79700593269155
1718,-561.8556426393814,118.39963216725424,10,-619.3456847918708,176.38636147048263
1719,-600.5532868934582,149.64905345346358,10,-619.4294754875676,175.249800249056
1720,-589.3803448359804,199.81012483518822,10,-618.7977294286609,174.77522230814714
1721,-472.0365532611404,157.62313910847655,10,-614.5913383405408,174.91155775122695
1722,-702.9320785470101,232.08482445891983,10,-614.9221787872273,176.20302171114318
1723,-584.8487979038583,141.11632786490233,10,-614.1566995321135,174.9612309359785
1724,-641.0257966666412,234.2279765221142,10,-614.6763456309096,176.48304876249668
1725,-580.4301755230848,151.86121526218903,10,-613.1708471383424,175.02741304855226
1726,-651.5936406721548,231.69572700591345,10,-614.3325204756162,176.45806355482563
1727,-609.9981164497486,170.6710951818099,10,-614.621152009095,175.7109224774498
1728,-566.4327927253036,177.87874491978008,10,-613.1218719590338,175.99347121696576
1729,-597.474227580698,259.03644230863813,10,-613.6666686767128,176.88953205440367
1730,-655.8299727779525,237.30612040478414,10,-615.5814376365895,178.3812624410155
1731,-578.6714015846026,128.23967585780463,10,-613.918452658659,177.54187920234708
1732,-530.5421186827818,160.1085107686948,10,-611.4888653461944,176.5313688497245
1733,-619.4104456104036,152.6862063562049,10,-612.1241648770058,177.32917086556594
1734,-606.3907565187399,143.47597422099494,10,-611.2630235448031,175.5245617023898
1735,-577.1820416904733,117.89979140884599,10,-610.5295718288057,174.61297670512627
1736,-648.195948907635,211.1366081652354,10,-610.8213366551855,175.83926768008766
1737,-537.8625164437223,124.61726596616016,10,-606.686424382201,174.98554549469176
1738,-610.4372379851517,160.79857550313224,10,-605.741797250659,174.37584676172716
1739,-620.8977223657646,220.91779059483233,10,-603.9463794836644,175.73750033816924
1740,-619.7496140196939,97.517305823862,10,-605.1402976649927,174.36703864127284
1741,-525.7361250428663,157.43821756364594,10,-604.9893002409768,171.98457429433319
1742,-591.2478931897961,161.04318699178003,10,-603.8587819558675,172.40236176798447
1743,-624.8454812304739,243.24403949549685,10,-605.1887036549257,174.9244474193715
1744,-580.1858497406553,231.14359722061238,10,-606.155554335894,176.51071749174164
1745,-586.911522427211,219.42816874861612,10,-606.5299233093751,178.337967860409
1746,-632.6767960699482,248.2297774286642,10,-606.3250941155355,179.5745845193101
1747,-571.1236988012563,123.05078565748278,10,-607.9213972523494,180.03653867986228
1748,-540.6520865553754,133.8094383859723,10,-608.1178608261841,180.86376903162412
1749,-541.6032236661679,140.58577988814406,10,-606.5692955192725,181.55789064929343
1750,-690.9257125560804,210.76770153212553,10,-608.1010682398947,181.67231655544282
1751,-641.2569903804982,154.83293026222694,10,-609.0117466958297,180.32829833353986
1752,-492.8148445038305,149.6047652781897,10,-604.223734074273,181.1552665064498
1753,-665.0697909374142,176.43761110413692,10,-606.1114323569503,180.90616686196768
1754,-620.8139212770603,243.17311559114373,10,-606.537745937358,180.885427578653
1755,-560.4132786000147,171.68877463289374,10,-604.546426952582,179.7027723230195
1756,-546.002980002104,174.54992822252566,10,-602.3496980328703,179.2985401314488
1757,-537.1195106582365,200.4329562105804,10,-601.7783323942225,178.51931688929267
1758,-605.1094194213217,207.19785286641948,10,-601.2446540952828,179.98063233529706
1759,-617.7972935304999,166.24811448639687,10,-600.4939678094335,180.37937380219125
1760,-615.3052833291388,145.78315934849832,10,-599.9465037925379,179.37569315247086
1761,-609.1025915408244,156.07865036700062,10,-598.868925559812,177.83062004949602
1762,-585.1030962193602,158.95084348825026,10,-596.8642353556361,176.80138097475728
1763,-610.7207991304598,237.63653325033619,10,-598.4338397921351,179.12871817715637
1764,-509.67877093441155,177.8438304356033,10,-594.8493460180499,177.10138611100948
1765,-598.4233966082143,259.64154654472935,10,-595.3862969186878,179.42712642237854
1766,-674.743768399794,267.18008849893283,10,-596.293673335209,179.8355717911263
1767,-637.5216627359058,186.0905402474024,10,-595.532740355486,181.61740123814016
1768,-601.0953041862726,261.4043852230137,10,-596.3175335864239,184.47749629925536
1769,-568.9880354285062,160.77094225923213,10,-595.6862285571249,184.69993407537072
1770,-548.3281913116318,164.90102848151045,10,-594.8651854866379,184.00175214829713
1771,-573.7920882690297,139.7893213069043,10,-596.9002961867958,183.64507579226571
1772,-643.230632641055,205.0089485214741,10,-595.7062672686766,183.10355827351677
1773,-690.4962487151532,181.47967995574962,10,-597.8192162849024,183.9108253153337
1774,-697.6066056194933,189.2176357304677,10,-598.9508324639595,183.01061849950077
1775,-567.6729659867426,170.8102393657943,10,-598.6956882732327,183.3895989815729
1776,-648.0257894899528,244.5108905785793,10,-598.6243312495885,183.6459022530262
1777,-644.4768408341199,212.33729080723438,10,-599.313905737276,184.4792261655347
1778,-671.5613742935352,146.45294994445774,10,-601.4164773686406,183.85071026602824
1779,-642.0547816602426,104.13305511156267,10,-602.3080884502314,180.7526425220868
1780,-588.1080439556139,126.79818431235263,10,-600.9536498737846,178.54248380023816
1781,-602.254200856658,207.79698935879952,10,-601.4253058592257,180.13363007025805
1782,-611.3928620453225,170.2493535792989,10,-603.0423207264765,180.33644692647013
1783,-547.7905763215095,123.60921108136674,10,-601.6099233406986,179.75490702097332
1784,-517.6485812796916,187.4538231739461,10,-599.8350798359178,180.63446400003238
1785,-548.8794865036372,153.49744366355603,10,-599.2690287321811,181.34641704512657
1786,-640.3181984969535,174.54266472345498,10,-599.1114737239674,180.61453817629098
1787,-613.8541158101639,167.48883660317406,10,-600.6313057112962,181.47196958903126
1788,-555.3781893348325,120.72425692561939,10,-599.5301247382898,180.670483217481
1789,-467.8460369223402,47.50053976506701,10,-596.4690910294213,177.2021382008857
1790,-537.3532229294475,141.4869785133775,10,-594.8211632076163,178.08153165467604
1791,-740.9830275577908,199.174035285344,10,-599.1261012579148,178.91624800910998
1792,-643.2259529473299,172.7772385637901,10,-600.1656624530656,179.1509290405502
1793,-705.4384371007804,220.51200810505475,10,-601.7775215704718,178.69628841274138
1794,-650.5613667305385,133.52881126891833,10,-603.1850319102693,176.74399269370747
1795,-742.0002075612706,263.24555075339714,10,-606.2868056129505,177.6203403338031
1796,-548.5665732300968,235.83882577348436,10,-604.6046011561535,177.37252130069945
1797,-477.90924967468527,109.40663865445974,10,-602.7403121736221,177.099638360639
1798,-672.9344557574238,233.70643320166562,10,-605.3859595576631,179.0975782569529
1799,-606.0396755178622,164.3999693558087,10,-606.6746885946969,179.57386204630617
1800,-668.0614831673274,117.88717404803008,10,-606.2174040069219,177.71625149662424
1801,-618.0132044247529,188.04836070612194,10,-605.752528287807,178.38056010550213
1802,-543.2423691214897,173.40799766689025,10,-606.7610787801601,178.85662475327615
1803,-544.1899962445697,100.19268992301204,10,-604.3434828863033,177.3317263296537
1804,-684.6275399750064,186.53286868622325,10,-605.6197552602622,176.19892139155527
1805,-498.48246788952827,110.0839988524819,10,-604.3811390460525,174.96682587594702
1806,-612.2261763474556,185.35983534545892,10,-605.7056029729595,175.18302401840566
1807,-618.6569160919728,188.5727205987618,10,-607.3363510816342,174.9458193061693
1808,-526.1387750014259,120.43209832344955,10,-605.7569381932364,173.21050421530992
1809,-585.8190078371618,165.28288007212166,10,-605.1173724793696,173.19119952702442
1810,-594.8464123982028,272.8699711785415,10,-604.7081950607508,175.73293576362528
1811,-644.2345686030409,238.86103986524014,10,-605.4108346019952,177.38858355359008
1812,-590.7788884465338,188.07466461607126,10,-605.5243504465386,177.97105997614645
1813,-508.2650883749865,176.6191829156854,10,-603.4752362314291,176.75071296945345
1814,-596.5323841304651,173.6022994934024,10,-605.2123084953502,176.66588235060945
1815,-570.488885435757,134.19226703011861,10,-604.653618271901,174.15689676031724
1816,-748.3560653560089,178.26561413682234,10,-606.1258642110254,172.37860727307503
1817,-500.2127808266876,138.83442507869688,10,-603.3796865728409,171.43348496970094
1818,-610.2688694968223,176.96028571598734,10,-603.563157879052,169.7446029795604
1819,-660.1418327307174,217.01107909593577,10,-605.3862338250963,170.8694057162944
1820,-609.1674223044222,159.41341782572516,10,-606.603018444952,170.75965350317875
1821,-601.5309829150003,167.63157452077223,10,-607.1577963378714,171.31649856745608
1822,-627.6371333170569,131.25406486762753,10,-606.8459263513915,169.84140089437918
1823,-547.6871318077448,135.1517156111966,10,-603.9897440132434,168.9148416074881
1824,-704.9638770576846,178.32462761270904,10,-604.1368894420073,168.6969814451329
1825,-577.7504194064621,199.27257174186624,10,-604.3384385104016,169.26622809265442
1826,-600.4193655535753,109.1394974624533,10,-603.386310031674,166.55880023033188
1827,-638.3146134230934,127.2402588321527,10,-603.2630654834535,164.85685959083025
1828,-610.8525847940169,168.7529501691459,10,-602.0488896934631,165.302859595324
1829,-634.8896475409338,169.2347499611657,10,-601.905587011077,166.60489349231608
1830,-529.3212793464526,123.32250350245562,10,-600.7298517188938,166.53537987611813
1831,-692.2302916668316,177.05877857616218,10,-602.5293735350973,165.92061566046542
1832,-512.5047823617017,127.82898310905584,10,-600.5516119414249,165.07220825106052
1833,-575.1671629222449,198.01557014322623,10,-601.0991436734396,166.56033543229773
1834,-624.5791574064236,225.3333239470662,10,-603.2377551959742,167.31792544776013
1835,-480.10448042994375,107.45849179237882,10,-601.8622550745004,166.39714641033657
1836,-658.8580005907918,233.68623214691246,10,-602.2330511163772,167.5800177588057
1837,-607.7109637663331,90.76553851287571,10,-602.1101880755006,166.04555179699975
1838,-605.3831287750315,130.30688918228677,10,-603.1102868643046,166.23720444213308
1839,-563.2705626057176,160.2309382378635,10,-605.0187773779721,168.49181241158902
1840,-579.2307909521863,149.11270251646746,10,-605.856328738427,168.64432689165082
1841,-625.826503320039,238.89962864280923,10,-603.5531982536719,169.43883875880013
1842,-666.1541309476479,226.7422819613749,10,-604.0117618136783,170.5181396267518
1843,-648.2324391625765,293.94586432912496,10,-602.8676418549142,171.98681675123325
1844,-538.6293490750597,177.86347776487068,10,-600.6290015018046,172.87351008115226
1845,-548.8823309991274,174.6982101086108,10,-596.7666439705619,171.10256326825652
1846,-667.3360759949703,143.18077858303835,10,-599.1420340258593,169.24940232444763
1847,-670.0836843667009,174.03578649223653,10,-602.9855227196997,170.54198528120315
1848,-521.748081421597,196.99545189555076,10,-599.9617952329831,169.80776565508083
1849,-646.9531618725783,206.18871486278522,10,-600.7800649600774,170.64354056522035
1850,-696.3958714261271,255.60275709858354,10,-601.3467527252535,173.3978522262314
1851,-676.5919756816489,204.03576068464443,10,-602.5183281503914,173.7176002258019
1852,-619.293453101963,277.26452868991674,10,-604.0393498300008,175.79473084626247
1853,-692.3947862977733,190.6279132882055,10,-607.0034456310648,177.6034353135663
1854,-619.288812610602,232.73639499114074,10,-605.6966710837768,178.52750583966466
1855,-587.1914457708284,118.16152017837089,10,-607.4708506414028,178.68905626618246
1856,-622.9036067557059,204.55261757255252,10,-607.6843992495677,179.07291191072432
1857,-566.967633149974,117.92811636962784,10,-606.6506135907276,177.66001982614165
1858,-536.8404415372379,115.18655495629721,10,-606.864646921444,177.5551089587986
1859,-620.0440644511666,160.31154675597148,10,-607.549148053724,177.4556822924756
1860,-525.6955526640562,232.27444717508575,10,-606.166130859041,176.64377181240644
1861,-636.5737870896966,200.13969698733513,10,-606.0129152287741,175.86934495484834
1862,-645.8978604817264,181.17258147075648,10,-607.115294669478,175.73130329194208
1863,-601.6748801470683,118.22693954832855,10,-608.9834905049196,174.56345842459498
1864,-605.2606261474817,223.5884028930004,10,-609.1580553452599,175.5631804925869
1865,-566.1849819839624,182.46568478807893,10,-609.071977276224,176.52864884774613
1866,-542.8589903292637,89.22291961306175,10,-604.9620357756891,174.74779495727086
1867,-698.9669436197071,260.93556762396935,10,-608.9371190315494,177.18981780817634
1868,-577.7550595689365,193.42790986855312,10,-608.2868428329916,177.51917029122762
1869,-604.7719800115527,145.69576727061693,10,-607.1794457786084,176.09286405472128
1870,-588.0483399398564,140.04900905584387,10,-606.7570641313172,175.70557587932365
1871,-604.2001451797814,197.21895656347266,10,-606.8104473766128,176.29732352017763
1872,-542.1603625336435,161.8243470392216,10,-605.1009119609445,176.9087291636095
1873,-590.0018467550688,144.82998478202342,10,-605.947206259891,177.10229454702602
1874,-581.8506233836413,198.93019278393157,10,-603.4849411864102,177.51440585045054
1875,-707.2424920061483,194.09546298706368,10,-606.0747826384039,177.41086367535445
1876,-626.4895969324261,165.5218075510303,10,-606.5961872659808,178.538509877126
1877,-678.5394821273396,174.38653515986627,10,-607.4006846400658,179.48143540368025
1878,-636.0342974880115,164.10421536387338,10,-607.9043188939459,179.38846070757484
1879,-703.0809148242154,293.63990997868274,10,-609.2681442396113,181.8765639079252
1880,-616.1128850129485,198.51252498678818,10,-611.0039763529413,183.38036433761187
1881,-585.4331212569383,241.7284618716324,10,-608.8680329447434,184.6737580035213
1882,-625.808615106172,177.27810397306393,10,-611.1341095996329,185.6627404208014
1883,-586.2258940724084,124.50771926956133,10,-611.3552842226361,184.1925834033281
1884,-681.2775264393586,110.3285560076722,10,-612.4892516032949,181.89248804454022
1885,-587.9893244384987,203.06029823651372,10,-614.6469484834658,183.80452417342295
1886,-584.4260044226479,212.2357380380687,10,-613.1583085601029,183.37551429124608
1887,-606.7803889332229,171.34726185065176,10,-613.1396970634408,184.9871487580016
1888,-633.3668321724049,156.61187578970873,10,-613.6993711313884,185.51324849015003
1889,-675.944664259431,177.44434620998334,10,-615.9528531644625,185.8575166495924
1890,-559.8822104105201,167.82718341402995,10,-615.5658815536292,186.23180626754367
1891,-622.3477674479004,124.18879311537388,10,-615.4963068361865,183.93758955699494
1892,-589.9834102311089,193.21690132856915,10,-613.9728924218557,183.26708194433886
1893,-637.7428215893734,214.0588797591408,10,-613.7631000703915,181.66934225293917
1894,-600.1049213970643,190.03158233012377,10,-614.9926115168317,181.91270434424428
1895,-537.8346836677985,121.73180620752859,10,-614.7716585702052,180.8533762662226
1896,-610.1291931983935,198.59776473743133,10,-613.6275209142736,181.9617159893104
1897,-657.6717570406391,201.9398209515736,10,-613.3792823677525,182.5197966784971
1898,-673.2417540915793,191.2811288594014,10,-616.4091558211521,182.40551021777418
1899,-609.9292545530329,145.73566652874504,10,-615.6686776747612,181.19644925109336
1900,-608.2340088015419,132.02002759492393,10,-613.9054404222694,178.7247946610202
1901,-608.5352125728858,143.02690570112034,10,-612.544305160094,177.50461756134973
1902,-680.3555439214688,192.08934475122624,10,-613.7655469764843,175.8011138825759
1903,-594.0543923089306,243.45150928334073,10,-611.7987390967074,176.8575858024786
1904,-683.5314129790692,211.3987320963117,10,-613.0835911040767,176.43083254458202
1905,-631.5786994089567,208.8751897165322,10,-613.9713361768394,178.24510593534524
1906,-613.0091098975115,234.80913491770232,10,-613.7734462396753,178.85023628224823
1907,-557.4026605742088,147.64357457542187,10,-613.5821467881601,179.44454544636415
1908,-555.1910009117031,227.614090304838,10,-613.9491579756493,181.69309615333495
1909,-537.5762469195244,137.13944833463822,10,-612.2998016250166,181.22965418490824
1910,-773.6425779603563,141.53161108388636,10,-617.2587421309424,179.41479746308426
1911,-612.6565396441399,237.56974257788966,10,-616.7803971820314,180.16339837489534
1912,-634.5663353750176,241.78133808717487,10,-616.5537666798972,181.37557350722372
1913,-494.6421002648388,119.56405931308011,10,-614.4131110822525,181.40231590251872
1914,-643.2654873213131,202.2645769682436,10,-615.1732083057291,180.9758393840236
1915,-627.9880566625905,183.02623743342073,10,-616.4092697993017,180.98705043693047
1916,-541.4231528178115,103.25417805183147,10,-616.3805530490727,181.26767560570588
1917,-810.2382037328888,175.34558110491596,10,-618.6059782513363,179.55587587532477
1918,-678.9787746507964,127.9158771970218,10,-620.6304525529736,178.24563522189416
1919,-708.7925641776625,185.91157317384605,10,-622.7108642362958,179.04995133995874
1920,-616.015673638223,107.43414727559546,10,-623.2702109102631,178.39765410435376
1921,-685.7438801491684,212.63749833118192,10,-624.9010856096509,178.70602493970793
1922,-564.0441780313034,132.09388004812536,10,-625.3387619196042,178.11141559988602
1923,-583.887668181258,156.84080447183845,10,-625.2164783481279,178.3516319936823
1924,-653.7264515085917,261.225487187235,10,-626.6539949106269,179.59753788174842
1925,-629.8983265511424,194.7081506014674,10,-625.1071116015269,179.60979163403647
1926,-718.3630112309423,205.25303250562322,10,-626.9445798874972,180.40441613312834
1927,-676.4445580367146,282.4408578088956,10,-626.9026814056847,182.5655025861089
1928,-560.8542742985045,160.3972574633406,10,-625.3990809418946,182.49136342809823
1929,-569.1629895875556,109.97117511924034,10,-622.7207224371614,178.8179887309094
1930,-631.301401739993,172.18522386556944,10,-623.0244927717023,178.29144270848505
1931,-673.5468266566188,226.3226610469936,10,-624.7867668796958,177.98332669199226
1932,-679.1634581968506,137.35462370987835,10,-625.8538637415095,177.18485708672856
1933,-643.7871364759411,215.66745113836734,10,-627.0050885895802,179.00805172410466
1934,-709.0945081539767,201.29520200332232,10,-627.5614282238726,180.82738464401768
1935,-514.9675342814444,128.5346568878841,10,-626.1009924207314,179.33687181704508
1936,-596.4611008937379,180.91469279056358,10,-626.3416943501531,178.71045091209504
1937,-625.1403637799989,171.2687842646238,10,-626.7088938470887,178.70888136037448
1938,-627.5344953407572,161.15755305920828,10,-626.5922471104558,178.79979490576446
1939,-793.5267306936614,155.24296187959007,10,-628.9438884391403,178.35576721915663
1940,-620.017762361092,224.78413214127005,10,-630.1465994781518,179.49490619370138
1941,-563.2483311881913,142.36263345170994,10,-628.9646107529576,179.85838300042815
1942,-693.4271660858616,185.42120874882622,10,-631.0334858700526,179.7024691488333
1943,-612.6694524050379,170.45156131584199,10,-630.5320184863658,178.83032277996728
1944,-685.22075533022,263.44382878997743,10,-632.2343351650289,180.29856770916433
1945,-639.2983915954148,248.3059677484133,10,-634.2636093235814,182.83005093998202
1946,-544.3508272230445,148.8525162101799,10,-632.9480420040743,181.83514596943695
1947,-604.3782801110124,206.53546655127704,10,-631.8821724654817,181.92705888143104
1948,-615.8528099613665,140.3972769479885,10,-630.7343935828775,180.90938184320277
1949,-580.0716235749262,127.4461982258847,10,-630.1372409633153,180.54359247714558
1950,-677.3820508668681,191.8334794501014,10,-631.5202018046219,181.7398615142491
1951,-755.7310211474245,149.5865277962915,10,-634.4641179761126,181.87105395615254
1952,-574.5039011759661,173.75913346011802,10,-632.3470851212027,181.50444973033038
1953,-538.273306728224,211.07736637183015,10,-631.2314634095885,180.85696687210017
1954,-591.1909271672267,179.5278434703886,10,-629.3846536933517,180.2195490995817
1955,-540.2312837468036,148.28537163451034,10,-627.5577053801085,179.0077527379413
1956,-649.7467627506502,160.43169617444994,10,-628.2924584371713,177.52020396307623
1957,-591.2487899643158,138.1948290108965,10,-628.9693810249734,177.3312290517857
1958,-600.0016085719917,162.52077591492446,10,-629.8655931781792,176.02936276398745
1959,-602.8566907798106,252.0990160708825,10,-631.171202055385,178.32855411871233
1960,-616.4401984100753,200.05690527639166,10,-628.0271544643795,179.49906000256243
1961,-675.3642703687185,204.67351064614658,10,-629.281309078871,178.8411353639276
1962,-708.5791955931612,213.05368466260106,10,-630.7615662832337,178.26658229543614
1963,-650.1607774822126,236.7341959716345,10,-633.8719398275812,180.6099850286072
1964,-770.740691348696,270.23629637753044,10,-636.4214439081289,181.96941941679296
1965,-579.2325419489947,97.97121687175536,10,-635.446333613857,180.26831900555968
1966,-553.7883255772194,187.0737453898789,10,-635.6936370690452,181.94471035232058
1967,-613.3080473962276,150.70256903373416,10,-631.7550339423119,181.45185011089697
1968,-628.9097046072568,182.069974469913,10,-630.7536525414412,182.53493205635473
1969,-627.7895090876651,142.51192180251837,10,-629.1335914396411,181.66693902892817
1970,-609.5196789102056,172.79467240600684,10,-629.0036715450809,182.97414953153643
1971,-657.8802262224706,161.07033129148851,10,-628.446398466547,181.94280619074252
1972,-507.3934150077055,144.59918067523267,10,-627.313383206075,182.19291220328472
1973,-607.4288218814788,168.69199574854136,10,-627.7842062800793,182.4299360288188
1974,-549.1835047546167,141.08524249161735,10,-625.6933473449998,180.02713113490643
1975,-625.0796314478847,207.28769544109477,10,-625.5969734429347,180.27872203169892
1976,-643.124440090032,166.81993399299384,10,-624.0922020201165,179.51006006144635
1977,-543.3160466463139,175.89056776498037,10,-621.4296317923083,177.37905426056804
1978,-596.1679994624624,177.9311685927275,10,-622.1359062955876,177.72973248315577
1979,-541.360095001252,219.4884040444707,10,-621.5798484038614,179.9200770616604
1980,-576.4171226923265,140.65666954417708,10,-620.4821628229081,179.28950597523257
1981,-588.0760217548604,180.73631267041355,10,-618.772746724873,178.37777900770098
1982,-581.7612006292723,155.2605777866936,10,-616.8247015735213,178.73589808923728
1983,-635.6808009452365,152.98339107006228,10,-616.6625748629073,177.48221688787118
1984,-634.5708744642504,258.07723706972,10,-615.1721021891128,178.61785758919913
1985,-659.8139480770709,142.15561009590118,10,-618.0690304650253,178.89027665335942
1986,-707.7955526559497,258.17687166018436,10,-620.2957195002695,180.43552023075188
1987,-720.0457566281314,277.19004297555625,10,-622.1938273572322,182.5539454049705
1988,-617.2106574294493,196.58571509558774,10,-621.987350599006,183.26250864569815
1989,-653.8199016635615,167.51445404435748,10,-619.193214018404,183.5079384889935
1990,-606.9469849250809,174.41420890015985,10,-618.9317984696838,182.5005400241713
1991,-656.6068639320647,104.64998660969951,10,-620.7989691245614,181.7462870873311
1992,-510.15899410030636,164.25230994455168,10,-617.1336056848503,181.32290911124565
1993,-528.9808377438573,120.47985134787451,10,-615.4598333916267,180.3234749118863
1994,-615.049237106134,180.55664840670352,10,-614.0564030271449,178.66573130422083
1995,-660.8973685402158,210.00762249729814,10,-614.488382566041,177.89976439919846
1996,-682.461361153423,176.21830639622368,10,-617.2505932446486,178.44708020291935
1997,-515.6964959868267,145.38530892221618,10,-615.4769575621649,177.22407705033814
1998,-674.6484545940532,252.61026860759392,10,-616.6528704548186,179.4683368835302
1999,-705.1391285315783,178.17420599983348,10,-619.1542205539516,180.48289703900923
2000,-685.4598158363746,111.96240230569356,10,-619.3157758533417,178.88547549612105
