stage,source_path,artifact,gate,status,passed,claim_boundary,profile,execution_mode,updates,episodes_trained_total
10,results/stage10/stage10_rule_baseline_fixed_200.summary.json,stage10_rule_baseline_fixed_200.summary.json,,NOT_REPORTED,,,,,,
11,results/stage11/stage11_persistent_fixed_20.summary.json,stage11_persistent_fixed_20.summary.json,,NOT_REPORTED,,,,,,
11,results/stage11/stage11_persistent_medium_20.summary.json,stage11_persistent_medium_20.summary.json,,NOT_REPORTED,,,,,,
11,results/stage11/stage11_persistent_medium_20_balanced.summary.json,stage11_persistent_medium_20_balanced.summary.json,,NOT_REPORTED,,,,,,
11,results/stage11/stage11_persistent_medium_20_critical_path.summary.json,stage11_persistent_medium_20_critical_path.summary.json,,NOT_REPORTED,,,,,,
11,results/stage11/stage11_persistent_medium_20_final_gate.summary.json,stage11_persistent_medium_20_final_gate.summary.json,,NOT_REPORTED,,,,,,
11,results/stage11/stage11_persistent_medium_20_multimode_speed.summary.json,stage11_persistent_medium_20_multimode_speed.summary.json,,NOT_REPORTED,,,,,,
11,results/stage11/stage11_persistent_medium_20_six_types_multimode.summary.json,stage11_persistent_medium_20_six_types_multimode.summary.json,,NOT_REPORTED,,,,,,
11,results/stage11/stage11_persistent_medium_20_standby.summary.json,stage11_persistent_medium_20_standby.summary.json,,NOT_REPORTED,,,,,,
11,results/stage11/stage11_persistent_normal_20.summary.json,stage11_persistent_normal_20.summary.json,,NOT_REPORTED,,,,,,
11,results/stage11/stage11_persistent_overload_20.summary.json,stage11_persistent_overload_20.summary.json,,NOT_REPORTED,,,,,,
11,results/stage11/stage11_persistent_smoke_5.summary.json,stage11_persistent_smoke_5.summary.json,,NOT_REPORTED,,,,,,
12,results/stage12/stage12_encoding_medium_20.summary.json,stage12_encoding_medium_20.summary.json,,NOT_REPORTED,,,,,,
13,results/stage13/stage13_final_medium_600.summary.json,stage13_final_medium_600.summary.json,FINAL,PASS,True,,,,,
13,results/stage13/stage13_reward_medium_20.summary.json,stage13_reward_medium_20.summary.json,,NOT_REPORTED,,,,,,
14,results/stage14/context_warm_start/stage14_context_policy_warm_start.summary.json,stage14_context_policy_warm_start.summary.json,CONTEXT_CONDITIONED_POLICY_WARM_START,PASS,True,,,CONCURRENT,,
14,results/stage14/ppo/long/realistic_concurrent_medium/stage14_realistic_concurrent_medium.summary.json,stage14_realistic_concurrent_medium.summary.json,SHORT_SMDP_PPO_SMOKE,PASS,True,Interface smoke only; not a long-run convergence or superiority claim.,MEDIUM,CONCURRENT,250,1000
14,results/stage14/ppo/long/realistic_concurrent_medium_reward_v2_context_v2/stage14_context_v2_best_heldout600.json,stage14_context_v2_best_heldout600.json,SMDP_PPO_HELDOUT_EVALUATION,PASS,True,,MEDIUM,CONCURRENT,,
14,results/stage14/ppo/long/realistic_concurrent_medium_reward_v2_context_v2/stage14_context_v2_final_heldout600.json,stage14_context_v2_final_heldout600.json,SMDP_PPO_HELDOUT_EVALUATION,PASS,True,,MEDIUM,CONCURRENT,,
14,results/stage14/ppo/long/realistic_concurrent_medium_reward_v2_context_v2/stage14_realistic_concurrent_medium_reward_v2_context_v2.best.evaluation.json,stage14_realistic_concurrent_medium_reward_v2_context_v2.best.evaluation.json,SMDP_PPO_HELDOUT_EVALUATION,PASS,True,,MEDIUM,CONCURRENT,,
14,results/stage14/ppo/long/realistic_concurrent_medium_reward_v2_context_v2/stage14_realistic_concurrent_medium_reward_v2_context_v2.summary.json,stage14_realistic_concurrent_medium_reward_v2_context_v2.summary.json,SMDP_PPO_REWARD_V2_TRAINING_RUN,PASS,True,Training completed; held-out acceptance is still required.,MEDIUM,CONCURRENT,2000,8000
14,results/stage14/ppo/long/realistic_serial_medium_reward_v2_context_v2/stage14_realistic_serial_medium_reward_v2_context_v2.summary.json,stage14_realistic_serial_medium_reward_v2_context_v2.summary.json,SMDP_PPO_REWARD_V2_TRAINING_RUN,PASS,True,Training completed; held-out acceptance is still required.,MEDIUM,SERIAL,2000,8000
14,results/stage14/ppo/smoke/stage14_realistic_concurrent_medium_reward_v2_smoke.summary.json,stage14_realistic_concurrent_medium_reward_v2_smoke.summary.json,SMDP_PPO_REWARD_V2_TRAINING_RUN,PASS,True,Training completed; held-out acceptance is still required.,MEDIUM,CONCURRENT,20,40
14,results/stage14/ppo/smoke/stage14_realistic_concurrent_medium_smoke.summary.json,stage14_realistic_concurrent_medium_smoke.summary.json,SHORT_SMDP_PPO_SMOKE,PASS,True,Interface smoke only; not a long-run convergence or superiority claim.,MEDIUM,CONCURRENT,2,4
14,results/stage14/ppo/smoke/stage14_smdp_ppo_concurrent_medium.summary.json,stage14_smdp_ppo_concurrent_medium.summary.json,SHORT_SMDP_PPO_SMOKE,PASS,True,Interface smoke only; not a long-run convergence or superiority claim.,MEDIUM,CONCURRENT,2,4
14,results/stage14/ppo/smoke/stage14_smdp_ppo_mixed_medium.heldout.json,stage14_smdp_ppo_mixed_medium.heldout.json,SMDP_PPO_HELDOUT_EVALUATION,PASS,True,,MEDIUM,MIXED,,
14,results/stage14/ppo/smoke/stage14_smdp_ppo_mixed_medium.summary.json,stage14_smdp_ppo_mixed_medium.summary.json,SHORT_SMDP_PPO_SMOKE,PASS,True,Interface smoke only; not a long-run convergence or superiority claim.,MEDIUM,MIXED,2,4
14,results/stage14/ppo/smoke/stage14_smdp_ppo_serial_medium.summary.json,stage14_smdp_ppo_serial_medium.summary.json,SHORT_SMDP_PPO_SMOKE,PASS,True,Interface smoke only; not a long-run convergence or superiority claim.,MEDIUM,SERIAL,2,4
14,results/stage14/ppo/smoke_context_v2/stage14_context_v2_reward_v2_smoke.summary.json,stage14_context_v2_reward_v2_smoke.summary.json,SHORT_SMDP_PPO_REWARD_V2_SMOKE,PASS,True,Interface smoke only; not a convergence claim.,MEDIUM,CONCURRENT,5,10
14,results/stage14/ppo/smoke_serial_context_v2/stage14_serial_context_v2_smoke.summary.json,stage14_serial_context_v2_smoke.summary.json,SHORT_SMDP_PPO_REWARD_V2_SMOKE,PASS,True,Interface smoke only; not a convergence claim.,MEDIUM,SERIAL,5,10
14,results/stage14/reward_v2/stage14_reward_v2_gate.summary.json,stage14_reward_v2_gate.summary.json,REWARD_V2_ANTI_MODE_COLLAPSE,PASS,True,,,,,
14,results/stage14/stage14_balanced_rule_200.summary.json,stage14_balanced_rule_200.summary.json,BALANCED_GYM_RULE_REPLAY,PASS,True,,,,,
14,results/stage14/stage14_candidate_policy_smoke.summary.json,stage14_candidate_policy_smoke.summary.json,MASKED_CANDIDATE_POLICY_SMOKE,PASS,True,,,,,
14,results/stage14/stage14_execution_mode_comparison.summary.json,stage14_execution_mode_comparison.summary.json,SERIAL_CONCURRENT_EXECUTION_MODE_COMPARISON,PASS,True,,,,,
14,results/stage14/stage14_handover_timeout_gate.summary.json,stage14_handover_timeout_gate.summary.json,P95_HANDOVER_TIMEOUT_LOGIC_GATE,PASS,True,,,,,
15,results/stage15/stage15_mixed_continuous_100ep.json,stage15_mixed_continuous_100ep.json,PRE_REGISTERED_PAIRED_STRESS_EVALUATION,PASS,True,Safety/reproducibility gate. Superiority is reported with paired confidence intervals and is not required for PASS.,,,,
15,results/stage15/stage15_serial_medium_three_way_100ep.json,stage15_serial_medium_three_way_100ep.json,PRE_REGISTERED_PAIRED_STRESS_EVALUATION,PASS,True,Safety/reproducibility gate. Superiority is reported with paired confidence intervals and is not required for PASS.,,SERIAL,,
15,results/stage15/stage15_serial_medium_three_way_30ep.json,stage15_serial_medium_three_way_30ep.json,PRE_REGISTERED_PAIRED_STRESS_EVALUATION,PASS,True,Safety/reproducibility gate. Superiority is reported with paired confidence intervals and is not required for PASS.,,SERIAL,,
15,results/stage15/stage15_serial_vs_concurrent_100ep.json,stage15_serial_vs_concurrent_100ep.json,PAIRED_SERIAL_VS_CONCURRENT_PPO_ABLATION,PASS,True,"Both policies use independently trained weights and identical task streams/common random numbers. Differences quantify the complete execution-mode systems, not only a scheduler flag.",,,,
15,results/stage15/stage15_serial_vs_concurrent_5ep.json,stage15_serial_vs_concurrent_5ep.json,PAIRED_SERIAL_VS_CONCURRENT_PPO_ABLATION,PASS,True,"Both policies use independently trained weights and identical task streams/common random numbers. Differences quantify the complete execution-mode systems, not only a scheduler flag.",,,,
15,results/stage15/stage15_stress_100ep.json,stage15_stress_100ep.json,PRE_REGISTERED_PAIRED_STRESS_EVALUATION,PASS,True,Safety/reproducibility gate. Superiority is reported with paired confidence intervals and is not required for PASS.,,,,
15,results/stage15/stage15_three_way_100ep.json,stage15_three_way_100ep.json,PRE_REGISTERED_PAIRED_STRESS_EVALUATION,PASS,True,Safety/reproducibility gate. Superiority is reported with paired confidence intervals and is not required for PASS.,,,,
16,results/stage16/stage16_reproducibility_snapshot.json,stage16_reproducibility_snapshot.json,FROZEN_SEEDS_AND_REPRODUCIBILITY_SNAPSHOT,PASS,True,,,,,
15,results/stage16/stage16_schema_smoke_5ep.json,stage16_schema_smoke_5ep.json,PRE_REGISTERED_PAIRED_STRESS_EVALUATION,PASS,True,Safety/reproducibility gate. Superiority is reported with paired confidence intervals and is not required for PASS.,,CONCURRENT,,
16,results/stage16/stage16_schema_smoke_5ep.schema_gate.json,stage16_schema_smoke_5ep.schema_gate.json,RAW_RESULT_SCHEMA_RECOMPUTATION,PASS,True,,,,,
14,results/stage16/stage16_seed_protocol_training_smoke.summary.json,stage16_seed_protocol_training_smoke.summary.json,SHORT_SMDP_PPO_REWARD_V2_SMOKE,PASS,True,Interface smoke only; not a convergence claim.,MEDIUM,CONCURRENT,1,1
14,results/stage17/smoke/stage17_fixed_gamma_smoke.summary.json,stage17_fixed_gamma_smoke.summary.json,SHORT_SMDP_PPO_REWARD_V2_SMOKE,PASS,True,Interface smoke only; not a convergence claim.,MEDIUM,CONCURRENT,1,1
14,results/stage17/smoke/stage17_flat_masked_ppo_smoke.summary.json,stage17_flat_masked_ppo_smoke.summary.json,SHORT_SMDP_PPO_REWARD_V2_SMOKE,PASS,True,Interface smoke only; not a convergence claim.,MEDIUM,CONCURRENT,1,1
14,results/stage17/smoke/stage17_full_context_v2_smoke.summary.json,stage17_full_context_v2_smoke.summary.json,SHORT_SMDP_PPO_REWARD_V2_SMOKE,PASS,True,Interface smoke only; not a convergence claim.,MEDIUM,CONCURRENT,1,1
14,results/stage17/smoke/stage17_no_handover_cues_smoke.summary.json,stage17_no_handover_cues_smoke.summary.json,SHORT_SMDP_PPO_REWARD_V2_SMOKE,PASS,True,Interface smoke only; not a convergence claim.,MEDIUM,CONCURRENT,1,1
14,results/stage17/smoke/stage17_no_persistent_position_smoke.summary.json,stage17_no_persistent_position_smoke.summary.json,SHORT_SMDP_PPO_REWARD_V2_SMOKE,PASS,True,Interface smoke only; not a convergence claim.,MEDIUM,CONCURRENT,1,1
14,results/stage17/smoke/stage17_no_queue_resource_smoke.summary.json,stage17_no_queue_resource_smoke.summary.json,SHORT_SMDP_PPO_REWARD_V2_SMOKE,PASS,True,Interface smoke only; not a convergence claim.,MEDIUM,CONCURRENT,1,1
17,results/stage17/stage17_ablation_interface_gate.summary.json,stage17_ablation_interface_gate.summary.json,ABLATION_INTERFACE_AND_CAUSALITY,PASS,True,Interface gate only; no ablation performance claim.,,,,
17,results/stage17/stage17_ablation_smokes.summary.json,stage17_ablation_smokes.summary.json,ALL_ABLATION_SHORT_TRAINING_SMOKES,PASS,True,One-update interface smokes; no performance claim.,,,,
15,results/stage17/stage17_legacy_28d_compatibility_1ep.json,stage17_legacy_28d_compatibility_1ep.json,PRE_REGISTERED_PAIRED_STRESS_EVALUATION,PASS,True,Safety/reproducibility gate. Superiority is reported with paired confidence intervals and is not required for PASS.,,CONCURRENT,,
16,results/stage17/stage17_legacy_28d_compatibility_1ep.schema_gate.json,stage17_legacy_28d_compatibility_1ep.schema_gate.json,RAW_RESULT_SCHEMA_RECOMPUTATION,PASS,True,,,,,
14,results/stage18/full_context_v2/seed_01/stage18_ppo.summary.json,stage18_ppo.summary.json,SMDP_PPO_REWARD_V2_TRAINING_RUN,PASS,True,Training completed; held-out acceptance is still required.,MEDIUM,CONCURRENT,2000,8000
14,results/stage18/full_context_v2/seed_01/warm_start.summary.json,warm_start.summary.json,CONTEXT_CONDITIONED_POLICY_WARM_START,PASS,True,,,CONCURRENT,,
14,results/stage18/full_context_v2/seed_02/stage18_ppo.summary.json,stage18_ppo.summary.json,SMDP_PPO_REWARD_V2_TRAINING_RUN,PASS,True,Training completed; held-out acceptance is still required.,MEDIUM,CONCURRENT,2000,8000
14,results/stage18/full_context_v2/seed_02/warm_start.summary.json,warm_start.summary.json,CONTEXT_CONDITIONED_POLICY_WARM_START,PASS,True,,,CONCURRENT,,
14,results/stage18/full_context_v2/seed_03/stage18_ppo.summary.json,stage18_ppo.summary.json,SMDP_PPO_REWARD_V2_TRAINING_RUN,PASS,True,Training completed; held-out acceptance is still required.,MEDIUM,CONCURRENT,2000,8000
14,results/stage18/full_context_v2/seed_03/warm_start.summary.json,warm_start.summary.json,CONTEXT_CONDITIONED_POLICY_WARM_START,PASS,True,,,CONCURRENT,,
14,results/stage18/full_context_v2/seed_04/stage18_ppo.summary.json,stage18_ppo.summary.json,SMDP_PPO_REWARD_V2_TRAINING_RUN,PASS,True,Training completed; held-out acceptance is still required.,MEDIUM,CONCURRENT,2000,8000
14,results/stage18/full_context_v2/seed_04/warm_start.summary.json,warm_start.summary.json,CONTEXT_CONDITIONED_POLICY_WARM_START,PASS,True,,,CONCURRENT,,
14,results/stage18/full_context_v2/seed_05/stage18_ppo.summary.json,stage18_ppo.summary.json,SMDP_PPO_REWARD_V2_TRAINING_RUN,PASS,True,Training completed; held-out acceptance is still required.,MEDIUM,CONCURRENT,2000,8000
14,results/stage18/full_context_v2/seed_05/warm_start.summary.json,warm_start.summary.json,CONTEXT_CONDITIONED_POLICY_WARM_START,PASS,True,,,CONCURRENT,,
14,results/stage18/full_context_v2/seed_06/stage18_ppo.summary.json,stage18_ppo.summary.json,SMDP_PPO_REWARD_V2_TRAINING_RUN,PASS,True,Training completed; held-out acceptance is still required.,MEDIUM,CONCURRENT,2000,8000
14,results/stage18/full_context_v2/seed_06/warm_start.summary.json,warm_start.summary.json,CONTEXT_CONDITIONED_POLICY_WARM_START,PASS,True,,,CONCURRENT,,
14,results/stage18/full_context_v2/seed_07/stage18_ppo.summary.json,stage18_ppo.summary.json,SMDP_PPO_REWARD_V2_TRAINING_RUN,PASS,True,Training completed; held-out acceptance is still required.,MEDIUM,CONCURRENT,2000,8000
14,results/stage18/full_context_v2/seed_07/warm_start.summary.json,warm_start.summary.json,CONTEXT_CONDITIONED_POLICY_WARM_START,PASS,True,,,CONCURRENT,,
14,results/stage18/full_context_v2/seed_08/stage18_ppo.summary.json,stage18_ppo.summary.json,SMDP_PPO_REWARD_V2_TRAINING_RUN,PASS,True,Training completed; held-out acceptance is still required.,MEDIUM,CONCURRENT,2000,8000
14,results/stage18/full_context_v2/seed_08/warm_start.summary.json,warm_start.summary.json,CONTEXT_CONDITIONED_POLICY_WARM_START,PASS,True,,,CONCURRENT,,
14,results/stage18/full_context_v2/seed_09/stage18_ppo.summary.json,stage18_ppo.summary.json,SMDP_PPO_REWARD_V2_TRAINING_RUN,PASS,True,Training completed; held-out acceptance is still required.,MEDIUM,CONCURRENT,2000,8000
14,results/stage18/full_context_v2/seed_09/warm_start.summary.json,warm_start.summary.json,CONTEXT_CONDITIONED_POLICY_WARM_START,PASS,True,,,CONCURRENT,,
14,results/stage18/full_context_v2/seed_10/stage18_ppo.summary.json,stage18_ppo.summary.json,SMDP_PPO_REWARD_V2_TRAINING_RUN,PASS,True,Training completed; held-out acceptance is still required.,MEDIUM,CONCURRENT,2000,8000
14,results/stage18/full_context_v2/seed_10/warm_start.summary.json,warm_start.summary.json,CONTEXT_CONDITIONED_POLICY_WARM_START,PASS,True,,,CONCURRENT,,
14,results/stage18/no_eta_cost_only/seed_01/stage18_ppo.summary.json,stage18_ppo.summary.json,SMDP_PPO_REWARD_V2_TRAINING_RUN,FAIL,False,Training completed; held-out acceptance is still required.,MEDIUM,CONCURRENT,2000,8000
14,results/stage18/no_eta_cost_only/seed_01/warm_start.summary.json,warm_start.summary.json,CONTEXT_CONDITIONED_POLICY_WARM_START,FAIL,False,,MEDIUM,CONCURRENT,,
14,results/stage18/no_eta_cost_only/seed_02/stage18_ppo.summary.json,stage18_ppo.summary.json,SMDP_PPO_REWARD_V2_TRAINING_RUN,FAIL,False,Training completed; held-out acceptance is still required.,MEDIUM,CONCURRENT,2000,8000
14,results/stage18/no_eta_cost_only/seed_02/warm_start.summary.json,warm_start.summary.json,CONTEXT_CONDITIONED_POLICY_WARM_START,FAIL,False,,MEDIUM,CONCURRENT,,
14,results/stage18/no_eta_cost_only/seed_03/stage18_ppo.summary.json,stage18_ppo.summary.json,SMDP_PPO_REWARD_V2_TRAINING_RUN,FAIL,False,Training completed; held-out acceptance is still required.,MEDIUM,CONCURRENT,2000,8000
14,results/stage18/no_eta_cost_only/seed_03/warm_start.summary.json,warm_start.summary.json,CONTEXT_CONDITIONED_POLICY_WARM_START,FAIL,False,,MEDIUM,CONCURRENT,,
14,results/stage18/no_eta_cost_only/seed_04/stage18_ppo.summary.json,stage18_ppo.summary.json,SMDP_PPO_REWARD_V2_TRAINING_RUN,FAIL,False,Training completed; held-out acceptance is still required.,MEDIUM,CONCURRENT,2000,8000
14,results/stage18/no_eta_cost_only/seed_04/warm_start.summary.json,warm_start.summary.json,CONTEXT_CONDITIONED_POLICY_WARM_START,FAIL,False,,MEDIUM,CONCURRENT,,
14,results/stage18/no_eta_cost_only/seed_05/stage18_ppo.summary.json,stage18_ppo.summary.json,SMDP_PPO_REWARD_V2_TRAINING_RUN,FAIL,False,Training completed; held-out acceptance is still required.,MEDIUM,CONCURRENT,2000,8000
14,results/stage18/no_eta_cost_only/seed_05/warm_start.summary.json,warm_start.summary.json,CONTEXT_CONDITIONED_POLICY_WARM_START,FAIL,False,,MEDIUM,CONCURRENT,,
14,results/stage18/no_eta_cost_only/seed_06/stage18_ppo.summary.json,stage18_ppo.summary.json,SMDP_PPO_REWARD_V2_TRAINING_RUN,FAIL,False,Training completed; held-out acceptance is still required.,MEDIUM,CONCURRENT,2000,8000
14,results/stage18/no_eta_cost_only/seed_06/warm_start.summary.json,warm_start.summary.json,CONTEXT_CONDITIONED_POLICY_WARM_START,FAIL,False,,MEDIUM,CONCURRENT,,
14,results/stage18/no_eta_cost_only/seed_07/stage18_ppo.summary.json,stage18_ppo.summary.json,SMDP_PPO_REWARD_V2_TRAINING_RUN,FAIL,False,Training completed; held-out acceptance is still required.,MEDIUM,CONCURRENT,2000,8000
14,results/stage18/no_eta_cost_only/seed_07/warm_start.summary.json,warm_start.summary.json,CONTEXT_CONDITIONED_POLICY_WARM_START,FAIL,False,,MEDIUM,CONCURRENT,,
14,results/stage18/no_eta_cost_only/seed_08/stage18_ppo.summary.json,stage18_ppo.summary.json,SMDP_PPO_REWARD_V2_TRAINING_RUN,FAIL,False,Training completed; held-out acceptance is still required.,MEDIUM,CONCURRENT,2000,8000
14,results/stage18/no_eta_cost_only/seed_08/warm_start.summary.json,warm_start.summary.json,CONTEXT_CONDITIONED_POLICY_WARM_START,FAIL,False,,MEDIUM,CONCURRENT,,
14,results/stage18/no_eta_cost_only/seed_09/stage18_ppo.summary.json,stage18_ppo.summary.json,SMDP_PPO_REWARD_V2_TRAINING_RUN,FAIL,False,Training completed; held-out acceptance is still required.,MEDIUM,CONCURRENT,2000,8000
14,results/stage18/no_eta_cost_only/seed_09/warm_start.summary.json,warm_start.summary.json,CONTEXT_CONDITIONED_POLICY_WARM_START,FAIL,False,,MEDIUM,CONCURRENT,,
14,results/stage18/no_eta_cost_only/seed_10/stage18_ppo.summary.json,stage18_ppo.summary.json,SMDP_PPO_REWARD_V2_TRAINING_RUN,FAIL,False,Training completed; held-out acceptance is still required.,MEDIUM,CONCURRENT,2000,8000
14,results/stage18/no_eta_cost_only/seed_10/warm_start.summary.json,warm_start.summary.json,CONTEXT_CONDITIONED_POLICY_WARM_START,FAIL,False,,MEDIUM,CONCURRENT,,
14,results/stage18/no_explicit_handover_risk/seed_01/stage18_ppo.summary.json,stage18_ppo.summary.json,SMDP_PPO_REWARD_V2_TRAINING_RUN,PASS,True,Training completed; held-out acceptance is still required.,MEDIUM,CONCURRENT,2000,8000
14,results/stage18/no_explicit_handover_risk/seed_01/warm_start.summary.json,warm_start.summary.json,CONTEXT_CONDITIONED_POLICY_WARM_START,PASS,True,,MEDIUM,CONCURRENT,,
14,results/stage18/no_explicit_handover_risk/seed_02/stage18_ppo.summary.json,stage18_ppo.summary.json,SMDP_PPO_REWARD_V2_TRAINING_RUN,PASS,True,Training completed; held-out acceptance is still required.,MEDIUM,CONCURRENT,2000,8000
14,results/stage18/no_explicit_handover_risk/seed_02/warm_start.summary.json,warm_start.summary.json,CONTEXT_CONDITIONED_POLICY_WARM_START,PASS,True,,MEDIUM,CONCURRENT,,
14,results/stage18/no_explicit_handover_risk/seed_03/stage18_ppo.summary.json,stage18_ppo.summary.json,SMDP_PPO_REWARD_V2_TRAINING_RUN,PASS,True,Training completed; held-out acceptance is still required.,MEDIUM,CONCURRENT,2000,8000
14,results/stage18/no_explicit_handover_risk/seed_03/warm_start.summary.json,warm_start.summary.json,CONTEXT_CONDITIONED_POLICY_WARM_START,PASS,True,,MEDIUM,CONCURRENT,,
14,results/stage18/no_explicit_handover_risk/seed_04/stage18_ppo.summary.json,stage18_ppo.summary.json,SMDP_PPO_REWARD_V2_TRAINING_RUN,PASS,True,Training completed; held-out acceptance is still required.,MEDIUM,CONCURRENT,2000,8000
14,results/stage18/no_explicit_handover_risk/seed_04/warm_start.summary.json,warm_start.summary.json,CONTEXT_CONDITIONED_POLICY_WARM_START,PASS,True,,MEDIUM,CONCURRENT,,
14,results/stage18/no_explicit_handover_risk/seed_05/stage18_ppo.summary.json,stage18_ppo.summary.json,SMDP_PPO_REWARD_V2_TRAINING_RUN,PASS,True,Training completed; held-out acceptance is still required.,MEDIUM,CONCURRENT,2000,8000
14,results/stage18/no_explicit_handover_risk/seed_05/warm_start.summary.json,warm_start.summary.json,CONTEXT_CONDITIONED_POLICY_WARM_START,PASS,True,,MEDIUM,CONCURRENT,,
14,results/stage18/no_explicit_handover_risk/seed_06/stage18_ppo.summary.json,stage18_ppo.summary.json,SMDP_PPO_REWARD_V2_TRAINING_RUN,PASS,True,Training completed; held-out acceptance is still required.,MEDIUM,CONCURRENT,2000,8000
14,results/stage18/no_explicit_handover_risk/seed_06/warm_start.summary.json,warm_start.summary.json,CONTEXT_CONDITIONED_POLICY_WARM_START,PASS,True,,MEDIUM,CONCURRENT,,
14,results/stage18/no_explicit_handover_risk/seed_07/stage18_ppo.summary.json,stage18_ppo.summary.json,SMDP_PPO_REWARD_V2_TRAINING_RUN,PASS,True,Training completed; held-out acceptance is still required.,MEDIUM,CONCURRENT,2000,8000
14,results/stage18/no_explicit_handover_risk/seed_07/warm_start.summary.json,warm_start.summary.json,CONTEXT_CONDITIONED_POLICY_WARM_START,PASS,True,,MEDIUM,CONCURRENT,,
14,results/stage18/no_explicit_handover_risk/seed_08/stage18_ppo.summary.json,stage18_ppo.summary.json,SMDP_PPO_REWARD_V2_TRAINING_RUN,PASS,True,Training completed; held-out acceptance is still required.,MEDIUM,CONCURRENT,2000,8000
14,results/stage18/no_explicit_handover_risk/seed_08/warm_start.summary.json,warm_start.summary.json,CONTEXT_CONDITIONED_POLICY_WARM_START,PASS,True,,MEDIUM,CONCURRENT,,
14,results/stage18/no_explicit_handover_risk/seed_09/stage18_ppo.summary.json,stage18_ppo.summary.json,SMDP_PPO_REWARD_V2_TRAINING_RUN,PASS,True,Training completed; held-out acceptance is still required.,MEDIUM,CONCURRENT,2000,8000
14,results/stage18/no_explicit_handover_risk/seed_09/warm_start.summary.json,warm_start.summary.json,CONTEXT_CONDITIONED_POLICY_WARM_START,PASS,True,,MEDIUM,CONCURRENT,,
14,results/stage18/no_explicit_handover_risk/seed_10/stage18_ppo.summary.json,stage18_ppo.summary.json,SMDP_PPO_REWARD_V2_TRAINING_RUN,PASS,True,Training completed; held-out acceptance is still required.,MEDIUM,CONCURRENT,2000,8000
14,results/stage18/no_explicit_handover_risk/seed_10/warm_start.summary.json,warm_start.summary.json,CONTEXT_CONDITIONED_POLICY_WARM_START,PASS,True,,MEDIUM,CONCURRENT,,
14,results/stage18/no_explicit_queue_resource/seed_01/stage18_ppo.summary.json,stage18_ppo.summary.json,SMDP_PPO_REWARD_V2_TRAINING_RUN,PASS,True,Training completed; held-out acceptance is still required.,MEDIUM,CONCURRENT,2000,8000
14,results/stage18/no_explicit_queue_resource/seed_01/warm_start.summary.json,warm_start.summary.json,CONTEXT_CONDITIONED_POLICY_WARM_START,PASS,True,,MEDIUM,CONCURRENT,,
14,results/stage18/no_explicit_queue_resource/seed_02/stage18_ppo.summary.json,stage18_ppo.summary.json,SMDP_PPO_REWARD_V2_TRAINING_RUN,PASS,True,Training completed; held-out acceptance is still required.,MEDIUM,CONCURRENT,2000,8000
14,results/stage18/no_explicit_queue_resource/seed_02/warm_start.summary.json,warm_start.summary.json,CONTEXT_CONDITIONED_POLICY_WARM_START,PASS,True,,MEDIUM,CONCURRENT,,
14,results/stage18/no_explicit_queue_resource/seed_03/stage18_ppo.summary.json,stage18_ppo.summary.json,SMDP_PPO_REWARD_V2_TRAINING_RUN,PASS,True,Training completed; held-out acceptance is still required.,MEDIUM,CONCURRENT,2000,8000
14,results/stage18/no_explicit_queue_resource/seed_03/warm_start.summary.json,warm_start.summary.json,CONTEXT_CONDITIONED_POLICY_WARM_START,PASS,True,,MEDIUM,CONCURRENT,,
14,results/stage18/no_explicit_queue_resource/seed_04/stage18_ppo.summary.json,stage18_ppo.summary.json,SMDP_PPO_REWARD_V2_TRAINING_RUN,PASS,True,Training completed; held-out acceptance is still required.,MEDIUM,CONCURRENT,2000,8000
14,results/stage18/no_explicit_queue_resource/seed_04/warm_start.summary.json,warm_start.summary.json,CONTEXT_CONDITIONED_POLICY_WARM_START,PASS,True,,MEDIUM,CONCURRENT,,
14,results/stage18/no_explicit_queue_resource/seed_05/stage18_ppo.summary.json,stage18_ppo.summary.json,SMDP_PPO_REWARD_V2_TRAINING_RUN,PASS,True,Training completed; held-out acceptance is still required.,MEDIUM,CONCURRENT,2000,8000
14,results/stage18/no_explicit_queue_resource/seed_05/warm_start.summary.json,warm_start.summary.json,CONTEXT_CONDITIONED_POLICY_WARM_START,PASS,True,,MEDIUM,CONCURRENT,,
14,results/stage18/no_explicit_queue_resource/seed_06/stage18_ppo.summary.json,stage18_ppo.summary.json,SMDP_PPO_REWARD_V2_TRAINING_RUN,PASS,True,Training completed; held-out acceptance is still required.,MEDIUM,CONCURRENT,2000,8000
14,results/stage18/no_explicit_queue_resource/seed_06/warm_start.summary.json,warm_start.summary.json,CONTEXT_CONDITIONED_POLICY_WARM_START,PASS,True,,MEDIUM,CONCURRENT,,
14,results/stage18/no_explicit_queue_resource/seed_07/stage18_ppo.summary.json,stage18_ppo.summary.json,SMDP_PPO_REWARD_V2_TRAINING_RUN,PASS,True,Training completed; held-out acceptance is still required.,MEDIUM,CONCURRENT,2000,8000
14,results/stage18/no_explicit_queue_resource/seed_07/warm_start.summary.json,warm_start.summary.json,CONTEXT_CONDITIONED_POLICY_WARM_START,PASS,True,,MEDIUM,CONCURRENT,,
14,results/stage18/no_explicit_queue_resource/seed_08/stage18_ppo.summary.json,stage18_ppo.summary.json,SMDP_PPO_REWARD_V2_TRAINING_RUN,PASS,True,Training completed; held-out acceptance is still required.,MEDIUM,CONCURRENT,2000,8000
14,results/stage18/no_explicit_queue_resource/seed_08/warm_start.summary.json,warm_start.summary.json,CONTEXT_CONDITIONED_POLICY_WARM_START,PASS,True,,MEDIUM,CONCURRENT,,
14,results/stage18/no_explicit_queue_resource/seed_09/stage18_ppo.summary.json,stage18_ppo.summary.json,SMDP_PPO_REWARD_V2_TRAINING_RUN,PASS,True,Training completed; held-out acceptance is still required.,MEDIUM,CONCURRENT,2000,8000
14,results/stage18/no_explicit_queue_resource/seed_09/warm_start.summary.json,warm_start.summary.json,CONTEXT_CONDITIONED_POLICY_WARM_START,PASS,True,,MEDIUM,CONCURRENT,,
14,results/stage18/no_explicit_queue_resource/seed_10/stage18_ppo.summary.json,stage18_ppo.summary.json,SMDP_PPO_REWARD_V2_TRAINING_RUN,PASS,True,Training completed; held-out acceptance is still required.,MEDIUM,CONCURRENT,2000,8000
14,results/stage18/no_explicit_queue_resource/seed_10/warm_start.summary.json,warm_start.summary.json,CONTEXT_CONDITIONED_POLICY_WARM_START,PASS,True,,MEDIUM,CONCURRENT,,
14,results/stage18/no_handover_cues/seed_01/stage18_ppo.summary.json,stage18_ppo.summary.json,SMDP_PPO_REWARD_V2_TRAINING_RUN,PASS,True,Training completed; held-out acceptance is still required.,MEDIUM,CONCURRENT,2000,8000
14,results/stage18/no_handover_cues/seed_01/warm_start.summary.json,warm_start.summary.json,CONTEXT_CONDITIONED_POLICY_WARM_START,PASS,True,,,CONCURRENT,,
14,results/stage18/no_handover_cues/seed_02/stage18_ppo.summary.json,stage18_ppo.summary.json,SMDP_PPO_REWARD_V2_TRAINING_RUN,PASS,True,Training completed; held-out acceptance is still required.,MEDIUM,CONCURRENT,2000,8000
14,results/stage18/no_handover_cues/seed_02/warm_start.summary.json,warm_start.summary.json,CONTEXT_CONDITIONED_POLICY_WARM_START,PASS,True,,MEDIUM,CONCURRENT,,
14,results/stage18/no_handover_cues/seed_03/stage18_ppo.summary.json,stage18_ppo.summary.json,SMDP_PPO_REWARD_V2_TRAINING_RUN,PASS,True,Training completed; held-out acceptance is still required.,MEDIUM,CONCURRENT,2000,8000
14,results/stage18/no_handover_cues/seed_03/warm_start.summary.json,warm_start.summary.json,CONTEXT_CONDITIONED_POLICY_WARM_START,PASS,True,,MEDIUM,CONCURRENT,,
14,results/stage18/no_handover_cues/seed_04/stage18_ppo.summary.json,stage18_ppo.summary.json,SMDP_PPO_REWARD_V2_TRAINING_RUN,PASS,True,Training completed; held-out acceptance is still required.,MEDIUM,CONCURRENT,2000,8000
14,results/stage18/no_handover_cues/seed_04/warm_start.summary.json,warm_start.summary.json,CONTEXT_CONDITIONED_POLICY_WARM_START,PASS,True,,MEDIUM,CONCURRENT,,
14,results/stage18/no_handover_cues/seed_05/stage18_ppo.summary.json,stage18_ppo.summary.json,SMDP_PPO_REWARD_V2_TRAINING_RUN,PASS,True,Training completed; held-out acceptance is still required.,MEDIUM,CONCURRENT,2000,8000
14,results/stage18/no_handover_cues/seed_05/warm_start.summary.json,warm_start.summary.json,CONTEXT_CONDITIONED_POLICY_WARM_START,PASS,True,,MEDIUM,CONCURRENT,,
14,results/stage18/no_handover_cues/seed_06/stage18_ppo.summary.json,stage18_ppo.summary.json,SMDP_PPO_REWARD_V2_TRAINING_RUN,PASS,True,Training completed; held-out acceptance is still required.,MEDIUM,CONCURRENT,2000,8000
14,results/stage18/no_handover_cues/seed_06/warm_start.summary.json,warm_start.summary.json,CONTEXT_CONDITIONED_POLICY_WARM_START,PASS,True,,MEDIUM,CONCURRENT,,
14,results/stage18/no_handover_cues/seed_07/stage18_ppo.summary.json,stage18_ppo.summary.json,SMDP_PPO_REWARD_V2_TRAINING_RUN,PASS,True,Training completed; held-out acceptance is still required.,MEDIUM,CONCURRENT,2000,8000
14,results/stage18/no_handover_cues/seed_07/warm_start.summary.json,warm_start.summary.json,CONTEXT_CONDITIONED_POLICY_WARM_START,PASS,True,,MEDIUM,CONCURRENT,,
14,results/stage18/no_handover_cues/seed_08/stage18_ppo.summary.json,stage18_ppo.summary.json,SMDP_PPO_REWARD_V2_TRAINING_RUN,PASS,True,Training completed; held-out acceptance is still required.,MEDIUM,CONCURRENT,2000,8000
14,results/stage18/no_handover_cues/seed_08/warm_start.summary.json,warm_start.summary.json,CONTEXT_CONDITIONED_POLICY_WARM_START,PASS,True,,MEDIUM,CONCURRENT,,
14,results/stage18/no_handover_cues/seed_09/stage18_ppo.summary.json,stage18_ppo.summary.json,SMDP_PPO_REWARD_V2_TRAINING_RUN,PASS,True,Training completed; held-out acceptance is still required.,MEDIUM,CONCURRENT,2000,8000
14,results/stage18/no_handover_cues/seed_09/warm_start.summary.json,warm_start.summary.json,CONTEXT_CONDITIONED_POLICY_WARM_START,PASS,True,,MEDIUM,CONCURRENT,,
14,results/stage18/no_handover_cues/seed_10/stage18_ppo.summary.json,stage18_ppo.summary.json,SMDP_PPO_REWARD_V2_TRAINING_RUN,PASS,True,Training completed; held-out acceptance is still required.,MEDIUM,CONCURRENT,2000,8000
14,results/stage18/no_handover_cues/seed_10/warm_start.summary.json,warm_start.summary.json,CONTEXT_CONDITIONED_POLICY_WARM_START,PASS,True,,MEDIUM,CONCURRENT,,
14,results/stage18/no_history_only/seed_01/stage18_ppo.summary.json,stage18_ppo.summary.json,SMDP_PPO_REWARD_V2_TRAINING_RUN,PASS,True,Training completed; held-out acceptance is still required.,MEDIUM,CONCURRENT,2000,8000
14,results/stage18/no_history_only/seed_01/warm_start.summary.json,warm_start.summary.json,CONTEXT_CONDITIONED_POLICY_WARM_START,PASS,True,,MEDIUM,CONCURRENT,,
14,results/stage18/no_history_only/seed_02/stage18_ppo.summary.json,stage18_ppo.summary.json,SMDP_PPO_REWARD_V2_TRAINING_RUN,PASS,True,Training completed; held-out acceptance is still required.,MEDIUM,CONCURRENT,2000,8000
14,results/stage18/no_history_only/seed_02/warm_start.summary.json,warm_start.summary.json,CONTEXT_CONDITIONED_POLICY_WARM_START,PASS,True,,MEDIUM,CONCURRENT,,
14,results/stage18/no_history_only/seed_03/stage18_ppo.summary.json,stage18_ppo.summary.json,SMDP_PPO_REWARD_V2_TRAINING_RUN,PASS,True,Training completed; held-out acceptance is still required.,MEDIUM,CONCURRENT,2000,8000
14,results/stage18/no_history_only/seed_03/warm_start.summary.json,warm_start.summary.json,CONTEXT_CONDITIONED_POLICY_WARM_START,PASS,True,,MEDIUM,CONCURRENT,,
14,results/stage18/no_history_only/seed_04/stage18_ppo.summary.json,stage18_ppo.summary.json,SMDP_PPO_REWARD_V2_TRAINING_RUN,PASS,True,Training completed; held-out acceptance is still required.,MEDIUM,CONCURRENT,2000,8000
14,results/stage18/no_history_only/seed_04/warm_start.summary.json,warm_start.summary.json,CONTEXT_CONDITIONED_POLICY_WARM_START,PASS,True,,MEDIUM,CONCURRENT,,
14,results/stage18/no_history_only/seed_05/stage18_ppo.summary.json,stage18_ppo.summary.json,SMDP_PPO_REWARD_V2_TRAINING_RUN,PASS,True,Training completed; held-out acceptance is still required.,MEDIUM,CONCURRENT,2000,8000
14,results/stage18/no_history_only/seed_05/warm_start.summary.json,warm_start.summary.json,CONTEXT_CONDITIONED_POLICY_WARM_START,PASS,True,,MEDIUM,CONCURRENT,,
14,results/stage18/no_history_only/seed_06/stage18_ppo.summary.json,stage18_ppo.summary.json,SMDP_PPO_REWARD_V2_TRAINING_RUN,PASS,True,Training completed; held-out acceptance is still required.,MEDIUM,CONCURRENT,2000,8000
14,results/stage18/no_history_only/seed_06/warm_start.summary.json,warm_start.summary.json,CONTEXT_CONDITIONED_POLICY_WARM_START,PASS,True,,MEDIUM,CONCURRENT,,
14,results/stage18/no_history_only/seed_07/stage18_ppo.summary.json,stage18_ppo.summary.json,SMDP_PPO_REWARD_V2_TRAINING_RUN,PASS,True,Training completed; held-out acceptance is still required.,MEDIUM,CONCURRENT,2000,8000
14,results/stage18/no_history_only/seed_07/warm_start.summary.json,warm_start.summary.json,CONTEXT_CONDITIONED_POLICY_WARM_START,PASS,True,,MEDIUM,CONCURRENT,,
14,results/stage18/no_history_only/seed_08/stage18_ppo.summary.json,stage18_ppo.summary.json,SMDP_PPO_REWARD_V2_TRAINING_RUN,PASS,True,Training completed; held-out acceptance is still required.,MEDIUM,CONCURRENT,2000,8000
14,results/stage18/no_history_only/seed_08/warm_start.summary.json,warm_start.summary.json,CONTEXT_CONDITIONED_POLICY_WARM_START,PASS,True,,MEDIUM,CONCURRENT,,
14,results/stage18/no_history_only/seed_09/stage18_ppo.summary.json,stage18_ppo.summary.json,SMDP_PPO_REWARD_V2_TRAINING_RUN,PASS,True,Training completed; held-out acceptance is still required.,MEDIUM,CONCURRENT,2000,8000
14,results/stage18/no_history_only/seed_09/warm_start.summary.json,warm_start.summary.json,CONTEXT_CONDITIONED_POLICY_WARM_START,PASS,True,,MEDIUM,CONCURRENT,,
14,results/stage18/no_history_only/seed_10/stage18_ppo.summary.json,stage18_ppo.summary.json,SMDP_PPO_REWARD_V2_TRAINING_RUN,PASS,True,Training completed; held-out acceptance is still required.,MEDIUM,CONCURRENT,2000,8000
14,results/stage18/no_history_only/seed_10/warm_start.summary.json,warm_start.summary.json,CONTEXT_CONDITIONED_POLICY_WARM_START,PASS,True,,MEDIUM,CONCURRENT,,
14,results/stage18/no_persistent_position/seed_01/best_validation_evaluation.json,best_validation_evaluation.json,SMDP_PPO_HELDOUT_EVALUATION,FAIL,False,,MEDIUM,CONCURRENT,,
14,results/stage18/no_persistent_position/seed_01/stage18_ppo.summary.json,stage18_ppo.summary.json,SMDP_PPO_REWARD_V2_TRAINING_RUN,FAIL,False,Training completed; held-out acceptance is still required.,MEDIUM,CONCURRENT,2000,8000
14,results/stage18/no_persistent_position/seed_01/warm_start.summary.json,warm_start.summary.json,CONTEXT_CONDITIONED_POLICY_WARM_START,FAIL,False,,MEDIUM,CONCURRENT,,
14,results/stage18/no_persistent_position/seed_02/stage18_ppo.summary.json,stage18_ppo.summary.json,SMDP_PPO_REWARD_V2_TRAINING_RUN,FAIL,False,Training completed; held-out acceptance is still required.,MEDIUM,CONCURRENT,2000,8000
14,results/stage18/no_persistent_position/seed_02/warm_start.summary.json,warm_start.summary.json,CONTEXT_CONDITIONED_POLICY_WARM_START,FAIL,False,,MEDIUM,CONCURRENT,,
14,results/stage18/no_persistent_position/seed_03/stage18_ppo.summary.json,stage18_ppo.summary.json,SMDP_PPO_REWARD_V2_TRAINING_RUN,FAIL,False,Training completed; held-out acceptance is still required.,MEDIUM,CONCURRENT,2000,8000
14,results/stage18/no_persistent_position/seed_03/warm_start.summary.json,warm_start.summary.json,CONTEXT_CONDITIONED_POLICY_WARM_START,FAIL,False,,MEDIUM,CONCURRENT,,
14,results/stage18/no_persistent_position/seed_04/stage18_ppo.summary.json,stage18_ppo.summary.json,SMDP_PPO_REWARD_V2_TRAINING_RUN,FAIL,False,Training completed; held-out acceptance is still required.,MEDIUM,CONCURRENT,2000,8000
14,results/stage18/no_persistent_position/seed_04/warm_start.summary.json,warm_start.summary.json,CONTEXT_CONDITIONED_POLICY_WARM_START,FAIL,False,,MEDIUM,CONCURRENT,,
14,results/stage18/no_persistent_position/seed_05/stage18_ppo.summary.json,stage18_ppo.summary.json,SMDP_PPO_REWARD_V2_TRAINING_RUN,FAIL,False,Training completed; held-out acceptance is still required.,MEDIUM,CONCURRENT,2000,8000
14,results/stage18/no_persistent_position/seed_05/warm_start.summary.json,warm_start.summary.json,CONTEXT_CONDITIONED_POLICY_WARM_START,FAIL,False,,MEDIUM,CONCURRENT,,
14,results/stage18/no_persistent_position/seed_06/stage18_ppo.summary.json,stage18_ppo.summary.json,SMDP_PPO_REWARD_V2_TRAINING_RUN,FAIL,False,Training completed; held-out acceptance is still required.,MEDIUM,CONCURRENT,2000,8000
14,results/stage18/no_persistent_position/seed_06/warm_start.summary.json,warm_start.summary.json,CONTEXT_CONDITIONED_POLICY_WARM_START,FAIL,False,,MEDIUM,CONCURRENT,,
14,results/stage18/no_persistent_position/seed_07/stage18_ppo.summary.json,stage18_ppo.summary.json,SMDP_PPO_REWARD_V2_TRAINING_RUN,FAIL,False,Training completed; held-out acceptance is still required.,MEDIUM,CONCURRENT,2000,8000
14,results/stage18/no_persistent_position/seed_07/warm_start.summary.json,warm_start.summary.json,CONTEXT_CONDITIONED_POLICY_WARM_START,FAIL,False,,MEDIUM,CONCURRENT,,
14,results/stage18/no_persistent_position/seed_08/stage18_ppo.summary.json,stage18_ppo.summary.json,SMDP_PPO_REWARD_V2_TRAINING_RUN,FAIL,False,Training completed; held-out acceptance is still required.,MEDIUM,CONCURRENT,2000,8000
14,results/stage18/no_persistent_position/seed_08/warm_start.summary.json,warm_start.summary.json,CONTEXT_CONDITIONED_POLICY_WARM_START,FAIL,False,,MEDIUM,CONCURRENT,,
14,results/stage18/no_persistent_position/seed_09/stage18_ppo.summary.json,stage18_ppo.summary.json,SMDP_PPO_REWARD_V2_TRAINING_RUN,FAIL,False,Training completed; held-out acceptance is still required.,MEDIUM,CONCURRENT,2000,8000
14,results/stage18/no_persistent_position/seed_09/warm_start.summary.json,warm_start.summary.json,CONTEXT_CONDITIONED_POLICY_WARM_START,FAIL,False,,MEDIUM,CONCURRENT,,
14,results/stage18/no_persistent_position/seed_10/stage18_ppo.summary.json,stage18_ppo.summary.json,SMDP_PPO_REWARD_V2_TRAINING_RUN,FAIL,False,Training completed; held-out acceptance is still required.,MEDIUM,CONCURRENT,2000,8000
14,results/stage18/no_persistent_position/seed_10/warm_start.summary.json,warm_start.summary.json,CONTEXT_CONDITIONED_POLICY_WARM_START,FAIL,False,,MEDIUM,CONCURRENT,,
14,results/stage18/no_position_only/seed_01/stage18_ppo.summary.json,stage18_ppo.summary.json,SMDP_PPO_REWARD_V2_TRAINING_RUN,PASS,True,Training completed; held-out acceptance is still required.,MEDIUM,CONCURRENT,2000,8000
14,results/stage18/no_position_only/seed_01/warm_start.summary.json,warm_start.summary.json,CONTEXT_CONDITIONED_POLICY_WARM_START,PASS,True,,MEDIUM,CONCURRENT,,
14,results/stage18/no_position_only/seed_02/stage18_ppo.summary.json,stage18_ppo.summary.json,SMDP_PPO_REWARD_V2_TRAINING_RUN,PASS,True,Training completed; held-out acceptance is still required.,MEDIUM,CONCURRENT,2000,8000
14,results/stage18/no_position_only/seed_02/warm_start.summary.json,warm_start.summary.json,CONTEXT_CONDITIONED_POLICY_WARM_START,PASS,True,,MEDIUM,CONCURRENT,,
14,results/stage18/no_position_only/seed_03/stage18_ppo.summary.json,stage18_ppo.summary.json,SMDP_PPO_REWARD_V2_TRAINING_RUN,PASS,True,Training completed; held-out acceptance is still required.,MEDIUM,CONCURRENT,2000,8000
14,results/stage18/no_position_only/seed_03/warm_start.summary.json,warm_start.summary.json,CONTEXT_CONDITIONED_POLICY_WARM_START,PASS,True,,MEDIUM,CONCURRENT,,
14,results/stage18/no_position_only/seed_04/stage18_ppo.summary.json,stage18_ppo.summary.json,SMDP_PPO_REWARD_V2_TRAINING_RUN,PASS,True,Training completed; held-out acceptance is still required.,MEDIUM,CONCURRENT,2000,8000
14,results/stage18/no_position_only/seed_04/warm_start.summary.json,warm_start.summary.json,CONTEXT_CONDITIONED_POLICY_WARM_START,PASS,True,,MEDIUM,CONCURRENT,,
14,results/stage18/no_position_only/seed_05/stage18_ppo.summary.json,stage18_ppo.summary.json,SMDP_PPO_REWARD_V2_TRAINING_RUN,PASS,True,Training completed; held-out acceptance is still required.,MEDIUM,CONCURRENT,2000,8000
14,results/stage18/no_position_only/seed_05/warm_start.summary.json,warm_start.summary.json,CONTEXT_CONDITIONED_POLICY_WARM_START,PASS,True,,MEDIUM,CONCURRENT,,
14,results/stage18/no_position_only/seed_06/stage18_ppo.summary.json,stage18_ppo.summary.json,SMDP_PPO_REWARD_V2_TRAINING_RUN,PASS,True,Training completed; held-out acceptance is still required.,MEDIUM,CONCURRENT,2000,8000
14,results/stage18/no_position_only/seed_06/warm_start.summary.json,warm_start.summary.json,CONTEXT_CONDITIONED_POLICY_WARM_START,PASS,True,,MEDIUM,CONCURRENT,,
14,results/stage18/no_position_only/seed_07/stage18_ppo.summary.json,stage18_ppo.summary.json,SMDP_PPO_REWARD_V2_TRAINING_RUN,PASS,True,Training completed; held-out acceptance is still required.,MEDIUM,CONCURRENT,2000,8000
14,results/stage18/no_position_only/seed_07/warm_start.summary.json,warm_start.summary.json,CONTEXT_CONDITIONED_POLICY_WARM_START,PASS,True,,MEDIUM,CONCURRENT,,
14,results/stage18/no_position_only/seed_08/stage18_ppo.summary.json,stage18_ppo.summary.json,SMDP_PPO_REWARD_V2_TRAINING_RUN,PASS,True,Training completed; held-out acceptance is still required.,MEDIUM,CONCURRENT,2000,8000
14,results/stage18/no_position_only/seed_08/warm_start.summary.json,warm_start.summary.json,CONTEXT_CONDITIONED_POLICY_WARM_START,PASS,True,,MEDIUM,CONCURRENT,,
14,results/stage18/no_position_only/seed_09/stage18_ppo.summary.json,stage18_ppo.summary.json,SMDP_PPO_REWARD_V2_TRAINING_RUN,PASS,True,Training completed; held-out acceptance is still required.,MEDIUM,CONCURRENT,2000,8000
14,results/stage18/no_position_only/seed_09/warm_start.summary.json,warm_start.summary.json,CONTEXT_CONDITIONED_POLICY_WARM_START,PASS,True,,MEDIUM,CONCURRENT,,
14,results/stage18/no_position_only/seed_10/stage18_ppo.summary.json,stage18_ppo.summary.json,SMDP_PPO_REWARD_V2_TRAINING_RUN,PASS,True,Training completed; held-out acceptance is still required.,MEDIUM,CONCURRENT,2000,8000
14,results/stage18/no_position_only/seed_10/warm_start.summary.json,warm_start.summary.json,CONTEXT_CONDITIONED_POLICY_WARM_START,PASS,True,,MEDIUM,CONCURRENT,,
14,results/stage18/no_queue_resource/seed_01/stage18_ppo.summary.json,stage18_ppo.summary.json,SMDP_PPO_REWARD_V2_TRAINING_RUN,PASS,True,Training completed; held-out acceptance is still required.,MEDIUM,CONCURRENT,2000,8000
14,results/stage18/no_queue_resource/seed_01/warm_start.summary.json,warm_start.summary.json,CONTEXT_CONDITIONED_POLICY_WARM_START,PASS,True,,,CONCURRENT,,
14,results/stage18/no_queue_resource/seed_02/stage18_ppo.summary.json,stage18_ppo.summary.json,SMDP_PPO_REWARD_V2_TRAINING_RUN,PASS,True,Training completed; held-out acceptance is still required.,MEDIUM,CONCURRENT,2000,8000
14,results/stage18/no_queue_resource/seed_02/warm_start.summary.json,warm_start.summary.json,CONTEXT_CONDITIONED_POLICY_WARM_START,PASS,True,,,CONCURRENT,,
14,results/stage18/no_queue_resource/seed_03/stage18_ppo.summary.json,stage18_ppo.summary.json,SMDP_PPO_REWARD_V2_TRAINING_RUN,PASS,True,Training completed; held-out acceptance is still required.,MEDIUM,CONCURRENT,2000,8000
14,results/stage18/no_queue_resource/seed_03/warm_start.summary.json,warm_start.summary.json,CONTEXT_CONDITIONED_POLICY_WARM_START,PASS,True,,,CONCURRENT,,
14,results/stage18/no_queue_resource/seed_04/stage18_ppo.summary.json,stage18_ppo.summary.json,SMDP_PPO_REWARD_V2_TRAINING_RUN,PASS,True,Training completed; held-out acceptance is still required.,MEDIUM,CONCURRENT,2000,8000
14,results/stage18/no_queue_resource/seed_04/warm_start.summary.json,warm_start.summary.json,CONTEXT_CONDITIONED_POLICY_WARM_START,PASS,True,,,CONCURRENT,,
14,results/stage18/no_queue_resource/seed_05/stage18_ppo.summary.json,stage18_ppo.summary.json,SMDP_PPO_REWARD_V2_TRAINING_RUN,PASS,True,Training completed; held-out acceptance is still required.,MEDIUM,CONCURRENT,2000,8000
14,results/stage18/no_queue_resource/seed_05/warm_start.summary.json,warm_start.summary.json,CONTEXT_CONDITIONED_POLICY_WARM_START,PASS,True,,,CONCURRENT,,
14,results/stage18/no_queue_resource/seed_06/stage18_ppo.summary.json,stage18_ppo.summary.json,SMDP_PPO_REWARD_V2_TRAINING_RUN,PASS,True,Training completed; held-out acceptance is still required.,MEDIUM,CONCURRENT,2000,8000
14,results/stage18/no_queue_resource/seed_06/warm_start.summary.json,warm_start.summary.json,CONTEXT_CONDITIONED_POLICY_WARM_START,PASS,True,,,CONCURRENT,,
14,results/stage18/no_queue_resource/seed_07/stage18_ppo.summary.json,stage18_ppo.summary.json,SMDP_PPO_REWARD_V2_TRAINING_RUN,PASS,True,Training completed; held-out acceptance is still required.,MEDIUM,CONCURRENT,2000,8000
14,results/stage18/no_queue_resource/seed_07/warm_start.summary.json,warm_start.summary.json,CONTEXT_CONDITIONED_POLICY_WARM_START,PASS,True,,,CONCURRENT,,
14,results/stage18/no_queue_resource/seed_08/stage18_ppo.summary.json,stage18_ppo.summary.json,SMDP_PPO_REWARD_V2_TRAINING_RUN,PASS,True,Training completed; held-out acceptance is still required.,MEDIUM,CONCURRENT,2000,8000
14,results/stage18/no_queue_resource/seed_08/warm_start.summary.json,warm_start.summary.json,CONTEXT_CONDITIONED_POLICY_WARM_START,PASS,True,,,CONCURRENT,,
14,results/stage18/no_queue_resource/seed_09/stage18_ppo.summary.json,stage18_ppo.summary.json,SMDP_PPO_REWARD_V2_TRAINING_RUN,PASS,True,Training completed; held-out acceptance is still required.,MEDIUM,CONCURRENT,2000,8000
14,results/stage18/no_queue_resource/seed_09/warm_start.summary.json,warm_start.summary.json,CONTEXT_CONDITIONED_POLICY_WARM_START,PASS,True,,,CONCURRENT,,
14,results/stage18/no_queue_resource/seed_10/stage18_ppo.summary.json,stage18_ppo.summary.json,SMDP_PPO_REWARD_V2_TRAINING_RUN,PASS,True,Training completed; held-out acceptance is still required.,MEDIUM,CONCURRENT,2000,8000
14,results/stage18/no_queue_resource/seed_10/warm_start.summary.json,warm_start.summary.json,CONTEXT_CONDITIONED_POLICY_WARM_START,PASS,True,,,CONCURRENT,,
18,results/stage18/stage18_full_ten_seed_continuation_gate.json,stage18_full_ten_seed_continuation_gate.json,FULL_TEN_SEED_ABLATION_CONTINUATION,PASS,True,Validation-only continuation gate. This is not the locked test-set paper result.,,,,
18,results/stage18/stage18_training_manifest.json,stage18_training_manifest.json,,PASS,True,,,,,
18,results/stage18/warm_start_independence_gate/stage18_warm_start_independence_gate.summary.json,stage18_warm_start_independence_gate.summary.json,INDEPENDENT_END_TO_END_WARM_START_SEEDS,PASS,True,Two-seed independence gate; not a PPO result.,,,,
14,results/stage18/warm_start_independence_gate/warm_start_seed_31000000.summary.json,warm_start_seed_31000000.summary.json,CONTEXT_CONDITIONED_POLICY_WARM_START,PASS,True,,,CONCURRENT,,
14,results/stage18/warm_start_independence_gate/warm_start_seed_31010000.summary.json,warm_start_seed_31010000.summary.json,CONTEXT_CONDITIONED_POLICY_WARM_START,PASS,True,,,CONCURRENT,,
14,results/stage18_burst/full_context_v2/seed_01/stage18_ppo.summary.json,stage18_ppo.summary.json,SMDP_PPO_REWARD_V2_TRAINING_RUN,PASS,True,Training completed; held-out acceptance is still required.,BURST,CONCURRENT,2000,8000
14,results/stage18_burst/full_context_v2/seed_01/warm_start.summary.json,warm_start.summary.json,CONTEXT_CONDITIONED_POLICY_WARM_START,PASS,True,,BURST,CONCURRENT,,
14,results/stage18_burst/full_context_v2/seed_02/stage18_ppo.summary.json,stage18_ppo.summary.json,SMDP_PPO_REWARD_V2_TRAINING_RUN,PASS,True,Training completed; held-out acceptance is still required.,BURST,CONCURRENT,2000,8000
14,results/stage18_burst/full_context_v2/seed_02/warm_start.summary.json,warm_start.summary.json,CONTEXT_CONDITIONED_POLICY_WARM_START,PASS,True,,BURST,CONCURRENT,,
14,results/stage18_burst/full_context_v2/seed_03/stage18_ppo.summary.json,stage18_ppo.summary.json,SMDP_PPO_REWARD_V2_TRAINING_RUN,PASS,True,Training completed; held-out acceptance is still required.,BURST,CONCURRENT,2000,8000
14,results/stage18_burst/full_context_v2/seed_03/warm_start.summary.json,warm_start.summary.json,CONTEXT_CONDITIONED_POLICY_WARM_START,PASS,True,,BURST,CONCURRENT,,
14,results/stage18_burst/full_context_v2/seed_04/stage18_ppo.summary.json,stage18_ppo.summary.json,SMDP_PPO_REWARD_V2_TRAINING_RUN,PASS,True,Training completed; held-out acceptance is still required.,BURST,CONCURRENT,2000,8000
14,results/stage18_burst/full_context_v2/seed_04/warm_start.summary.json,warm_start.summary.json,CONTEXT_CONDITIONED_POLICY_WARM_START,PASS,True,,BURST,CONCURRENT,,
14,results/stage18_burst/full_context_v2/seed_05/stage18_ppo.summary.json,stage18_ppo.summary.json,SMDP_PPO_REWARD_V2_TRAINING_RUN,PASS,True,Training completed; held-out acceptance is still required.,BURST,CONCURRENT,2000,8000
14,results/stage18_burst/full_context_v2/seed_05/warm_start.summary.json,warm_start.summary.json,CONTEXT_CONDITIONED_POLICY_WARM_START,PASS,True,,BURST,CONCURRENT,,
14,results/stage18_burst/full_context_v2/seed_06/stage18_ppo.summary.json,stage18_ppo.summary.json,SMDP_PPO_REWARD_V2_TRAINING_RUN,PASS,True,Training completed; held-out acceptance is still required.,BURST,CONCURRENT,2000,8000
14,results/stage18_burst/full_context_v2/seed_06/warm_start.summary.json,warm_start.summary.json,CONTEXT_CONDITIONED_POLICY_WARM_START,PASS,True,,BURST,CONCURRENT,,
14,results/stage18_burst/full_context_v2/seed_07/stage18_ppo.summary.json,stage18_ppo.summary.json,SMDP_PPO_REWARD_V2_TRAINING_RUN,PASS,True,Training completed; held-out acceptance is still required.,BURST,CONCURRENT,2000,8000
14,results/stage18_burst/full_context_v2/seed_07/warm_start.summary.json,warm_start.summary.json,CONTEXT_CONDITIONED_POLICY_WARM_START,PASS,True,,BURST,CONCURRENT,,
14,results/stage18_burst/full_context_v2/seed_08/stage18_ppo.summary.json,stage18_ppo.summary.json,SMDP_PPO_REWARD_V2_TRAINING_RUN,PASS,True,Training completed; held-out acceptance is still required.,BURST,CONCURRENT,2000,8000
14,results/stage18_burst/full_context_v2/seed_08/warm_start.summary.json,warm_start.summary.json,CONTEXT_CONDITIONED_POLICY_WARM_START,PASS,True,,BURST,CONCURRENT,,
14,results/stage18_burst/full_context_v2/seed_09/stage18_ppo.summary.json,stage18_ppo.summary.json,SMDP_PPO_REWARD_V2_TRAINING_RUN,PASS,True,Training completed; held-out acceptance is still required.,BURST,CONCURRENT,2000,8000
14,results/stage18_burst/full_context_v2/seed_09/warm_start.summary.json,warm_start.summary.json,CONTEXT_CONDITIONED_POLICY_WARM_START,PASS,True,,BURST,CONCURRENT,,
14,results/stage18_burst/full_context_v2/seed_10/stage18_ppo.summary.json,stage18_ppo.summary.json,SMDP_PPO_REWARD_V2_TRAINING_RUN,PASS,True,Training completed; held-out acceptance is still required.,BURST,CONCURRENT,2000,8000
14,results/stage18_burst/full_context_v2/seed_10/warm_start.summary.json,warm_start.summary.json,CONTEXT_CONDITIONED_POLICY_WARM_START,PASS,True,,BURST,CONCURRENT,,
14,results/stage18_burst/no_eta_cost_only/seed_01/stage18_ppo.summary.json,stage18_ppo.summary.json,SMDP_PPO_REWARD_V2_TRAINING_RUN,FAIL,False,Training completed; held-out acceptance is still required.,BURST,CONCURRENT,2000,8000
14,results/stage18_burst/no_eta_cost_only/seed_01/warm_start.summary.json,warm_start.summary.json,CONTEXT_CONDITIONED_POLICY_WARM_START,FAIL,False,,BURST,CONCURRENT,,
14,results/stage18_burst/no_eta_cost_only/seed_02/stage18_ppo.summary.json,stage18_ppo.summary.json,SMDP_PPO_REWARD_V2_TRAINING_RUN,FAIL,False,Training completed; held-out acceptance is still required.,BURST,CONCURRENT,2000,8000
14,results/stage18_burst/no_eta_cost_only/seed_02/warm_start.summary.json,warm_start.summary.json,CONTEXT_CONDITIONED_POLICY_WARM_START,FAIL,False,,BURST,CONCURRENT,,
14,results/stage18_burst/no_eta_cost_only/seed_03/stage18_ppo.summary.json,stage18_ppo.summary.json,SMDP_PPO_REWARD_V2_TRAINING_RUN,FAIL,False,Training completed; held-out acceptance is still required.,BURST,CONCURRENT,2000,8000
14,results/stage18_burst/no_eta_cost_only/seed_03/warm_start.summary.json,warm_start.summary.json,CONTEXT_CONDITIONED_POLICY_WARM_START,FAIL,False,,BURST,CONCURRENT,,
14,results/stage18_burst/no_eta_cost_only/seed_04/stage18_ppo.summary.json,stage18_ppo.summary.json,SMDP_PPO_REWARD_V2_TRAINING_RUN,FAIL,False,Training completed; held-out acceptance is still required.,BURST,CONCURRENT,2000,8000
14,results/stage18_burst/no_eta_cost_only/seed_04/warm_start.summary.json,warm_start.summary.json,CONTEXT_CONDITIONED_POLICY_WARM_START,FAIL,False,,BURST,CONCURRENT,,
14,results/stage18_burst/no_eta_cost_only/seed_05/stage18_ppo.summary.json,stage18_ppo.summary.json,SMDP_PPO_REWARD_V2_TRAINING_RUN,FAIL,False,Training completed; held-out acceptance is still required.,BURST,CONCURRENT,2000,8000
14,results/stage18_burst/no_eta_cost_only/seed_05/warm_start.summary.json,warm_start.summary.json,CONTEXT_CONDITIONED_POLICY_WARM_START,FAIL,False,,BURST,CONCURRENT,,
14,results/stage18_burst/no_eta_cost_only/seed_06/stage18_ppo.summary.json,stage18_ppo.summary.json,SMDP_PPO_REWARD_V2_TRAINING_RUN,FAIL,False,Training completed; held-out acceptance is still required.,BURST,CONCURRENT,2000,8000
14,results/stage18_burst/no_eta_cost_only/seed_06/warm_start.summary.json,warm_start.summary.json,CONTEXT_CONDITIONED_POLICY_WARM_START,FAIL,False,,BURST,CONCURRENT,,
14,results/stage18_burst/no_eta_cost_only/seed_07/stage18_ppo.summary.json,stage18_ppo.summary.json,SMDP_PPO_REWARD_V2_TRAINING_RUN,FAIL,False,Training completed; held-out acceptance is still required.,BURST,CONCURRENT,2000,8000
14,results/stage18_burst/no_eta_cost_only/seed_07/warm_start.summary.json,warm_start.summary.json,CONTEXT_CONDITIONED_POLICY_WARM_START,FAIL,False,,BURST,CONCURRENT,,
14,results/stage18_burst/no_eta_cost_only/seed_08/stage18_ppo.summary.json,stage18_ppo.summary.json,SMDP_PPO_REWARD_V2_TRAINING_RUN,FAIL,False,Training completed; held-out acceptance is still required.,BURST,CONCURRENT,2000,8000
14,results/stage18_burst/no_eta_cost_only/seed_08/warm_start.summary.json,warm_start.summary.json,CONTEXT_CONDITIONED_POLICY_WARM_START,FAIL,False,,BURST,CONCURRENT,,
14,results/stage18_burst/no_eta_cost_only/seed_09/stage18_ppo.summary.json,stage18_ppo.summary.json,SMDP_PPO_REWARD_V2_TRAINING_RUN,FAIL,False,Training completed; held-out acceptance is still required.,BURST,CONCURRENT,2000,8000
14,results/stage18_burst/no_eta_cost_only/seed_09/warm_start.summary.json,warm_start.summary.json,CONTEXT_CONDITIONED_POLICY_WARM_START,FAIL,False,,BURST,CONCURRENT,,
14,results/stage18_burst/no_eta_cost_only/seed_10/stage18_ppo.summary.json,stage18_ppo.summary.json,SMDP_PPO_REWARD_V2_TRAINING_RUN,FAIL,False,Training completed; held-out acceptance is still required.,BURST,CONCURRENT,2000,8000
14,results/stage18_burst/no_eta_cost_only/seed_10/warm_start.summary.json,warm_start.summary.json,CONTEXT_CONDITIONED_POLICY_WARM_START,FAIL,False,,BURST,CONCURRENT,,
14,results/stage18_burst/no_explicit_handover_risk/seed_01/stage18_ppo.summary.json,stage18_ppo.summary.json,SMDP_PPO_REWARD_V2_TRAINING_RUN,PASS,True,Training completed; held-out acceptance is still required.,BURST,CONCURRENT,2000,8000
14,results/stage18_burst/no_explicit_handover_risk/seed_01/warm_start.summary.json,warm_start.summary.json,CONTEXT_CONDITIONED_POLICY_WARM_START,PASS,True,,BURST,CONCURRENT,,
14,results/stage18_burst/no_explicit_handover_risk/seed_02/stage18_ppo.summary.json,stage18_ppo.summary.json,SMDP_PPO_REWARD_V2_TRAINING_RUN,PASS,True,Training completed; held-out acceptance is still required.,BURST,CONCURRENT,2000,8000
14,results/stage18_burst/no_explicit_handover_risk/seed_02/warm_start.summary.json,warm_start.summary.json,CONTEXT_CONDITIONED_POLICY_WARM_START,PASS,True,,BURST,CONCURRENT,,
14,results/stage18_burst/no_explicit_handover_risk/seed_03/stage18_ppo.summary.json,stage18_ppo.summary.json,SMDP_PPO_REWARD_V2_TRAINING_RUN,PASS,True,Training completed; held-out acceptance is still required.,BURST,CONCURRENT,2000,8000
14,results/stage18_burst/no_explicit_handover_risk/seed_03/warm_start.summary.json,warm_start.summary.json,CONTEXT_CONDITIONED_POLICY_WARM_START,PASS,True,,BURST,CONCURRENT,,
14,results/stage18_burst/no_explicit_handover_risk/seed_04/stage18_ppo.summary.json,stage18_ppo.summary.json,SMDP_PPO_REWARD_V2_TRAINING_RUN,PASS,True,Training completed; held-out acceptance is still required.,BURST,CONCURRENT,2000,8000
14,results/stage18_burst/no_explicit_handover_risk/seed_04/warm_start.summary.json,warm_start.summary.json,CONTEXT_CONDITIONED_POLICY_WARM_START,PASS,True,,BURST,CONCURRENT,,
14,results/stage18_burst/no_explicit_handover_risk/seed_05/stage18_ppo.summary.json,stage18_ppo.summary.json,SMDP_PPO_REWARD_V2_TRAINING_RUN,PASS,True,Training completed; held-out acceptance is still required.,BURST,CONCURRENT,2000,8000
14,results/stage18_burst/no_explicit_handover_risk/seed_05/warm_start.summary.json,warm_start.summary.json,CONTEXT_CONDITIONED_POLICY_WARM_START,PASS,True,,BURST,CONCURRENT,,
14,results/stage18_burst/no_explicit_handover_risk/seed_06/stage18_ppo.summary.json,stage18_ppo.summary.json,SMDP_PPO_REWARD_V2_TRAINING_RUN,PASS,True,Training completed; held-out acceptance is still required.,BURST,CONCURRENT,2000,8000
14,results/stage18_burst/no_explicit_handover_risk/seed_06/warm_start.summary.json,warm_start.summary.json,CONTEXT_CONDITIONED_POLICY_WARM_START,PASS,True,,BURST,CONCURRENT,,
14,results/stage18_burst/no_explicit_handover_risk/seed_07/stage18_ppo.summary.json,stage18_ppo.summary.json,SMDP_PPO_REWARD_V2_TRAINING_RUN,PASS,True,Training completed; held-out acceptance is still required.,BURST,CONCURRENT,2000,8000
14,results/stage18_burst/no_explicit_handover_risk/seed_07/warm_start.summary.json,warm_start.summary.json,CONTEXT_CONDITIONED_POLICY_WARM_START,PASS,True,,BURST,CONCURRENT,,
14,results/stage18_burst/no_explicit_handover_risk/seed_08/stage18_ppo.summary.json,stage18_ppo.summary.json,SMDP_PPO_REWARD_V2_TRAINING_RUN,PASS,True,Training completed; held-out acceptance is still required.,BURST,CONCURRENT,2000,8000
14,results/stage18_burst/no_explicit_handover_risk/seed_08/warm_start.summary.json,warm_start.summary.json,CONTEXT_CONDITIONED_POLICY_WARM_START,PASS,True,,BURST,CONCURRENT,,
14,results/stage18_burst/no_explicit_handover_risk/seed_09/stage18_ppo.summary.json,stage18_ppo.summary.json,SMDP_PPO_REWARD_V2_TRAINING_RUN,PASS,True,Training completed; held-out acceptance is still required.,BURST,CONCURRENT,2000,8000
14,results/stage18_burst/no_explicit_handover_risk/seed_09/warm_start.summary.json,warm_start.summary.json,CONTEXT_CONDITIONED_POLICY_WARM_START,PASS,True,,BURST,CONCURRENT,,
14,results/stage18_burst/no_explicit_handover_risk/seed_10/stage18_ppo.summary.json,stage18_ppo.summary.json,SMDP_PPO_REWARD_V2_TRAINING_RUN,PASS,True,Training completed; held-out acceptance is still required.,BURST,CONCURRENT,2000,8000
14,results/stage18_burst/no_explicit_handover_risk/seed_10/warm_start.summary.json,warm_start.summary.json,CONTEXT_CONDITIONED_POLICY_WARM_START,PASS,True,,BURST,CONCURRENT,,
14,results/stage18_burst/no_explicit_queue_resource/seed_01/stage18_ppo.summary.json,stage18_ppo.summary.json,SMDP_PPO_REWARD_V2_TRAINING_RUN,PASS,True,Training completed; held-out acceptance is still required.,BURST,CONCURRENT,2000,8000
14,results/stage18_burst/no_explicit_queue_resource/seed_01/warm_start.summary.json,warm_start.summary.json,CONTEXT_CONDITIONED_POLICY_WARM_START,PASS,True,,BURST,CONCURRENT,,
14,results/stage18_burst/no_explicit_queue_resource/seed_02/stage18_ppo.summary.json,stage18_ppo.summary.json,SMDP_PPO_REWARD_V2_TRAINING_RUN,PASS,True,Training completed; held-out acceptance is still required.,BURST,CONCURRENT,2000,8000
14,results/stage18_burst/no_explicit_queue_resource/seed_02/warm_start.summary.json,warm_start.summary.json,CONTEXT_CONDITIONED_POLICY_WARM_START,PASS,True,,BURST,CONCURRENT,,
14,results/stage18_burst/no_explicit_queue_resource/seed_03/stage18_ppo.summary.json,stage18_ppo.summary.json,SMDP_PPO_REWARD_V2_TRAINING_RUN,PASS,True,Training completed; held-out acceptance is still required.,BURST,CONCURRENT,2000,8000
14,results/stage18_burst/no_explicit_queue_resource/seed_03/warm_start.summary.json,warm_start.summary.json,CONTEXT_CONDITIONED_POLICY_WARM_START,PASS,True,,BURST,CONCURRENT,,
14,results/stage18_burst/no_explicit_queue_resource/seed_04/stage18_ppo.summary.json,stage18_ppo.summary.json,SMDP_PPO_REWARD_V2_TRAINING_RUN,PASS,True,Training completed; held-out acceptance is still required.,BURST,CONCURRENT,2000,8000
14,results/stage18_burst/no_explicit_queue_resource/seed_04/warm_start.summary.json,warm_start.summary.json,CONTEXT_CONDITIONED_POLICY_WARM_START,PASS,True,,BURST,CONCURRENT,,
14,results/stage18_burst/no_explicit_queue_resource/seed_05/stage18_ppo.summary.json,stage18_ppo.summary.json,SMDP_PPO_REWARD_V2_TRAINING_RUN,PASS,True,Training completed; held-out acceptance is still required.,BURST,CONCURRENT,2000,8000
14,results/stage18_burst/no_explicit_queue_resource/seed_05/warm_start.summary.json,warm_start.summary.json,CONTEXT_CONDITIONED_POLICY_WARM_START,PASS,True,,BURST,CONCURRENT,,
14,results/stage18_burst/no_explicit_queue_resource/seed_06/stage18_ppo.summary.json,stage18_ppo.summary.json,SMDP_PPO_REWARD_V2_TRAINING_RUN,PASS,True,Training completed; held-out acceptance is still required.,BURST,CONCURRENT,2000,8000
14,results/stage18_burst/no_explicit_queue_resource/seed_06/warm_start.summary.json,warm_start.summary.json,CONTEXT_CONDITIONED_POLICY_WARM_START,PASS,True,,BURST,CONCURRENT,,
14,results/stage18_burst/no_explicit_queue_resource/seed_07/stage18_ppo.summary.json,stage18_ppo.summary.json,SMDP_PPO_REWARD_V2_TRAINING_RUN,PASS,True,Training completed; held-out acceptance is still required.,BURST,CONCURRENT,2000,8000
14,results/stage18_burst/no_explicit_queue_resource/seed_07/warm_start.summary.json,warm_start.summary.json,CONTEXT_CONDITIONED_POLICY_WARM_START,PASS,True,,BURST,CONCURRENT,,
14,results/stage18_burst/no_explicit_queue_resource/seed_08/stage18_ppo.summary.json,stage18_ppo.summary.json,SMDP_PPO_REWARD_V2_TRAINING_RUN,PASS,True,Training completed; held-out acceptance is still required.,BURST,CONCURRENT,2000,8000
14,results/stage18_burst/no_explicit_queue_resource/seed_08/warm_start.summary.json,warm_start.summary.json,CONTEXT_CONDITIONED_POLICY_WARM_START,PASS,True,,BURST,CONCURRENT,,
14,results/stage18_burst/no_explicit_queue_resource/seed_09/stage18_ppo.summary.json,stage18_ppo.summary.json,SMDP_PPO_REWARD_V2_TRAINING_RUN,PASS,True,Training completed; held-out acceptance is still required.,BURST,CONCURRENT,2000,8000
14,results/stage18_burst/no_explicit_queue_resource/seed_09/warm_start.summary.json,warm_start.summary.json,CONTEXT_CONDITIONED_POLICY_WARM_START,PASS,True,,BURST,CONCURRENT,,
14,results/stage18_burst/no_explicit_queue_resource/seed_10/stage18_ppo.summary.json,stage18_ppo.summary.json,SMDP_PPO_REWARD_V2_TRAINING_RUN,PASS,True,Training completed; held-out acceptance is still required.,BURST,CONCURRENT,2000,8000
14,results/stage18_burst/no_explicit_queue_resource/seed_10/warm_start.summary.json,warm_start.summary.json,CONTEXT_CONDITIONED_POLICY_WARM_START,PASS,True,,BURST,CONCURRENT,,
14,results/stage18_burst/no_handover_cues/seed_01/stage18_ppo.summary.json,stage18_ppo.summary.json,SMDP_PPO_REWARD_V2_TRAINING_RUN,PASS,True,Training completed; held-out acceptance is still required.,BURST,CONCURRENT,2000,8000
14,results/stage18_burst/no_handover_cues/seed_01/warm_start.summary.json,warm_start.summary.json,CONTEXT_CONDITIONED_POLICY_WARM_START,PASS,True,,BURST,CONCURRENT,,
14,results/stage18_burst/no_handover_cues/seed_02/stage18_ppo.summary.json,stage18_ppo.summary.json,SMDP_PPO_REWARD_V2_TRAINING_RUN,PASS,True,Training completed; held-out acceptance is still required.,BURST,CONCURRENT,2000,8000
14,results/stage18_burst/no_handover_cues/seed_02/warm_start.summary.json,warm_start.summary.json,CONTEXT_CONDITIONED_POLICY_WARM_START,PASS,True,,BURST,CONCURRENT,,
14,results/stage18_burst/no_handover_cues/seed_03/stage18_ppo.summary.json,stage18_ppo.summary.json,SMDP_PPO_REWARD_V2_TRAINING_RUN,PASS,True,Training completed; held-out acceptance is still required.,BURST,CONCURRENT,2000,8000
14,results/stage18_burst/no_handover_cues/seed_03/warm_start.summary.json,warm_start.summary.json,CONTEXT_CONDITIONED_POLICY_WARM_START,PASS,True,,BURST,CONCURRENT,,
14,results/stage18_burst/no_handover_cues/seed_04/stage18_ppo.summary.json,stage18_ppo.summary.json,SMDP_PPO_REWARD_V2_TRAINING_RUN,PASS,True,Training completed; held-out acceptance is still required.,BURST,CONCURRENT,2000,8000
14,results/stage18_burst/no_handover_cues/seed_04/warm_start.summary.json,warm_start.summary.json,CONTEXT_CONDITIONED_POLICY_WARM_START,PASS,True,,BURST,CONCURRENT,,
14,results/stage18_burst/no_handover_cues/seed_05/stage18_ppo.summary.json,stage18_ppo.summary.json,SMDP_PPO_REWARD_V2_TRAINING_RUN,PASS,True,Training completed; held-out acceptance is still required.,BURST,CONCURRENT,2000,8000
14,results/stage18_burst/no_handover_cues/seed_05/warm_start.summary.json,warm_start.summary.json,CONTEXT_CONDITIONED_POLICY_WARM_START,PASS,True,,BURST,CONCURRENT,,
14,results/stage18_burst/no_handover_cues/seed_06/stage18_ppo.summary.json,stage18_ppo.summary.json,SMDP_PPO_REWARD_V2_TRAINING_RUN,PASS,True,Training completed; held-out acceptance is still required.,BURST,CONCURRENT,2000,8000
14,results/stage18_burst/no_handover_cues/seed_06/warm_start.summary.json,warm_start.summary.json,CONTEXT_CONDITIONED_POLICY_WARM_START,PASS,True,,BURST,CONCURRENT,,
14,results/stage18_burst/no_handover_cues/seed_07/stage18_ppo.summary.json,stage18_ppo.summary.json,SMDP_PPO_REWARD_V2_TRAINING_RUN,PASS,True,Training completed; held-out acceptance is still required.,BURST,CONCURRENT,2000,8000
14,results/stage18_burst/no_handover_cues/seed_07/warm_start.summary.json,warm_start.summary.json,CONTEXT_CONDITIONED_POLICY_WARM_START,PASS,True,,BURST,CONCURRENT,,
14,results/stage18_burst/no_handover_cues/seed_08/stage18_ppo.summary.json,stage18_ppo.summary.json,SMDP_PPO_REWARD_V2_TRAINING_RUN,PASS,True,Training completed; held-out acceptance is still required.,BURST,CONCURRENT,2000,8000
14,results/stage18_burst/no_handover_cues/seed_08/warm_start.summary.json,warm_start.summary.json,CONTEXT_CONDITIONED_POLICY_WARM_START,PASS,True,,BURST,CONCURRENT,,
14,results/stage18_burst/no_handover_cues/seed_09/stage18_ppo.summary.json,stage18_ppo.summary.json,SMDP_PPO_REWARD_V2_TRAINING_RUN,PASS,True,Training completed; held-out acceptance is still required.,BURST,CONCURRENT,2000,8000
14,results/stage18_burst/no_handover_cues/seed_09/warm_start.summary.json,warm_start.summary.json,CONTEXT_CONDITIONED_POLICY_WARM_START,PASS,True,,BURST,CONCURRENT,,
14,results/stage18_burst/no_handover_cues/seed_10/stage18_ppo.summary.json,stage18_ppo.summary.json,SMDP_PPO_REWARD_V2_TRAINING_RUN,PASS,True,Training completed; held-out acceptance is still required.,BURST,CONCURRENT,2000,8000
14,results/stage18_burst/no_handover_cues/seed_10/warm_start.summary.json,warm_start.summary.json,CONTEXT_CONDITIONED_POLICY_WARM_START,PASS,True,,BURST,CONCURRENT,,
14,results/stage18_burst/no_history_only/seed_01/stage18_ppo.summary.json,stage18_ppo.summary.json,SMDP_PPO_REWARD_V2_TRAINING_RUN,PASS,True,Training completed; held-out acceptance is still required.,BURST,CONCURRENT,2000,8000
14,results/stage18_burst/no_history_only/seed_01/warm_start.summary.json,warm_start.summary.json,CONTEXT_CONDITIONED_POLICY_WARM_START,PASS,True,,BURST,CONCURRENT,,
14,results/stage18_burst/no_history_only/seed_02/stage18_ppo.summary.json,stage18_ppo.summary.json,SMDP_PPO_REWARD_V2_TRAINING_RUN,PASS,True,Training completed; held-out acceptance is still required.,BURST,CONCURRENT,2000,8000
14,results/stage18_burst/no_history_only/seed_02/warm_start.summary.json,warm_start.summary.json,CONTEXT_CONDITIONED_POLICY_WARM_START,PASS,True,,BURST,CONCURRENT,,
14,results/stage18_burst/no_history_only/seed_03/stage18_ppo.summary.json,stage18_ppo.summary.json,SMDP_PPO_REWARD_V2_TRAINING_RUN,PASS,True,Training completed; held-out acceptance is still required.,BURST,CONCURRENT,2000,8000
14,results/stage18_burst/no_history_only/seed_03/warm_start.summary.json,warm_start.summary.json,CONTEXT_CONDITIONED_POLICY_WARM_START,PASS,True,,BURST,CONCURRENT,,
14,results/stage18_burst/no_history_only/seed_04/stage18_ppo.summary.json,stage18_ppo.summary.json,SMDP_PPO_REWARD_V2_TRAINING_RUN,PASS,True,Training completed; held-out acceptance is still required.,BURST,CONCURRENT,2000,8000
14,results/stage18_burst/no_history_only/seed_04/warm_start.summary.json,warm_start.summary.json,CONTEXT_CONDITIONED_POLICY_WARM_START,PASS,True,,BURST,CONCURRENT,,
14,results/stage18_burst/no_history_only/seed_05/stage18_ppo.summary.json,stage18_ppo.summary.json,SMDP_PPO_REWARD_V2_TRAINING_RUN,PASS,True,Training completed; held-out acceptance is still required.,BURST,CONCURRENT,2000,8000
14,results/stage18_burst/no_history_only/seed_05/warm_start.summary.json,warm_start.summary.json,CONTEXT_CONDITIONED_POLICY_WARM_START,PASS,True,,BURST,CONCURRENT,,
14,results/stage18_burst/no_history_only/seed_06/stage18_ppo.summary.json,stage18_ppo.summary.json,SMDP_PPO_REWARD_V2_TRAINING_RUN,PASS,True,Training completed; held-out acceptance is still required.,BURST,CONCURRENT,2000,8000
14,results/stage18_burst/no_history_only/seed_06/warm_start.summary.json,warm_start.summary.json,CONTEXT_CONDITIONED_POLICY_WARM_START,PASS,True,,BURST,CONCURRENT,,
14,results/stage18_burst/no_history_only/seed_07/stage18_ppo.summary.json,stage18_ppo.summary.json,SMDP_PPO_REWARD_V2_TRAINING_RUN,PASS,True,Training completed; held-out acceptance is still required.,BURST,CONCURRENT,2000,8000
14,results/stage18_burst/no_history_only/seed_07/warm_start.summary.json,warm_start.summary.json,CONTEXT_CONDITIONED_POLICY_WARM_START,PASS,True,,BURST,CONCURRENT,,
14,results/stage18_burst/no_history_only/seed_08/stage18_ppo.summary.json,stage18_ppo.summary.json,SMDP_PPO_REWARD_V2_TRAINING_RUN,PASS,True,Training completed; held-out acceptance is still required.,BURST,CONCURRENT,2000,8000
14,results/stage18_burst/no_history_only/seed_08/warm_start.summary.json,warm_start.summary.json,CONTEXT_CONDITIONED_POLICY_WARM_START,PASS,True,,BURST,CONCURRENT,,
14,results/stage18_burst/no_history_only/seed_09/stage18_ppo.summary.json,stage18_ppo.summary.json,SMDP_PPO_REWARD_V2_TRAINING_RUN,PASS,True,Training completed; held-out acceptance is still required.,BURST,CONCURRENT,2000,8000
14,results/stage18_burst/no_history_only/seed_09/warm_start.summary.json,warm_start.summary.json,CONTEXT_CONDITIONED_POLICY_WARM_START,PASS,True,,BURST,CONCURRENT,,
14,results/stage18_burst/no_history_only/seed_10/stage18_ppo.summary.json,stage18_ppo.summary.json,SMDP_PPO_REWARD_V2_TRAINING_RUN,PASS,True,Training completed; held-out acceptance is still required.,BURST,CONCURRENT,2000,8000
14,results/stage18_burst/no_history_only/seed_10/warm_start.summary.json,warm_start.summary.json,CONTEXT_CONDITIONED_POLICY_WARM_START,PASS,True,,BURST,CONCURRENT,,
14,results/stage18_burst/no_persistent_position/seed_01/stage18_ppo.summary.json,stage18_ppo.summary.json,SMDP_PPO_REWARD_V2_TRAINING_RUN,FAIL,False,Training completed; held-out acceptance is still required.,BURST,CONCURRENT,2000,8000
14,results/stage18_burst/no_persistent_position/seed_01/warm_start.summary.json,warm_start.summary.json,CONTEXT_CONDITIONED_POLICY_WARM_START,FAIL,False,,BURST,CONCURRENT,,
14,results/stage18_burst/no_persistent_position/seed_02/stage18_ppo.summary.json,stage18_ppo.summary.json,SMDP_PPO_REWARD_V2_TRAINING_RUN,FAIL,False,Training completed; held-out acceptance is still required.,BURST,CONCURRENT,2000,8000
14,results/stage18_burst/no_persistent_position/seed_02/warm_start.summary.json,warm_start.summary.json,CONTEXT_CONDITIONED_POLICY_WARM_START,FAIL,False,,BURST,CONCURRENT,,
14,results/stage18_burst/no_persistent_position/seed_03/stage18_ppo.summary.json,stage18_ppo.summary.json,SMDP_PPO_REWARD_V2_TRAINING_RUN,FAIL,False,Training completed; held-out acceptance is still required.,BURST,CONCURRENT,2000,8000
14,results/stage18_burst/no_persistent_position/seed_03/warm_start.summary.json,warm_start.summary.json,CONTEXT_CONDITIONED_POLICY_WARM_START,FAIL,False,,BURST,CONCURRENT,,
14,results/stage18_burst/no_persistent_position/seed_04/stage18_ppo.summary.json,stage18_ppo.summary.json,SMDP_PPO_REWARD_V2_TRAINING_RUN,FAIL,False,Training completed; held-out acceptance is still required.,BURST,CONCURRENT,2000,8000
14,results/stage18_burst/no_persistent_position/seed_04/warm_start.summary.json,warm_start.summary.json,CONTEXT_CONDITIONED_POLICY_WARM_START,FAIL,False,,BURST,CONCURRENT,,
14,results/stage18_burst/no_persistent_position/seed_05/stage18_ppo.summary.json,stage18_ppo.summary.json,SMDP_PPO_REWARD_V2_TRAINING_RUN,FAIL,False,Training completed; held-out acceptance is still required.,BURST,CONCURRENT,2000,8000
14,results/stage18_burst/no_persistent_position/seed_05/warm_start.summary.json,warm_start.summary.json,CONTEXT_CONDITIONED_POLICY_WARM_START,FAIL,False,,BURST,CONCURRENT,,
14,results/stage18_burst/no_persistent_position/seed_06/stage18_ppo.summary.json,stage18_ppo.summary.json,SMDP_PPO_REWARD_V2_TRAINING_RUN,FAIL,False,Training completed; held-out acceptance is still required.,BURST,CONCURRENT,2000,8000
14,results/stage18_burst/no_persistent_position/seed_06/warm_start.summary.json,warm_start.summary.json,CONTEXT_CONDITIONED_POLICY_WARM_START,FAIL,False,,BURST,CONCURRENT,,
14,results/stage18_burst/no_persistent_position/seed_07/stage18_ppo.summary.json,stage18_ppo.summary.json,SMDP_PPO_REWARD_V2_TRAINING_RUN,FAIL,False,Training completed; held-out acceptance is still required.,BURST,CONCURRENT,2000,8000
14,results/stage18_burst/no_persistent_position/seed_07/warm_start.summary.json,warm_start.summary.json,CONTEXT_CONDITIONED_POLICY_WARM_START,FAIL,False,,BURST,CONCURRENT,,
14,results/stage18_burst/no_persistent_position/seed_08/stage18_ppo.summary.json,stage18_ppo.summary.json,SMDP_PPO_REWARD_V2_TRAINING_RUN,FAIL,False,Training completed; held-out acceptance is still required.,BURST,CONCURRENT,2000,8000
14,results/stage18_burst/no_persistent_position/seed_08/warm_start.summary.json,warm_start.summary.json,CONTEXT_CONDITIONED_POLICY_WARM_START,FAIL,False,,BURST,CONCURRENT,,
14,results/stage18_burst/no_persistent_position/seed_09/stage18_ppo.summary.json,stage18_ppo.summary.json,SMDP_PPO_REWARD_V2_TRAINING_RUN,FAIL,False,Training completed; held-out acceptance is still required.,BURST,CONCURRENT,2000,8000
14,results/stage18_burst/no_persistent_position/seed_09/warm_start.summary.json,warm_start.summary.json,CONTEXT_CONDITIONED_POLICY_WARM_START,FAIL,False,,BURST,CONCURRENT,,
14,results/stage18_burst/no_persistent_position/seed_10/stage18_ppo.summary.json,stage18_ppo.summary.json,SMDP_PPO_REWARD_V2_TRAINING_RUN,FAIL,False,Training completed; held-out acceptance is still required.,BURST,CONCURRENT,2000,8000
14,results/stage18_burst/no_persistent_position/seed_10/warm_start.summary.json,warm_start.summary.json,CONTEXT_CONDITIONED_POLICY_WARM_START,FAIL,False,,BURST,CONCURRENT,,
14,results/stage18_burst/no_position_only/seed_01/stage18_ppo.summary.json,stage18_ppo.summary.json,SMDP_PPO_REWARD_V2_TRAINING_RUN,PASS,True,Training completed; held-out acceptance is still required.,BURST,CONCURRENT,2000,8000
14,results/stage18_burst/no_position_only/seed_01/warm_start.summary.json,warm_start.summary.json,CONTEXT_CONDITIONED_POLICY_WARM_START,PASS,True,,BURST,CONCURRENT,,
14,results/stage18_burst/no_position_only/seed_02/stage18_ppo.summary.json,stage18_ppo.summary.json,SMDP_PPO_REWARD_V2_TRAINING_RUN,PASS,True,Training completed; held-out acceptance is still required.,BURST,CONCURRENT,2000,8000
14,results/stage18_burst/no_position_only/seed_02/warm_start.summary.json,warm_start.summary.json,CONTEXT_CONDITIONED_POLICY_WARM_START,PASS,True,,BURST,CONCURRENT,,
14,results/stage18_burst/no_position_only/seed_03/stage18_ppo.summary.json,stage18_ppo.summary.json,SMDP_PPO_REWARD_V2_TRAINING_RUN,PASS,True,Training completed; held-out acceptance is still required.,BURST,CONCURRENT,2000,8000
14,results/stage18_burst/no_position_only/seed_03/warm_start.summary.json,warm_start.summary.json,CONTEXT_CONDITIONED_POLICY_WARM_START,PASS,True,,BURST,CONCURRENT,,
14,results/stage18_burst/no_position_only/seed_04/stage18_ppo.summary.json,stage18_ppo.summary.json,SMDP_PPO_REWARD_V2_TRAINING_RUN,PASS,True,Training completed; held-out acceptance is still required.,BURST,CONCURRENT,2000,8000
14,results/stage18_burst/no_position_only/seed_04/warm_start.summary.json,warm_start.summary.json,CONTEXT_CONDITIONED_POLICY_WARM_START,PASS,True,,BURST,CONCURRENT,,
14,results/stage18_burst/no_position_only/seed_05/stage18_ppo.summary.json,stage18_ppo.summary.json,SMDP_PPO_REWARD_V2_TRAINING_RUN,PASS,True,Training completed; held-out acceptance is still required.,BURST,CONCURRENT,2000,8000
14,results/stage18_burst/no_position_only/seed_05/warm_start.summary.json,warm_start.summary.json,CONTEXT_CONDITIONED_POLICY_WARM_START,PASS,True,,BURST,CONCURRENT,,
14,results/stage18_burst/no_position_only/seed_06/stage18_ppo.summary.json,stage18_ppo.summary.json,SMDP_PPO_REWARD_V2_TRAINING_RUN,PASS,True,Training completed; held-out acceptance is still required.,BURST,CONCURRENT,2000,8000
14,results/stage18_burst/no_position_only/seed_06/warm_start.summary.json,warm_start.summary.json,CONTEXT_CONDITIONED_POLICY_WARM_START,PASS,True,,BURST,CONCURRENT,,
14,results/stage18_burst/no_position_only/seed_07/stage18_ppo.summary.json,stage18_ppo.summary.json,SMDP_PPO_REWARD_V2_TRAINING_RUN,PASS,True,Training completed; held-out acceptance is still required.,BURST,CONCURRENT,2000,8000
14,results/stage18_burst/no_position_only/seed_07/warm_start.summary.json,warm_start.summary.json,CONTEXT_CONDITIONED_POLICY_WARM_START,PASS,True,,BURST,CONCURRENT,,
14,results/stage18_burst/no_position_only/seed_08/stage18_ppo.summary.json,stage18_ppo.summary.json,SMDP_PPO_REWARD_V2_TRAINING_RUN,PASS,True,Training completed; held-out acceptance is still required.,BURST,CONCURRENT,2000,8000
14,results/stage18_burst/no_position_only/seed_08/warm_start.summary.json,warm_start.summary.json,CONTEXT_CONDITIONED_POLICY_WARM_START,PASS,True,,BURST,CONCURRENT,,
14,results/stage18_burst/no_position_only/seed_09/stage18_ppo.summary.json,stage18_ppo.summary.json,SMDP_PPO_REWARD_V2_TRAINING_RUN,PASS,True,Training completed; held-out acceptance is still required.,BURST,CONCURRENT,2000,8000
14,results/stage18_burst/no_position_only/seed_09/warm_start.summary.json,warm_start.summary.json,CONTEXT_CONDITIONED_POLICY_WARM_START,PASS,True,,BURST,CONCURRENT,,
14,results/stage18_burst/no_position_only/seed_10/stage18_ppo.summary.json,stage18_ppo.summary.json,SMDP_PPO_REWARD_V2_TRAINING_RUN,PASS,True,Training completed; held-out acceptance is still required.,BURST,CONCURRENT,2000,8000
14,results/stage18_burst/no_position_only/seed_10/warm_start.summary.json,warm_start.summary.json,CONTEXT_CONDITIONED_POLICY_WARM_START,PASS,True,,BURST,CONCURRENT,,
14,results/stage18_burst/no_queue_resource/seed_01/stage18_ppo.summary.json,stage18_ppo.summary.json,SMDP_PPO_REWARD_V2_TRAINING_RUN,PASS,True,Training completed; held-out acceptance is still required.,BURST,CONCURRENT,2000,8000
14,results/stage18_burst/no_queue_resource/seed_01/warm_start.summary.json,warm_start.summary.json,CONTEXT_CONDITIONED_POLICY_WARM_START,PASS,True,,BURST,CONCURRENT,,
14,results/stage18_burst/no_queue_resource/seed_02/stage18_ppo.summary.json,stage18_ppo.summary.json,SMDP_PPO_REWARD_V2_TRAINING_RUN,PASS,True,Training completed; held-out acceptance is still required.,BURST,CONCURRENT,2000,8000
14,results/stage18_burst/no_queue_resource/seed_02/warm_start.summary.json,warm_start.summary.json,CONTEXT_CONDITIONED_POLICY_WARM_START,PASS,True,,BURST,CONCURRENT,,
14,results/stage18_burst/no_queue_resource/seed_03/stage18_ppo.summary.json,stage18_ppo.summary.json,SMDP_PPO_REWARD_V2_TRAINING_RUN,PASS,True,Training completed; held-out acceptance is still required.,BURST,CONCURRENT,2000,8000
14,results/stage18_burst/no_queue_resource/seed_03/warm_start.summary.json,warm_start.summary.json,CONTEXT_CONDITIONED_POLICY_WARM_START,PASS,True,,BURST,CONCURRENT,,
14,results/stage18_burst/no_queue_resource/seed_04/stage18_ppo.summary.json,stage18_ppo.summary.json,SMDP_PPO_REWARD_V2_TRAINING_RUN,PASS,True,Training completed; held-out acceptance is still required.,BURST,CONCURRENT,2000,8000
14,results/stage18_burst/no_queue_resource/seed_04/warm_start.summary.json,warm_start.summary.json,CONTEXT_CONDITIONED_POLICY_WARM_START,PASS,True,,BURST,CONCURRENT,,
14,results/stage18_burst/no_queue_resource/seed_05/stage18_ppo.summary.json,stage18_ppo.summary.json,SMDP_PPO_REWARD_V2_TRAINING_RUN,PASS,True,Training completed; held-out acceptance is still required.,BURST,CONCURRENT,2000,8000
14,results/stage18_burst/no_queue_resource/seed_05/warm_start.summary.json,warm_start.summary.json,CONTEXT_CONDITIONED_POLICY_WARM_START,PASS,True,,BURST,CONCURRENT,,
14,results/stage18_burst/no_queue_resource/seed_06/stage18_ppo.summary.json,stage18_ppo.summary.json,SMDP_PPO_REWARD_V2_TRAINING_RUN,PASS,True,Training completed; held-out acceptance is still required.,BURST,CONCURRENT,2000,8000
14,results/stage18_burst/no_queue_resource/seed_06/warm_start.summary.json,warm_start.summary.json,CONTEXT_CONDITIONED_POLICY_WARM_START,PASS,True,,BURST,CONCURRENT,,
14,results/stage18_burst/no_queue_resource/seed_07/stage18_ppo.summary.json,stage18_ppo.summary.json,SMDP_PPO_REWARD_V2_TRAINING_RUN,PASS,True,Training completed; held-out acceptance is still required.,BURST,CONCURRENT,2000,8000
14,results/stage18_burst/no_queue_resource/seed_07/warm_start.summary.json,warm_start.summary.json,CONTEXT_CONDITIONED_POLICY_WARM_START,PASS,True,,BURST,CONCURRENT,,
14,results/stage18_burst/no_queue_resource/seed_08/stage18_ppo.summary.json,stage18_ppo.summary.json,SMDP_PPO_REWARD_V2_TRAINING_RUN,PASS,True,Training completed; held-out acceptance is still required.,BURST,CONCURRENT,2000,8000
14,results/stage18_burst/no_queue_resource/seed_08/warm_start.summary.json,warm_start.summary.json,CONTEXT_CONDITIONED_POLICY_WARM_START,PASS,True,,BURST,CONCURRENT,,
14,results/stage18_burst/no_queue_resource/seed_09/stage18_ppo.summary.json,stage18_ppo.summary.json,SMDP_PPO_REWARD_V2_TRAINING_RUN,PASS,True,Training completed; held-out acceptance is still required.,BURST,CONCURRENT,2000,8000
14,results/stage18_burst/no_queue_resource/seed_09/warm_start.summary.json,warm_start.summary.json,CONTEXT_CONDITIONED_POLICY_WARM_START,PASS,True,,BURST,CONCURRENT,,
14,results/stage18_burst/no_queue_resource/seed_10/stage18_ppo.summary.json,stage18_ppo.summary.json,SMDP_PPO_REWARD_V2_TRAINING_RUN,PASS,True,Training completed; held-out acceptance is still required.,BURST,CONCURRENT,2000,8000
14,results/stage18_burst/no_queue_resource/seed_10/warm_start.summary.json,warm_start.summary.json,CONTEXT_CONDITIONED_POLICY_WARM_START,PASS,True,,BURST,CONCURRENT,,
18,results/stage18_clean_ablation/interface_gate.summary.json,interface_gate.summary.json,SEMANTICALLY_ISOLATED_ABLATION_INTERFACE,PASS,True,Interface gate only; no ablation performance claim.,,,,
18,results/stage18_clean_ablation/short_training_gate.summary.json,short_training_gate.summary.json,CLEAN_ABLATION_SHORT_TRAINING,PASS,True,Five-update interface/training smoke only; no performance claim.,,,,
14,results/stage18_clean_ablation/smoke/burst/no_eta_cost_only.summary.json,no_eta_cost_only.summary.json,SHORT_SMDP_PPO_REWARD_V2_SMOKE,PASS,True,Interface smoke only; not a convergence claim.,BURST,CONCURRENT,5,10
14,results/stage18_clean_ablation/smoke/burst/no_explicit_handover_risk.summary.json,no_explicit_handover_risk.summary.json,SHORT_SMDP_PPO_REWARD_V2_SMOKE,PASS,True,Interface smoke only; not a convergence claim.,BURST,CONCURRENT,5,10
14,results/stage18_clean_ablation/smoke/burst/no_explicit_queue_resource.summary.json,no_explicit_queue_resource.summary.json,SHORT_SMDP_PPO_REWARD_V2_SMOKE,PASS,True,Interface smoke only; not a convergence claim.,BURST,CONCURRENT,5,10
14,results/stage18_clean_ablation/smoke/burst/no_history_only.summary.json,no_history_only.summary.json,SHORT_SMDP_PPO_REWARD_V2_SMOKE,PASS,True,Interface smoke only; not a convergence claim.,BURST,CONCURRENT,5,10
14,results/stage18_clean_ablation/smoke/burst/no_position_only.summary.json,no_position_only.summary.json,SHORT_SMDP_PPO_REWARD_V2_SMOKE,PASS,True,Interface smoke only; not a convergence claim.,BURST,CONCURRENT,5,10
14,results/stage18_clean_ablation/smoke/dense/no_eta_cost_only.summary.json,no_eta_cost_only.summary.json,SHORT_SMDP_PPO_REWARD_V2_SMOKE,PASS,True,Interface smoke only; not a convergence claim.,DENSE,CONCURRENT,5,10
14,results/stage18_clean_ablation/smoke/dense/no_explicit_handover_risk.summary.json,no_explicit_handover_risk.summary.json,SHORT_SMDP_PPO_REWARD_V2_SMOKE,PASS,True,Interface smoke only; not a convergence claim.,DENSE,CONCURRENT,5,10
14,results/stage18_clean_ablation/smoke/dense/no_explicit_queue_resource.summary.json,no_explicit_queue_resource.summary.json,SHORT_SMDP_PPO_REWARD_V2_SMOKE,PASS,True,Interface smoke only; not a convergence claim.,DENSE,CONCURRENT,5,10
14,results/stage18_clean_ablation/smoke/dense/no_history_only.summary.json,no_history_only.summary.json,SHORT_SMDP_PPO_REWARD_V2_SMOKE,PASS,True,Interface smoke only; not a convergence claim.,DENSE,CONCURRENT,5,10
14,results/stage18_clean_ablation/smoke/dense/no_position_only.summary.json,no_position_only.summary.json,SHORT_SMDP_PPO_REWARD_V2_SMOKE,PASS,True,Interface smoke only; not a convergence claim.,DENSE,CONCURRENT,5,10
18,results/stage18_clean_ablation/smoke/high_load_short_training_gate.summary.json,high_load_short_training_gate.summary.json,CLEAN_ABLATION_HIGH_LOAD_SHORT_TRAINING,PASS,True,Five-update safety/stability smoke; no performance claim.,,,,
14,results/stage18_clean_ablation/smoke/no_eta_cost_only.summary.json,no_eta_cost_only.summary.json,SHORT_SMDP_PPO_REWARD_V2_SMOKE,PASS,True,Interface smoke only; not a convergence claim.,MEDIUM,CONCURRENT,5,10
14,results/stage18_clean_ablation/smoke/no_explicit_handover_risk.summary.json,no_explicit_handover_risk.summary.json,SHORT_SMDP_PPO_REWARD_V2_SMOKE,PASS,True,Interface smoke only; not a convergence claim.,MEDIUM,CONCURRENT,5,10
14,results/stage18_clean_ablation/smoke/no_explicit_queue_resource.summary.json,no_explicit_queue_resource.summary.json,SHORT_SMDP_PPO_REWARD_V2_SMOKE,PASS,True,Interface smoke only; not a convergence claim.,MEDIUM,CONCURRENT,5,10
14,results/stage18_clean_ablation/smoke/no_history_only.summary.json,no_history_only.summary.json,SHORT_SMDP_PPO_REWARD_V2_SMOKE,PASS,True,Interface smoke only; not a convergence claim.,MEDIUM,CONCURRENT,5,10
14,results/stage18_clean_ablation/smoke/no_position_only.summary.json,no_position_only.summary.json,SHORT_SMDP_PPO_REWARD_V2_SMOKE,PASS,True,Interface smoke only; not a convergence claim.,MEDIUM,CONCURRENT,5,10
18,results/stage18_clean_ablation_locked_test_v3/stage18_clean_ablation_locked_test_v3_statistics.json,stage18_clean_ablation_locked_test_v3_statistics.json,,NOT_REPORTED,,Fresh MEDIUM-only locked test after the frozen clean-ablation training cohort. No model selection may use these seeds.,,,,
18,results/stage18_clean_ablation_locked_test_v4/stage18_clean_ablation_locked_test_v4_statistics.json,stage18_clean_ablation_locked_test_v4_statistics.json,,NOT_REPORTED,,Fresh DENSE/BURST locked tests after frozen cohorts; no model selection may use these seeds.,,,,
14,results/stage18_dense/full_context_v2/seed_01/best_validation_evaluation.json,best_validation_evaluation.json,SMDP_PPO_HELDOUT_EVALUATION,PASS,True,,DENSE,CONCURRENT,,
14,results/stage18_dense/full_context_v2/seed_01/stage18_ppo.summary.json,stage18_ppo.summary.json,SMDP_PPO_REWARD_V2_TRAINING_RUN,PASS,True,Training completed; held-out acceptance is still required.,DENSE,CONCURRENT,2000,8000
14,results/stage18_dense/full_context_v2/seed_01/warm_start.summary.json,warm_start.summary.json,CONTEXT_CONDITIONED_POLICY_WARM_START,PASS,True,,DENSE,CONCURRENT,,
14,results/stage18_dense/full_context_v2/seed_02/stage18_ppo.summary.json,stage18_ppo.summary.json,SMDP_PPO_REWARD_V2_TRAINING_RUN,PASS,True,Training completed; held-out acceptance is still required.,DENSE,CONCURRENT,2000,8000
14,results/stage18_dense/full_context_v2/seed_02/warm_start.summary.json,warm_start.summary.json,CONTEXT_CONDITIONED_POLICY_WARM_START,PASS,True,,DENSE,CONCURRENT,,
14,results/stage18_dense/full_context_v2/seed_03/stage18_ppo.summary.json,stage18_ppo.summary.json,SMDP_PPO_REWARD_V2_TRAINING_RUN,PASS,True,Training completed; held-out acceptance is still required.,DENSE,CONCURRENT,2000,8000
14,results/stage18_dense/full_context_v2/seed_03/warm_start.summary.json,warm_start.summary.json,CONTEXT_CONDITIONED_POLICY_WARM_START,PASS,True,,DENSE,CONCURRENT,,
14,results/stage18_dense/full_context_v2/seed_04/stage18_ppo.summary.json,stage18_ppo.summary.json,SMDP_PPO_REWARD_V2_TRAINING_RUN,PASS,True,Training completed; held-out acceptance is still required.,DENSE,CONCURRENT,2000,8000
14,results/stage18_dense/full_context_v2/seed_04/warm_start.summary.json,warm_start.summary.json,CONTEXT_CONDITIONED_POLICY_WARM_START,PASS,True,,DENSE,CONCURRENT,,
14,results/stage18_dense/full_context_v2/seed_05/stage18_ppo.summary.json,stage18_ppo.summary.json,SMDP_PPO_REWARD_V2_TRAINING_RUN,PASS,True,Training completed; held-out acceptance is still required.,DENSE,CONCURRENT,2000,8000
14,results/stage18_dense/full_context_v2/seed_05/warm_start.summary.json,warm_start.summary.json,CONTEXT_CONDITIONED_POLICY_WARM_START,PASS,True,,DENSE,CONCURRENT,,
14,results/stage18_dense/full_context_v2/seed_06/stage18_ppo.summary.json,stage18_ppo.summary.json,SMDP_PPO_REWARD_V2_TRAINING_RUN,PASS,True,Training completed; held-out acceptance is still required.,DENSE,CONCURRENT,2000,8000
14,results/stage18_dense/full_context_v2/seed_06/warm_start.summary.json,warm_start.summary.json,CONTEXT_CONDITIONED_POLICY_WARM_START,PASS,True,,DENSE,CONCURRENT,,
14,results/stage18_dense/full_context_v2/seed_07/stage18_ppo.summary.json,stage18_ppo.summary.json,SMDP_PPO_REWARD_V2_TRAINING_RUN,PASS,True,Training completed; held-out acceptance is still required.,DENSE,CONCURRENT,2000,8000
14,results/stage18_dense/full_context_v2/seed_07/warm_start.summary.json,warm_start.summary.json,CONTEXT_CONDITIONED_POLICY_WARM_START,PASS,True,,DENSE,CONCURRENT,,
14,results/stage18_dense/full_context_v2/seed_08/stage18_ppo.summary.json,stage18_ppo.summary.json,SMDP_PPO_REWARD_V2_TRAINING_RUN,PASS,True,Training completed; held-out acceptance is still required.,DENSE,CONCURRENT,2000,8000
14,results/stage18_dense/full_context_v2/seed_08/warm_start.summary.json,warm_start.summary.json,CONTEXT_CONDITIONED_POLICY_WARM_START,PASS,True,,DENSE,CONCURRENT,,
14,results/stage18_dense/full_context_v2/seed_09/stage18_ppo.summary.json,stage18_ppo.summary.json,SMDP_PPO_REWARD_V2_TRAINING_RUN,PASS,True,Training completed; held-out acceptance is still required.,DENSE,CONCURRENT,2000,8000
14,results/stage18_dense/full_context_v2/seed_09/warm_start.summary.json,warm_start.summary.json,CONTEXT_CONDITIONED_POLICY_WARM_START,PASS,True,,DENSE,CONCURRENT,,
14,results/stage18_dense/full_context_v2/seed_10/stage18_ppo.summary.json,stage18_ppo.summary.json,SMDP_PPO_REWARD_V2_TRAINING_RUN,PASS,True,Training completed; held-out acceptance is still required.,DENSE,CONCURRENT,2000,8000
14,results/stage18_dense/full_context_v2/seed_10/warm_start.summary.json,warm_start.summary.json,CONTEXT_CONDITIONED_POLICY_WARM_START,PASS,True,,DENSE,CONCURRENT,,
14,results/stage18_dense/no_eta_cost_only/seed_01/stage18_ppo.summary.json,stage18_ppo.summary.json,SMDP_PPO_REWARD_V2_TRAINING_RUN,FAIL,False,Training completed; held-out acceptance is still required.,DENSE,CONCURRENT,2000,8000
14,results/stage18_dense/no_eta_cost_only/seed_01/warm_start.summary.json,warm_start.summary.json,CONTEXT_CONDITIONED_POLICY_WARM_START,FAIL,False,,DENSE,CONCURRENT,,
14,results/stage18_dense/no_eta_cost_only/seed_02/stage18_ppo.summary.json,stage18_ppo.summary.json,SMDP_PPO_REWARD_V2_TRAINING_RUN,FAIL,False,Training completed; held-out acceptance is still required.,DENSE,CONCURRENT,2000,8000
14,results/stage18_dense/no_eta_cost_only/seed_02/warm_start.summary.json,warm_start.summary.json,CONTEXT_CONDITIONED_POLICY_WARM_START,FAIL,False,,DENSE,CONCURRENT,,
14,results/stage18_dense/no_eta_cost_only/seed_03/stage18_ppo.summary.json,stage18_ppo.summary.json,SMDP_PPO_REWARD_V2_TRAINING_RUN,FAIL,False,Training completed; held-out acceptance is still required.,DENSE,CONCURRENT,2000,8000
14,results/stage18_dense/no_eta_cost_only/seed_03/warm_start.summary.json,warm_start.summary.json,CONTEXT_CONDITIONED_POLICY_WARM_START,FAIL,False,,DENSE,CONCURRENT,,
14,results/stage18_dense/no_eta_cost_only/seed_04/stage18_ppo.summary.json,stage18_ppo.summary.json,SMDP_PPO_REWARD_V2_TRAINING_RUN,FAIL,False,Training completed; held-out acceptance is still required.,DENSE,CONCURRENT,2000,8000
14,results/stage18_dense/no_eta_cost_only/seed_04/warm_start.summary.json,warm_start.summary.json,CONTEXT_CONDITIONED_POLICY_WARM_START,FAIL,False,,DENSE,CONCURRENT,,
14,results/stage18_dense/no_eta_cost_only/seed_05/stage18_ppo.summary.json,stage18_ppo.summary.json,SMDP_PPO_REWARD_V2_TRAINING_RUN,FAIL,False,Training completed; held-out acceptance is still required.,DENSE,CONCURRENT,2000,8000
14,results/stage18_dense/no_eta_cost_only/seed_05/warm_start.summary.json,warm_start.summary.json,CONTEXT_CONDITIONED_POLICY_WARM_START,FAIL,False,,DENSE,CONCURRENT,,
14,results/stage18_dense/no_eta_cost_only/seed_06/stage18_ppo.summary.json,stage18_ppo.summary.json,SMDP_PPO_REWARD_V2_TRAINING_RUN,FAIL,False,Training completed; held-out acceptance is still required.,DENSE,CONCURRENT,2000,8000
14,results/stage18_dense/no_eta_cost_only/seed_06/warm_start.summary.json,warm_start.summary.json,CONTEXT_CONDITIONED_POLICY_WARM_START,FAIL,False,,DENSE,CONCURRENT,,
14,results/stage18_dense/no_eta_cost_only/seed_07/stage18_ppo.summary.json,stage18_ppo.summary.json,SMDP_PPO_REWARD_V2_TRAINING_RUN,FAIL,False,Training completed; held-out acceptance is still required.,DENSE,CONCURRENT,2000,8000
14,results/stage18_dense/no_eta_cost_only/seed_07/warm_start.summary.json,warm_start.summary.json,CONTEXT_CONDITIONED_POLICY_WARM_START,FAIL,False,,DENSE,CONCURRENT,,
14,results/stage18_dense/no_eta_cost_only/seed_08/stage18_ppo.summary.json,stage18_ppo.summary.json,SMDP_PPO_REWARD_V2_TRAINING_RUN,FAIL,False,Training completed; held-out acceptance is still required.,DENSE,CONCURRENT,2000,8000
14,results/stage18_dense/no_eta_cost_only/seed_08/warm_start.summary.json,warm_start.summary.json,CONTEXT_CONDITIONED_POLICY_WARM_START,FAIL,False,,DENSE,CONCURRENT,,
14,results/stage18_dense/no_eta_cost_only/seed_09/stage18_ppo.summary.json,stage18_ppo.summary.json,SMDP_PPO_REWARD_V2_TRAINING_RUN,FAIL,False,Training completed; held-out acceptance is still required.,DENSE,CONCURRENT,2000,8000
14,results/stage18_dense/no_eta_cost_only/seed_09/warm_start.summary.json,warm_start.summary.json,CONTEXT_CONDITIONED_POLICY_WARM_START,FAIL,False,,DENSE,CONCURRENT,,
14,results/stage18_dense/no_eta_cost_only/seed_10/stage18_ppo.summary.json,stage18_ppo.summary.json,SMDP_PPO_REWARD_V2_TRAINING_RUN,FAIL,False,Training completed; held-out acceptance is still required.,DENSE,CONCURRENT,2000,8000
14,results/stage18_dense/no_eta_cost_only/seed_10/warm_start.summary.json,warm_start.summary.json,CONTEXT_CONDITIONED_POLICY_WARM_START,FAIL,False,,DENSE,CONCURRENT,,
14,results/stage18_dense/no_explicit_handover_risk/seed_01/stage18_ppo.summary.json,stage18_ppo.summary.json,SMDP_PPO_REWARD_V2_TRAINING_RUN,PASS,True,Training completed; held-out acceptance is still required.,DENSE,CONCURRENT,2000,8000
14,results/stage18_dense/no_explicit_handover_risk/seed_01/warm_start.summary.json,warm_start.summary.json,CONTEXT_CONDITIONED_POLICY_WARM_START,PASS,True,,DENSE,CONCURRENT,,
14,results/stage18_dense/no_explicit_handover_risk/seed_02/stage18_ppo.summary.json,stage18_ppo.summary.json,SMDP_PPO_REWARD_V2_TRAINING_RUN,PASS,True,Training completed; held-out acceptance is still required.,DENSE,CONCURRENT,2000,8000
14,results/stage18_dense/no_explicit_handover_risk/seed_02/warm_start.summary.json,warm_start.summary.json,CONTEXT_CONDITIONED_POLICY_WARM_START,PASS,True,,DENSE,CONCURRENT,,
14,results/stage18_dense/no_explicit_handover_risk/seed_03/stage18_ppo.summary.json,stage18_ppo.summary.json,SMDP_PPO_REWARD_V2_TRAINING_RUN,PASS,True,Training completed; held-out acceptance is still required.,DENSE,CONCURRENT,2000,8000
14,results/stage18_dense/no_explicit_handover_risk/seed_03/warm_start.summary.json,warm_start.summary.json,CONTEXT_CONDITIONED_POLICY_WARM_START,PASS,True,,DENSE,CONCURRENT,,
14,results/stage18_dense/no_explicit_handover_risk/seed_04/stage18_ppo.summary.json,stage18_ppo.summary.json,SMDP_PPO_REWARD_V2_TRAINING_RUN,PASS,True,Training completed; held-out acceptance is still required.,DENSE,CONCURRENT,2000,8000
14,results/stage18_dense/no_explicit_handover_risk/seed_04/warm_start.summary.json,warm_start.summary.json,CONTEXT_CONDITIONED_POLICY_WARM_START,PASS,True,,DENSE,CONCURRENT,,
14,results/stage18_dense/no_explicit_handover_risk/seed_05/stage18_ppo.summary.json,stage18_ppo.summary.json,SMDP_PPO_REWARD_V2_TRAINING_RUN,PASS,True,Training completed; held-out acceptance is still required.,DENSE,CONCURRENT,2000,8000
14,results/stage18_dense/no_explicit_handover_risk/seed_05/warm_start.summary.json,warm_start.summary.json,CONTEXT_CONDITIONED_POLICY_WARM_START,PASS,True,,DENSE,CONCURRENT,,
14,results/stage18_dense/no_explicit_handover_risk/seed_06/stage18_ppo.summary.json,stage18_ppo.summary.json,SMDP_PPO_REWARD_V2_TRAINING_RUN,PASS,True,Training completed; held-out acceptance is still required.,DENSE,CONCURRENT,2000,8000
14,results/stage18_dense/no_explicit_handover_risk/seed_06/warm_start.summary.json,warm_start.summary.json,CONTEXT_CONDITIONED_POLICY_WARM_START,PASS,True,,DENSE,CONCURRENT,,
14,results/stage18_dense/no_explicit_handover_risk/seed_07/stage18_ppo.summary.json,stage18_ppo.summary.json,SMDP_PPO_REWARD_V2_TRAINING_RUN,PASS,True,Training completed; held-out acceptance is still required.,DENSE,CONCURRENT,2000,8000
14,results/stage18_dense/no_explicit_handover_risk/seed_07/warm_start.summary.json,warm_start.summary.json,CONTEXT_CONDITIONED_POLICY_WARM_START,PASS,True,,DENSE,CONCURRENT,,
14,results/stage18_dense/no_explicit_handover_risk/seed_08/stage18_ppo.summary.json,stage18_ppo.summary.json,SMDP_PPO_REWARD_V2_TRAINING_RUN,PASS,True,Training completed; held-out acceptance is still required.,DENSE,CONCURRENT,2000,8000
14,results/stage18_dense/no_explicit_handover_risk/seed_08/warm_start.summary.json,warm_start.summary.json,CONTEXT_CONDITIONED_POLICY_WARM_START,PASS,True,,DENSE,CONCURRENT,,
14,results/stage18_dense/no_explicit_handover_risk/seed_09/stage18_ppo.summary.json,stage18_ppo.summary.json,SMDP_PPO_REWARD_V2_TRAINING_RUN,PASS,True,Training completed; held-out acceptance is still required.,DENSE,CONCURRENT,2000,8000
14,results/stage18_dense/no_explicit_handover_risk/seed_09/warm_start.summary.json,warm_start.summary.json,CONTEXT_CONDITIONED_POLICY_WARM_START,PASS,True,,DENSE,CONCURRENT,,
14,results/stage18_dense/no_explicit_handover_risk/seed_10/stage18_ppo.summary.json,stage18_ppo.summary.json,SMDP_PPO_REWARD_V2_TRAINING_RUN,PASS,True,Training completed; held-out acceptance is still required.,DENSE,CONCURRENT,2000,8000
14,results/stage18_dense/no_explicit_handover_risk/seed_10/warm_start.summary.json,warm_start.summary.json,CONTEXT_CONDITIONED_POLICY_WARM_START,PASS,True,,DENSE,CONCURRENT,,
14,results/stage18_dense/no_explicit_queue_resource/seed_01/stage18_ppo.summary.json,stage18_ppo.summary.json,SMDP_PPO_REWARD_V2_TRAINING_RUN,PASS,True,Training completed; held-out acceptance is still required.,DENSE,CONCURRENT,2000,8000
14,results/stage18_dense/no_explicit_queue_resource/seed_01/warm_start.summary.json,warm_start.summary.json,CONTEXT_CONDITIONED_POLICY_WARM_START,PASS,True,,DENSE,CONCURRENT,,
14,results/stage18_dense/no_explicit_queue_resource/seed_02/stage18_ppo.summary.json,stage18_ppo.summary.json,SMDP_PPO_REWARD_V2_TRAINING_RUN,PASS,True,Training completed; held-out acceptance is still required.,DENSE,CONCURRENT,2000,8000
14,results/stage18_dense/no_explicit_queue_resource/seed_02/warm_start.summary.json,warm_start.summary.json,CONTEXT_CONDITIONED_POLICY_WARM_START,PASS,True,,DENSE,CONCURRENT,,
14,results/stage18_dense/no_explicit_queue_resource/seed_03/stage18_ppo.summary.json,stage18_ppo.summary.json,SMDP_PPO_REWARD_V2_TRAINING_RUN,PASS,True,Training completed; held-out acceptance is still required.,DENSE,CONCURRENT,2000,8000
14,results/stage18_dense/no_explicit_queue_resource/seed_03/warm_start.summary.json,warm_start.summary.json,CONTEXT_CONDITIONED_POLICY_WARM_START,PASS,True,,DENSE,CONCURRENT,,
14,results/stage18_dense/no_explicit_queue_resource/seed_04/stage18_ppo.summary.json,stage18_ppo.summary.json,SMDP_PPO_REWARD_V2_TRAINING_RUN,PASS,True,Training completed; held-out acceptance is still required.,DENSE,CONCURRENT,2000,8000
14,results/stage18_dense/no_explicit_queue_resource/seed_04/warm_start.summary.json,warm_start.summary.json,CONTEXT_CONDITIONED_POLICY_WARM_START,PASS,True,,DENSE,CONCURRENT,,
14,results/stage18_dense/no_explicit_queue_resource/seed_05/stage18_ppo.summary.json,stage18_ppo.summary.json,SMDP_PPO_REWARD_V2_TRAINING_RUN,PASS,True,Training completed; held-out acceptance is still required.,DENSE,CONCURRENT,2000,8000
14,results/stage18_dense/no_explicit_queue_resource/seed_05/warm_start.summary.json,warm_start.summary.json,CONTEXT_CONDITIONED_POLICY_WARM_START,PASS,True,,DENSE,CONCURRENT,,
14,results/stage18_dense/no_explicit_queue_resource/seed_06/stage18_ppo.summary.json,stage18_ppo.summary.json,SMDP_PPO_REWARD_V2_TRAINING_RUN,PASS,True,Training completed; held-out acceptance is still required.,DENSE,CONCURRENT,2000,8000
14,results/stage18_dense/no_explicit_queue_resource/seed_06/warm_start.summary.json,warm_start.summary.json,CONTEXT_CONDITIONED_POLICY_WARM_START,PASS,True,,DENSE,CONCURRENT,,
14,results/stage18_dense/no_explicit_queue_resource/seed_07/stage18_ppo.summary.json,stage18_ppo.summary.json,SMDP_PPO_REWARD_V2_TRAINING_RUN,PASS,True,Training completed; held-out acceptance is still required.,DENSE,CONCURRENT,2000,8000
14,results/stage18_dense/no_explicit_queue_resource/seed_07/warm_start.summary.json,warm_start.summary.json,CONTEXT_CONDITIONED_POLICY_WARM_START,PASS,True,,DENSE,CONCURRENT,,
14,results/stage18_dense/no_explicit_queue_resource/seed_08/stage18_ppo.summary.json,stage18_ppo.summary.json,SMDP_PPO_REWARD_V2_TRAINING_RUN,PASS,True,Training completed; held-out acceptance is still required.,DENSE,CONCURRENT,2000,8000
14,results/stage18_dense/no_explicit_queue_resource/seed_08/warm_start.summary.json,warm_start.summary.json,CONTEXT_CONDITIONED_POLICY_WARM_START,PASS,True,,DENSE,CONCURRENT,,
14,results/stage18_dense/no_explicit_queue_resource/seed_09/stage18_ppo.summary.json,stage18_ppo.summary.json,SMDP_PPO_REWARD_V2_TRAINING_RUN,PASS,True,Training completed; held-out acceptance is still required.,DENSE,CONCURRENT,2000,8000
14,results/stage18_dense/no_explicit_queue_resource/seed_09/warm_start.summary.json,warm_start.summary.json,CONTEXT_CONDITIONED_POLICY_WARM_START,PASS,True,,DENSE,CONCURRENT,,
14,results/stage18_dense/no_explicit_queue_resource/seed_10/stage18_ppo.summary.json,stage18_ppo.summary.json,SMDP_PPO_REWARD_V2_TRAINING_RUN,PASS,True,Training completed; held-out acceptance is still required.,DENSE,CONCURRENT,2000,8000
14,results/stage18_dense/no_explicit_queue_resource/seed_10/warm_start.summary.json,warm_start.summary.json,CONTEXT_CONDITIONED_POLICY_WARM_START,PASS,True,,DENSE,CONCURRENT,,
14,results/stage18_dense/no_handover_cues/seed_01/stage18_ppo.summary.json,stage18_ppo.summary.json,SMDP_PPO_REWARD_V2_TRAINING_RUN,PASS,True,Training completed; held-out acceptance is still required.,DENSE,CONCURRENT,2000,8000
14,results/stage18_dense/no_handover_cues/seed_01/warm_start.summary.json,warm_start.summary.json,CONTEXT_CONDITIONED_POLICY_WARM_START,PASS,True,,DENSE,CONCURRENT,,
14,results/stage18_dense/no_handover_cues/seed_02/stage18_ppo.summary.json,stage18_ppo.summary.json,SMDP_PPO_REWARD_V2_TRAINING_RUN,PASS,True,Training completed; held-out acceptance is still required.,DENSE,CONCURRENT,2000,8000
14,results/stage18_dense/no_handover_cues/seed_02/warm_start.summary.json,warm_start.summary.json,CONTEXT_CONDITIONED_POLICY_WARM_START,PASS,True,,DENSE,CONCURRENT,,
14,results/stage18_dense/no_handover_cues/seed_03/stage18_ppo.summary.json,stage18_ppo.summary.json,SMDP_PPO_REWARD_V2_TRAINING_RUN,PASS,True,Training completed; held-out acceptance is still required.,DENSE,CONCURRENT,2000,8000
14,results/stage18_dense/no_handover_cues/seed_03/warm_start.summary.json,warm_start.summary.json,CONTEXT_CONDITIONED_POLICY_WARM_START,PASS,True,,DENSE,CONCURRENT,,
14,results/stage18_dense/no_handover_cues/seed_04/stage18_ppo.summary.json,stage18_ppo.summary.json,SMDP_PPO_REWARD_V2_TRAINING_RUN,PASS,True,Training completed; held-out acceptance is still required.,DENSE,CONCURRENT,2000,8000
14,results/stage18_dense/no_handover_cues/seed_04/warm_start.summary.json,warm_start.summary.json,CONTEXT_CONDITIONED_POLICY_WARM_START,PASS,True,,DENSE,CONCURRENT,,
14,results/stage18_dense/no_handover_cues/seed_05/stage18_ppo.summary.json,stage18_ppo.summary.json,SMDP_PPO_REWARD_V2_TRAINING_RUN,PASS,True,Training completed; held-out acceptance is still required.,DENSE,CONCURRENT,2000,8000
14,results/stage18_dense/no_handover_cues/seed_05/warm_start.summary.json,warm_start.summary.json,CONTEXT_CONDITIONED_POLICY_WARM_START,PASS,True,,DENSE,CONCURRENT,,
14,results/stage18_dense/no_handover_cues/seed_06/stage18_ppo.summary.json,stage18_ppo.summary.json,SMDP_PPO_REWARD_V2_TRAINING_RUN,PASS,True,Training completed; held-out acceptance is still required.,DENSE,CONCURRENT,2000,8000
14,results/stage18_dense/no_handover_cues/seed_06/warm_start.summary.json,warm_start.summary.json,CONTEXT_CONDITIONED_POLICY_WARM_START,PASS,True,,DENSE,CONCURRENT,,
14,results/stage18_dense/no_handover_cues/seed_07/stage18_ppo.summary.json,stage18_ppo.summary.json,SMDP_PPO_REWARD_V2_TRAINING_RUN,PASS,True,Training completed; held-out acceptance is still required.,DENSE,CONCURRENT,2000,8000
14,results/stage18_dense/no_handover_cues/seed_07/warm_start.summary.json,warm_start.summary.json,CONTEXT_CONDITIONED_POLICY_WARM_START,PASS,True,,DENSE,CONCURRENT,,
14,results/stage18_dense/no_handover_cues/seed_08/stage18_ppo.summary.json,stage18_ppo.summary.json,SMDP_PPO_REWARD_V2_TRAINING_RUN,PASS,True,Training completed; held-out acceptance is still required.,DENSE,CONCURRENT,2000,8000
14,results/stage18_dense/no_handover_cues/seed_08/warm_start.summary.json,warm_start.summary.json,CONTEXT_CONDITIONED_POLICY_WARM_START,PASS,True,,DENSE,CONCURRENT,,
14,results/stage18_dense/no_handover_cues/seed_09/stage18_ppo.summary.json,stage18_ppo.summary.json,SMDP_PPO_REWARD_V2_TRAINING_RUN,PASS,True,Training completed; held-out acceptance is still required.,DENSE,CONCURRENT,2000,8000
14,results/stage18_dense/no_handover_cues/seed_09/warm_start.summary.json,warm_start.summary.json,CONTEXT_CONDITIONED_POLICY_WARM_START,PASS,True,,DENSE,CONCURRENT,,
14,results/stage18_dense/no_handover_cues/seed_10/stage18_ppo.summary.json,stage18_ppo.summary.json,SMDP_PPO_REWARD_V2_TRAINING_RUN,PASS,True,Training completed; held-out acceptance is still required.,DENSE,CONCURRENT,2000,8000
14,results/stage18_dense/no_handover_cues/seed_10/warm_start.summary.json,warm_start.summary.json,CONTEXT_CONDITIONED_POLICY_WARM_START,PASS,True,,DENSE,CONCURRENT,,
14,results/stage18_dense/no_history_only/seed_01/stage18_ppo.summary.json,stage18_ppo.summary.json,SMDP_PPO_REWARD_V2_TRAINING_RUN,PASS,True,Training completed; held-out acceptance is still required.,DENSE,CONCURRENT,2000,8000
14,results/stage18_dense/no_history_only/seed_01/warm_start.summary.json,warm_start.summary.json,CONTEXT_CONDITIONED_POLICY_WARM_START,PASS,True,,DENSE,CONCURRENT,,
14,results/stage18_dense/no_history_only/seed_02/stage18_ppo.summary.json,stage18_ppo.summary.json,SMDP_PPO_REWARD_V2_TRAINING_RUN,PASS,True,Training completed; held-out acceptance is still required.,DENSE,CONCURRENT,2000,8000
14,results/stage18_dense/no_history_only/seed_02/warm_start.summary.json,warm_start.summary.json,CONTEXT_CONDITIONED_POLICY_WARM_START,PASS,True,,DENSE,CONCURRENT,,
14,results/stage18_dense/no_history_only/seed_03/stage18_ppo.summary.json,stage18_ppo.summary.json,SMDP_PPO_REWARD_V2_TRAINING_RUN,PASS,True,Training completed; held-out acceptance is still required.,DENSE,CONCURRENT,2000,8000
14,results/stage18_dense/no_history_only/seed_03/warm_start.summary.json,warm_start.summary.json,CONTEXT_CONDITIONED_POLICY_WARM_START,PASS,True,,DENSE,CONCURRENT,,
14,results/stage18_dense/no_history_only/seed_04/stage18_ppo.summary.json,stage18_ppo.summary.json,SMDP_PPO_REWARD_V2_TRAINING_RUN,PASS,True,Training completed; held-out acceptance is still required.,DENSE,CONCURRENT,2000,8000
14,results/stage18_dense/no_history_only/seed_04/warm_start.summary.json,warm_start.summary.json,CONTEXT_CONDITIONED_POLICY_WARM_START,PASS,True,,DENSE,CONCURRENT,,
14,results/stage18_dense/no_history_only/seed_05/stage18_ppo.summary.json,stage18_ppo.summary.json,SMDP_PPO_REWARD_V2_TRAINING_RUN,PASS,True,Training completed; held-out acceptance is still required.,DENSE,CONCURRENT,2000,8000
14,results/stage18_dense/no_history_only/seed_05/warm_start.summary.json,warm_start.summary.json,CONTEXT_CONDITIONED_POLICY_WARM_START,PASS,True,,DENSE,CONCURRENT,,
14,results/stage18_dense/no_history_only/seed_06/stage18_ppo.summary.json,stage18_ppo.summary.json,SMDP_PPO_REWARD_V2_TRAINING_RUN,PASS,True,Training completed; held-out acceptance is still required.,DENSE,CONCURRENT,2000,8000
14,results/stage18_dense/no_history_only/seed_06/warm_start.summary.json,warm_start.summary.json,CONTEXT_CONDITIONED_POLICY_WARM_START,PASS,True,,DENSE,CONCURRENT,,
14,results/stage18_dense/no_history_only/seed_07/stage18_ppo.summary.json,stage18_ppo.summary.json,SMDP_PPO_REWARD_V2_TRAINING_RUN,PASS,True,Training completed; held-out acceptance is still required.,DENSE,CONCURRENT,2000,8000
14,results/stage18_dense/no_history_only/seed_07/warm_start.summary.json,warm_start.summary.json,CONTEXT_CONDITIONED_POLICY_WARM_START,PASS,True,,DENSE,CONCURRENT,,
14,results/stage18_dense/no_history_only/seed_08/stage18_ppo.summary.json,stage18_ppo.summary.json,SMDP_PPO_REWARD_V2_TRAINING_RUN,PASS,True,Training completed; held-out acceptance is still required.,DENSE,CONCURRENT,2000,8000
14,results/stage18_dense/no_history_only/seed_08/warm_start.summary.json,warm_start.summary.json,CONTEXT_CONDITIONED_POLICY_WARM_START,PASS,True,,DENSE,CONCURRENT,,
14,results/stage18_dense/no_history_only/seed_09/stage18_ppo.summary.json,stage18_ppo.summary.json,SMDP_PPO_REWARD_V2_TRAINING_RUN,PASS,True,Training completed; held-out acceptance is still required.,DENSE,CONCURRENT,2000,8000
14,results/stage18_dense/no_history_only/seed_09/warm_start.summary.json,warm_start.summary.json,CONTEXT_CONDITIONED_POLICY_WARM_START,PASS,True,,DENSE,CONCURRENT,,
14,results/stage18_dense/no_history_only/seed_10/stage18_ppo.summary.json,stage18_ppo.summary.json,SMDP_PPO_REWARD_V2_TRAINING_RUN,PASS,True,Training completed; held-out acceptance is still required.,DENSE,CONCURRENT,2000,8000
14,results/stage18_dense/no_history_only/seed_10/warm_start.summary.json,warm_start.summary.json,CONTEXT_CONDITIONED_POLICY_WARM_START,PASS,True,,DENSE,CONCURRENT,,
14,results/stage18_dense/no_persistent_position/seed_01/stage18_ppo.summary.json,stage18_ppo.summary.json,SMDP_PPO_REWARD_V2_TRAINING_RUN,FAIL,False,Training completed; held-out acceptance is still required.,DENSE,CONCURRENT,2000,8000
14,results/stage18_dense/no_persistent_position/seed_01/warm_start.summary.json,warm_start.summary.json,CONTEXT_CONDITIONED_POLICY_WARM_START,FAIL,False,,DENSE,CONCURRENT,,
14,results/stage18_dense/no_persistent_position/seed_02/stage18_ppo.summary.json,stage18_ppo.summary.json,SMDP_PPO_REWARD_V2_TRAINING_RUN,FAIL,False,Training completed; held-out acceptance is still required.,DENSE,CONCURRENT,2000,8000
14,results/stage18_dense/no_persistent_position/seed_02/warm_start.summary.json,warm_start.summary.json,CONTEXT_CONDITIONED_POLICY_WARM_START,FAIL,False,,DENSE,CONCURRENT,,
14,results/stage18_dense/no_persistent_position/seed_03/stage18_ppo.summary.json,stage18_ppo.summary.json,SMDP_PPO_REWARD_V2_TRAINING_RUN,FAIL,False,Training completed; held-out acceptance is still required.,DENSE,CONCURRENT,2000,8000
14,results/stage18_dense/no_persistent_position/seed_03/warm_start.summary.json,warm_start.summary.json,CONTEXT_CONDITIONED_POLICY_WARM_START,FAIL,False,,DENSE,CONCURRENT,,
14,results/stage18_dense/no_persistent_position/seed_04/stage18_ppo.summary.json,stage18_ppo.summary.json,SMDP_PPO_REWARD_V2_TRAINING_RUN,FAIL,False,Training completed; held-out acceptance is still required.,DENSE,CONCURRENT,2000,8000
14,results/stage18_dense/no_persistent_position/seed_04/warm_start.summary.json,warm_start.summary.json,CONTEXT_CONDITIONED_POLICY_WARM_START,FAIL,False,,DENSE,CONCURRENT,,
14,results/stage18_dense/no_persistent_position/seed_05/stage18_ppo.summary.json,stage18_ppo.summary.json,SMDP_PPO_REWARD_V2_TRAINING_RUN,FAIL,False,Training completed; held-out acceptance is still required.,DENSE,CONCURRENT,2000,8000
14,results/stage18_dense/no_persistent_position/seed_05/warm_start.summary.json,warm_start.summary.json,CONTEXT_CONDITIONED_POLICY_WARM_START,FAIL,False,,DENSE,CONCURRENT,,
14,results/stage18_dense/no_persistent_position/seed_06/stage18_ppo.summary.json,stage18_ppo.summary.json,SMDP_PPO_REWARD_V2_TRAINING_RUN,FAIL,False,Training completed; held-out acceptance is still required.,DENSE,CONCURRENT,2000,8000
14,results/stage18_dense/no_persistent_position/seed_06/warm_start.summary.json,warm_start.summary.json,CONTEXT_CONDITIONED_POLICY_WARM_START,FAIL,False,,DENSE,CONCURRENT,,
14,results/stage18_dense/no_persistent_position/seed_07/stage18_ppo.summary.json,stage18_ppo.summary.json,SMDP_PPO_REWARD_V2_TRAINING_RUN,FAIL,False,Training completed; held-out acceptance is still required.,DENSE,CONCURRENT,2000,8000
14,results/stage18_dense/no_persistent_position/seed_07/warm_start.summary.json,warm_start.summary.json,CONTEXT_CONDITIONED_POLICY_WARM_START,FAIL,False,,DENSE,CONCURRENT,,
14,results/stage18_dense/no_persistent_position/seed_08/stage18_ppo.summary.json,stage18_ppo.summary.json,SMDP_PPO_REWARD_V2_TRAINING_RUN,FAIL,False,Training completed; held-out acceptance is still required.,DENSE,CONCURRENT,2000,8000
14,results/stage18_dense/no_persistent_position/seed_08/warm_start.summary.json,warm_start.summary.json,CONTEXT_CONDITIONED_POLICY_WARM_START,FAIL,False,,DENSE,CONCURRENT,,
14,results/stage18_dense/no_persistent_position/seed_09/stage18_ppo.summary.json,stage18_ppo.summary.json,SMDP_PPO_REWARD_V2_TRAINING_RUN,FAIL,False,Training completed; held-out acceptance is still required.,DENSE,CONCURRENT,2000,8000
14,results/stage18_dense/no_persistent_position/seed_09/warm_start.summary.json,warm_start.summary.json,CONTEXT_CONDITIONED_POLICY_WARM_START,FAIL,False,,DENSE,CONCURRENT,,
14,results/stage18_dense/no_persistent_position/seed_10/stage18_ppo.summary.json,stage18_ppo.summary.json,SMDP_PPO_REWARD_V2_TRAINING_RUN,FAIL,False,Training completed; held-out acceptance is still required.,DENSE,CONCURRENT,2000,8000
14,results/stage18_dense/no_persistent_position/seed_10/warm_start.summary.json,warm_start.summary.json,CONTEXT_CONDITIONED_POLICY_WARM_START,FAIL,False,,DENSE,CONCURRENT,,
14,results/stage18_dense/no_position_only/seed_01/stage18_ppo.summary.json,stage18_ppo.summary.json,SMDP_PPO_REWARD_V2_TRAINING_RUN,PASS,True,Training completed; held-out acceptance is still required.,DENSE,CONCURRENT,2000,8000
14,results/stage18_dense/no_position_only/seed_01/warm_start.summary.json,warm_start.summary.json,CONTEXT_CONDITIONED_POLICY_WARM_START,PASS,True,,DENSE,CONCURRENT,,
14,results/stage18_dense/no_position_only/seed_02/stage18_ppo.summary.json,stage18_ppo.summary.json,SMDP_PPO_REWARD_V2_TRAINING_RUN,PASS,True,Training completed; held-out acceptance is still required.,DENSE,CONCURRENT,2000,8000
14,results/stage18_dense/no_position_only/seed_02/warm_start.summary.json,warm_start.summary.json,CONTEXT_CONDITIONED_POLICY_WARM_START,PASS,True,,DENSE,CONCURRENT,,
14,results/stage18_dense/no_position_only/seed_03/stage18_ppo.summary.json,stage18_ppo.summary.json,SMDP_PPO_REWARD_V2_TRAINING_RUN,PASS,True,Training completed; held-out acceptance is still required.,DENSE,CONCURRENT,2000,8000
14,results/stage18_dense/no_position_only/seed_03/warm_start.summary.json,warm_start.summary.json,CONTEXT_CONDITIONED_POLICY_WARM_START,PASS,True,,DENSE,CONCURRENT,,
14,results/stage18_dense/no_position_only/seed_04/stage18_ppo.summary.json,stage18_ppo.summary.json,SMDP_PPO_REWARD_V2_TRAINING_RUN,PASS,True,Training completed; held-out acceptance is still required.,DENSE,CONCURRENT,2000,8000
14,results/stage18_dense/no_position_only/seed_04/warm_start.summary.json,warm_start.summary.json,CONTEXT_CONDITIONED_POLICY_WARM_START,PASS,True,,DENSE,CONCURRENT,,
14,results/stage18_dense/no_position_only/seed_05/stage18_ppo.summary.json,stage18_ppo.summary.json,SMDP_PPO_REWARD_V2_TRAINING_RUN,PASS,True,Training completed; held-out acceptance is still required.,DENSE,CONCURRENT,2000,8000
14,results/stage18_dense/no_position_only/seed_05/warm_start.summary.json,warm_start.summary.json,CONTEXT_CONDITIONED_POLICY_WARM_START,PASS,True,,DENSE,CONCURRENT,,
14,results/stage18_dense/no_position_only/seed_06/stage18_ppo.summary.json,stage18_ppo.summary.json,SMDP_PPO_REWARD_V2_TRAINING_RUN,PASS,True,Training completed; held-out acceptance is still required.,DENSE,CONCURRENT,2000,8000
14,results/stage18_dense/no_position_only/seed_06/warm_start.summary.json,warm_start.summary.json,CONTEXT_CONDITIONED_POLICY_WARM_START,PASS,True,,DENSE,CONCURRENT,,
14,results/stage18_dense/no_position_only/seed_07/stage18_ppo.summary.json,stage18_ppo.summary.json,SMDP_PPO_REWARD_V2_TRAINING_RUN,PASS,True,Training completed; held-out acceptance is still required.,DENSE,CONCURRENT,2000,8000
14,results/stage18_dense/no_position_only/seed_07/warm_start.summary.json,warm_start.summary.json,CONTEXT_CONDITIONED_POLICY_WARM_START,PASS,True,,DENSE,CONCURRENT,,
14,results/stage18_dense/no_position_only/seed_08/stage18_ppo.summary.json,stage18_ppo.summary.json,SMDP_PPO_REWARD_V2_TRAINING_RUN,PASS,True,Training completed; held-out acceptance is still required.,DENSE,CONCURRENT,2000,8000
14,results/stage18_dense/no_position_only/seed_08/warm_start.summary.json,warm_start.summary.json,CONTEXT_CONDITIONED_POLICY_WARM_START,PASS,True,,DENSE,CONCURRENT,,
14,results/stage18_dense/no_position_only/seed_09/stage18_ppo.summary.json,stage18_ppo.summary.json,SMDP_PPO_REWARD_V2_TRAINING_RUN,PASS,True,Training completed; held-out acceptance is still required.,DENSE,CONCURRENT,2000,8000
14,results/stage18_dense/no_position_only/seed_09/warm_start.summary.json,warm_start.summary.json,CONTEXT_CONDITIONED_POLICY_WARM_START,PASS,True,,DENSE,CONCURRENT,,
14,results/stage18_dense/no_position_only/seed_10/stage18_ppo.summary.json,stage18_ppo.summary.json,SMDP_PPO_REWARD_V2_TRAINING_RUN,PASS,True,Training completed; held-out acceptance is still required.,DENSE,CONCURRENT,2000,8000
14,results/stage18_dense/no_position_only/seed_10/warm_start.summary.json,warm_start.summary.json,CONTEXT_CONDITIONED_POLICY_WARM_START,PASS,True,,DENSE,CONCURRENT,,
14,results/stage18_dense/no_queue_resource/seed_01/stage18_ppo.summary.json,stage18_ppo.summary.json,SMDP_PPO_REWARD_V2_TRAINING_RUN,PASS,True,Training completed; held-out acceptance is still required.,DENSE,CONCURRENT,2000,8000
14,results/stage18_dense/no_queue_resource/seed_01/warm_start.summary.json,warm_start.summary.json,CONTEXT_CONDITIONED_POLICY_WARM_START,PASS,True,,DENSE,CONCURRENT,,
14,results/stage18_dense/no_queue_resource/seed_02/stage18_ppo.summary.json,stage18_ppo.summary.json,SMDP_PPO_REWARD_V2_TRAINING_RUN,PASS,True,Training completed; held-out acceptance is still required.,DENSE,CONCURRENT,2000,8000
14,results/stage18_dense/no_queue_resource/seed_02/warm_start.summary.json,warm_start.summary.json,CONTEXT_CONDITIONED_POLICY_WARM_START,PASS,True,,DENSE,CONCURRENT,,
14,results/stage18_dense/no_queue_resource/seed_03/stage18_ppo.summary.json,stage18_ppo.summary.json,SMDP_PPO_REWARD_V2_TRAINING_RUN,PASS,True,Training completed; held-out acceptance is still required.,DENSE,CONCURRENT,2000,8000
14,results/stage18_dense/no_queue_resource/seed_03/warm_start.summary.json,warm_start.summary.json,CONTEXT_CONDITIONED_POLICY_WARM_START,PASS,True,,DENSE,CONCURRENT,,
14,results/stage18_dense/no_queue_resource/seed_04/stage18_ppo.summary.json,stage18_ppo.summary.json,SMDP_PPO_REWARD_V2_TRAINING_RUN,PASS,True,Training completed; held-out acceptance is still required.,DENSE,CONCURRENT,2000,8000
14,results/stage18_dense/no_queue_resource/seed_04/warm_start.summary.json,warm_start.summary.json,CONTEXT_CONDITIONED_POLICY_WARM_START,PASS,True,,DENSE,CONCURRENT,,
14,results/stage18_dense/no_queue_resource/seed_05/stage18_ppo.summary.json,stage18_ppo.summary.json,SMDP_PPO_REWARD_V2_TRAINING_RUN,PASS,True,Training completed; held-out acceptance is still required.,DENSE,CONCURRENT,2000,8000
14,results/stage18_dense/no_queue_resource/seed_05/warm_start.summary.json,warm_start.summary.json,CONTEXT_CONDITIONED_POLICY_WARM_START,PASS,True,,DENSE,CONCURRENT,,
14,results/stage18_dense/no_queue_resource/seed_06/stage18_ppo.summary.json,stage18_ppo.summary.json,SMDP_PPO_REWARD_V2_TRAINING_RUN,PASS,True,Training completed; held-out acceptance is still required.,DENSE,CONCURRENT,2000,8000
14,results/stage18_dense/no_queue_resource/seed_06/warm_start.summary.json,warm_start.summary.json,CONTEXT_CONDITIONED_POLICY_WARM_START,PASS,True,,DENSE,CONCURRENT,,
14,results/stage18_dense/no_queue_resource/seed_07/stage18_ppo.summary.json,stage18_ppo.summary.json,SMDP_PPO_REWARD_V2_TRAINING_RUN,PASS,True,Training completed; held-out acceptance is still required.,DENSE,CONCURRENT,2000,8000
14,results/stage18_dense/no_queue_resource/seed_07/warm_start.summary.json,warm_start.summary.json,CONTEXT_CONDITIONED_POLICY_WARM_START,PASS,True,,DENSE,CONCURRENT,,
14,results/stage18_dense/no_queue_resource/seed_08/stage18_ppo.summary.json,stage18_ppo.summary.json,SMDP_PPO_REWARD_V2_TRAINING_RUN,PASS,True,Training completed; held-out acceptance is still required.,DENSE,CONCURRENT,2000,8000
14,results/stage18_dense/no_queue_resource/seed_08/warm_start.summary.json,warm_start.summary.json,CONTEXT_CONDITIONED_POLICY_WARM_START,PASS,True,,DENSE,CONCURRENT,,
14,results/stage18_dense/no_queue_resource/seed_09/stage18_ppo.summary.json,stage18_ppo.summary.json,SMDP_PPO_REWARD_V2_TRAINING_RUN,PASS,True,Training completed; held-out acceptance is still required.,DENSE,CONCURRENT,2000,8000
14,results/stage18_dense/no_queue_resource/seed_09/warm_start.summary.json,warm_start.summary.json,CONTEXT_CONDITIONED_POLICY_WARM_START,PASS,True,,DENSE,CONCURRENT,,
14,results/stage18_dense/no_queue_resource/seed_10/stage18_ppo.summary.json,stage18_ppo.summary.json,SMDP_PPO_REWARD_V2_TRAINING_RUN,PASS,True,Training completed; held-out acceptance is still required.,DENSE,CONCURRENT,2000,8000
14,results/stage18_dense/no_queue_resource/seed_10/warm_start.summary.json,warm_start.summary.json,CONTEXT_CONDITIONED_POLICY_WARM_START,PASS,True,,DENSE,CONCURRENT,,
18,results/stage18_dense/stage18_dense_full_ten_seed_continuation_gate.json,stage18_dense_full_ten_seed_continuation_gate.json,DENSE_FULL_TEN_SEED_ABLATION_CONTINUATION,PASS,True,Validation continuation gate; not locked test.,DENSE,,,
18,results/stage18_formal_quality_review_v4/quality_checks.json,quality_checks.json,,PASS,True,,,,,
18,results/stage18_locked_test/stage18_locked_test_statistics.json,stage18_locked_test_statistics.json,,NOT_REPORTED,,Locked test; paired across training and test seeds.,,,,
18,results/stage18_locked_test_v2/stage18_locked_test_v2_statistics.json,stage18_locked_test_v2_statistics.json,,NOT_REPORTED,,Fresh corrected test namespace; no training or checkpoint selection used these seeds.,,,,
18,results/stage18_quality_review/stage18_v2_gate.json,stage18_v2_gate.json,CORRECTED_CONFIRMATORY_EVALUATION_V2_SMOKE,PASS,True,Interface and determinism smoke only; not a confirmatory performance result.,,,,
14,results/stage18_repair_archive/stage18/no_persistent_position/seed_02_resumed_legacy/stage18_ppo.summary.json,stage18_ppo.summary.json,SMDP_PPO_REWARD_V2_TRAINING_RUN,FAIL,False,Training completed; held-out acceptance is still required.,MEDIUM,CONCURRENT,2000,8000
14,results/stage18_repair_archive/stage18/no_persistent_position/seed_02_resumed_legacy/warm_start.summary.json,warm_start.summary.json,CONTEXT_CONDITIONED_POLICY_WARM_START,FAIL,False,,MEDIUM,CONCURRENT,,
14,results/stage18_repair_archive/stage18_dense/full_context_v2/seed_02_resumed_legacy/stage18_ppo.summary.json,stage18_ppo.summary.json,SMDP_PPO_REWARD_V2_TRAINING_RUN,PASS,True,Training completed; held-out acceptance is still required.,DENSE,CONCURRENT,2000,8000
14,results/stage18_repair_archive/stage18_dense/full_context_v2/seed_02_resumed_legacy/warm_start.summary.json,warm_start.summary.json,CONTEXT_CONDITIONED_POLICY_WARM_START,PASS,True,,DENSE,CONCURRENT,,
19,results/stage19_mixed_recovery/stage19_mixed_recovery_summary.json,stage19_mixed_recovery_summary.json,,NOT_REPORTED,,Fresh locked-test evidence. Profile comparisons are exploratory; PPO-vs-baseline comparisons use crossed training/test-seed bootstrap.,,,,
20,results/stage20_mixed_curriculum/long/seed_01/run_plan.json,run_plan.json,MIXED_CURRICULUM_FORMAL_TRAINING,NOT_REPORTED,,Training only; fresh locked test required after ten-weight freeze.,MIXED_CURRICULUM,CONCURRENT,2000,
14,results/stage20_mixed_curriculum/long/seed_01/stage20_ppo.summary.json,stage20_ppo.summary.json,SMDP_PPO_REWARD_V2_TRAINING_RUN,PASS,True,Training completed; held-out acceptance is still required.,MIXED_CURRICULUM,CONCURRENT,2000,8000
14,results/stage20_mixed_curriculum/long/seed_01/warm_start.summary.json,warm_start.summary.json,CONTEXT_CONDITIONED_POLICY_WARM_START,PASS,True,,MIXED_CURRICULUM,CONCURRENT,,
20,results/stage20_mixed_curriculum/long/seed_02/run_plan.json,run_plan.json,MIXED_CURRICULUM_FORMAL_TRAINING,NOT_REPORTED,,Training only; fresh locked test required after ten-weight freeze.,MIXED_CURRICULUM,CONCURRENT,2000,
14,results/stage20_mixed_curriculum/long/seed_02/stage20_ppo.summary.json,stage20_ppo.summary.json,SMDP_PPO_REWARD_V2_TRAINING_RUN,PASS,True,Training completed; held-out acceptance is still required.,MIXED_CURRICULUM,CONCURRENT,2000,8000
14,results/stage20_mixed_curriculum/long/seed_02/warm_start.summary.json,warm_start.summary.json,CONTEXT_CONDITIONED_POLICY_WARM_START,PASS,True,,MIXED_CURRICULUM,CONCURRENT,,
20,results/stage20_mixed_curriculum/long/seed_03/run_plan.json,run_plan.json,MIXED_CURRICULUM_FORMAL_TRAINING,NOT_REPORTED,,Training only; fresh locked test required after ten-weight freeze.,MIXED_CURRICULUM,CONCURRENT,2000,
14,results/stage20_mixed_curriculum/long/seed_03/stage20_ppo.summary.json,stage20_ppo.summary.json,SMDP_PPO_REWARD_V2_TRAINING_RUN,PASS,True,Training completed; held-out acceptance is still required.,MIXED_CURRICULUM,CONCURRENT,2000,8000
14,results/stage20_mixed_curriculum/long/seed_03/warm_start.summary.json,warm_start.summary.json,CONTEXT_CONDITIONED_POLICY_WARM_START,PASS,True,,MIXED_CURRICULUM,CONCURRENT,,
20,results/stage20_mixed_curriculum/long/seed_04/run_plan.json,run_plan.json,MIXED_CURRICULUM_FORMAL_TRAINING,NOT_REPORTED,,Training only; fresh locked test required after ten-weight freeze.,MIXED_CURRICULUM,CONCURRENT,2000,
14,results/stage20_mixed_curriculum/long/seed_04/stage20_ppo.summary.json,stage20_ppo.summary.json,SMDP_PPO_REWARD_V2_TRAINING_RUN,FAIL,False,Training completed; held-out acceptance is still required.,MIXED_CURRICULUM,CONCURRENT,2000,8000
14,results/stage20_mixed_curriculum/long/seed_04/warm_start.summary.json,warm_start.summary.json,CONTEXT_CONDITIONED_POLICY_WARM_START,PASS,True,,MIXED_CURRICULUM,CONCURRENT,,
20,results/stage20_mixed_curriculum/long/seed_05/run_plan.json,run_plan.json,MIXED_CURRICULUM_FORMAL_TRAINING,NOT_REPORTED,,Training only; fresh locked test required after ten-weight freeze.,MIXED_CURRICULUM,CONCURRENT,2000,
14,results/stage20_mixed_curriculum/long/seed_05/stage20_ppo.summary.json,stage20_ppo.summary.json,SMDP_PPO_REWARD_V2_TRAINING_RUN,PASS,True,Training completed; held-out acceptance is still required.,MIXED_CURRICULUM,CONCURRENT,2000,8000
14,results/stage20_mixed_curriculum/long/seed_05/warm_start.summary.json,warm_start.summary.json,CONTEXT_CONDITIONED_POLICY_WARM_START,PASS,True,,MIXED_CURRICULUM,CONCURRENT,,
20,results/stage20_mixed_curriculum/long/seed_06/run_plan.json,run_plan.json,MIXED_CURRICULUM_FORMAL_TRAINING,NOT_REPORTED,,Training only; fresh locked test required after ten-weight freeze.,MIXED_CURRICULUM,CONCURRENT,2000,
14,results/stage20_mixed_curriculum/long/seed_06/stage20_ppo.summary.json,stage20_ppo.summary.json,SMDP_PPO_REWARD_V2_TRAINING_RUN,PASS,True,Training completed; held-out acceptance is still required.,MIXED_CURRICULUM,CONCURRENT,2000,8000
14,results/stage20_mixed_curriculum/long/seed_06/warm_start.summary.json,warm_start.summary.json,CONTEXT_CONDITIONED_POLICY_WARM_START,PASS,True,,MIXED_CURRICULUM,CONCURRENT,,
20,results/stage20_mixed_curriculum/long/seed_07/run_plan.json,run_plan.json,MIXED_CURRICULUM_FORMAL_TRAINING,NOT_REPORTED,,Training only; fresh locked test required after ten-weight freeze.,MIXED_CURRICULUM,CONCURRENT,2000,
14,results/stage20_mixed_curriculum/long/seed_07/stage20_ppo.summary.json,stage20_ppo.summary.json,SMDP_PPO_REWARD_V2_TRAINING_RUN,FAIL,False,Training completed; held-out acceptance is still required.,MIXED_CURRICULUM,CONCURRENT,2000,8000
14,results/stage20_mixed_curriculum/long/seed_07/warm_start.summary.json,warm_start.summary.json,CONTEXT_CONDITIONED_POLICY_WARM_START,PASS,True,,MIXED_CURRICULUM,CONCURRENT,,
20,results/stage20_mixed_curriculum/long/seed_08/run_plan.json,run_plan.json,MIXED_CURRICULUM_FORMAL_TRAINING,NOT_REPORTED,,Training only; fresh locked test required after ten-weight freeze.,MIXED_CURRICULUM,CONCURRENT,2000,
14,results/stage20_mixed_curriculum/long/seed_08/stage20_ppo.summary.json,stage20_ppo.summary.json,SMDP_PPO_REWARD_V2_TRAINING_RUN,PASS,True,Training completed; held-out acceptance is still required.,MIXED_CURRICULUM,CONCURRENT,2000,8000
14,results/stage20_mixed_curriculum/long/seed_08/warm_start.summary.json,warm_start.summary.json,CONTEXT_CONDITIONED_POLICY_WARM_START,PASS,True,,MIXED_CURRICULUM,CONCURRENT,,
20,results/stage20_mixed_curriculum/long/seed_09/run_plan.json,run_plan.json,MIXED_CURRICULUM_FORMAL_TRAINING,NOT_REPORTED,,Training only; fresh locked test required after ten-weight freeze.,MIXED_CURRICULUM,CONCURRENT,2000,
14,results/stage20_mixed_curriculum/long/seed_09/stage20_ppo.summary.json,stage20_ppo.summary.json,SMDP_PPO_REWARD_V2_TRAINING_RUN,FAIL,False,Training completed; held-out acceptance is still required.,MIXED_CURRICULUM,CONCURRENT,2000,8000
14,results/stage20_mixed_curriculum/long/seed_09/warm_start.summary.json,warm_start.summary.json,CONTEXT_CONDITIONED_POLICY_WARM_START,PASS,True,,MIXED_CURRICULUM,CONCURRENT,,
20,results/stage20_mixed_curriculum/long/seed_10/run_plan.json,run_plan.json,MIXED_CURRICULUM_FORMAL_TRAINING,NOT_REPORTED,,Training only; fresh locked test required after ten-weight freeze.,MIXED_CURRICULUM,CONCURRENT,2000,
14,results/stage20_mixed_curriculum/long/seed_10/stage20_ppo.summary.json,stage20_ppo.summary.json,SMDP_PPO_REWARD_V2_TRAINING_RUN,PASS,True,Training completed; held-out acceptance is still required.,MIXED_CURRICULUM,CONCURRENT,2000,8000
14,results/stage20_mixed_curriculum/long/seed_10/warm_start.summary.json,warm_start.summary.json,CONTEXT_CONDITIONED_POLICY_WARM_START,PASS,True,,MIXED_CURRICULUM,CONCURRENT,,
20,results/stage20_mixed_curriculum/short_gate/seed_01/run_plan.json,run_plan.json,MIXED_CURRICULUM_SHORT_GATE,NOT_REPORTED,,"Interface, schedule diversity, safety, and persistence only.",MIXED_CURRICULUM,CONCURRENT,3,
14,results/stage20_mixed_curriculum/short_gate/seed_01/stage20_ppo.summary.json,stage20_ppo.summary.json,SHORT_SMDP_PPO_REWARD_V2_SMOKE,PASS,True,Interface smoke only; not a convergence claim.,MIXED_CURRICULUM,CONCURRENT,3,3
14,results/stage20_mixed_curriculum/short_gate/seed_01/warm_start.summary.json,warm_start.summary.json,CONTEXT_CONDITIONED_POLICY_WARM_START,PASS,True,,MIXED_CURRICULUM,CONCURRENT,,
20,results/stage20_mixed_curriculum/short_gate/seed_02/run_plan.json,run_plan.json,MIXED_CURRICULUM_SHORT_GATE,NOT_REPORTED,,"Interface, schedule diversity, safety, and persistence only.",MIXED_CURRICULUM,CONCURRENT,2,
14,results/stage20_mixed_curriculum/short_gate/seed_02/stage20_ppo.summary.json,stage20_ppo.summary.json,SHORT_SMDP_PPO_REWARD_V2_SMOKE,PASS,True,Interface smoke only; not a convergence claim.,MIXED_CURRICULUM,CONCURRENT,2,2
14,results/stage20_mixed_curriculum/short_gate/seed_02/warm_start.summary.json,warm_start.summary.json,CONTEXT_CONDITIONED_POLICY_WARM_START,PASS,True,,MIXED_CURRICULUM,CONCURRENT,,
20,results/stage20_mixed_curriculum/short_gate/seed_03/run_plan.json,run_plan.json,MIXED_CURRICULUM_SHORT_GATE,NOT_REPORTED,,"Interface, schedule diversity, safety, and persistence only.",MIXED_CURRICULUM,CONCURRENT,2,
14,results/stage20_mixed_curriculum/short_gate/seed_03/stage20_ppo.summary.json,stage20_ppo.summary.json,SHORT_SMDP_PPO_REWARD_V2_SMOKE,PASS,True,Interface smoke only; not a convergence claim.,MIXED_CURRICULUM,CONCURRENT,2,2
14,results/stage20_mixed_curriculum/short_gate/seed_03/warm_start.summary.json,warm_start.summary.json,CONTEXT_CONDITIONED_POLICY_WARM_START,PASS,True,,MIXED_CURRICULUM,CONCURRENT,,
20,results/stage20_mixed_curriculum/short_gate/stage20_short_gate.summary.json,stage20_short_gate.summary.json,MIXED_CURRICULUM_THREE_SEED_SHORT_GATE,PASS,True,"Interface, persistence, schedule diversity, safety, and PPO update smoke only; this is not convergence or superiority evidence.",,,,
20,results/stage20_mixed_curriculum/stage20_locked_test_summary.json,stage20_locked_test_summary.json,,PASS,True,Held-out descriptive and crossed-bootstrap comparison. All ten pre-registered Stage 20 training seeds are retained regardless of their training gate label.,,,,
21,results/stage21_external_validity/fault_robustness_locked_summary.json,fault_robustness_locked_summary.json,FAULT_ROBUSTNESS_ALL_WEIGHT_LOCKED_V1,PASS,True,"Logical SMDP fault injection only. Navigation failure is a task-keyed route-segment abstraction; stair and robot outages are observable external availability windows. This protocol does not establish ROS, planner, dynamics, or hardware fault robustness.",,,,
21,results/stage21_external_validity/fault_robustness_smoke.json,fault_robustness_smoke.json,FAULT_ROBUSTNESS_SMOKE,PASS,True,"Logical SMDP fault-injection evidence only. Navigation failure is a task-keyed route-segment abstraction, not a ROS planner or physical robot failure.",,,,
21,results/stage21_external_validity/latency_scaling_formal.json,latency_scaling_formal.json,LATENCY_SCALING,PASS,True,"CPU scheduling-computation benchmark within the trained fixed shape only; excludes navigation, ROS transport, and actuation.",,,,
21,results/stage21_external_validity/latency_scaling_smoke.json,latency_scaling_smoke.json,LATENCY_SCALING_SMOKE,PASS,True,"CPU scheduling-computation benchmark within the trained fixed shape only; excludes navigation, ROS transport, and actuation.",,,,
22,results/stage22_algorithm_ablation/interface_gate.summary.json,interface_gate.summary.json,ALGORITHM_ABLATION_SEMANTIC_INTERFACE_V1,PASS,True,Interface semantics only; no performance claim.,,,,
22,results/stage22_algorithm_ablation/long/fixed_gamma/seed_01/run_plan.json,run_plan.json,ALGORITHM_ABLATION_FORMAL_TRAINING,NOT_REPORTED,,Training only; fresh locked test follows cohort freeze.,,,2000,
14,results/stage22_algorithm_ablation/long/fixed_gamma/seed_01/stage22_ppo.summary.json,stage22_ppo.summary.json,SMDP_PPO_REWARD_V2_TRAINING_RUN,PASS,True,Training completed; held-out acceptance is still required.,MIXED_CURRICULUM,CONCURRENT,2000,8000
14,results/stage22_algorithm_ablation/long/fixed_gamma/seed_01/warm_start.summary.json,warm_start.summary.json,CONTEXT_CONDITIONED_POLICY_WARM_START,PASS,True,,MIXED_CURRICULUM,CONCURRENT,,
22,results/stage22_algorithm_ablation/long/fixed_gamma/seed_02/run_plan.json,run_plan.json,ALGORITHM_ABLATION_FORMAL_TRAINING,NOT_REPORTED,,Training only; fresh locked test follows cohort freeze.,,,2000,
14,results/stage22_algorithm_ablation/long/fixed_gamma/seed_02/stage22_ppo.summary.json,stage22_ppo.summary.json,SMDP_PPO_REWARD_V2_TRAINING_RUN,PASS,True,Training completed; held-out acceptance is still required.,MIXED_CURRICULUM,CONCURRENT,2000,8000
14,results/stage22_algorithm_ablation/long/fixed_gamma/seed_02/warm_start.summary.json,warm_start.summary.json,CONTEXT_CONDITIONED_POLICY_WARM_START,PASS,True,,MIXED_CURRICULUM,CONCURRENT,,
22,results/stage22_algorithm_ablation/long/fixed_gamma/seed_03/run_plan.json,run_plan.json,ALGORITHM_ABLATION_FORMAL_TRAINING,NOT_REPORTED,,Training only; fresh locked test follows cohort freeze.,,,2000,
14,results/stage22_algorithm_ablation/long/fixed_gamma/seed_03/stage22_ppo.summary.json,stage22_ppo.summary.json,SMDP_PPO_REWARD_V2_TRAINING_RUN,PASS,True,Training completed; held-out acceptance is still required.,MIXED_CURRICULUM,CONCURRENT,2000,8000
14,results/stage22_algorithm_ablation/long/fixed_gamma/seed_03/warm_start.summary.json,warm_start.summary.json,CONTEXT_CONDITIONED_POLICY_WARM_START,PASS,True,,MIXED_CURRICULUM,CONCURRENT,,
22,results/stage22_algorithm_ablation/long/fixed_gamma/seed_04/run_plan.json,run_plan.json,ALGORITHM_ABLATION_FORMAL_TRAINING,NOT_REPORTED,,Training only; fresh locked test follows cohort freeze.,,,2000,
14,results/stage22_algorithm_ablation/long/fixed_gamma/seed_04/stage22_ppo.summary.json,stage22_ppo.summary.json,SMDP_PPO_REWARD_V2_TRAINING_RUN,PASS,True,Training completed; held-out acceptance is still required.,MIXED_CURRICULUM,CONCURRENT,2000,8000
14,results/stage22_algorithm_ablation/long/fixed_gamma/seed_04/warm_start.summary.json,warm_start.summary.json,CONTEXT_CONDITIONED_POLICY_WARM_START,PASS,True,,MIXED_CURRICULUM,CONCURRENT,,
22,results/stage22_algorithm_ablation/long/fixed_gamma/seed_05/run_plan.json,run_plan.json,ALGORITHM_ABLATION_FORMAL_TRAINING,NOT_REPORTED,,Training only; fresh locked test follows cohort freeze.,,,2000,
14,results/stage22_algorithm_ablation/long/fixed_gamma/seed_05/stage22_ppo.summary.json,stage22_ppo.summary.json,SMDP_PPO_REWARD_V2_TRAINING_RUN,PASS,True,Training completed; held-out acceptance is still required.,MIXED_CURRICULUM,CONCURRENT,2000,8000
14,results/stage22_algorithm_ablation/long/fixed_gamma/seed_05/warm_start.summary.json,warm_start.summary.json,CONTEXT_CONDITIONED_POLICY_WARM_START,PASS,True,,MIXED_CURRICULUM,CONCURRENT,,
22,results/stage22_algorithm_ablation/long/fixed_gamma/seed_06/run_plan.json,run_plan.json,ALGORITHM_ABLATION_FORMAL_TRAINING,NOT_REPORTED,,Training only; fresh locked test follows cohort freeze.,,,2000,
14,results/stage22_algorithm_ablation/long/fixed_gamma/seed_06/stage22_ppo.summary.json,stage22_ppo.summary.json,SMDP_PPO_REWARD_V2_TRAINING_RUN,PASS,True,Training completed; held-out acceptance is still required.,MIXED_CURRICULUM,CONCURRENT,2000,8000
14,results/stage22_algorithm_ablation/long/fixed_gamma/seed_06/warm_start.summary.json,warm_start.summary.json,CONTEXT_CONDITIONED_POLICY_WARM_START,PASS,True,,MIXED_CURRICULUM,CONCURRENT,,
22,results/stage22_algorithm_ablation/long/fixed_gamma/seed_07/run_plan.json,run_plan.json,ALGORITHM_ABLATION_FORMAL_TRAINING,NOT_REPORTED,,Training only; fresh locked test follows cohort freeze.,,,2000,
14,results/stage22_algorithm_ablation/long/fixed_gamma/seed_07/stage22_ppo.summary.json,stage22_ppo.summary.json,SMDP_PPO_REWARD_V2_TRAINING_RUN,PASS,True,Training completed; held-out acceptance is still required.,MIXED_CURRICULUM,CONCURRENT,2000,8000
14,results/stage22_algorithm_ablation/long/fixed_gamma/seed_07/warm_start.summary.json,warm_start.summary.json,CONTEXT_CONDITIONED_POLICY_WARM_START,PASS,True,,MIXED_CURRICULUM,CONCURRENT,,
22,results/stage22_algorithm_ablation/long/fixed_gamma/seed_08/run_plan.json,run_plan.json,ALGORITHM_ABLATION_FORMAL_TRAINING,NOT_REPORTED,,Training only; fresh locked test follows cohort freeze.,,,2000,
14,results/stage22_algorithm_ablation/long/fixed_gamma/seed_08/stage22_ppo.summary.json,stage22_ppo.summary.json,SMDP_PPO_REWARD_V2_TRAINING_RUN,PASS,True,Training completed; held-out acceptance is still required.,MIXED_CURRICULUM,CONCURRENT,2000,8000
14,results/stage22_algorithm_ablation/long/fixed_gamma/seed_08/warm_start.summary.json,warm_start.summary.json,CONTEXT_CONDITIONED_POLICY_WARM_START,PASS,True,,MIXED_CURRICULUM,CONCURRENT,,
22,results/stage22_algorithm_ablation/long/fixed_gamma/seed_09/run_plan.json,run_plan.json,ALGORITHM_ABLATION_FORMAL_TRAINING,NOT_REPORTED,,Training only; fresh locked test follows cohort freeze.,,,2000,
14,results/stage22_algorithm_ablation/long/fixed_gamma/seed_09/stage22_ppo.summary.json,stage22_ppo.summary.json,SMDP_PPO_REWARD_V2_TRAINING_RUN,PASS,True,Training completed; held-out acceptance is still required.,MIXED_CURRICULUM,CONCURRENT,2000,8000
14,results/stage22_algorithm_ablation/long/fixed_gamma/seed_09/warm_start.summary.json,warm_start.summary.json,CONTEXT_CONDITIONED_POLICY_WARM_START,PASS,True,,MIXED_CURRICULUM,CONCURRENT,,
22,results/stage22_algorithm_ablation/long/fixed_gamma/seed_10/run_plan.json,run_plan.json,ALGORITHM_ABLATION_FORMAL_TRAINING,NOT_REPORTED,,Training only; fresh locked test follows cohort freeze.,,,2000,
14,results/stage22_algorithm_ablation/long/fixed_gamma/seed_10/stage22_ppo.summary.json,stage22_ppo.summary.json,SMDP_PPO_REWARD_V2_TRAINING_RUN,PASS,True,Training completed; held-out acceptance is still required.,MIXED_CURRICULUM,CONCURRENT,2000,8000
14,results/stage22_algorithm_ablation/long/fixed_gamma/seed_10/warm_start.summary.json,warm_start.summary.json,CONTEXT_CONDITIONED_POLICY_WARM_START,PASS,True,,MIXED_CURRICULUM,CONCURRENT,,
22,results/stage22_algorithm_ablation/long/no_context_interaction/seed_01/run_plan.json,run_plan.json,ALGORITHM_ABLATION_FORMAL_TRAINING,NOT_REPORTED,,Training only; fresh locked test follows cohort freeze.,,,2000,
14,results/stage22_algorithm_ablation/long/no_context_interaction/seed_01/stage22_ppo.summary.json,stage22_ppo.summary.json,SMDP_PPO_REWARD_V2_TRAINING_RUN,PASS,True,Training completed; held-out acceptance is still required.,MIXED_CURRICULUM,CONCURRENT,2000,8000
14,results/stage22_algorithm_ablation/long/no_context_interaction/seed_01/warm_start.summary.json,warm_start.summary.json,CONTEXT_CONDITIONED_POLICY_WARM_START,PASS,True,,MIXED_CURRICULUM,CONCURRENT,,
22,results/stage22_algorithm_ablation/long/no_context_interaction/seed_02/run_plan.json,run_plan.json,ALGORITHM_ABLATION_FORMAL_TRAINING,NOT_REPORTED,,Training only; fresh locked test follows cohort freeze.,,,2000,
14,results/stage22_algorithm_ablation/long/no_context_interaction/seed_02/stage22_ppo.summary.json,stage22_ppo.summary.json,SMDP_PPO_REWARD_V2_TRAINING_RUN,PASS,True,Training completed; held-out acceptance is still required.,MIXED_CURRICULUM,CONCURRENT,2000,8000
14,results/stage22_algorithm_ablation/long/no_context_interaction/seed_02/warm_start.summary.json,warm_start.summary.json,CONTEXT_CONDITIONED_POLICY_WARM_START,PASS,True,,MIXED_CURRICULUM,CONCURRENT,,
22,results/stage22_algorithm_ablation/long/no_context_interaction/seed_03/run_plan.json,run_plan.json,ALGORITHM_ABLATION_FORMAL_TRAINING,NOT_REPORTED,,Training only; fresh locked test follows cohort freeze.,,,2000,
14,results/stage22_algorithm_ablation/long/no_context_interaction/seed_03/stage22_ppo.summary.json,stage22_ppo.summary.json,SMDP_PPO_REWARD_V2_TRAINING_RUN,PASS,True,Training completed; held-out acceptance is still required.,MIXED_CURRICULUM,CONCURRENT,2000,8000
14,results/stage22_algorithm_ablation/long/no_context_interaction/seed_03/warm_start.summary.json,warm_start.summary.json,CONTEXT_CONDITIONED_POLICY_WARM_START,PASS,True,,MIXED_CURRICULUM,CONCURRENT,,
22,results/stage22_algorithm_ablation/long/no_context_interaction/seed_04/run_plan.json,run_plan.json,ALGORITHM_ABLATION_FORMAL_TRAINING,NOT_REPORTED,,Training only; fresh locked test follows cohort freeze.,,,2000,
14,results/stage22_algorithm_ablation/long/no_context_interaction/seed_04/stage22_ppo.summary.json,stage22_ppo.summary.json,SMDP_PPO_REWARD_V2_TRAINING_RUN,PASS,True,Training completed; held-out acceptance is still required.,MIXED_CURRICULUM,CONCURRENT,2000,8000
14,results/stage22_algorithm_ablation/long/no_context_interaction/seed_04/warm_start.summary.json,warm_start.summary.json,CONTEXT_CONDITIONED_POLICY_WARM_START,PASS,True,,MIXED_CURRICULUM,CONCURRENT,,
22,results/stage22_algorithm_ablation/long/no_context_interaction/seed_05/run_plan.json,run_plan.json,ALGORITHM_ABLATION_FORMAL_TRAINING,NOT_REPORTED,,Training only; fresh locked test follows cohort freeze.,,,2000,
14,results/stage22_algorithm_ablation/long/no_context_interaction/seed_05/stage22_ppo.summary.json,stage22_ppo.summary.json,SMDP_PPO_REWARD_V2_TRAINING_RUN,PASS,True,Training completed; held-out acceptance is still required.,MIXED_CURRICULUM,CONCURRENT,2000,8000
14,results/stage22_algorithm_ablation/long/no_context_interaction/seed_05/warm_start.summary.json,warm_start.summary.json,CONTEXT_CONDITIONED_POLICY_WARM_START,PASS,True,,MIXED_CURRICULUM,CONCURRENT,,
22,results/stage22_algorithm_ablation/long/no_context_interaction/seed_06/run_plan.json,run_plan.json,ALGORITHM_ABLATION_FORMAL_TRAINING,NOT_REPORTED,,Training only; fresh locked test follows cohort freeze.,,,2000,
14,results/stage22_algorithm_ablation/long/no_context_interaction/seed_06/stage22_ppo.summary.json,stage22_ppo.summary.json,SMDP_PPO_REWARD_V2_TRAINING_RUN,PASS,True,Training completed; held-out acceptance is still required.,MIXED_CURRICULUM,CONCURRENT,2000,8000
14,results/stage22_algorithm_ablation/long/no_context_interaction/seed_06/warm_start.summary.json,warm_start.summary.json,CONTEXT_CONDITIONED_POLICY_WARM_START,PASS,True,,MIXED_CURRICULUM,CONCURRENT,,
22,results/stage22_algorithm_ablation/long/no_context_interaction/seed_07/run_plan.json,run_plan.json,ALGORITHM_ABLATION_FORMAL_TRAINING,NOT_REPORTED,,Training only; fresh locked test follows cohort freeze.,,,2000,
14,results/stage22_algorithm_ablation/long/no_context_interaction/seed_07/stage22_ppo.summary.json,stage22_ppo.summary.json,SMDP_PPO_REWARD_V2_TRAINING_RUN,PASS,True,Training completed; held-out acceptance is still required.,MIXED_CURRICULUM,CONCURRENT,2000,8000
14,results/stage22_algorithm_ablation/long/no_context_interaction/seed_07/warm_start.summary.json,warm_start.summary.json,CONTEXT_CONDITIONED_POLICY_WARM_START,PASS,True,,MIXED_CURRICULUM,CONCURRENT,,
22,results/stage22_algorithm_ablation/long/no_context_interaction/seed_08/run_plan.json,run_plan.json,ALGORITHM_ABLATION_FORMAL_TRAINING,NOT_REPORTED,,Training only; fresh locked test follows cohort freeze.,,,2000,
14,results/stage22_algorithm_ablation/long/no_context_interaction/seed_08/stage22_ppo.summary.json,stage22_ppo.summary.json,SMDP_PPO_REWARD_V2_TRAINING_RUN,PASS,True,Training completed; held-out acceptance is still required.,MIXED_CURRICULUM,CONCURRENT,2000,8000
14,results/stage22_algorithm_ablation/long/no_context_interaction/seed_08/warm_start.summary.json,warm_start.summary.json,CONTEXT_CONDITIONED_POLICY_WARM_START,PASS,True,,MIXED_CURRICULUM,CONCURRENT,,
22,results/stage22_algorithm_ablation/long/no_context_interaction/seed_09/run_plan.json,run_plan.json,ALGORITHM_ABLATION_FORMAL_TRAINING,NOT_REPORTED,,Training only; fresh locked test follows cohort freeze.,,,2000,
14,results/stage22_algorithm_ablation/long/no_context_interaction/seed_09/stage22_ppo.summary.json,stage22_ppo.summary.json,SMDP_PPO_REWARD_V2_TRAINING_RUN,PASS,True,Training completed; held-out acceptance is still required.,MIXED_CURRICULUM,CONCURRENT,2000,8000
14,results/stage22_algorithm_ablation/long/no_context_interaction/seed_09/warm_start.summary.json,warm_start.summary.json,CONTEXT_CONDITIONED_POLICY_WARM_START,PASS,True,,MIXED_CURRICULUM,CONCURRENT,,
22,results/stage22_algorithm_ablation/long/no_context_interaction/seed_10/run_plan.json,run_plan.json,ALGORITHM_ABLATION_FORMAL_TRAINING,NOT_REPORTED,,Training only; fresh locked test follows cohort freeze.,,,2000,
14,results/stage22_algorithm_ablation/long/no_context_interaction/seed_10/stage22_ppo.summary.json,stage22_ppo.summary.json,SMDP_PPO_REWARD_V2_TRAINING_RUN,PASS,True,Training completed; held-out acceptance is still required.,MIXED_CURRICULUM,CONCURRENT,2000,8000
14,results/stage22_algorithm_ablation/long/no_context_interaction/seed_10/warm_start.summary.json,warm_start.summary.json,CONTEXT_CONDITIONED_POLICY_WARM_START,PASS,True,,MIXED_CURRICULUM,CONCURRENT,,
22,results/stage22_algorithm_ablation/long/no_relay/seed_01/run_plan.json,run_plan.json,ALGORITHM_ABLATION_FORMAL_TRAINING,NOT_REPORTED,,Training only; fresh locked test follows cohort freeze.,,,2000,
14,results/stage22_algorithm_ablation/long/no_relay/seed_01/stage22_ppo.summary.json,stage22_ppo.summary.json,SMDP_PPO_REWARD_V2_TRAINING_RUN,PASS,True,Training completed; held-out acceptance is still required.,MIXED_CURRICULUM,CONCURRENT,2000,8000
14,results/stage22_algorithm_ablation/long/no_relay/seed_01/warm_start.summary.json,warm_start.summary.json,CONTEXT_CONDITIONED_POLICY_WARM_START,PASS,True,,MIXED_CURRICULUM,CONCURRENT,,
22,results/stage22_algorithm_ablation/long/no_relay/seed_02/run_plan.json,run_plan.json,ALGORITHM_ABLATION_FORMAL_TRAINING,NOT_REPORTED,,Training only; fresh locked test follows cohort freeze.,,,2000,
14,results/stage22_algorithm_ablation/long/no_relay/seed_02/stage22_ppo.summary.json,stage22_ppo.summary.json,SMDP_PPO_REWARD_V2_TRAINING_RUN,PASS,True,Training completed; held-out acceptance is still required.,MIXED_CURRICULUM,CONCURRENT,2000,8000
14,results/stage22_algorithm_ablation/long/no_relay/seed_02/warm_start.summary.json,warm_start.summary.json,CONTEXT_CONDITIONED_POLICY_WARM_START,PASS,True,,MIXED_CURRICULUM,CONCURRENT,,
22,results/stage22_algorithm_ablation/long/no_relay/seed_03/run_plan.json,run_plan.json,ALGORITHM_ABLATION_FORMAL_TRAINING,NOT_REPORTED,,Training only; fresh locked test follows cohort freeze.,,,2000,
14,results/stage22_algorithm_ablation/long/no_relay/seed_03/stage22_ppo.summary.json,stage22_ppo.summary.json,SMDP_PPO_REWARD_V2_TRAINING_RUN,PASS,True,Training completed; held-out acceptance is still required.,MIXED_CURRICULUM,CONCURRENT,2000,8000
14,results/stage22_algorithm_ablation/long/no_relay/seed_03/warm_start.summary.json,warm_start.summary.json,CONTEXT_CONDITIONED_POLICY_WARM_START,PASS,True,,MIXED_CURRICULUM,CONCURRENT,,
22,results/stage22_algorithm_ablation/long/no_relay/seed_04/run_plan.json,run_plan.json,ALGORITHM_ABLATION_FORMAL_TRAINING,NOT_REPORTED,,Training only; fresh locked test follows cohort freeze.,,,2000,
14,results/stage22_algorithm_ablation/long/no_relay/seed_04/stage22_ppo.summary.json,stage22_ppo.summary.json,SMDP_PPO_REWARD_V2_TRAINING_RUN,PASS,True,Training completed; held-out acceptance is still required.,MIXED_CURRICULUM,CONCURRENT,2000,8000
14,results/stage22_algorithm_ablation/long/no_relay/seed_04/warm_start.summary.json,warm_start.summary.json,CONTEXT_CONDITIONED_POLICY_WARM_START,PASS,True,,MIXED_CURRICULUM,CONCURRENT,,
22,results/stage22_algorithm_ablation/long/no_relay/seed_05/run_plan.json,run_plan.json,ALGORITHM_ABLATION_FORMAL_TRAINING,NOT_REPORTED,,Training only; fresh locked test follows cohort freeze.,,,2000,
14,results/stage22_algorithm_ablation/long/no_relay/seed_05/stage22_ppo.summary.json,stage22_ppo.summary.json,SMDP_PPO_REWARD_V2_TRAINING_RUN,PASS,True,Training completed; held-out acceptance is still required.,MIXED_CURRICULUM,CONCURRENT,2000,8000
14,results/stage22_algorithm_ablation/long/no_relay/seed_05/warm_start.summary.json,warm_start.summary.json,CONTEXT_CONDITIONED_POLICY_WARM_START,PASS,True,,MIXED_CURRICULUM,CONCURRENT,,
22,results/stage22_algorithm_ablation/long/no_relay/seed_06/run_plan.json,run_plan.json,ALGORITHM_ABLATION_FORMAL_TRAINING,NOT_REPORTED,,Training only; fresh locked test follows cohort freeze.,,,2000,
14,results/stage22_algorithm_ablation/long/no_relay/seed_06/stage22_ppo.summary.json,stage22_ppo.summary.json,SMDP_PPO_REWARD_V2_TRAINING_RUN,PASS,True,Training completed; held-out acceptance is still required.,MIXED_CURRICULUM,CONCURRENT,2000,8000
14,results/stage22_algorithm_ablation/long/no_relay/seed_06/warm_start.summary.json,warm_start.summary.json,CONTEXT_CONDITIONED_POLICY_WARM_START,PASS,True,,MIXED_CURRICULUM,CONCURRENT,,
22,results/stage22_algorithm_ablation/long/no_relay/seed_07/run_plan.json,run_plan.json,ALGORITHM_ABLATION_FORMAL_TRAINING,NOT_REPORTED,,Training only; fresh locked test follows cohort freeze.,,,2000,
14,results/stage22_algorithm_ablation/long/no_relay/seed_07/stage22_ppo.summary.json,stage22_ppo.summary.json,SMDP_PPO_REWARD_V2_TRAINING_RUN,PASS,True,Training completed; held-out acceptance is still required.,MIXED_CURRICULUM,CONCURRENT,2000,8000
14,results/stage22_algorithm_ablation/long/no_relay/seed_07/warm_start.summary.json,warm_start.summary.json,CONTEXT_CONDITIONED_POLICY_WARM_START,PASS,True,,MIXED_CURRICULUM,CONCURRENT,,
22,results/stage22_algorithm_ablation/long/no_relay/seed_08/run_plan.json,run_plan.json,ALGORITHM_ABLATION_FORMAL_TRAINING,NOT_REPORTED,,Training only; fresh locked test follows cohort freeze.,,,2000,
14,results/stage22_algorithm_ablation/long/no_relay/seed_08/stage22_ppo.summary.json,stage22_ppo.summary.json,SMDP_PPO_REWARD_V2_TRAINING_RUN,PASS,True,Training completed; held-out acceptance is still required.,MIXED_CURRICULUM,CONCURRENT,2000,8000
14,results/stage22_algorithm_ablation/long/no_relay/seed_08/warm_start.summary.json,warm_start.summary.json,CONTEXT_CONDITIONED_POLICY_WARM_START,PASS,True,,MIXED_CURRICULUM,CONCURRENT,,
22,results/stage22_algorithm_ablation/long/no_relay/seed_09/run_plan.json,run_plan.json,ALGORITHM_ABLATION_FORMAL_TRAINING,NOT_REPORTED,,Training only; fresh locked test follows cohort freeze.,,,2000,
14,results/stage22_algorithm_ablation/long/no_relay/seed_09/stage22_ppo.summary.json,stage22_ppo.summary.json,SMDP_PPO_REWARD_V2_TRAINING_RUN,PASS,True,Training completed; held-out acceptance is still required.,MIXED_CURRICULUM,CONCURRENT,2000,8000
14,results/stage22_algorithm_ablation/long/no_relay/seed_09/warm_start.summary.json,warm_start.summary.json,CONTEXT_CONDITIONED_POLICY_WARM_START,PASS,True,,MIXED_CURRICULUM,CONCURRENT,,
22,results/stage22_algorithm_ablation/long/no_relay/seed_10/run_plan.json,run_plan.json,ALGORITHM_ABLATION_FORMAL_TRAINING,NOT_REPORTED,,Training only; fresh locked test follows cohort freeze.,,,2000,
14,results/stage22_algorithm_ablation/long/no_relay/seed_10/stage22_ppo.summary.json,stage22_ppo.summary.json,SMDP_PPO_REWARD_V2_TRAINING_RUN,PASS,True,Training completed; held-out acceptance is still required.,MIXED_CURRICULUM,CONCURRENT,2000,8000
14,results/stage22_algorithm_ablation/long/no_relay/seed_10/warm_start.summary.json,warm_start.summary.json,CONTEXT_CONDITIONED_POLICY_WARM_START,PASS,True,,MIXED_CURRICULUM,CONCURRENT,,
22,results/stage22_algorithm_ablation/long/no_warm_start/seed_01/run_plan.json,run_plan.json,ALGORITHM_ABLATION_FORMAL_TRAINING,NOT_REPORTED,,Training only; fresh locked test follows cohort freeze.,,,2000,
14,results/stage22_algorithm_ablation/long/no_warm_start/seed_01/stage22_ppo.summary.json,stage22_ppo.summary.json,SMDP_PPO_REWARD_V2_TRAINING_RUN,PASS,True,Training completed; held-out acceptance is still required.,MIXED_CURRICULUM,CONCURRENT,2000,8000
22,results/stage22_algorithm_ablation/long/no_warm_start/seed_02/run_plan.json,run_plan.json,ALGORITHM_ABLATION_FORMAL_TRAINING,NOT_REPORTED,,Training only; fresh locked test follows cohort freeze.,,,2000,
14,results/stage22_algorithm_ablation/long/no_warm_start/seed_02/stage22_ppo.summary.json,stage22_ppo.summary.json,SMDP_PPO_REWARD_V2_TRAINING_RUN,PASS,True,Training completed; held-out acceptance is still required.,MIXED_CURRICULUM,CONCURRENT,2000,8000
22,results/stage22_algorithm_ablation/long/no_warm_start/seed_03/run_plan.json,run_plan.json,ALGORITHM_ABLATION_FORMAL_TRAINING,NOT_REPORTED,,Training only; fresh locked test follows cohort freeze.,,,2000,
14,results/stage22_algorithm_ablation/long/no_warm_start/seed_03/stage22_ppo.summary.json,stage22_ppo.summary.json,SMDP_PPO_REWARD_V2_TRAINING_RUN,PASS,True,Training completed; held-out acceptance is still required.,MIXED_CURRICULUM,CONCURRENT,2000,8000
22,results/stage22_algorithm_ablation/long/no_warm_start/seed_04/run_plan.json,run_plan.json,ALGORITHM_ABLATION_FORMAL_TRAINING,NOT_REPORTED,,Training only; fresh locked test follows cohort freeze.,,,2000,
14,results/stage22_algorithm_ablation/long/no_warm_start/seed_04/stage22_ppo.summary.json,stage22_ppo.summary.json,SMDP_PPO_REWARD_V2_TRAINING_RUN,PASS,True,Training completed; held-out acceptance is still required.,MIXED_CURRICULUM,CONCURRENT,2000,8000
22,results/stage22_algorithm_ablation/long/no_warm_start/seed_05/run_plan.json,run_plan.json,ALGORITHM_ABLATION_FORMAL_TRAINING,NOT_REPORTED,,Training only; fresh locked test follows cohort freeze.,,,2000,
14,results/stage22_algorithm_ablation/long/no_warm_start/seed_05/stage22_ppo.summary.json,stage22_ppo.summary.json,SMDP_PPO_REWARD_V2_TRAINING_RUN,PASS,True,Training completed; held-out acceptance is still required.,MIXED_CURRICULUM,CONCURRENT,2000,8000
22,results/stage22_algorithm_ablation/long/no_warm_start/seed_06/run_plan.json,run_plan.json,ALGORITHM_ABLATION_FORMAL_TRAINING,NOT_REPORTED,,Training only; fresh locked test follows cohort freeze.,,,2000,
14,results/stage22_algorithm_ablation/long/no_warm_start/seed_06/stage22_ppo.summary.json,stage22_ppo.summary.json,SMDP_PPO_REWARD_V2_TRAINING_RUN,PASS,True,Training completed; held-out acceptance is still required.,MIXED_CURRICULUM,CONCURRENT,2000,8000
22,results/stage22_algorithm_ablation/long/no_warm_start/seed_07/run_plan.json,run_plan.json,ALGORITHM_ABLATION_FORMAL_TRAINING,NOT_REPORTED,,Training only; fresh locked test follows cohort freeze.,,,2000,
14,results/stage22_algorithm_ablation/long/no_warm_start/seed_07/stage22_ppo.summary.json,stage22_ppo.summary.json,SMDP_PPO_REWARD_V2_TRAINING_RUN,PASS,True,Training completed; held-out acceptance is still required.,MIXED_CURRICULUM,CONCURRENT,2000,8000
22,results/stage22_algorithm_ablation/long/no_warm_start/seed_08/run_plan.json,run_plan.json,ALGORITHM_ABLATION_FORMAL_TRAINING,NOT_REPORTED,,Training only; fresh locked test follows cohort freeze.,,,2000,
14,results/stage22_algorithm_ablation/long/no_warm_start/seed_08/stage22_ppo.summary.json,stage22_ppo.summary.json,SMDP_PPO_REWARD_V2_TRAINING_RUN,PASS,True,Training completed; held-out acceptance is still required.,MIXED_CURRICULUM,CONCURRENT,2000,8000
22,results/stage22_algorithm_ablation/long/no_warm_start/seed_09/run_plan.json,run_plan.json,ALGORITHM_ABLATION_FORMAL_TRAINING,NOT_REPORTED,,Training only; fresh locked test follows cohort freeze.,,,2000,
14,results/stage22_algorithm_ablation/long/no_warm_start/seed_09/stage22_ppo.summary.json,stage22_ppo.summary.json,SMDP_PPO_REWARD_V2_TRAINING_RUN,PASS,True,Training completed; held-out acceptance is still required.,MIXED_CURRICULUM,CONCURRENT,2000,8000
22,results/stage22_algorithm_ablation/long/no_warm_start/seed_10/run_plan.json,run_plan.json,ALGORITHM_ABLATION_FORMAL_TRAINING,NOT_REPORTED,,Training only; fresh locked test follows cohort freeze.,,,2000,
14,results/stage22_algorithm_ablation/long/no_warm_start/seed_10/stage22_ppo.summary.json,stage22_ppo.summary.json,SMDP_PPO_REWARD_V2_TRAINING_RUN,PASS,True,Training completed; held-out acceptance is still required.,MIXED_CURRICULUM,CONCURRENT,2000,8000
22,results/stage22_algorithm_ablation/long/stage22_campaign_fixed_gamma-no_context_interaction_01_01.status.json,stage22_campaign_fixed_gamma-no_context_interaction_01_01.status.json,ALGORITHM_ABLATION_FORMAL_CAMPAIGN_PLAN,NOT_REPORTED,,Training only; fresh locked test is forbidden until all requested weights are frozen.,,,,
22,results/stage22_algorithm_ablation/long/stage22_campaign_fixed_gamma-no_context_interaction_02_10.status.json,stage22_campaign_fixed_gamma-no_context_interaction_02_10.status.json,ALGORITHM_ABLATION_FORMAL_CAMPAIGN_PLAN,NOT_REPORTED,,Training only; fresh locked test is forbidden until all requested weights are frozen.,,,,
22,results/stage22_algorithm_ablation/long/stage22_campaign_no_warm_start-no_relay_01_01.status.json,stage22_campaign_no_warm_start-no_relay_01_01.status.json,ALGORITHM_ABLATION_FORMAL_CAMPAIGN_PLAN,NOT_REPORTED,,Training only; fresh locked test is forbidden until all requested weights are frozen.,,,,
22,results/stage22_algorithm_ablation/long/stage22_campaign_no_warm_start-no_relay_02_10.status.json,stage22_campaign_no_warm_start-no_relay_02_10.status.json,ALGORITHM_ABLATION_FORMAL_CAMPAIGN_PLAN,NOT_REPORTED,,Training only; fresh locked test is forbidden until all requested weights are frozen.,,,,
22,results/stage22_algorithm_ablation/short_gate/fixed_gamma/seed_01/run_plan.json,run_plan.json,ALGORITHM_ABLATION_SHORT_GATE,NOT_REPORTED,,Interface and safety only; no performance claim.,,,2,
14,results/stage22_algorithm_ablation/short_gate/fixed_gamma/seed_01/stage22_ppo.summary.json,stage22_ppo.summary.json,SHORT_SMDP_PPO_REWARD_V2_SMOKE,PASS,True,Interface smoke only; not a convergence claim.,MIXED_CURRICULUM,CONCURRENT,2,2
14,results/stage22_algorithm_ablation/short_gate/fixed_gamma/seed_01/warm_start.summary.json,warm_start.summary.json,CONTEXT_CONDITIONED_POLICY_WARM_START,PASS,True,,MIXED_CURRICULUM,CONCURRENT,,
22,results/stage22_algorithm_ablation/short_gate/no_context_interaction/seed_01/run_plan.json,run_plan.json,ALGORITHM_ABLATION_SHORT_GATE,NOT_REPORTED,,Interface and safety only; no performance claim.,,,2,
14,results/stage22_algorithm_ablation/short_gate/no_context_interaction/seed_01/stage22_ppo.summary.json,stage22_ppo.summary.json,SHORT_SMDP_PPO_REWARD_V2_SMOKE,PASS,True,Interface smoke only; not a convergence claim.,MIXED_CURRICULUM,CONCURRENT,2,2
14,results/stage22_algorithm_ablation/short_gate/no_context_interaction/seed_01/warm_start.summary.json,warm_start.summary.json,CONTEXT_CONDITIONED_POLICY_WARM_START,PASS,True,,MIXED_CURRICULUM,CONCURRENT,,
22,results/stage22_algorithm_ablation/short_gate/no_relay/seed_01/run_plan.json,run_plan.json,ALGORITHM_ABLATION_SHORT_GATE,NOT_REPORTED,,Interface and safety only; no performance claim.,,,2,
14,results/stage22_algorithm_ablation/short_gate/no_relay/seed_01/stage22_ppo.summary.json,stage22_ppo.summary.json,SHORT_SMDP_PPO_REWARD_V2_SMOKE,PASS,True,Interface smoke only; not a convergence claim.,MIXED_CURRICULUM,CONCURRENT,2,2
14,results/stage22_algorithm_ablation/short_gate/no_relay/seed_01/warm_start.summary.json,warm_start.summary.json,CONTEXT_CONDITIONED_POLICY_WARM_START,PASS,True,,MIXED_CURRICULUM,CONCURRENT,,
22,results/stage22_algorithm_ablation/short_gate/no_warm_start/seed_01/run_plan.json,run_plan.json,ALGORITHM_ABLATION_SHORT_GATE,NOT_REPORTED,,Interface and safety only; no performance claim.,,,2,
14,results/stage22_algorithm_ablation/short_gate/no_warm_start/seed_01/stage22_ppo.summary.json,stage22_ppo.summary.json,SHORT_SMDP_PPO_REWARD_V2_SMOKE,PASS,True,Interface smoke only; not a convergence claim.,MIXED_CURRICULUM,CONCURRENT,2,2
22,results/stage22_algorithm_ablation/short_gate/stage22_algorithm_ablation_smokes.summary.json,stage22_algorithm_ablation_smokes.summary.json,ALGORITHM_ABLATION_SHORT_TRAINING_V1,PASS,True,Two-update interface gate; no performance claim.,,,,
22,results/stage22_algorithm_ablation/stage22_policy_freeze_manifest.json,stage22_policy_freeze_manifest.json,FULL_ALGORITHM_ABLATION_COHORT_FREEZE,NOT_REPORTED,,"Training provenance, completeness, protocol compliance, and immutable cohort selection only. Validation metrics are retained for checkpoint provenance and must not support performance claims. Fresh locked-test seeds remain untouched.",,,,
22,results/stage22_algorithm_ablation/stage22_seed01_quality_gate.summary.json,stage22_seed01_quality_gate.summary.json,FORMAL_SEED01_COHORT_EXPANSION_GATE,NOT_REPORTED,,"Training provenance, comparability, completeness, and safety only. No ablation performance claim is made from one seed.",,,,
14,results/stage23_continuous_time_contract/smoke/stage23_contract_smoke.summary.json,stage23_contract_smoke.summary.json,SHORT_SMDP_PPO_REWARD_V2_SMOKE,PASS,True,Interface smoke only; not a convergence claim.,MIXED_CURRICULUM,CONCURRENT,2,2
23,results/stage23_markov_continuous/long/seed_01/run_plan.json,run_plan.json,MARKOV_CONTINUOUS_FORMAL_TRAINING,NOT_REPORTED,,Training only; the fresh locked test follows cohort freeze.,,,2000,
23,results/stage23_markov_continuous/long/seed_01/stage23_ppo.summary.json,stage23_ppo.summary.json,MARKOV_CONTINUOUS_SMDP_PPO_V3_TRAINING_RUN,PASS,True,Training completed; held-out acceptance is still required.,MIXED_CURRICULUM,CONCURRENT,2000,8000
23,results/stage23_markov_continuous/long/seed_01/warm_start.summary.json,warm_start.summary.json,CONTEXT_CONDITIONED_POLICY_WARM_START,PASS,True,,MIXED_CURRICULUM,CONCURRENT,,
23,results/stage23_markov_continuous/long/seed_02/run_plan.json,run_plan.json,MARKOV_CONTINUOUS_FORMAL_TRAINING,NOT_REPORTED,,Training only; the fresh locked test follows cohort freeze.,,,2000,
23,results/stage23_markov_continuous/long/seed_02/stage23_ppo.summary.json,stage23_ppo.summary.json,MARKOV_CONTINUOUS_SMDP_PPO_V3_TRAINING_RUN,PASS,True,Training completed; held-out acceptance is still required.,MIXED_CURRICULUM,CONCURRENT,2000,8000
23,results/stage23_markov_continuous/long/seed_02/warm_start.summary.json,warm_start.summary.json,CONTEXT_CONDITIONED_POLICY_WARM_START,FAIL,False,,MIXED_CURRICULUM,CONCURRENT,,
23,results/stage23_markov_continuous/long/seed_03/run_plan.json,run_plan.json,MARKOV_CONTINUOUS_FORMAL_TRAINING,NOT_REPORTED,,Training only; the fresh locked test follows cohort freeze.,,,2000,
23,results/stage23_markov_continuous/long/seed_03/stage23_ppo.summary.json,stage23_ppo.summary.json,MARKOV_CONTINUOUS_SMDP_PPO_V3_TRAINING_RUN,PASS,True,Training completed; held-out acceptance is still required.,MIXED_CURRICULUM,CONCURRENT,2000,8000
23,results/stage23_markov_continuous/long/seed_03/warm_start.summary.json,warm_start.summary.json,CONTEXT_CONDITIONED_POLICY_WARM_START,PASS,True,,MIXED_CURRICULUM,CONCURRENT,,
23,results/stage23_markov_continuous/long/seed_04/run_plan.json,run_plan.json,MARKOV_CONTINUOUS_FORMAL_TRAINING,NOT_REPORTED,,Training only; the fresh locked test follows cohort freeze.,,,2000,
23,results/stage23_markov_continuous/long/seed_04/stage23_ppo.summary.json,stage23_ppo.summary.json,MARKOV_CONTINUOUS_SMDP_PPO_V3_TRAINING_RUN,PASS,True,Training completed; held-out acceptance is still required.,MIXED_CURRICULUM,CONCURRENT,2000,8000
23,results/stage23_markov_continuous/long/seed_04/warm_start.summary.json,warm_start.summary.json,CONTEXT_CONDITIONED_POLICY_WARM_START,PASS,True,,MIXED_CURRICULUM,CONCURRENT,,
23,results/stage23_markov_continuous/long/seed_05/run_plan.json,run_plan.json,MARKOV_CONTINUOUS_FORMAL_TRAINING,NOT_REPORTED,,Training only; the fresh locked test follows cohort freeze.,,,2000,
23,results/stage23_markov_continuous/long/seed_05/stage23_ppo.summary.json,stage23_ppo.summary.json,MARKOV_CONTINUOUS_SMDP_PPO_V3_TRAINING_RUN,PASS,True,Training completed; held-out acceptance is still required.,MIXED_CURRICULUM,CONCURRENT,2000,8000
23,results/stage23_markov_continuous/long/seed_05/warm_start.summary.json,warm_start.summary.json,CONTEXT_CONDITIONED_POLICY_WARM_START,PASS,True,,MIXED_CURRICULUM,CONCURRENT,,
23,results/stage23_markov_continuous/long/seed_06/run_plan.json,run_plan.json,MARKOV_CONTINUOUS_FORMAL_TRAINING,NOT_REPORTED,,Training only; the fresh locked test follows cohort freeze.,,,2000,
23,results/stage23_markov_continuous/long/seed_06/stage23_ppo.summary.json,stage23_ppo.summary.json,MARKOV_CONTINUOUS_SMDP_PPO_V3_TRAINING_RUN,PASS,True,Training completed; held-out acceptance is still required.,MIXED_CURRICULUM,CONCURRENT,2000,8000
23,results/stage23_markov_continuous/long/seed_06/warm_start.summary.json,warm_start.summary.json,CONTEXT_CONDITIONED_POLICY_WARM_START,PASS,True,,MIXED_CURRICULUM,CONCURRENT,,
23,results/stage23_markov_continuous/long/seed_07/run_plan.json,run_plan.json,MARKOV_CONTINUOUS_FORMAL_TRAINING,NOT_REPORTED,,Training only; the fresh locked test follows cohort freeze.,,,2000,
23,results/stage23_markov_continuous/long/seed_07/stage23_ppo.summary.json,stage23_ppo.summary.json,MARKOV_CONTINUOUS_SMDP_PPO_V3_TRAINING_RUN,PASS,True,Training completed; held-out acceptance is still required.,MIXED_CURRICULUM,CONCURRENT,2000,8000
23,results/stage23_markov_continuous/long/seed_07/warm_start.summary.json,warm_start.summary.json,CONTEXT_CONDITIONED_POLICY_WARM_START,PASS,True,,MIXED_CURRICULUM,CONCURRENT,,
23,results/stage23_markov_continuous/long/seed_08/run_plan.json,run_plan.json,MARKOV_CONTINUOUS_FORMAL_TRAINING,NOT_REPORTED,,Training only; the fresh locked test follows cohort freeze.,,,2000,
23,results/stage23_markov_continuous/long/seed_08/stage23_ppo.summary.json,stage23_ppo.summary.json,MARKOV_CONTINUOUS_SMDP_PPO_V3_TRAINING_RUN,PASS,True,Training completed; held-out acceptance is still required.,MIXED_CURRICULUM,CONCURRENT,2000,8000
23,results/stage23_markov_continuous/long/seed_08/warm_start.summary.json,warm_start.summary.json,CONTEXT_CONDITIONED_POLICY_WARM_START,PASS,True,,MIXED_CURRICULUM,CONCURRENT,,
23,results/stage23_markov_continuous/long/seed_09/run_plan.json,run_plan.json,MARKOV_CONTINUOUS_FORMAL_TRAINING,NOT_REPORTED,,Training only; the fresh locked test follows cohort freeze.,,,2000,
23,results/stage23_markov_continuous/long/seed_09/stage23_ppo.summary.json,stage23_ppo.summary.json,MARKOV_CONTINUOUS_SMDP_PPO_V3_TRAINING_RUN,PASS,True,Training completed; held-out acceptance is still required.,MIXED_CURRICULUM,CONCURRENT,2000,8000
23,results/stage23_markov_continuous/long/seed_09/warm_start.summary.json,warm_start.summary.json,CONTEXT_CONDITIONED_POLICY_WARM_START,PASS,True,,MIXED_CURRICULUM,CONCURRENT,,
23,results/stage23_markov_continuous/long/seed_10/run_plan.json,run_plan.json,MARKOV_CONTINUOUS_FORMAL_TRAINING,NOT_REPORTED,,Training only; the fresh locked test follows cohort freeze.,,,2000,
23,results/stage23_markov_continuous/long/seed_10/stage23_ppo.summary.json,stage23_ppo.summary.json,MARKOV_CONTINUOUS_SMDP_PPO_V3_TRAINING_RUN,PASS,True,Training completed; held-out acceptance is still required.,MIXED_CURRICULUM,CONCURRENT,2000,8000
23,results/stage23_markov_continuous/long/seed_10/warm_start.summary.json,warm_start.summary.json,CONTEXT_CONDITIONED_POLICY_WARM_START,PASS,True,,MIXED_CURRICULUM,CONCURRENT,,
23,results/stage23_markov_continuous/long/stage23_campaign_01_05.status.json,stage23_campaign_01_05.status.json,MARKOV_CONTINUOUS_FORMAL_TRAINING_CAMPAIGN,NOT_REPORTED,,Training only. Locked test seeds remain forbidden until all ten terminal weights are frozen.,,,,
23,results/stage23_markov_continuous/long/stage23_campaign_06_10.status.json,stage23_campaign_06_10.status.json,MARKOV_CONTINUOUS_FORMAL_TRAINING_CAMPAIGN,NOT_REPORTED,,Training only. Locked test seeds remain forbidden until all ten terminal weights are frozen.,,,,
23,results/stage23_markov_continuous/pilot/seed_01/run_plan.json,run_plan.json,MARKOV_CONTINUOUS_PILOT,NOT_REPORTED,,Pilot optimization and provenance only; no performance claim.,,,50,
23,results/stage23_markov_continuous/pilot/seed_01/stage23_ppo.summary.json,stage23_ppo.summary.json,MARKOV_CONTINUOUS_SMDP_PPO_V3_TRAINING_RUN,PASS,True,Training completed; held-out acceptance is still required.,MIXED_CURRICULUM,CONCURRENT,50,100
23,results/stage23_markov_continuous/pilot/seed_01/warm_start.summary.json,warm_start.summary.json,CONTEXT_CONDITIONED_POLICY_WARM_START,PASS,True,,MIXED_CURRICULUM,CONCURRENT,,
23,results/stage23_markov_continuous/pilot/seed_02/run_plan.json,run_plan.json,MARKOV_CONTINUOUS_PILOT,NOT_REPORTED,,Pilot optimization and provenance only; no performance claim.,,,50,
23,results/stage23_markov_continuous/pilot/seed_02/stage23_ppo.summary.json,stage23_ppo.summary.json,MARKOV_CONTINUOUS_SMDP_PPO_V3_TRAINING_RUN,PASS,True,Training completed; held-out acceptance is still required.,MIXED_CURRICULUM,CONCURRENT,50,100
23,results/stage23_markov_continuous/pilot/seed_02/warm_start.summary.json,warm_start.summary.json,CONTEXT_CONDITIONED_POLICY_WARM_START,PASS,True,,MIXED_CURRICULUM,CONCURRENT,,
23,results/stage23_markov_continuous/pilot/seed_03/run_plan.json,run_plan.json,MARKOV_CONTINUOUS_PILOT,NOT_REPORTED,,Pilot optimization and provenance only; no performance claim.,,,50,
23,results/stage23_markov_continuous/pilot/seed_03/stage23_ppo.summary.json,stage23_ppo.summary.json,MARKOV_CONTINUOUS_SMDP_PPO_V3_TRAINING_RUN,PASS,True,Training completed; held-out acceptance is still required.,MIXED_CURRICULUM,CONCURRENT,50,100
23,results/stage23_markov_continuous/pilot/seed_03/warm_start.summary.json,warm_start.summary.json,CONTEXT_CONDITIONED_POLICY_WARM_START,PASS,True,,MIXED_CURRICULUM,CONCURRENT,,
23,results/stage23_markov_continuous/pilot/stage23_markov_continuous_pilot_gate.json,stage23_markov_continuous_pilot_gate.json,THREE_SEED_OPTIMIZATION_PILOT,PASS,True,"Optimization stability, safety and provenance only. The pilot is underpowered and is not a formal performance comparison.",,,,
23,results/stage23_markov_continuous/resume_equivalence/split.summary.json,split.summary.json,SHORT_MARKOV_CONTINUOUS_SMDP_PPO_V3_SMOKE,PASS,True,Interface smoke only; not a convergence claim.,MIXED_CURRICULUM,CONCURRENT,4,4
23,results/stage23_markov_continuous/resume_equivalence/stage23_resume_equivalence_gate.json,stage23_resume_equivalence_gate.json,EXACT_INTERRUPTED_RESUME_EQUIVALENCE,PASS,True,Four-update deterministic engineering test; not a learning performance claim.,,,,
23,results/stage23_markov_continuous/resume_equivalence/uninterrupted.summary.json,uninterrupted.summary.json,SHORT_MARKOV_CONTINUOUS_SMDP_PPO_V3_SMOKE,PASS,True,Interface smoke only; not a convergence claim.,MIXED_CURRICULUM,CONCURRENT,4,4
14,results/stage23_markov_continuous/smoke/stage23_markov_v3_smoke.summary.json,stage23_markov_v3_smoke.summary.json,SHORT_SMDP_PPO_REWARD_V2_SMOKE,PASS,True,Interface smoke only; not a convergence claim.,MIXED_CURRICULUM,CONCURRENT,2,2
23,results/stage23_markov_continuous/smoke/stage23_markov_v3_warm_ppo_smoke.summary.json,stage23_markov_v3_warm_ppo_smoke.summary.json,SHORT_MARKOV_CONTINUOUS_SMDP_PPO_V3_SMOKE,PASS,True,Interface smoke only; not a convergence claim.,MIXED_CURRICULUM,CONCURRENT,2,2
23,results/stage23_markov_continuous/smoke/stage23_markov_v3_warm_start.summary.json,stage23_markov_v3_warm_start.summary.json,CONTEXT_CONDITIONED_POLICY_WARM_START,PASS,True,,MIXED_CURRICULUM,CONCURRENT,,
23,results/stage23_markov_continuous/stage23_locked_test_summary.json,stage23_locked_test_summary.json,,PASS,True,Run-once held-out logical-simulator comparison of all ten frozen training seeds. Guardrails are descriptive because no noninferiority margins were preregistered.,,,,
23,results/stage23_markov_continuous/stage23_markov_continuous_interface_gate.json,stage23_markov_continuous_interface_gate.json,MARKOV_CONTINUOUS_INTERFACE_AND_PROVENANCE_GATE,PASS,True,"Interface, deterministic-contract, provenance and safety gate only; not a convergence or performance claim.",,,,
24,results/stage24_rolling_optimizer/interface_gate/stage24_optimizer_interface_gate.json,stage24_optimizer_interface_gate.json,ROLLING_OPTIMIZER_CAUSAL_INTERFACE_V1,PASS,True,"Interface, causality, determinism, safety and fallback gate only; not a performance, optimality or formal locked-test claim.",,,,
24,results/stage24_rolling_optimizer/pilot/stage24_optimizer_paired_pilot_summary.json,stage24_optimizer_paired_pilot_summary.json,,PASS,True,Development evidence only. This pilot may select the compute budget but cannot support a formal performance claim.,,,,
24,results/stage24_rolling_optimizer/pilot/stage24_optimizer_smoke_1ep_seed72110000.json,stage24_optimizer_smoke_1ep_seed72110000.json,ROLLING_OPTIMIZER_NONFORMAL_SMOKE,FAIL,False,Non-formal pilot only. Seeds may be used for implementation debugging and must not be reused for the formal locked test.,,CONCURRENT,,
24,results/stage24_rolling_optimizer/pilot/stage24_optimizer_smoke_20ep_seed72111000.json,stage24_optimizer_smoke_20ep_seed72111000.json,ROLLING_OPTIMIZER_NONFORMAL_SMOKE,PASS,True,Non-formal pilot only. Seeds may be used for implementation debugging and must not be reused for the formal locked test.,,CONCURRENT,,
24,results/stage24_rolling_optimizer/pilot/stage24_optimizer_smoke_3ep_seed72110001.json,stage24_optimizer_smoke_3ep_seed72110001.json,ROLLING_OPTIMIZER_NONFORMAL_SMOKE,PASS,True,Non-formal pilot only. Seeds may be used for implementation debugging and must not be reused for the formal locked test.,,CONCURRENT,,
25,results/stage25_causal_online/gates/stage25_causal_interface_gate.json,stage25_causal_interface_gate.json,CAUSAL_RELEASED_V4_INTERFACE_AND_INVARIANCE_GATE,PASS,True,Interface and causal-invariance evidence only; no learned-policy performance or convergence claim.,,,,
25,results/stage25_causal_online/long/seed_01/sentinel_fresh_validation.json,sentinel_fresh_validation.json,CAUSAL_RELEASED_V4_FRESH_SEED_SAFETY_VALIDATION,PASS,True,Fresh-seed safety/interface validation only. A smoke-trained checkpoint is not used for a performance claim.,,,,
25,results/stage25_causal_online/long/seed_01/sentinel_quality_gate.json,sentinel_quality_gate.json,CAUSAL_RELEASED_V4_SENTINEL_EXPANSION_GATE,FAIL,False,Controls whether seeds 02-10 may start. It is not a formal locked-test superiority claim.,,,,
25,results/stage25_causal_online/long/seed_01/stage25_causal_ppo.summary.json,stage25_causal_ppo.summary.json,CAUSAL_RELEASED_V4_PPO_TRAINING_RUN,FAIL,False,Training only; independent locked-test acceptance is required.,MIXED_CURRICULUM,CONCURRENT,2000,8000
25,results/stage25_causal_online/resume_gate/stage25_resume.summary.json,stage25_resume.summary.json,SHORT_CAUSAL_RELEASED_V4_PPO_SMOKE,PASS,True,Causal interface smoke only; no convergence or superiority claim.,MIXED_CURRICULUM,CONCURRENT,2,2
25,results/stage25_causal_online/smoke/stage25_causal_smoke.summary.json,stage25_causal_smoke.summary.json,SHORT_CAUSAL_RELEASED_V4_PPO_SMOKE,PASS,True,Causal interface smoke only; no convergence or superiority claim.,MIXED_CURRICULUM,CONCURRENT,2,4
25,results/stage25_causal_online/smoke_v2_task_keyed/stage25_causal_smoke.summary.json,stage25_causal_smoke.summary.json,SHORT_CAUSAL_RELEASED_V4_PPO_SMOKE,PASS,True,Causal interface smoke only; no convergence or superiority claim.,MIXED_CURRICULUM,CONCURRENT,2,4
25,results/stage25_causal_online/validation/stage25_causal_smoke_fresh_validation.json,stage25_causal_smoke_fresh_validation.json,CAUSAL_RELEASED_V4_FRESH_SEED_SAFETY_VALIDATION,PASS,True,Fresh-seed safety/interface validation only. A smoke-trained checkpoint is not used for a performance claim.,,,,
25,results/stage25_causal_online/validation/stage25_causal_smoke_v2_task_keyed_fresh_validation.json,stage25_causal_smoke_v2_task_keyed_fresh_validation.json,CAUSAL_RELEASED_V4_FRESH_SEED_SAFETY_VALIDATION,PASS,True,Fresh-seed safety/interface validation only. A smoke-trained checkpoint is not used for a performance claim.,,,,
5,results/stage5/stage5_go2_fixed_160.summary.json,stage5_go2_fixed_160.summary.json,,NOT_REPORTED,,,,,,
5,results/stage5/stage5_go2_fixed_smoke.summary.json,stage5_go2_fixed_smoke.summary.json,,NOT_REPORTED,,,,,,
5,results/stage5/stage5_smoke.summary.json,stage5_smoke.summary.json,,NOT_REPORTED,,,,,,
6,results/stage6/stage6_cargo_fixed_600.summary.json,stage6_cargo_fixed_600.summary.json,,NOT_REPORTED,,,,,,
6,results/stage6/stage6_fixed_30.summary.json,stage6_fixed_30.summary.json,,NOT_REPORTED,,,,,,
6,results/stage6/stage6_fixed_smoke.summary.json,stage6_fixed_smoke.summary.json,,NOT_REPORTED,,,,,,
7,results/stage7/stage7_cargo_ownership_fixed_200.summary.json,stage7_cargo_ownership_fixed_200.summary.json,,NOT_REPORTED,,,,,,
8,results/stage8/stage8_handover_fixed_300.summary.json,stage8_handover_fixed_300.summary.json,,NOT_REPORTED,,,,,,
9,results/stage9/stage9_failure_recovery_fixed_350.summary.json,stage9_failure_recovery_fixed_350.summary.json,,NOT_REPORTED,,,,,,
