stage,source_path,profile,condition,seed,endpoint,loss,actor_loss,value_loss,entropy,update,episodes_trained,rollout_steps,rollout_mean_reward,approximate_kl,clip_fraction,gradient_norm,rollout_completed,rollout_failed,rollout_peak_active_tasks,raw_episode_reward_mean,raw_reward_mean,normalized_reward_mean,normalized_reward_std,return_normalizer_variance
14,results/stage14/context_warm_start/stage14_context_policy_warm_start.history.json,,context_warm_start,,first,2.407432518005371,2.407432518005371,0.09262365981936455,2.7000932598114016,,,,,,,,,,,,,,,
14,results/stage14/context_warm_start/stage14_context_policy_warm_start.history.json,,context_warm_start,,last,0.14178509756922722,0.14178509756922722,0.18946742296218871,0.2498744398355484,,,,,,,,,,,,,,,
14,results/stage14/ppo/long/realistic_concurrent_medium/stage14_realistic_concurrent_medium.history.json,MEDIUM,realistic_concurrent_medium,,first,11.014504164457321,0.005077390582300723,22.036876767873764,0.901158731081523,1,4,236,22.40528196840877,0.0003831263354072689,0.0,10.232786893844604,77,3,3,,,,,
14,results/stage14/ppo/long/realistic_concurrent_medium/stage14_realistic_concurrent_medium.history.json,MEDIUM,realistic_concurrent_medium,,last,0.5260027634576545,-0.005911509273573756,1.0688502676784992,0.2510862385388464,250,1000,236,37.29113459318583,0.006304252328845905,0.02701822924427688,9.915781669318676,79,1,2,,,,,
14,results/stage14/ppo/long/realistic_concurrent_medium_reward_v2_context_v2/stage14_realistic_concurrent_medium_reward_v2_context_v2.history.json,MEDIUM,realistic_concurrent_medium_reward_v2_context_v2,,first,0.2773597594932653,0.003389183431863785,0.5548449452035129,0.3451891985243236,1,4,235,17.91965289057023,0.2101527820235457,0.08664772752672434,2.6320277843624353,77,3,2,17.91965289057023,0.3050154149532318,0.08611515164375305,0.35249826312065125,12.54539450262722
14,results/stage14/ppo/long/realistic_concurrent_medium_reward_v2_context_v2/stage14_realistic_concurrent_medium_reward_v2_context_v2.history.json,MEDIUM,realistic_concurrent_medium_reward_v2_context_v2,,last,0.13735130109125748,0.002503924159100279,0.2763773729093373,0.33413087273947895,2000,8000,235,12.639014036534016,0.012522497010650113,0.09019886422902346,2.2290060594677925,72,8,2,12.639014036534016,0.21513217687606812,0.05777657777070999,0.363435834646225,13.864587048088001
14,results/stage14/ppo/long/realistic_serial_medium_reward_v2_context_v2/stage14_realistic_serial_medium_reward_v2_context_v2.history.json,MEDIUM,realistic_serial_medium_reward_v2_context_v2,,first,0.44434761120937766,-0.031216335017234087,0.9540834560990333,0.14777898966078473,1,4,132,15.115482093887485,0.031713225366547707,0.0796875,3.862572430074215,77,3,1,15.115482093887485,0.4580449163913727,0.14092876017093658,0.40053826570510864,10.563719297183265
14,results/stage14/ppo/long/realistic_serial_medium_reward_v2_context_v2/stage14_realistic_serial_medium_reward_v2_context_v2.history.json,MEDIUM,realistic_serial_medium_reward_v2_context_v2,,last,0.1673315125517547,-0.008681385545060039,0.3682400155812502,0.8107109777629375,2000,8000,126,10.669269156248824,-5.6524440879002213e-05,0.04375000041909516,2.505737081170082,73,7,1,10.669269156248824,0.33870697021484375,0.09581643342971802,0.47035959362983704,12.495918490140214
14,results/stage14/ppo/smoke/stage14_realistic_concurrent_medium_reward_v2_smoke.history.json,MEDIUM,stage14_realistic_concurrent_medium_reward_v2_smoke,,first,0.3545507052913308,-0.014574491768144071,0.7563207447528839,0.9035176448523998,1,2,118,3.982469374901867,-0.000923301005968824,0.0,0.4315930977463722,39,1,2,,0.06749948114156723,0.018639229238033295,0.38877418637275696,13.114294512629819
14,results/stage14/ppo/smoke/stage14_realistic_concurrent_medium_reward_v2_smoke.history.json,MEDIUM,stage14_realistic_concurrent_medium_reward_v2_smoke,,last,0.1837092509958893,-0.011357968673110008,0.4088890850543976,0.9377323910593987,20,40,117,1.1984376641099685,-0.0008182252568076365,0.0,0.35661502182483673,38,2,2,,0.020486118271946907,0.003929635975509882,0.27692797780036926,27.177795343343206
14,results/stage14/ppo/smoke/stage14_realistic_concurrent_medium_smoke.history.json,MEDIUM,stage14_realistic_concurrent_medium_smoke,,first,14.28071117401123,-0.01079816510900855,28.602417945861816,0.9699936285614967,1,2,116,22.44384976700316,0.0002809542681916355,0.0,10.609977006912231,39,1,2,,,,,
14,results/stage14/ppo/smoke/stage14_realistic_concurrent_medium_smoke.history.json,MEDIUM,stage14_realistic_concurrent_medium_smoke,,last,14.25836730003357,0.00771215814165771,28.520359754562378,0.9524607807397842,2,4,118,26.393020251935894,-0.00041570168104954064,0.0,15.46939766407013,39,1,2,,,,,
14,results/stage14/ppo/smoke/stage14_smdp_ppo_concurrent_medium.history.json,MEDIUM,stage14_smdp_ppo_concurrent_medium,,first,14.28071117401123,-0.01079816510900855,28.602417945861816,0.9699936285614967,1,2,116,22.44384976700316,0.0002809542681916355,0.0,10.609977006912231,39,1,2,,,,,
14,results/stage14/ppo/smoke/stage14_smdp_ppo_concurrent_medium.history.json,MEDIUM,stage14_smdp_ppo_concurrent_medium,,last,14.25836730003357,0.00771215814165771,28.520359754562378,0.9524607807397842,2,4,118,26.393020251935894,-0.00041570168104954064,0.0,15.46939766407013,39,1,2,,,,,
14,results/stage14/ppo/smoke/stage14_smdp_ppo_mixed_medium.history.json,MEDIUM,stage14_smdp_ppo_mixed_medium,,first,10.653112332026163,-0.0036152576406796775,21.341731389363606,1.4138038754463196,1,2,82,15.50983279081969,0.0004103761554385225,0.0,7.050779024759929,38,2,2,,,,,
14,results/stage14/ppo/smoke/stage14_smdp_ppo_mixed_medium.history.json,MEDIUM,stage14_smdp_ppo_mixed_medium,,last,16.3376145362854,-0.021780415438115597,32.74695332845052,1.4081256190935771,2,4,82,20.26187750243475,0.00011145765893161297,0.0,14.53577184677124,39,1,2,,,,,
14,results/stage14/ppo/smoke/stage14_smdp_ppo_serial_medium.history.json,MEDIUM,stage14_smdp_ppo_serial_medium,,first,5.562080264091492,0.008049069525441155,11.158543586730957,2.524042844772339,1,2,49,8.651293571473069,0.001528875291114673,0.0,3.7828546166419983,39,1,0,,,,,
14,results/stage14/ppo/smoke/stage14_smdp_ppo_serial_medium.history.json,MEDIUM,stage14_smdp_ppo_serial_medium,,last,17.261189937591553,0.015801241621375084,34.54036092758179,2.479172468185425,2,4,48,15.84260998456638,-0.0005374923348426819,0.0,10.837505340576172,39,1,0,,,,,
14,results/stage14/ppo/smoke_context_v2/stage14_context_v2_reward_v2_smoke.history.json,,smoke_context_v2,,first,0.4948851875960827,0.007177574327215552,0.9782792143523693,0.14319921657443047,1,2,118,17.580233244746736,0.05276999523630366,0.06569602340459824,4.813968047499657,39,1,2,17.580233244746736,0.29797008633613586,0.08531533181667328,0.366820365190506,12.198070988009201
14,results/stage14/ppo/smoke_context_v2/stage14_context_v2_reward_v2_smoke.history.json,,smoke_context_v2,,last,0.45278589241206646,0.0028794966638088226,0.9089460372924805,0.4566624667495489,5,10,117,16.9549143553543,0.0046178731572581455,0.0234375,1.4710665196180344,39,1,2,16.9549143553543,0.2898275852203369,0.08049062639474869,0.3426058292388916,12.965486058199549
14,results/stage14/ppo/smoke_serial_context_v2/stage14_serial_context_v2_smoke.history.json,,smoke_serial_context_v2,,first,0.8030279725790024,-0.004662258550524712,1.6198086440563202,0.2214100193232298,1,2,64,15.750925390669597,0.03593092551454902,0.09375,7.944787442684174,39,1,1,15.750925390669597,0.49221640825271606,0.16037285327911377,0.4153001606464386,9.419990183297378
14,results/stage14/ppo/smoke_serial_context_v2/stage14_serial_context_v2_smoke.history.json,,smoke_serial_context_v2,,last,0.18309987134610614,-0.14693358323226371,0.6630020647620162,0.14675744173425476,5,10,65,15.14693504391813,0.0034488684808214507,0.015625,3.8490473652879396,38,2,1,15.14693504391813,0.46605953574180603,0.1431797444820404,0.40849897265434265,10.595455041314349
14,results/stage14/stage14_candidate_policy_smoke.history.json,,stage14,,first,3.3308496189117434,2.703059883117676,2.511158777475357,2.829540882110596,,,,,,,,,,,,,,,
14,results/stage14/stage14_candidate_policy_smoke.history.json,,stage14,,last,1.0106226539611816,0.6406988286972046,1.4796953058242799,0.7180381321907043,,,,,,,,,,,,,,,
16,results/stage16/stage16_seed_protocol_training_smoke.history.json,,stage16,,first,0.48888660967350006,-0.00549234077334404,1.0071532726287842,0.9197686314582825,1,1,57,-1.3058386482933884,3.3536256523802876e-05,0.0,0.2813410460948944,20,0,2,-1.3058386482933884,-0.02290945313870907,-0.006924776826053858,0.4209701120853424,10.945042902755702
16,results/stage16/stage16_seed_protocol_training_smoke.history.json,,stage16,,last,0.48888660967350006,-0.00549234077334404,1.0071532726287842,0.9197686314582825,1,1,57,-1.3058386482933884,3.3536256523802876e-05,0.0,0.2813410460948944,20,0,2,-1.3058386482933884,-0.02290945313870907,-0.006924776826053858,0.4209701120853424,10.945042902755702
17,results/stage17/smoke/stage17_fixed_gamma_smoke.history.json,,stage17_fixed_gamma_smoke,,first,0.265489187091589,-0.010840587317943573,0.5710858851671219,0.9213169515132904,1,1,59,-10.92543946211205,0.00017397032934240997,0.0,0.9420070052146912,19,1,2,-10.92543946211205,-0.18517695367336273,-0.02578655257821083,0.2159433364868164,51.56882826297065
17,results/stage17/smoke/stage17_fixed_gamma_smoke.history.json,,stage17_fixed_gamma_smoke,,last,0.265489187091589,-0.010840587317943573,0.5710858851671219,0.9213169515132904,1,1,59,-10.92543946211205,0.00017397032934240997,0.0,0.9420070052146912,19,1,2,-10.92543946211205,-0.18517695367336273,-0.02578655257821083,0.2159433364868164,51.56882826297065
17,results/stage17/smoke/stage17_flat_masked_ppo_smoke.history.json,,stage17_flat_masked_ppo_smoke,,first,0.3420533984899521,0.00593934953212738,0.6906642019748688,0.9218053817749023,1,1,58,-15.097417556391001,1.839784818002954e-05,0.0,1.6435110569000244,19,1,2,-15.097417556391001,-0.26030033826828003,-0.0418386347591877,0.24856874346733093,38.70744181734638
17,results/stage17/smoke/stage17_flat_masked_ppo_smoke.history.json,,stage17_flat_masked_ppo_smoke,,last,0.3420533984899521,0.00593934953212738,0.6906642019748688,0.9218053817749023,1,1,58,-15.097417556391001,1.839784818002954e-05,0.0,1.6435110569000244,19,1,2,-15.097417556391001,-0.26030033826828003,-0.0418386347591877,0.24856874346733093,38.70744181734638
17,results/stage17/smoke/stage17_full_context_v2_smoke.history.json,,stage17_full_context_v2_smoke,,first,0.25985998287796974,-0.009708523750305176,0.5575635433197021,0.9213265776634216,1,1,59,-10.92543946211205,-0.00012899345892947167,0.0,0.8789357841014862,19,1,2,-10.92543946211205,-0.18517695367336273,-0.027447305619716644,0.2298509180545807,45.51708291281032
17,results/stage17/smoke/stage17_full_context_v2_smoke.history.json,,stage17_full_context_v2_smoke,,last,0.25985998287796974,-0.009708523750305176,0.5575635433197021,0.9213265776634216,1,1,59,-10.92543946211205,-0.00012899345892947167,0.0,0.8789357841014862,19,1,2,-10.92543946211205,-0.18517695367336273,-0.027447305619716644,0.2298509180545807,45.51708291281032
17,results/stage17/smoke/stage17_no_handover_cues_smoke.history.json,,stage17_no_handover_cues_smoke,,first,0.25995827093720436,-0.009610194712877274,0.5575636178255081,0.9213345944881439,1,1,59,-10.92543946211205,-6.319282692857087e-05,0.0,0.8787315189838409,19,1,2,-10.92543946211205,-0.18517695367336273,-0.027447305619716644,0.2298509180545807,45.51708291281032
17,results/stage17/smoke/stage17_no_handover_cues_smoke.history.json,,stage17_no_handover_cues_smoke,,last,0.25995827093720436,-0.009610194712877274,0.5575636178255081,0.9213345944881439,1,1,59,-10.92543946211205,-6.319282692857087e-05,0.0,0.8787315189838409,19,1,2,-10.92543946211205,-0.18517695367336273,-0.027447305619716644,0.2298509180545807,45.51708291281032
17,results/stage17/smoke/stage17_no_persistent_position_smoke.history.json,,stage17_no_persistent_position_smoke,,first,0.266435444355011,-0.009744025766849518,0.5707856267690659,0.9213331937789917,1,1,59,-10.92543946211205,-0.00022945029195398092,0.0,0.8209600448608398,19,1,2,-10.92543946211205,-0.18517695367336273,-0.027447305619716644,0.2298509180545807,45.51708291281032
17,results/stage17/smoke/stage17_no_persistent_position_smoke.history.json,,stage17_no_persistent_position_smoke,,last,0.266435444355011,-0.009744025766849518,0.5707856267690659,0.9213331937789917,1,1,59,-10.92543946211205,-0.00022945029195398092,0.0,0.8209600448608398,19,1,2,-10.92543946211205,-0.18517695367336273,-0.027447305619716644,0.2298509180545807,45.51708291281032
17,results/stage17/smoke/stage17_no_queue_resource_smoke.history.json,,stage17_no_queue_resource_smoke,,first,0.26123595982789993,-0.009633980691432953,0.5601664185523987,0.9213269054889679,1,1,59,-10.92543946211205,-0.00012945797061547637,0.0,0.8895127475261688,19,1,2,-10.92543946211205,-0.18517695367336273,-0.027447305619716644,0.2298509180545807,45.51708291281032
17,results/stage17/smoke/stage17_no_queue_resource_smoke.history.json,,stage17_no_queue_resource_smoke,,last,0.26123595982789993,-0.009633980691432953,0.5601664185523987,0.9213269054889679,1,1,59,-10.92543946211205,-0.00012945797061547637,0.0,0.8895127475261688,19,1,2,-10.92543946211205,-0.18517695367336273,-0.027447305619716644,0.2298509180545807,45.51708291281032
18,results/stage18/full_context_v2/seed_01/stage18_ppo.history.json,,seed_01,1,first,0.26888169524318073,0.014659993874374777,0.5136140221729875,0.25853055421891086,1,4,235,15.705835824474413,0.12035901868313559,0.11851917672902346,2.046532414853573,76,4,2,15.705835824474413,0.26733338832855225,0.07416822016239166,0.3651135563850403,12.991840157646196
18,results/stage18/full_context_v2/seed_01/stage18_ppo.history.json,,seed_01,1,last,0.01107970965676941,-0.013974286208394915,0.056609715858940035,0.3250863035354996,2000,8000,234,19.064189283299118,0.014580925948393997,0.04511718754656613,1.6011854829266667,79,1,2,19.064189283299118,0.3258835971355438,0.08823658525943756,0.33912599086761475,13.640410062596851
18,results/stage18/full_context_v2/seed_01/warm_start.history.json,,seed_01,1,first,2.3968116283416747,2.3968116283416747,0.0916158322431147,2.707450103759766,,,,,,,,,,,,,,,
18,results/stage18/full_context_v2/seed_01/warm_start.history.json,,seed_01,1,last,0.13441327638924122,0.13441327638924122,0.0909724379144609,0.24874622464179993,,,,,,,,,,,,,,,
18,results/stage18/full_context_v2/seed_02/stage18_ppo.history.json,,seed_02,2,first,0.18092908963444643,-0.008438357675913721,0.38363305013626814,0.24490798462647945,1,4,234,17.768722722243446,0.0794991516522714,0.07988281268626451,1.652516053058207,78,2,2,17.768722722243446,0.3037388324737549,0.08437462896108627,0.34905970096588135,12.959161130732268
18,results/stage18/full_context_v2/seed_02/stage18_ppo.history.json,,seed_02,2,last,0.011678792361635715,-0.029789076244924217,0.08927166956709698,0.3167964802123606,2000,8000,236,16.35044721193215,-0.004529349564108998,0.056966146221384406,1.5197998685762286,76,4,2,16.35044721193215,0.2771262228488922,0.0755377933382988,0.34871405363082886,13.45942632762215
18,results/stage18/full_context_v2/seed_02/warm_start.history.json,,seed_02,2,first,2.354656753540039,2.354656753540039,0.2135289067029953,2.6905228233337404,,,,,,,,,,,,,,,
18,results/stage18/full_context_v2/seed_02/warm_start.history.json,,seed_02,2,last,0.1447827398777008,0.1447827398777008,0.32826406836509703,0.28118428111076355,,,,,,,,,,,,,,,
18,results/stage18/full_context_v2/seed_03/stage18_ppo.history.json,,seed_03,3,first,0.2618281888135243,-0.006586399511434138,0.5430391738191247,0.31049955421445463,1,4,235,16.250843131142943,0.20557982532773167,0.1206498583778739,1.6830439607147127,75,5,2,16.250843131142943,0.2766101062297821,0.08229564875364304,0.38511157035827637,11.29749872450095
18,results/stage18/full_context_v2/seed_03/stage18_ppo.history.json,,seed_03,3,last,0.023611550277564675,-0.029323468334041536,0.11284990597050637,0.3489934836397879,2000,8000,235,17.926119050046072,0.004641264071324258,0.05166903417557478,1.1808544574305415,78,2,2,17.926119050046072,0.3051254451274872,0.08218532800674438,0.3537796139717102,13.783774402358782
18,results/stage18/full_context_v2/seed_03/warm_start.history.json,,seed_03,3,first,2.357128438949585,2.357128438949585,0.024169855341315268,2.668266563415527,,,,,,,,,,,,,,,
18,results/stage18/full_context_v2/seed_03/warm_start.history.json,,seed_03,3,last,0.13919935882091522,0.13919935882091522,0.030955900400877,0.2671688771247864,,,,,,,,,,,,,,,
18,results/stage18/full_context_v2/seed_04/stage18_ppo.history.json,,seed_04,4,first,0.29594667107448913,0.006850918056443334,0.5802450878545642,0.10267951694550224,1,4,234,19.81915262694101,0.015114838402951136,0.04042968759313226,2.0463502248749137,79,1,2,19.81915262694101,0.3387889266014099,0.09404516965150833,0.33123183250427246,12.977334910303867
18,results/stage18/full_context_v2/seed_04/stage18_ppo.history.json,,seed_04,4,last,0.06189569578418741,-0.0018377915257588029,0.13399474695324898,0.3263887094799429,2000,8000,236,15.165512358574592,0.01786077739961911,0.051432291977107525,1.860274544917047,77,3,2,15.165512358574592,0.2570425868034363,0.06976964324712753,0.3319300711154938,13.573041828852059
18,results/stage18/full_context_v2/seed_04/warm_start.history.json,,seed_04,4,first,2.3733275032043455,2.3733275032043455,0.09627053052186967,2.661427183151245,,,,,,,,,,,,,,,
18,results/stage18/full_context_v2/seed_04/warm_start.history.json,,seed_04,4,last,0.13763103067874907,0.13763103067874907,0.06393319487571716,0.26205050587654116,,,,,,,,,,,,,,,
18,results/stage18/full_context_v2/seed_05/stage18_ppo.history.json,,seed_05,5,first,0.33367881330195814,0.0048068094765767455,0.6592612965032458,0.07586418533948258,1,4,235,14.829079103005924,0.012326821833084978,0.0283203125,1.757739080581814,75,5,2,14.829079103005924,0.25240984559059143,0.07320346683263779,0.3640814423561096,11.889109330862548
18,results/stage18/full_context_v2/seed_05/stage18_ppo.history.json,,seed_05,5,last,0.04537225874082651,-0.021370317961554974,0.14020499074831605,0.3359916510526091,2000,8000,236,15.693208252475364,0.002064812397293281,0.049479166977107525,1.2245906740427017,75,5,2,15.693208252475364,0.2659865915775299,0.0720202699303627,0.351857453584671,13.639860376061423
18,results/stage18/full_context_v2/seed_05/warm_start.history.json,,seed_05,5,first,2.297742338180542,2.297742338180542,0.13259812876582144,2.636711149215698,,,,,,,,,,,,,,,
18,results/stage18/full_context_v2/seed_05/warm_start.history.json,,seed_05,5,last,0.1649107074737549,0.1649107074737549,0.13030819714069367,0.2881595313549042,,,,,,,,,,,,,,,
18,results/stage18/full_context_v2/seed_06/stage18_ppo.history.json,,seed_06,6,first,0.24887601466616616,-0.005912203865591437,0.5129987851250917,0.17111742543292507,1,4,236,16.215644911808184,0.05793355751181206,0.08984374976716936,1.7089386706938967,76,4,2,16.215644911808184,0.27484142780303955,0.08270591497421265,0.37653446197509766,11.0431072923244
18,results/stage18/full_context_v2/seed_06/stage18_ppo.history.json,,seed_06,6,last,0.043521315237740055,0.0017512617632746696,0.09163578285370022,0.4047837849939242,2000,8000,234,17.82728931827463,-0.0016561571028432809,0.06875000009313226,1.038495620712638,79,1,2,17.82728931827463,0.30473998188972473,0.08237454295158386,0.35633113980293274,13.68588381869338
18,results/stage18/full_context_v2/seed_06/warm_start.history.json,,seed_06,6,first,2.389666576385498,2.389666576385498,0.07952849715948104,2.6841349697113035,,,,,,,,,,,,,,,
18,results/stage18/full_context_v2/seed_06/warm_start.history.json,,seed_06,6,last,0.13535081446170807,0.13535081446170807,0.1263642591238022,0.2585354924201965,,,,,,,,,,,,,,,
18,results/stage18/full_context_v2/seed_07/stage18_ppo.history.json,,seed_07,7,first,0.28199750382918864,-0.009301112288085278,0.585246866568923,0.13248166638726167,1,4,236,13.9418418694669,0.012756180367432535,0.046875000232830644,4.3577120043337345,74,6,2,13.9418418694669,0.23630239069461823,0.056830331683158875,0.3161269724369049,17.289240453208095
18,results/stage18/full_context_v2/seed_07/stage18_ppo.history.json,,seed_07,7,last,0.055012826167512685,-0.015913755865767598,0.14793033455498517,0.3038585201720707,2000,8000,236,17.006366081297614,0.007167780635427334,0.03971354174427688,1.968432977795601,77,3,2,17.006366081297614,0.28824350237846375,0.07781659066677094,0.3396623134613037,13.720648005784925
18,results/stage18/full_context_v2/seed_07/warm_start.history.json,,seed_07,7,first,2.361119480133057,2.361119480133057,0.2587230563163757,2.6782275199890138,,,,,,,,,,,,,,,
18,results/stage18/full_context_v2/seed_07/warm_start.history.json,,seed_07,7,last,0.17222679078578948,0.17222679078578948,0.21979483872652053,0.31621211290359497,,,,,,,,,,,,,,,
18,results/stage18/full_context_v2/seed_08/stage18_ppo.history.json,,seed_08,8,first,0.2755344257457182,-0.005650159204378724,0.565836027264595,0.1733430866170506,1,4,236,19.580828746330912,0.0666096034401562,0.09472656296566129,2.201953606447205,79,1,2,19.580828746330912,0.3318784534931183,0.10843127965927124,0.37327849864959717,9.368042235892458
18,results/stage18/full_context_v2/seed_08/stage18_ppo.history.json,,seed_08,8,last,0.044761041390302125,-0.01703359023667872,0.12981754075735807,0.31141392956487834,2000,8000,234,15.40781522946341,0.015439440518093761,0.049414062639698386,1.7701340205967426,77,3,2,15.40781522946341,0.2633814811706543,0.07114309072494507,0.3506765365600586,13.705816862642722
18,results/stage18/full_context_v2/seed_08/warm_start.history.json,,seed_08,8,first,2.3814079570770263,2.3814079570770263,0.1878497415781021,2.6820005321502687,,,,,,,,,,,,,,,
18,results/stage18/full_context_v2/seed_08/warm_start.history.json,,seed_08,8,last,0.14535594940185548,0.14535594940185548,0.16124161422252656,0.2573521113395691,,,,,,,,,,,,,,,
18,results/stage18/full_context_v2/seed_09/stage18_ppo.history.json,,seed_09,9,first,0.2734360260074027,-0.010154923191294074,0.579177217092365,0.5997658492997289,1,4,236,17.221182849611452,0.42587497213389724,0.1429036462213844,2.099394362187013,77,3,2,17.221182849611452,0.29188448190689087,0.09123297780752182,0.40554940700531006,10.235714934738624
18,results/stage18/full_context_v2/seed_09/stage18_ppo.history.json,,seed_09,9,last,0.06419215287314728,0.0024713381426408887,0.12840871512889862,0.24835426209392608,2000,8000,236,18.076082512347817,0.00737747725133886,0.04166666674427688,1.4947091024369001,78,2,2,18.076082512347817,0.30637431144714355,0.0823478177189827,0.3500327169895172,13.84204769469578
18,results/stage18/full_context_v2/seed_09/warm_start.history.json,,seed_09,9,first,2.3344234466552733,2.3344234466552733,0.0498430391587317,2.663380184173584,,,,,,,,,,,,,,,
18,results/stage18/full_context_v2/seed_09/warm_start.history.json,,seed_09,9,last,0.11502299807965756,0.11502299807965756,0.06759317710995674,0.22761354744434356,,,,,,,,,,,,,,,
18,results/stage18/full_context_v2/seed_10/stage18_ppo.history.json,,seed_10,10,first,0.19685181004024344,-0.02773232478648424,0.45430284552276134,0.2567287278646546,1,4,234,16.32310525685593,0.08750280505046248,0.07089843763969839,1.7796003292314708,75,5,2,16.32310525685593,0.27902746200561523,0.08030509948730469,0.3707338273525238,12.072789488735642
18,results/stage18/full_context_v2/seed_10/stage18_ppo.history.json,,seed_10,10,last,0.012329364501056261,-0.012407875852659345,0.05527745228027925,0.2901486181654036,2000,8000,235,19.71735393534643,0.014536050886817975,0.0361328125,1.201729916036129,80,0,2,19.71735393534643,0.33561453223228455,0.0910123959183693,0.3390474319458008,13.598173266091305
18,results/stage18/full_context_v2/seed_10/warm_start.history.json,,seed_10,10,first,2.401867790222168,2.401867790222168,0.06936281882226467,2.7003675651550294,,,,,,,,,,,,,,,
18,results/stage18/full_context_v2/seed_10/warm_start.history.json,,seed_10,10,last,0.13116234868764878,0.13116234868764878,0.051402392089366915,0.2568413722515106,,,,,,,,,,,,,,,
18,results/stage18/no_eta_cost_only/seed_01/stage18_ppo.history.json,,seed_01,1,first,0.2721521804924123,0.017690499429591,0.5269784349948168,0.9027539491653442,1,4,234,-10.918215671091877,0.007626743765285937,0.0205078125,0.9945230759913102,76,4,2,-10.918215671091877,-0.18663614988327026,-0.02780105173587799,0.2457076460123062,45.06809116827241
18,results/stage18/no_eta_cost_only/seed_01/stage18_ppo.history.json,,seed_01,1,last,0.056162601278629154,0.0034289431641809642,0.11213992885313928,0.33363070600898936,2000,8000,236,9.063607211299402,0.0014427437163249124,0.06217447924427688,1.7279783077538013,79,1,2,9.063607211299402,0.15362046658992767,0.03615111857652664,0.3073504865169525,18.057381203731367
18,results/stage18/no_eta_cost_only/seed_01/warm_start.history.json,,seed_01,1,first,2.607315731048584,2.607315731048584,0.09277550732716917,2.715535068511963,,,,,,,,,,,,,,,
18,results/stage18/no_eta_cost_only/seed_01/warm_start.history.json,,seed_01,1,last,2.285370969772339,2.285370969772339,0.09138457790017128,2.345389795303345,,,,,,,,,,,,,,,
18,results/stage18/no_eta_cost_only/seed_02/stage18_ppo.history.json,,seed_02,2,first,0.14798193145543337,-0.01200536108808592,0.33560267416760325,0.7814042149111629,1,4,233,-10.09292155800446,0.011051052380935289,0.06467013899236917,0.6109442794695497,78,2,2,-10.09292155800446,-0.17326904833316803,-0.016391733661293983,0.15086466073989868,111.73578047442908
18,results/stage18/no_eta_cost_only/seed_02/stage18_ppo.history.json,,seed_02,2,last,0.07692370461882092,-0.019785779295489192,0.20286019588820636,0.4720613337121904,2000,8000,234,6.776551928684302,0.007765419359202497,0.09062500018626451,1.6560954321175814,76,4,2,6.776551928684302,0.11583850532770157,0.02950051799416542,0.3243890404701233,15.418656091222683
18,results/stage18/no_eta_cost_only/seed_02/warm_start.history.json,,seed_02,2,first,2.605934906005859,2.605934906005859,0.09745363429188729,2.709195137023926,,,,,,,,,,,,,,,
18,results/stage18/no_eta_cost_only/seed_02/warm_start.history.json,,seed_02,2,last,2.2546878242492676,2.2546878242492676,0.1260140872001648,2.3180234909057615,,,,,,,,,,,,,,,
18,results/stage18/no_eta_cost_only/seed_03/stage18_ppo.history.json,,seed_03,3,first,0.1606655250361655,-0.012323259434197098,0.36029348988085985,0.7157960580661893,1,4,236,4.844151958096303,0.004431864726939239,0.0078125,0.7558072351384908,75,5,2,4.844151958096303,0.08210426568984985,0.01633717119693756,0.27485963702201843,25.25676909489774
18,results/stage18/no_eta_cost_only/seed_03/stage18_ppo.history.json,,seed_03,3,last,0.051352967449929565,-0.022204911831067875,0.15309361170511693,0.2988926307298243,2000,8000,235,8.138872523963899,0.01531349855940789,0.08957741502672434,1.4493673965334892,76,4,2,8.138872523963899,0.13853399455547333,0.035376641899347305,0.3282627463340759,15.334850204843406
18,results/stage18/no_eta_cost_only/seed_03/warm_start.history.json,,seed_03,3,first,2.5857176399230957,2.5857176399230957,0.018393325507640838,2.69012939453125,,,,,,,,,,,,,,,
18,results/stage18/no_eta_cost_only/seed_03/warm_start.history.json,,seed_03,3,last,2.252552433013916,2.252552433013916,0.03385603033006191,2.26367262840271,,,,,,,,,,,,,,,
18,results/stage18/no_eta_cost_only/seed_04/stage18_ppo.history.json,,seed_04,4,first,0.2962684092344716,-0.013462105591315776,0.6358116948977113,0.8175330013036728,1,4,235,0.3176581437663004,-0.001953824405063642,0.0087890625,0.780528090428561,77,3,2,0.3176581437663004,0.005406949669122696,0.0013501166831701994,0.37289997935295105,16.03845469845566
18,results/stage18/no_eta_cost_only/seed_04/stage18_ppo.history.json,,seed_04,4,last,0.10984092595754191,0.0019717609975486994,0.22735715098679066,0.5809412521775812,2000,8000,235,2.2482785380912835,0.0030711341823916882,0.10120738670229912,2.5218313485383987,77,3,2,2.2482785380912835,0.0382685624063015,0.009400990791618824,0.3497137129306793,16.570547372951093
18,results/stage18/no_eta_cost_only/seed_04/warm_start.history.json,,seed_04,4,first,2.5773239517211914,2.5773239517211914,0.06686605088412761,2.662904109954834,,,,,,,,,,,,,,,
18,results/stage18/no_eta_cost_only/seed_04/warm_start.history.json,,seed_04,4,last,2.30910493850708,2.30910493850708,0.10649388626217843,2.316045379638672,,,,,,,,,,,,,,,
18,results/stage18/no_eta_cost_only/seed_05/stage18_ppo.history.json,,seed_05,5,first,0.20917345298221335,-0.006983079016208649,0.44771992787718773,0.7703427094966173,1,4,235,-5.842286049371419,0.005251766261892499,0.01651278417557478,1.0309423872968182,75,5,2,-5.842286049371419,-0.09944316744804382,-0.016949977725744247,0.2520137429237366,34.420054926800134
18,results/stage18/no_eta_cost_only/seed_05/stage18_ppo.history.json,,seed_05,5,last,0.059440106924739666,0.0004094547184649855,0.1270819656783715,0.4510329170152545,2000,8000,235,6.678616434244546,0.007236328819999471,0.0893998583778739,2.11202903278172,75,5,2,6.678616434244546,0.11367858201265335,0.02813827060163021,0.34475162625312805,16.321591889944365
18,results/stage18/no_eta_cost_only/seed_05/warm_start.history.json,,seed_05,5,first,2.5725284481048583,2.5725284481048583,0.2197780966758728,2.6503027057647706,,,,,,,,,,,,,,,
18,results/stage18/no_eta_cost_only/seed_05/warm_start.history.json,,seed_05,5,last,2.2910259628295897,2.2910259628295897,0.156473870575428,2.300909357070923,,,,,,,,,,,,,,,
18,results/stage18/no_eta_cost_only/seed_06/stage18_ppo.history.json,,seed_06,6,first,0.19318213261431083,-0.0006472246022894979,0.40256208600476384,0.7451681885868311,1,4,234,-2.1494268249558552,-0.00020024599507451057,0.03437500004656613,1.368244587443769,76,4,2,-2.1494268249558552,-0.03674234449863434,-0.005346206016838551,0.21485494077205658,47.232627462887905
18,results/stage18/no_eta_cost_only/seed_06/stage18_ppo.history.json,,seed_06,6,last,0.080682949104812,-0.002630919776834162,0.17644125991500914,0.49067597975954413,2000,8000,234,9.691904355081224,0.012931029603350908,0.07675781263969839,1.5061860643327236,78,2,2,9.691904355081224,0.16567356884479523,0.042043279856443405,0.33334413170814514,15.527923414484794
18,results/stage18/no_eta_cost_only/seed_06/warm_start.history.json,,seed_06,6,first,2.5936769104003905,2.5936769104003905,0.05384979695081711,2.6954820442199705,,,,,,,,,,,,,,,
18,results/stage18/no_eta_cost_only/seed_06/warm_start.history.json,,seed_06,6,last,2.176417055130005,2.176417055130005,0.08056925415992737,2.3113146114349363,,,,,,,,,,,,,,,
18,results/stage18/no_eta_cost_only/seed_07/stage18_ppo.history.json,,seed_07,7,first,0.3524076446192339,0.007425380470522214,0.7043039514683187,0.7169714402407408,1,4,235,-1.3598664534050742,0.0026390379935037345,0.05246804002672434,1.0478565637022257,74,6,3,-1.3598664534050742,-0.023146649822592735,-0.004168067593127489,0.28153952956199646,30.83950838336635
18,results/stage18/no_eta_cost_only/seed_07/stage18_ppo.history.json,,seed_07,7,last,0.21724531256768387,-0.00018005838501267135,0.4440584536641836,0.460385465528816,2000,8000,235,3.22914426061711,0.03223937725124415,0.11665483005344868,2.9807172268629074,76,4,2,3.22914426061711,0.05496416240930557,0.014069447293877602,0.36191436648368835,15.261765082744063
18,results/stage18/no_eta_cost_only/seed_07/warm_start.history.json,,seed_07,7,first,2.6050564193725587,2.6050564193725587,0.3452331918478012,2.710776615142822,,,,,,,,,,,,,,,
18,results/stage18/no_eta_cost_only/seed_07/warm_start.history.json,,seed_07,7,last,2.1736554431915285,2.1736554431915285,0.33986485600471494,2.191851854324341,,,,,,,,,,,,,,,
18,results/stage18/no_eta_cost_only/seed_08/stage18_ppo.history.json,,seed_08,8,first,0.16578364718589,-0.0025354499521199614,0.35222593136131763,0.7793869851157069,1,4,234,0.7784420585479548,0.0018811403133440763,0.017578125,0.9448164553032257,79,1,2,0.7784420585479548,0.01330670528113842,0.0025943273212760687,0.275560587644577,26.308143986343314
18,results/stage18/no_eta_cost_only/seed_08/stage18_ppo.history.json,,seed_08,8,last,0.03885460051242262,-0.028506112459581345,0.14375124545767903,0.4514909484423697,2000,8000,234,7.6924118696642045,0.007816481294867117,0.1205078128259629,1.5463704615831375,77,3,2,7.6924118696642045,0.13149422407150269,0.033638741821050644,0.3325512707233429,15.280369001530302
18,results/stage18/no_eta_cost_only/seed_08/warm_start.history.json,,seed_08,8,first,2.594734745025635,2.594734745025635,0.19001659333705903,2.68635871887207,,,,,,,,,,,,,,,
18,results/stage18/no_eta_cost_only/seed_08/warm_start.history.json,,seed_08,8,last,2.3409245204925537,2.3409245204925537,0.1938021618127823,2.3509124660491945,,,,,,,,,,,,,,,
18,results/stage18/no_eta_cost_only/seed_09/stage18_ppo.history.json,,seed_09,9,first,0.20605083275586367,-0.0017084043356589973,0.4312578784301877,0.7869701376184821,1,4,235,-5.804973735438169,0.0019166511192452163,0.03977272752672434,1.0442889095284045,77,3,2,-5.804973735438169,-0.09880804270505905,-0.01797323487699032,0.27517518401145935,30.22264799235426
18,results/stage18/no_eta_cost_only/seed_09/stage18_ppo.history.json,,seed_09,9,last,0.07153949652274605,-0.022246692096814513,0.199034234858118,0.5730930627323687,2000,8000,235,8.873734131899566,-0.0026665999175747856,0.08167613670229912,1.7616734271869063,77,3,2,8.873734131899566,0.15104226768016815,0.03823890909552574,0.32970336079597473,15.602211036074367
18,results/stage18/no_eta_cost_only/seed_09/warm_start.history.json,,seed_09,9,first,2.5833882331848144,2.5833882331848144,0.11276572525501251,2.6833236980438233,,,,,,,,,,,,,,,
18,results/stage18/no_eta_cost_only/seed_09/warm_start.history.json,,seed_09,9,last,2.2059616470336914,2.2059616470336914,0.26962932884693147,2.2461286640167235,,,,,,,,,,,,,,,
18,results/stage18/no_eta_cost_only/seed_10/stage18_ppo.history.json,,seed_10,10,first,0.32614636688958853,0.005587743376963772,0.6557961888611317,0.7339472048915923,1,4,235,4.87763202803316,0.0008029394739423878,0.03382457420229912,1.1624991837888956,77,3,2,4.87763202803316,0.08302352577447891,0.025699852034449577,0.4258933961391449,10.436167255820807
18,results/stage18/no_eta_cost_only/seed_10/stage18_ppo.history.json,,seed_10,10,last,0.09059101378079504,-0.014679758751299232,0.21922595496289432,0.4342203941196203,2000,8000,236,7.137535496437986,0.008151577237640595,0.08789062523283064,1.5528173707425594,79,1,2,7.137535496437986,0.12097518146038055,0.030209392309188843,0.3236599266529083,16.03646074793293
18,results/stage18/no_eta_cost_only/seed_10/warm_start.history.json,,seed_10,10,first,2.6126662063598634,2.6126662063598634,0.056532555259764194,2.719855966567993,,,,,,,,,,,,,,,
18,results/stage18/no_eta_cost_only/seed_10/warm_start.history.json,,seed_10,10,last,2.128397207260132,2.128397207260132,0.049017691798508164,2.2369550704956054,,,,,,,,,,,,,,,
18,results/stage18/no_explicit_handover_risk/seed_01/stage18_ppo.history.json,,seed_01,1,first,0.2529165496089263,0.0072533945785835385,0.4964491166174412,0.25614037762645314,1,4,235,15.705835824474413,0.11877850339938423,0.11558948922902346,1.9267767275450751,76,4,2,15.705835824474413,0.26733338832855225,0.07416822016239166,0.3651135563850403,12.991840157646196
18,results/stage18/no_explicit_handover_risk/seed_01/stage18_ppo.history.json,,seed_01,1,last,0.020329558290541172,-0.012768657266860828,0.07323105091927573,0.35173117462545633,2000,8000,234,19.197587354147664,0.01439329118875321,0.04335937509313226,1.4804485077038407,79,1,2,19.197587354147664,0.32816389203071594,0.0886763408780098,0.3438906669616699,13.69512483702087
18,results/stage18/no_explicit_handover_risk/seed_01/warm_start.history.json,,seed_01,1,first,2.4148218536376955,2.4148218536376955,0.08755511155351997,2.7080753517150877,,,,,,,,,,,,,,,
18,results/stage18/no_explicit_handover_risk/seed_01/warm_start.history.json,,seed_01,1,last,0.13448299825191498,0.13448299825191498,0.09222713932394981,0.2655593401193619,,,,,,,,,,,,,,,
18,results/stage18/no_explicit_handover_risk/seed_02/stage18_ppo.history.json,,seed_02,2,first,0.1781890700076474,-0.010040833556558937,0.38192117772996426,0.2730682613910176,1,4,234,17.82562315975667,0.1199797047447646,0.07500000018626451,1.639235865441151,78,2,2,17.82562315975667,0.3047114908695221,0.08419183641672134,0.3475245237350464,13.098988965283603
18,results/stage18/no_explicit_handover_risk/seed_02/stage18_ppo.history.json,,seed_02,2,last,0.06002117384923622,0.001494988682679832,0.12233903910964727,0.2643333193846047,2000,8000,236,15.868455964931876,0.0013985424011480063,0.05208333348855376,1.8841981925070286,76,4,2,15.868455964931876,0.26895686984062195,0.0729510560631752,0.3294302225112915,13.592585812149037
18,results/stage18/no_explicit_handover_risk/seed_02/warm_start.history.json,,seed_02,2,first,2.3787132358551024,2.3787132358551024,0.20575189590454102,2.69955002784729,,,,,,,,,,,,,,,
18,results/stage18/no_explicit_handover_risk/seed_02/warm_start.history.json,,seed_02,2,last,0.14075737118721007,0.14075737118721007,0.19096423387527467,0.2631853103637695,,,,,,,,,,,,,,,
18,results/stage18/no_explicit_handover_risk/seed_03/stage18_ppo.history.json,,seed_03,3,first,0.263946915831184,-0.006174490379635245,0.5446715718135238,0.2214381275850883,1,4,235,16.250843131142943,0.10972661373671144,0.10609019920229912,1.7397078042849898,75,5,2,16.250843131142943,0.2766101062297821,0.08229564875364304,0.38511157035827637,11.29749872450095
18,results/stage18/no_explicit_handover_risk/seed_03/stage18_ppo.history.json,,seed_03,3,last,0.03814650142157916,-0.0056935957400128245,0.09366645518457517,0.29931288911029696,2000,8000,235,18.177167062545383,0.004262701535481028,0.03879616502672434,1.2732825288549066,78,2,2,18.177167062545383,0.3093985915184021,0.08374174684286118,0.34684106707572937,13.650630089836879
18,results/stage18/no_explicit_handover_risk/seed_03/warm_start.history.json,,seed_03,3,first,2.3482054233551026,2.3482054233551026,0.032063475921750066,2.6681691932678224,,,,,,,,,,,,,,,
18,results/stage18/no_explicit_handover_risk/seed_03/warm_start.history.json,,seed_03,3,last,0.13310212820768355,0.13310212820768355,0.03541640773415566,0.2601649785041809,,,,,,,,,,,,,,,
18,results/stage18/no_explicit_handover_risk/seed_04/stage18_ppo.history.json,,seed_04,4,first,0.2920817421618267,0.007104650780092925,0.5745874550193548,0.23166320275049676,1,4,234,19.81915262694101,0.11607941385591403,0.12128906277939677,2.09555935068056,79,1,2,19.81915262694101,0.3387889266014099,0.09404516965150833,0.33123183250427246,12.977334910303867
18,results/stage18/no_explicit_handover_risk/seed_04/stage18_ppo.history.json,,seed_04,4,last,0.03655399054696318,-0.0032353790011256933,0.08798743702936918,0.42043505888432264,2000,8000,235,15.19352223801284,0.010488657935638912,0.07688210252672434,1.0717849992215633,77,3,2,15.19352223801284,0.2586131691932678,0.06914319843053818,0.32689592242240906,13.989500536816367
18,results/stage18/no_explicit_handover_risk/seed_04/warm_start.history.json,,seed_04,4,first,2.385155649185181,2.385155649185181,0.0653408857807517,2.6696278285980224,,,,,,,,,,,,,,,
18,results/stage18/no_explicit_handover_risk/seed_04/warm_start.history.json,,seed_04,4,last,0.1348761200904846,0.1348761200904846,0.069405308496207,0.2531807816028595,,,,,,,,,,,,,,,
18,results/stage18/no_explicit_handover_risk/seed_05/stage18_ppo.history.json,,seed_05,5,first,0.3247355158091523,-0.0017279644962400198,0.6631395304575562,0.5106283056068343,1,4,235,14.799536958153205,0.37513427802530863,0.12189275585114956,1.4686500801471993,75,5,2,14.799536958153205,0.25190702080726624,0.07307330518960953,0.3637223243713379,11.884010503415665
18,results/stage18/no_explicit_handover_risk/seed_05/stage18_ppo.history.json,,seed_05,5,last,0.07496242925117258,-0.0037751521449536085,0.16465691570192575,0.3590878182440065,2000,8000,236,15.282364973495888,0.0019189777185601997,0.02604166674427688,1.4295547837391496,75,5,2,15.282364973495888,0.25902312994003296,0.06987162679433823,0.34175586700439453,13.742806289238999
18,results/stage18/no_explicit_handover_risk/seed_05/warm_start.history.json,,seed_05,5,first,2.3222238922119143,2.3222238922119143,0.16268366754055022,2.6560544300079347,,,,,,,,,,,,,,,
18,results/stage18/no_explicit_handover_risk/seed_05/warm_start.history.json,,seed_05,5,last,0.14898486256599427,0.14898486256599427,0.19246401607990266,0.27195876598358154,,,,,,,,,,,,,,,
18,results/stage18/no_explicit_handover_risk/seed_06/stage18_ppo.history.json,,seed_06,6,first,0.2574769277125597,-0.0003772114869207144,0.5200957781635225,0.21937523497781086,1,4,236,16.218964277261254,0.08078928790443268,0.07942708325572312,1.811201537027955,76,4,2,16.218964277261254,0.2748977243900299,0.08250454813241959,0.37573885917663574,11.101618993756581
18,results/stage18/no_explicit_handover_risk/seed_06/stage18_ppo.history.json,,seed_06,6,last,0.02694169706228422,-0.0069782513892278075,0.07476304844021797,0.3461574861576082,2000,8000,234,19.11179935824928,0.021714482480092556,0.06523437518626451,1.0711937854066491,79,1,2,19.11179935824928,0.3266974091529846,0.08807708323001862,0.3536307215690613,13.758326711574895
18,results/stage18/no_explicit_handover_risk/seed_06/warm_start.history.json,,seed_06,6,first,2.4125541114807127,2.4125541114807127,0.0674088641256094,2.6858866691589354,,,,,,,,,,,,,,,
18,results/stage18/no_explicit_handover_risk/seed_06/warm_start.history.json,,seed_06,6,last,0.12948435842990874,0.12948435842990874,0.10116257071495056,0.2513777303695679,,,,,,,,,,,,,,,
18,results/stage18/no_explicit_handover_risk/seed_07/stage18_ppo.history.json,,seed_07,7,first,0.2784798718057573,-0.005928589554969221,0.5708870114758611,0.10350448240786118,1,4,236,13.95269657746556,0.004324672535100715,0.01920572924427688,3.7290709177032113,74,6,2,13.95269657746556,0.23648637533187866,0.056842878460884094,0.31599852442741394,17.308525397994853
18,results/stage18/no_explicit_handover_risk/seed_07/stage18_ppo.history.json,,seed_07,7,last,0.03903676365735009,-0.017707447113934904,0.12033356551546603,0.34225706606457607,2000,8000,235,17.014122916125206,0.004899974575067745,0.03888494335114956,1.5575372986495495,77,3,2,17.014122916125206,0.2896021008491516,0.07839860022068024,0.3379727303981781,13.64541192674765
18,results/stage18/no_explicit_handover_risk/seed_07/warm_start.history.json,,seed_07,7,first,2.3974032402038574,2.3974032402038574,0.2709277033805847,2.6737975215911867,,,,,,,,,,,,,,,
18,results/stage18/no_explicit_handover_risk/seed_07/warm_start.history.json,,seed_07,7,last,0.16319971919059753,0.16319971919059753,0.4782415020465851,0.31705442428588865,,,,,,,,,,,,,,,
18,results/stage18/no_explicit_handover_risk/seed_08/stage18_ppo.history.json,,seed_08,8,first,0.28377474565058947,-0.004331188247306272,0.5811174931004643,0.24528103182221472,1,4,236,19.606062612501105,0.12132617487804964,0.1184895837213844,2.3782170491758734,79,1,2,19.606062612501105,0.3323061466217041,0.10844729840755463,0.37288010120391846,9.389430246607976
18,results/stage18/no_explicit_handover_risk/seed_08/stage18_ppo.history.json,,seed_08,8,last,0.04026809385686647,-0.029561903211288154,0.14566487784031779,0.30024418141692877,2000,8000,235,16.732357923376675,0.025888459880661685,0.0615234375,1.5843299720436335,78,2,2,16.732357923376675,0.2848060727119446,0.07749597728252411,0.33681973814964294,13.506416468851949
18,results/stage18/no_explicit_handover_risk/seed_08/warm_start.history.json,,seed_08,8,first,2.3956576919555665,2.3956576919555665,0.15807690665125848,2.702752685546875,,,,,,,,,,,,,,,
18,results/stage18/no_explicit_handover_risk/seed_08/warm_start.history.json,,seed_08,8,last,0.1525377231836319,0.1525377231836319,0.16230826223269104,0.29792467355728147,,,,,,,,,,,,,,,
18,results/stage18/no_explicit_handover_risk/seed_09/stage18_ppo.history.json,,seed_09,9,first,0.27927984367124736,-0.011869276815559715,0.584542109631002,0.1121938483993886,1,4,236,17.221182849611452,0.019798090070253238,0.07096354174427688,2.43025273270905,77,3,2,17.221182849611452,0.29188448190689087,0.09123297780752182,0.40554940700531006,10.235714934738624
18,results/stage18/no_explicit_handover_risk/seed_09/stage18_ppo.history.json,,seed_09,9,last,0.035371482706977986,-0.013726260454859585,0.10480230557732284,0.3303411587839946,2000,8000,236,18.478526102989402,0.009613111535145435,0.06087239598855376,1.0581192141398787,79,1,2,18.478526102989402,0.3131953477859497,0.08460456877946854,0.33543580770492554,13.70386406808812
18,results/stage18/no_explicit_handover_risk/seed_09/warm_start.history.json,,seed_09,9,first,2.3507863235473634,2.3507863235473634,0.046795787806622684,2.6729538822174073,,,,,,,,,,,,,,,
18,results/stage18/no_explicit_handover_risk/seed_09/warm_start.history.json,,seed_09,9,last,0.12130816273391247,0.12130816273391247,0.06557556845247746,0.22914144277572632,,,,,,,,,,,,,,,
18,results/stage18/no_explicit_handover_risk/seed_10/stage18_ppo.history.json,,seed_10,10,first,0.1976308643752418,-0.027057021477958187,0.45405122404918075,0.23377263442671392,1,4,234,16.380160908906767,0.07321046842298529,0.07597656268626451,1.6649754531681538,75,5,2,16.380160908906767,0.28000274300575256,0.08053329586982727,0.3706345856189728,12.088531415530392
18,results/stage18/no_explicit_handover_risk/seed_10/stage18_ppo.history.json,,seed_10,10,last,0.018462494190316647,-0.014529984095133841,0.0723859082791023,0.3200475568883121,2000,8000,236,20.068484081726286,0.0051096773822791874,0.052734375232830644,1.2604986410588026,80,0,2,20.068484081726286,0.3401437997817993,0.09212666749954224,0.33605867624282837,13.631833432232881
18,results/stage18/no_explicit_handover_risk/seed_10/warm_start.history.json,,seed_10,10,first,2.403904676437378,2.403904676437378,0.05755901873111725,2.692806463241577,,,,,,,,,,,,,,,
18,results/stage18/no_explicit_handover_risk/seed_10/warm_start.history.json,,seed_10,10,last,0.14065305024385452,0.14065305024385452,0.04491358172148466,0.2655813133716583,,,,,,,,,,,,,,,
18,results/stage18/no_explicit_queue_resource/seed_01/stage18_ppo.history.json,,seed_01,1,first,0.28087139877607115,0.029255028523039073,0.5102189239114523,0.34930860294844024,1,4,235,15.705835824474413,0.15303282433887944,0.12136008590459824,3.30783508811146,76,4,2,15.705835824474413,0.26733338832855225,0.07416822016239166,0.3651135563850403,12.991840157646196
18,results/stage18/no_explicit_queue_resource/seed_01/stage18_ppo.history.json,,seed_01,1,last,0.04464301165717188,-0.012936008453834802,0.12668794736964628,0.5764954199548811,2000,8000,235,14.483542483017033,0.014740298823198827,0.06143465917557478,1.5344525864347816,79,1,2,14.483542483017033,0.24652840197086334,0.06646949052810669,0.3323849141597748,13.755901533288558
18,results/stage18/no_explicit_queue_resource/seed_01/warm_start.history.json,,seed_01,1,first,2.403101930618286,2.403101930618286,0.1004070871323347,2.7102895164489746,,,,,,,,,,,,,,,
18,results/stage18/no_explicit_queue_resource/seed_01/warm_start.history.json,,seed_01,1,last,0.1432541374862194,0.1432541374862194,0.11258221611380577,0.27947094082832336,,,,,,,,,,,,,,,
18,results/stage18/no_explicit_queue_resource/seed_02/stage18_ppo.history.json,,seed_02,2,first,0.17904900540452218,-0.010920579137746245,0.3847030187025666,0.2381927587557584,1,4,234,17.82562315975667,0.08148193982924568,0.07500000018626451,1.6899501928128302,78,2,2,17.82562315975667,0.3047114908695221,0.08419183641672134,0.3475245237350464,13.098988965283603
18,results/stage18/no_explicit_queue_resource/seed_02/stage18_ppo.history.json,,seed_02,2,last,0.015002751024439931,-0.01799800235312432,0.07181682629743591,0.29076604498550296,2000,8000,236,16.891761023628924,0.00822741703268548,0.042968750232830644,1.0872540874406695,76,4,2,16.891761023628924,0.28630104660987854,0.07778759300708771,0.3291664123535156,13.546437738074912
18,results/stage18/no_explicit_queue_resource/seed_02/warm_start.history.json,,seed_02,2,first,2.357200403213501,2.357200403213501,0.15506719648838044,2.6924834632873536,,,,,,,,,,,,,,,
18,results/stage18/no_explicit_queue_resource/seed_02/warm_start.history.json,,seed_02,2,last,0.14795024633407594,0.14795024633407594,0.1650441738963127,0.27831409573554994,,,,,,,,,,,,,,,
18,results/stage18/no_explicit_queue_resource/seed_03/stage18_ppo.history.json,,seed_03,3,first,0.2720064704626566,2.6018766220659018e-05,0.5493895709514618,0.2714336522557401,1,4,235,16.250843131142943,0.14634900746750645,0.08345170505344868,2.1017126915976405,75,5,2,16.250843131142943,0.2766101062297821,0.08229564875364304,0.38511157035827637,11.29749872450095
18,results/stage18/no_explicit_queue_resource/seed_03/stage18_ppo.history.json,,seed_03,3,last,0.045171535210101865,0.002680031699128449,0.0935087725520134,0.42628830033362597,2000,8000,235,19.38226993487099,0.010988903566612862,0.04873934667557478,1.577689653262496,79,1,2,19.38226993487099,0.3299109935760498,0.0882921889424324,0.34693560004234314,13.962042333596656
18,results/stage18/no_explicit_queue_resource/seed_03/warm_start.history.json,,seed_03,3,first,2.3623665237426756,2.3623665237426756,0.023959803394973278,2.6704637813568115,,,,,,,,,,,,,,,
18,results/stage18/no_explicit_queue_resource/seed_03/warm_start.history.json,,seed_03,3,last,0.1268989098072052,0.1268989098072052,0.06811875388026238,0.2507439589500427,,,,,,,,,,,,,,,
18,results/stage18/no_explicit_queue_resource/seed_04/stage18_ppo.history.json,,seed_04,4,first,0.29601391329197213,0.01124948391225189,0.5730561288073659,0.1763630175264564,1,4,234,19.924423133778745,0.06466772133717313,0.09492187527939677,1.9725275449454784,79,1,2,19.924423133778745,0.34058842062950134,0.09408198297023773,0.32998132705688477,13.105294327119367
18,results/stage18/no_explicit_queue_resource/seed_04/stage18_ppo.history.json,,seed_04,4,last,0.05359609465813264,-0.010569533274974674,0.13454382796771824,0.3106287327245809,2000,8000,234,15.195012223581452,0.0032097741877805674,0.04296875,1.7706177961081266,77,3,2,15.195012223581452,0.2597438097000122,0.07032229751348495,0.33552882075309753,13.64282077754626
18,results/stage18/no_explicit_queue_resource/seed_04/warm_start.history.json,,seed_04,4,first,2.375746154785156,2.375746154785156,0.08662485122680665,2.66256254196167,,,,,,,,,,,,,,,
18,results/stage18/no_explicit_queue_resource/seed_04/warm_start.history.json,,seed_04,4,last,0.1445790445804596,0.1445790445804596,0.07980214625597,0.2628597319126129,,,,,,,,,,,,,,,
18,results/stage18/no_explicit_queue_resource/seed_05/stage18_ppo.history.json,,seed_05,5,first,0.32625349302543327,-0.00045974948443472385,0.6637543253600597,0.5163919691481027,1,4,235,14.799536958153205,0.3865144061564936,0.12482244335114956,1.6495066559873521,75,5,2,14.799536958153205,0.25190702080726624,0.07307330518960953,0.3637223243713379,11.884010503415665
18,results/stage18/no_explicit_queue_resource/seed_05/stage18_ppo.history.json,,seed_05,5,last,0.06438000060370541,-0.01194273168221116,0.15963861672207713,0.34965762915089726,2000,8000,235,15.255810513922889,0.005551296712837939,0.03888494335114956,1.8563700467348099,75,5,2,15.255810513922889,0.2596733868122101,0.07069963216781616,0.3473813235759735,13.490263849533505
18,results/stage18/no_explicit_queue_resource/seed_05/warm_start.history.json,,seed_05,5,first,2.304202618598938,2.304202618598938,0.1273399193584919,2.6411844062805176,,,,,,,,,,,,,,,
18,results/stage18/no_explicit_queue_resource/seed_05/warm_start.history.json,,seed_05,5,last,0.14792388439178467,0.14792388439178467,0.12039495721459388,0.2710376071929932,,,,,,,,,,,,,,,
18,results/stage18/no_explicit_queue_resource/seed_06/stage18_ppo.history.json,,seed_06,6,first,0.25484627825790085,-0.0018836524686776102,0.5170169323682785,0.17785355608046682,1,4,236,16.218964277261254,0.05183257642784156,0.08105468773283064,1.7214134372770786,76,4,2,16.218964277261254,0.2748977243900299,0.08250454813241959,0.37573885917663574,11.101618993756581
18,results/stage18/no_explicit_queue_resource/seed_06/stage18_ppo.history.json,,seed_06,6,last,0.023210766055854037,-0.022625009645707905,0.09978459286503494,0.4056520629674196,2000,8000,233,18.608186579137822,0.005882269877474755,0.05740017374046147,2.077075724489987,78,2,2,18.608186579137822,0.3194538354873657,0.08640860766172409,0.34672075510025024,13.667915454111897
18,results/stage18/no_explicit_queue_resource/seed_06/warm_start.history.json,,seed_06,6,first,2.3859502983093264,2.3859502983093264,0.09006508484482766,2.6831905174255373,,,,,,,,,,,,,,,
18,results/stage18/no_explicit_queue_resource/seed_06/warm_start.history.json,,seed_06,6,last,0.13611451148986817,0.13611451148986817,0.11381787180900574,0.26244781851768495,,,,,,,,,,,,,,,
18,results/stage18/no_explicit_queue_resource/seed_07/stage18_ppo.history.json,,seed_07,7,first,0.27715152490418404,-0.01864437948097475,0.6016808934509754,0.504454234444013,1,4,236,14.00835666044709,0.29585612239316106,0.1272786462213844,2.179104735609144,74,6,2,14.00835666044709,0.23742978274822235,0.05704334378242493,0.3162912130355835,17.324487184759914
18,results/stage18/no_explicit_queue_resource/seed_07/stage18_ppo.history.json,,seed_07,7,last,0.05086803552694619,-0.008043180889217183,0.12427731405477971,0.32274405332282186,2000,8000,236,16.6049138198843,0.012850973984313896,0.035481771221384406,1.6655620085075498,77,3,2,16.6049138198843,0.28143924474716187,0.07583533227443695,0.31578364968299866,13.772918416025613
18,results/stage18/no_explicit_queue_resource/seed_07/warm_start.history.json,,seed_07,7,first,2.3637144660949705,2.3637144660949705,0.22817645817995072,2.6789352989196775,,,,,,,,,,,,,,,
18,results/stage18/no_explicit_queue_resource/seed_07/warm_start.history.json,,seed_07,7,last,0.1505118864774704,0.1505118864774704,0.18016405314207076,0.282758766412735,,,,,,,,,,,,,,,
18,results/stage18/no_explicit_queue_resource/seed_08/stage18_ppo.history.json,,seed_08,8,first,0.2761654946953058,-0.0025824230106081814,0.5663694180548191,0.4436790472125267,1,4,236,19.580828746330912,0.23796880399459042,0.1136067712213844,2.413987385807559,79,1,2,19.580828746330912,0.3318784534931183,0.10843127965927124,0.37327849864959717,9.368042235892458
18,results/stage18/no_explicit_queue_resource/seed_08/stage18_ppo.history.json,,seed_08,8,last,0.013886945089325309,-0.037832324363989756,0.11108880955725908,0.3825137219391763,2000,8000,235,17.095781607053315,0.00715622867573984,0.09898792672902346,1.8629741352051497,78,2,2,17.095781607053315,0.29099205136299133,0.07896305620670319,0.34119805693626404,13.58044958581183
18,results/stage18/no_explicit_queue_resource/seed_08/warm_start.history.json,,seed_08,8,first,2.3764528942108156,2.3764528942108156,0.18323245167732238,2.679310359954834,,,,,,,,,,,,,,,
18,results/stage18/no_explicit_queue_resource/seed_08/warm_start.history.json,,seed_08,8,last,0.1444754981994629,0.1444754981994629,0.15466668479144574,0.2601519477367401,,,,,,,,,,,,,,,
18,results/stage18/no_explicit_queue_resource/seed_09/stage18_ppo.history.json,,seed_09,9,first,0.27239350823219866,-0.009897998534142971,0.5767197161912918,0.6068353755399585,1,4,236,17.221182849611452,0.4302353918319568,0.1468098962213844,2.0989389803726226,77,3,2,17.221182849611452,0.29188448190689087,0.09123297780752182,0.40554940700531006,10.235714934738624
18,results/stage18/no_explicit_queue_resource/seed_09/stage18_ppo.history.json,,seed_09,9,last,0.04277931526303291,-0.019607383757829666,0.1319554471410811,0.3591023607623356,2000,8000,236,16.884034366839973,0.008341248212673236,0.04134114598855376,1.1057970989495516,78,2,2,16.884034366839973,0.2861700654029846,0.0773836150765419,0.3483659029006958,13.675725426609832
18,results/stage18/no_explicit_queue_resource/seed_09/warm_start.history.json,,seed_09,9,first,2.3321353244781493,2.3321353244781493,0.05637159509584308,2.6618294048309328,,,,,,,,,,,,,,,
18,results/stage18/no_explicit_queue_resource/seed_09/warm_start.history.json,,seed_09,9,last,0.11523409307003021,0.11523409307003021,0.06895345658063888,0.22652172893285752,,,,,,,,,,,,,,,
18,results/stage18/no_explicit_queue_resource/seed_10/stage18_ppo.history.json,,seed_10,10,first,0.21183754815137945,-0.017739980481565,0.4615064915269613,0.11757185193715654,1,4,234,16.29475964738784,0.030264270317275077,0.04824218759313226,2.0403017052449286,75,5,2,16.29475964738784,0.2785429358482361,0.08028852194547653,0.3710820972919464,12.035863219952054
18,results/stage18/no_explicit_queue_resource/seed_10/stage18_ppo.history.json,,seed_10,10,last,0.035454884520731866,-0.03178080642828718,0.14262891106773168,0.4078765413723886,2000,8000,236,17.65626197329219,0.007859229488531128,0.04524739598855376,1.9727528281509876,79,1,2,17.65626197329219,0.29925867915153503,0.08137976378202438,0.3485260009765625,13.522614080501842
18,results/stage18/no_explicit_queue_resource/seed_10/warm_start.history.json,,seed_10,10,first,2.401084470748901,2.401084470748901,0.05666616417467594,2.7004837799072265,,,,,,,,,,,,,,,
18,results/stage18/no_explicit_queue_resource/seed_10/warm_start.history.json,,seed_10,10,last,0.14160204648971558,0.14160204648971558,0.04254337935009971,0.27096229553222656,,,,,,,,,,,,,,,
18,results/stage18/no_handover_cues/seed_01/stage18_ppo.history.json,,seed_01,1,first,0.2529165496089263,0.0072533945785835385,0.4964491166174412,0.25614037762645314,1,4,235,15.705835824474413,0.11877850339938423,0.11558948922902346,1.9267767275450751,76,4,2,15.705835824474413,0.26733338832855225,0.07416822016239166,0.3651135563850403,12.991840157646196
18,results/stage18/no_handover_cues/seed_01/stage18_ppo.history.json,,seed_01,1,last,0.020329558290541172,-0.012768657266860828,0.07323105091927573,0.35173117462545633,2000,8000,234,19.197587354147664,0.01439329118875321,0.04335937509313226,1.4804485077038407,79,1,2,19.197587354147664,0.32816389203071594,0.0886763408780098,0.3438906669616699,13.69512483702087
18,results/stage18/no_handover_cues/seed_01/warm_start.history.json,,seed_01,1,first,2.4148218536376955,2.4148218536376955,0.08755511155351997,2.7080753517150877,,,,,,,,,,,,,,,
18,results/stage18/no_handover_cues/seed_01/warm_start.history.json,,seed_01,1,last,0.13448299825191498,0.13448299825191498,0.09222713932394981,0.2655593401193619,,,,,,,,,,,,,,,
18,results/stage18/no_handover_cues/seed_02/stage18_ppo.history.json,,seed_02,2,first,0.1781890700076474,-0.010040833556558937,0.38192117772996426,0.2730682613910176,1,4,234,17.82562315975667,0.1199797047447646,0.07500000018626451,1.639235865441151,78,2,2,17.82562315975667,0.3047114908695221,0.08419183641672134,0.3475245237350464,13.098988965283603
18,results/stage18/no_handover_cues/seed_02/stage18_ppo.history.json,,seed_02,2,last,0.06002117384923622,0.001494988682679832,0.12233903910964727,0.2643333193846047,2000,8000,236,15.868455964931876,0.0013985424011480063,0.05208333348855376,1.8841981925070286,76,4,2,15.868455964931876,0.26895686984062195,0.0729510560631752,0.3294302225112915,13.592585812149037
18,results/stage18/no_handover_cues/seed_02/warm_start.history.json,,seed_02,2,first,2.3787132358551024,2.3787132358551024,0.20575189590454102,2.69955002784729,,,,,,,,,,,,,,,
18,results/stage18/no_handover_cues/seed_02/warm_start.history.json,,seed_02,2,last,0.14075737118721007,0.14075737118721007,0.19096423387527467,0.2631853103637695,,,,,,,,,,,,,,,
18,results/stage18/no_handover_cues/seed_03/stage18_ppo.history.json,,seed_03,3,first,0.263946915831184,-0.006174490379635245,0.5446715718135238,0.2214381275850883,1,4,235,16.250843131142943,0.10972661373671144,0.10609019920229912,1.7397078042849898,75,5,2,16.250843131142943,0.2766101062297821,0.08229564875364304,0.38511157035827637,11.29749872450095
18,results/stage18/no_handover_cues/seed_03/stage18_ppo.history.json,,seed_03,3,last,0.03814650142157916,-0.0056935957400128245,0.09366645518457517,0.29931288911029696,2000,8000,235,18.177167062545383,0.004262701535481028,0.03879616502672434,1.2732825288549066,78,2,2,18.177167062545383,0.3093985915184021,0.08374174684286118,0.34684106707572937,13.650630089836879
18,results/stage18/no_handover_cues/seed_03/warm_start.history.json,,seed_03,3,first,2.3482054233551026,2.3482054233551026,0.032063475921750066,2.6681691932678224,,,,,,,,,,,,,,,
18,results/stage18/no_handover_cues/seed_03/warm_start.history.json,,seed_03,3,last,0.13310212820768355,0.13310212820768355,0.03541640773415566,0.2601649785041809,,,,,,,,,,,,,,,
18,results/stage18/no_handover_cues/seed_04/stage18_ppo.history.json,,seed_04,4,first,0.2920817421618267,0.007104650780092925,0.5745874550193548,0.23166320275049676,1,4,234,19.81915262694101,0.11607941385591403,0.12128906277939677,2.09555935068056,79,1,2,19.81915262694101,0.3387889266014099,0.09404516965150833,0.33123183250427246,12.977334910303867
18,results/stage18/no_handover_cues/seed_04/stage18_ppo.history.json,,seed_04,4,last,0.03655399054696318,-0.0032353790011256933,0.08798743702936918,0.42043505888432264,2000,8000,235,15.19352223801284,0.010488657935638912,0.07688210252672434,1.0717849992215633,77,3,2,15.19352223801284,0.2586131691932678,0.06914319843053818,0.32689592242240906,13.989500536816367
18,results/stage18/no_handover_cues/seed_04/warm_start.history.json,,seed_04,4,first,2.385155649185181,2.385155649185181,0.0653408857807517,2.6696278285980224,,,,,,,,,,,,,,,
18,results/stage18/no_handover_cues/seed_04/warm_start.history.json,,seed_04,4,last,0.1348761200904846,0.1348761200904846,0.069405308496207,0.2531807816028595,,,,,,,,,,,,,,,
18,results/stage18/no_handover_cues/seed_05/stage18_ppo.history.json,,seed_05,5,first,0.3247355158091523,-0.0017279644962400198,0.6631395304575562,0.5106283056068343,1,4,235,14.799536958153205,0.37513427802530863,0.12189275585114956,1.4686500801471993,75,5,2,14.799536958153205,0.25190702080726624,0.07307330518960953,0.3637223243713379,11.884010503415665
18,results/stage18/no_handover_cues/seed_05/stage18_ppo.history.json,,seed_05,5,last,0.07496242925117258,-0.0037751521449536085,0.16465691570192575,0.3590878182440065,2000,8000,236,15.282364973495888,0.0019189777185601997,0.02604166674427688,1.4295547837391496,75,5,2,15.282364973495888,0.25902312994003296,0.06987162679433823,0.34175586700439453,13.742806289238999
18,results/stage18/no_handover_cues/seed_05/warm_start.history.json,,seed_05,5,first,2.3222238922119143,2.3222238922119143,0.16268366754055022,2.6560544300079347,,,,,,,,,,,,,,,
18,results/stage18/no_handover_cues/seed_05/warm_start.history.json,,seed_05,5,last,0.14898486256599427,0.14898486256599427,0.19246401607990266,0.27195876598358154,,,,,,,,,,,,,,,
18,results/stage18/no_handover_cues/seed_06/stage18_ppo.history.json,,seed_06,6,first,0.2574769277125597,-0.0003772114869207144,0.5200957781635225,0.21937523497781086,1,4,236,16.218964277261254,0.08078928790443268,0.07942708325572312,1.811201537027955,76,4,2,16.218964277261254,0.2748977243900299,0.08250454813241959,0.37573885917663574,11.101618993756581
18,results/stage18/no_handover_cues/seed_06/stage18_ppo.history.json,,seed_06,6,last,0.02694169706228422,-0.0069782513892278075,0.07476304844021797,0.3461574861576082,2000,8000,234,19.11179935824928,0.021714482480092556,0.06523437518626451,1.0711937854066491,79,1,2,19.11179935824928,0.3266974091529846,0.08807708323001862,0.3536307215690613,13.758326711574895
18,results/stage18/no_handover_cues/seed_06/warm_start.history.json,,seed_06,6,first,2.4125541114807127,2.4125541114807127,0.0674088641256094,2.6858866691589354,,,,,,,,,,,,,,,
18,results/stage18/no_handover_cues/seed_06/warm_start.history.json,,seed_06,6,last,0.12948435842990874,0.12948435842990874,0.10116257071495056,0.2513777303695679,,,,,,,,,,,,,,,
18,results/stage18/no_handover_cues/seed_07/stage18_ppo.history.json,,seed_07,7,first,0.2784798718057573,-0.005928589554969221,0.5708870114758611,0.10350448240786118,1,4,236,13.95269657746556,0.004324672535100715,0.01920572924427688,3.7290709177032113,74,6,2,13.95269657746556,0.23648637533187866,0.056842878460884094,0.31599852442741394,17.308525397994853
18,results/stage18/no_handover_cues/seed_07/stage18_ppo.history.json,,seed_07,7,last,0.03903676365735009,-0.017707447113934904,0.12033356551546603,0.34225706606457607,2000,8000,235,17.014122916125206,0.004899974575067745,0.03888494335114956,1.5575372986495495,77,3,2,17.014122916125206,0.2896021008491516,0.07839860022068024,0.3379727303981781,13.64541192674765
18,results/stage18/no_handover_cues/seed_07/warm_start.history.json,,seed_07,7,first,2.3974032402038574,2.3974032402038574,0.2709277033805847,2.6737975215911867,,,,,,,,,,,,,,,
18,results/stage18/no_handover_cues/seed_07/warm_start.history.json,,seed_07,7,last,0.16319971919059753,0.16319971919059753,0.4782415020465851,0.31705442428588865,,,,,,,,,,,,,,,
18,results/stage18/no_handover_cues/seed_08/stage18_ppo.history.json,,seed_08,8,first,0.28377474565058947,-0.004331188247306272,0.5811174931004643,0.24528103182221472,1,4,236,19.606062612501105,0.12132617487804964,0.1184895837213844,2.3782170491758734,79,1,2,19.606062612501105,0.3323061466217041,0.10844729840755463,0.37288010120391846,9.389430246607976
18,results/stage18/no_handover_cues/seed_08/stage18_ppo.history.json,,seed_08,8,last,0.04026809385686647,-0.029561903211288154,0.14566487784031779,0.30024418141692877,2000,8000,235,16.732357923376675,0.025888459880661685,0.0615234375,1.5843299720436335,78,2,2,16.732357923376675,0.2848060727119446,0.07749597728252411,0.33681973814964294,13.506416468851949
18,results/stage18/no_handover_cues/seed_08/warm_start.history.json,,seed_08,8,first,2.3956576919555665,2.3956576919555665,0.15807690665125848,2.702752685546875,,,,,,,,,,,,,,,
18,results/stage18/no_handover_cues/seed_08/warm_start.history.json,,seed_08,8,last,0.1525377231836319,0.1525377231836319,0.16230826223269104,0.29792467355728147,,,,,,,,,,,,,,,
18,results/stage18/no_handover_cues/seed_09/stage18_ppo.history.json,,seed_09,9,first,0.27927984367124736,-0.011869276815559715,0.584542109631002,0.1121938483993886,1,4,236,17.221182849611452,0.019798090070253238,0.07096354174427688,2.43025273270905,77,3,2,17.221182849611452,0.29188448190689087,0.09123297780752182,0.40554940700531006,10.235714934738624
18,results/stage18/no_handover_cues/seed_09/stage18_ppo.history.json,,seed_09,9,last,0.035371482706977986,-0.013726260454859585,0.10480230557732284,0.3303411587839946,2000,8000,236,18.478526102989402,0.009613111535145435,0.06087239598855376,1.0581192141398787,79,1,2,18.478526102989402,0.3131953477859497,0.08460456877946854,0.33543580770492554,13.70386406808812
18,results/stage18/no_handover_cues/seed_09/warm_start.history.json,,seed_09,9,first,2.3507863235473634,2.3507863235473634,0.046795787806622684,2.6729538822174073,,,,,,,,,,,,,,,
18,results/stage18/no_handover_cues/seed_09/warm_start.history.json,,seed_09,9,last,0.12130816273391247,0.12130816273391247,0.06557556845247746,0.22914144277572632,,,,,,,,,,,,,,,
18,results/stage18/no_handover_cues/seed_10/stage18_ppo.history.json,,seed_10,10,first,0.1976308643752418,-0.027057021477958187,0.45405122404918075,0.23377263442671392,1,4,234,16.380160908906767,0.07321046842298529,0.07597656268626451,1.6649754531681538,75,5,2,16.380160908906767,0.28000274300575256,0.08053329586982727,0.3706345856189728,12.088531415530392
18,results/stage18/no_handover_cues/seed_10/stage18_ppo.history.json,,seed_10,10,last,0.018462494190316647,-0.014529984095133841,0.0723859082791023,0.3200475568883121,2000,8000,236,20.068484081726286,0.0051096773822791874,0.052734375232830644,1.2604986410588026,80,0,2,20.068484081726286,0.3401437997817993,0.09212666749954224,0.33605867624282837,13.631833432232881
18,results/stage18/no_handover_cues/seed_10/warm_start.history.json,,seed_10,10,first,2.403904676437378,2.403904676437378,0.05755901873111725,2.692806463241577,,,,,,,,,,,,,,,
18,results/stage18/no_handover_cues/seed_10/warm_start.history.json,,seed_10,10,last,0.14065305024385452,0.14065305024385452,0.04491358172148466,0.2655813133716583,,,,,,,,,,,,,,,
18,results/stage18/no_history_only/seed_01/stage18_ppo.history.json,,seed_01,1,first,0.27116400707745925,0.013020963699091226,0.520232442766428,0.1973177111607749,1,4,235,15.674741325323698,0.060934754715575856,0.10280539840459824,2.3690865067765117,76,4,2,15.674741325323698,0.26680412888526917,0.0738525390625,0.3641022741794586,13.05130958158151
18,results/stage18/no_history_only/seed_01/stage18_ppo.history.json,,seed_01,1,last,0.05011700380418915,-0.005182036460610107,0.1171973025193438,0.3299610042013228,2000,8000,235,18.082885136935626,0.011883755648341321,0.03604403417557478,1.2837523026391864,79,1,2,18.082885136935626,0.3077937960624695,0.08363033086061478,0.335694819688797,13.545405013108985
18,results/stage18/no_history_only/seed_01/warm_start.history.json,,seed_01,1,first,2.3981879138946534,2.3981879138946534,0.0924219342879951,2.708120279312134,,,,,,,,,,,,,,,
18,results/stage18/no_history_only/seed_01/warm_start.history.json,,seed_01,1,last,0.1392125828564167,0.1392125828564167,0.10380617968738079,0.2692272609472275,,,,,,,,,,,,,,,
18,results/stage18/no_history_only/seed_02/stage18_ppo.history.json,,seed_02,2,first,0.18105971033219248,-0.00750987691571936,0.38334730779752135,0.31040681910235435,1,4,234,17.768722722243446,0.13144208411540603,0.08574218768626451,1.5790043401066214,78,2,2,17.768722722243446,0.3037388324737549,0.08437462896108627,0.34905970096588135,12.959161130732268
18,results/stage18/no_history_only/seed_02/stage18_ppo.history.json,,seed_02,2,last,0.045600740566442255,-0.028824389388319105,0.1569191392045468,0.4034441402181983,2000,8000,236,15.749870348544414,0.007803621221682988,0.06575520848855376,1.5749658159911633,77,3,2,15.749870348544414,0.2669469714164734,0.07256948947906494,0.33771151304244995,13.531371146925915
18,results/stage18/no_history_only/seed_02/warm_start.history.json,,seed_02,2,first,2.3558419799804686,2.3558419799804686,0.2200503134727478,2.6909334468841553,,,,,,,,,,,,,,,
18,results/stage18/no_history_only/seed_02/warm_start.history.json,,seed_02,2,last,0.15575404345989227,0.15575404345989227,0.36051544547080994,0.29811132669448853,,,,,,,,,,,,,,,
18,results/stage18/no_history_only/seed_03/stage18_ppo.history.json,,seed_03,3,first,0.2557880407257471,-0.009689051716122776,0.5347604928538203,0.190315445827423,1,4,235,16.233367909538725,0.10736952122533694,0.1001420458778739,1.771801914088428,75,5,2,16.233367909538725,0.2763126790523529,0.0822896659374237,0.38494351506233215,11.274853478162623
18,results/stage18/no_history_only/seed_03/stage18_ppo.history.json,,seed_03,3,last,0.07446058857021853,-0.007295066956430674,0.17131832987070084,0.3903509257361293,2000,8000,235,17.433161199871186,0.0027181955229025334,0.04279119335114956,1.0446288054808974,79,1,2,17.433161199871186,0.29673466086387634,0.0804399698972702,0.3488887548446655,13.607950402201382
18,results/stage18/no_history_only/seed_03/warm_start.history.json,,seed_03,3,first,2.3529601192474363,2.3529601192474363,0.017681103302165865,2.666485939025879,,,,,,,,,,,,,,,
18,results/stage18/no_history_only/seed_03/warm_start.history.json,,seed_03,3,last,0.13454784989356994,0.13454784989356994,0.01535934969317168,0.26932048201560976,,,,,,,,,,,,,,,
18,results/stage18/no_history_only/seed_04/stage18_ppo.history.json,,seed_04,4,first,0.2985187591984868,0.010072517849039286,0.5814140634611249,0.22607926919590723,1,4,234,19.81915262694101,0.10530131653649732,0.11542968777939677,1.8813944337889552,79,1,2,19.81915262694101,0.3387889266014099,0.09404516965150833,0.33123183250427246,12.977334910303867
18,results/stage18/no_history_only/seed_04/stage18_ppo.history.json,,seed_04,4,last,0.10154962493106723,-0.008968512120191008,0.22942969505675137,0.41967109544202685,2000,8000,235,14.813152184164679,0.010472041554749012,0.05743963085114956,1.3678518198430538,78,2,2,14.813152184164679,0.25213876366615295,0.06836695224046707,0.33376914262771606,13.601499894880863
18,results/stage18/no_history_only/seed_04/warm_start.history.json,,seed_04,4,first,2.3745100402832033,2.3745100402832033,0.08656403541564942,2.662691297531128,,,,,,,,,,,,,,,
18,results/stage18/no_history_only/seed_04/warm_start.history.json,,seed_04,4,last,0.14464544773101806,0.14464544773101806,0.0977950456738472,0.265479257106781,,,,,,,,,,,,,,,
18,results/stage18/no_history_only/seed_05/stage18_ppo.history.json,,seed_05,5,first,0.3265708218095824,-0.0009140924084931612,0.6634885044768453,0.4259333450929046,1,4,235,14.799536958153205,0.2898328174752294,0.10724431835114956,1.5710565588669851,75,5,2,14.799536958153205,0.25190702080726624,0.07307330518960953,0.3637223243713379,11.884010503415665
18,results/stage18/no_history_only/seed_05/stage18_ppo.history.json,,seed_05,5,last,0.1190349277749192,-0.011506194190587848,0.2683549663051963,0.3636363497353159,2000,8000,234,15.045219986338882,0.005819520238219411,0.047851562732830644,1.1664293361827731,75,5,2,15.045219986338882,0.2571832239627838,0.06986719369888306,0.36598026752471924,13.549984401781522
18,results/stage18/no_history_only/seed_05/warm_start.history.json,,seed_05,5,first,2.300822014808655,2.300822014808655,0.12905733332037925,2.6385775661468505,,,,,,,,,,,,,,,
18,results/stage18/no_history_only/seed_05/warm_start.history.json,,seed_05,5,last,0.15254564046859742,0.15254564046859742,0.1909032416343689,0.27092071413993835,,,,,,,,,,,,,,,
18,results/stage18/no_history_only/seed_06/stage18_ppo.history.json,,seed_06,6,first,0.25335709894716274,-0.004577075189445168,0.5192900425754488,0.17108461631087835,1,4,236,16.218964277261254,0.05183348923067932,0.08886718773283064,1.7137211845256388,76,4,2,16.218964277261254,0.2748977243900299,0.08250454813241959,0.37573885917663574,11.101618993756581
18,results/stage18/no_history_only/seed_06/stage18_ppo.history.json,,seed_06,6,last,0.03598758048610762,-0.024088282942102524,0.1276439514476806,0.3746113191591576,2000,8000,235,19.332922153679938,0.00018708882271312177,0.05140269920229912,1.2554955091327429,79,1,2,19.332922153679938,0.3290710151195526,0.08959539234638214,0.34064534306526184,13.489874105381272
18,results/stage18/no_history_only/seed_06/warm_start.history.json,,seed_06,6,first,2.3895222187042235,2.3895222187042235,0.07542057007551194,2.684291706085205,,,,,,,,,,,,,,,
18,results/stage18/no_history_only/seed_06/warm_start.history.json,,seed_06,6,last,0.14017275154590605,0.14017275154590605,0.07311599254608155,0.26753029704093934,,,,,,,,,,,,,,,
18,results/stage18/no_history_only/seed_07/stage18_ppo.history.json,,seed_07,7,first,0.2713222105521709,-0.005948189704213291,0.5658747050911188,0.5666955026542067,1,4,236,14.00835666044709,0.407321444581612,0.13639322947710752,1.6650564270094037,74,6,2,14.00835666044709,0.23742978274822235,0.05704334378242493,0.3162912130355835,17.324487184759914
18,results/stage18/no_history_only/seed_07/stage18_ppo.history.json,,seed_07,7,last,0.13504802322131582,-0.009583553328411654,0.29673041636124253,0.3733632229268551,2000,8000,236,16.938911502969116,0.014700576719405944,0.04524739598855376,1.4734096555039287,77,3,2,16.938911502969116,0.287100225687027,0.07835320383310318,0.32937976717948914,13.426210597307854
18,results/stage18/no_history_only/seed_07/warm_start.history.json,,seed_07,7,first,2.3598879528045655,2.3598879528045655,0.38097511768341064,2.676706485748291,,,,,,,,,,,,,,,
18,results/stage18/no_history_only/seed_07/warm_start.history.json,,seed_07,7,last,0.1789778822660446,0.1789778822660446,0.3316937553882599,0.3590256381034851,,,,,,,,,,,,,,,
18,results/stage18/no_history_only/seed_08/stage18_ppo.history.json,,seed_08,8,first,0.26715396309737116,-0.010172759764827788,0.558092868886888,0.17197081574935907,1,4,236,19.569717845784634,0.07363701398329187,0.10026041697710752,2.1305412468500435,79,1,2,19.569717845784634,0.33169013261795044,0.10830383747816086,0.37303781509399414,9.379450732803612
18,results/stage18/no_history_only/seed_08/stage18_ppo.history.json,,seed_08,8,last,0.09872635535430163,-0.02230988920200616,0.2501059854403138,0.40167485852725804,2000,8000,236,14.501415148102557,0.005152432422619313,0.04524739598855376,1.8758984170854092,77,3,2,14.501415148102557,0.24578669667243958,0.066932812333107,0.3507865369319916,13.484614659147667
18,results/stage18/no_history_only/seed_08/warm_start.history.json,,seed_08,8,first,2.3823841190338135,2.3823841190338135,0.18974330127239228,2.6827282524108886,,,,,,,,,,,,,,,
18,results/stage18/no_history_only/seed_08/warm_start.history.json,,seed_08,8,last,0.14961849629878998,0.14961849629878998,0.18539350122213363,0.2724431538581848,,,,,,,,,,,,,,,
18,results/stage18/no_history_only/seed_09/stage18_ppo.history.json,,seed_09,9,first,0.3088512453250587,-0.004227322293445468,0.6304762260988355,0.21595443462138064,1,4,236,15.121805296571386,0.29700254049384966,0.11490885447710752,1.8640009630471468,77,3,2,15.121805296571386,0.25630179047584534,0.08054520189762115,0.42423444986343384,10.125675444719636
18,results/stage18/no_history_only/seed_09/stage18_ppo.history.json,,seed_09,9,last,0.06133061074069701,-0.03339805296855047,0.19569638068787754,0.311952602583915,2000,8000,235,17.788013901055145,-0.0013594356969406363,0.06285511422902346,1.1829041531309485,78,2,2,17.788013901055145,0.30277469754219055,0.08212354779243469,0.3468816876411438,13.592636246191628
18,results/stage18/no_history_only/seed_09/warm_start.history.json,,seed_09,9,first,2.3360271072387695,2.3360271072387695,0.04811584166716784,2.6633995628356932,,,,,,,,,,,,,,,
18,results/stage18/no_history_only/seed_09/warm_start.history.json,,seed_09,9,last,0.15704089775681496,0.15704089775681496,0.110095676779747,0.3229321128129959,,,,,,,,,,,,,,,
18,results/stage18/no_history_only/seed_10/stage18_ppo.history.json,,seed_10,10,first,0.19789015298010781,-0.025751591776497662,0.45008169766515493,0.13991045137443092,1,4,234,16.592460948195214,0.03581703454256058,0.07910156273283064,1.835435340879485,75,5,2,16.592460948195214,0.283631831407547,0.07949202507734299,0.3621508777141571,12.731006388122283
18,results/stage18/no_history_only/seed_10/stage18_ppo.history.json,,seed_10,10,last,0.13406074096565135,-0.01199932472081855,0.29881593328900635,0.334790226072073,2000,8000,236,18.431931533565177,0.035289545805426314,0.11002604197710752,1.5986947305500507,80,0,2,18.431931533565177,0.31240564584732056,0.08520913869142532,0.33999499678611755,13.442044997732332
18,results/stage18/no_history_only/seed_10/warm_start.history.json,,seed_10,10,first,2.400697956085205,2.400697956085205,0.07081975392997265,2.7008746337890623,,,,,,,,,,,,,,,
18,results/stage18/no_history_only/seed_10/warm_start.history.json,,seed_10,10,last,0.14433306813240052,0.14433306813240052,0.057597093433141705,0.2670441460609436,,,,,,,,,,,,,,,
18,results/stage18/no_persistent_position/seed_01/stage18_ppo.history.json,,seed_01,1,first,0.2722124899737537,0.01767623412888497,0.5271634152159095,0.9045452736318111,1,4,234,-10.918215671091877,0.00941431711248697,0.0205078125,1.027477438095957,76,4,2,-10.918215671091877,-0.18663614988327026,-0.02780105173587799,0.2457076460123062,45.06809116827241
18,results/stage18/no_persistent_position/seed_01/stage18_ppo.history.json,,seed_01,1,last,0.15317123068962246,0.005609099403955042,0.3081140979193151,0.6494915056973696,2000,8000,236,6.4943298317612435,0.019670032808789983,0.08430989598855376,1.74506641831249,79,1,2,6.4943298317612435,0.11007339507341385,0.027432400733232498,0.3322739005088806,16.100412650186342
18,results/stage18/no_persistent_position/seed_01/warm_start.history.json,,seed_01,1,first,2.6121910667419432,2.6121910667419432,0.08931721419095993,2.721056318283081,,,,,,,,,,,,,,,
18,results/stage18/no_persistent_position/seed_01/warm_start.history.json,,seed_01,1,last,2.290698375701904,2.290698375701904,0.09582818374037742,2.3568140411376954,,,,,,,,,,,,,,,
18,results/stage18/no_persistent_position/seed_02/stage18_ppo.history.json,,seed_02,2,first,0.24825639041955583,0.008724713348783553,0.49649942899122834,0.8718037521466613,1,4,235,0.7465236996490574,-0.00021772093499095035,0.02033025585114956,0.856450641527772,78,2,2,0.7465236996490574,0.012706789188086987,0.0022970435675233603,0.2633969783782959,30.600800587603356
18,results/stage18/no_persistent_position/seed_02/stage18_ppo.history.json,,seed_02,2,last,0.15930456120986491,-0.007958672213135287,0.3442892939783633,0.48814132530242205,2000,8000,236,4.847301866714992,0.013748143741395324,0.09375000046566129,1.3308821143582463,76,4,2,4.847301866714992,0.08215764909982681,0.01966976746916771,0.31714537739753723,17.446070212254774
18,results/stage18/no_persistent_position/seed_02/warm_start.history.json,,seed_02,2,first,2.609149694442749,2.609149694442749,0.08378501236438751,2.7142474174499513,,,,,,,,,,,,,,,
18,results/stage18/no_persistent_position/seed_02/warm_start.history.json,,seed_02,2,last,2.3418385410308837,2.3418385410308837,0.06453383300453425,2.34895450592041,,,,,,,,,,,,,,,
18,results/stage18/no_persistent_position/seed_03/stage18_ppo.history.json,,seed_03,3,first,0.16373229565215297,-0.009269087167922407,0.3602813119068742,0.7139273649081588,1,4,236,4.640977271645488,0.0017266565409954637,0.03548177098855376,0.8269275184720755,75,5,2,4.640977271645488,0.07866062223911285,0.0157595444470644,0.27336281538009644,24.91308601716072
18,results/stage18/no_persistent_position/seed_03/stage18_ppo.history.json,,seed_03,3,last,0.14819166067172773,0.005221767700277269,0.29819997726008296,0.613009518943727,2000,8000,235,6.792256753399308,0.010428307199617848,0.03684304002672434,1.4475743724033237,76,4,2,6.792256753399308,0.11561288684606552,0.028603576123714447,0.33063018321990967,16.336978355961858
18,results/stage18/no_persistent_position/seed_03/warm_start.history.json,,seed_03,3,first,2.5891055393218996,2.5891055393218996,0.016751339300535618,2.694712715148926,,,,,,,,,,,,,,,
18,results/stage18/no_persistent_position/seed_03/warm_start.history.json,,seed_03,3,last,2.252023220062256,2.252023220062256,0.03259654842317104,2.262767219543457,,,,,,,,,,,,,,,
18,results/stage18/no_persistent_position/seed_04/stage18_ppo.history.json,,seed_04,4,first,0.2929855552793015,-0.012581074784975499,0.6274962713941932,0.8181504998356104,1,4,235,0.48390758530756717,-0.0012870567985601156,0.0078125,0.7601446581538767,77,3,2,0.48390758530756717,0.008236728608608246,0.002079686615616083,0.3769569396972656,15.686056832257194
18,results/stage18/no_persistent_position/seed_04/stage18_ppo.history.json,,seed_04,4,last,0.1736702163470909,-0.013807938667014241,0.3862869441509247,0.5665317485108972,2000,8000,236,3.3314284272674968,0.012200305849546567,0.11979166674427688,1.5371441952884197,77,3,2,3.3314284272674968,0.056464891880750656,0.01413414254784584,0.3394993841648102,15.959460470818385
18,results/stage18/no_persistent_position/seed_04/warm_start.history.json,,seed_04,4,first,2.5832718658447265,2.5832718658447265,0.07798891991376877,2.6758330821990968,,,,,,,,,,,,,,,
18,results/stage18/no_persistent_position/seed_04/warm_start.history.json,,seed_04,4,last,2.30653244972229,2.30653244972229,0.08717687457799911,2.3183194065093993,,,,,,,,,,,,,,,
18,results/stage18/no_persistent_position/seed_05/stage18_ppo.history.json,,seed_05,5,first,0.30777417807257734,-0.0008173561654984951,0.6323738479986787,0.7595386281609535,1,4,235,-1.5847003224348732,0.014763157960260287,0.03116122167557478,1.216989990323782,75,5,2,-1.5847003224348732,-0.02697361446917057,-0.0059399353340268135,0.31284961104393005,20.621255646413164
18,results/stage18/no_persistent_position/seed_05/stage18_ppo.history.json,,seed_05,5,last,0.07081480202032253,-0.03531401476357132,0.22116570686921477,0.4454040175769478,2000,8000,235,5.977650232793315,0.023915984435006976,0.11860795505344868,1.5376373175531626,75,5,2,5.977650232793315,0.10174724459648132,0.025321710854768753,0.34302064776420593,16.14579070768342
18,results/stage18/no_persistent_position/seed_05/warm_start.history.json,,seed_05,5,first,2.5739107227325437,2.5739107227325437,0.1989339828491211,2.653582954406738,,,,,,,,,,,,,,,
18,results/stage18/no_persistent_position/seed_05/warm_start.history.json,,seed_05,5,last,2.2998576402664184,2.2998576402664184,0.13618235945701598,2.3114047956466677,,,,,,,,,,,,,,,
18,results/stage18/no_persistent_position/seed_06/stage18_ppo.history.json,,seed_06,6,first,0.20589496336469892,-0.022377174405846745,0.47166347736492753,0.755959777161479,1,4,235,-5.014646164061873,0.0010326117057957163,0.04580965917557478,1.1210897131823003,76,4,2,-5.014646164061873,-0.08535567671060562,-0.012294288724660873,0.22627413272857666,48.20120563243211
18,results/stage18/no_persistent_position/seed_06/stage18_ppo.history.json,,seed_06,6,last,0.15766493463888764,-0.01670260156970471,0.35627947468310595,0.37722008116543293,2000,8000,235,7.313205255879121,0.00010737922275438905,0.05069247167557478,1.637269395403564,78,2,2,7.313205255879121,0.12448009848594666,0.03003653511404991,0.30236580967903137,17.175131387001233
18,results/stage18/no_persistent_position/seed_06/warm_start.history.json,,seed_06,6,first,2.5971944618225096,2.5971944618225096,0.07037355422973633,2.7004097080230713,,,,,,,,,,,,,,,
18,results/stage18/no_persistent_position/seed_06/warm_start.history.json,,seed_06,6,last,2.1113960361480713,2.1113960361480713,0.04751183733344078,2.263941774368286,,,,,,,,,,,,,,,
18,results/stage18/no_persistent_position/seed_07/stage18_ppo.history.json,,seed_07,7,first,0.3543271601665765,0.008174689908628352,0.7066474049352109,0.7171237710863352,1,4,235,-1.3598664534050742,0.0033325774274999276,0.05637429002672434,1.060331764165312,74,6,3,-1.3598664534050742,-0.023146649822592735,-0.004168067593127489,0.28153952956199646,30.83950838336635
18,results/stage18/no_persistent_position/seed_07/stage18_ppo.history.json,,seed_07,7,last,0.2034691959124757,-0.008266953867860138,0.4320382294245064,0.428296719212085,2000,8000,236,5.264218568338036,0.007880086050136015,0.09960937523283064,1.3036719765514135,76,4,2,5.264218568338036,0.08922405540943146,0.021916767582297325,0.3224675953388214,16.57337289945682
18,results/stage18/no_persistent_position/seed_07/warm_start.history.json,,seed_07,7,first,2.606188802719116,2.606188802719116,0.28681968688964843,2.711427230834961,,,,,,,,,,,,,,,
18,results/stage18/no_persistent_position/seed_07/warm_start.history.json,,seed_07,7,last,2.1528702926635743,2.1528702926635743,0.2949300903081894,2.180188674926758,,,,,,,,,,,,,,,
18,results/stage18/no_persistent_position/seed_08/stage18_ppo.history.json,,seed_08,8,first,0.16546159470453858,-0.003078836016356945,0.35261566983535886,0.7767402520403266,1,4,234,0.65988549453102,0.002353371144636185,0.0224609375,0.8914733494166285,79,1,2,0.65988549453102,0.011280102655291557,0.002198781818151474,0.27555084228515625,26.318589895327452
18,results/stage18/no_persistent_position/seed_08/stage18_ppo.history.json,,seed_08,8,last,0.15731270858668722,-0.016471318493131548,0.3586869304999709,0.5559439957141876,2000,8000,234,4.66037432684791,0.0070850397169124335,0.09394531277939677,1.504240119829774,77,3,2,4.66037432684791,0.07966452091932297,0.01925850473344326,0.3309626281261444,17.111355230075176
18,results/stage18/no_persistent_position/seed_08/warm_start.history.json,,seed_08,8,first,2.5968521213531495,2.5968521213531495,0.19761184215545655,2.690114698410034,,,,,,,,,,,,,,,
18,results/stage18/no_persistent_position/seed_08/warm_start.history.json,,seed_08,8,last,2.3416568088531493,2.3416568088531493,0.20827335953712464,2.354203853607178,,,,,,,,,,,,,,,
18,results/stage18/no_persistent_position/seed_09/stage18_ppo.history.json,,seed_09,9,first,0.2802990134805441,-0.007095079752616584,0.5898794196546078,0.7545616338029504,1,4,235,-6.0201710863227165,0.011828760980279185,0.04092684667557478,1.0126124834641814,77,3,2,-6.0201710863227165,-0.10247097909450531,-0.02555740810930729,0.3659820854663849,16.075641929364405
18,results/stage18/no_persistent_position/seed_09/stage18_ppo.history.json,,seed_09,9,last,0.15976385306566954,-0.0210767436074093,0.3716138261370361,0.49663173872977495,2000,8000,235,7.3941656877787985,0.02178273641038686,0.11008522752672434,1.896535499021411,77,3,2,7.3941656877787985,0.1258581429719925,0.03074394352734089,0.3053745925426483,16.758820604112632
18,results/stage18/no_persistent_position/seed_09/warm_start.history.json,,seed_09,9,first,2.5834247970581057,2.5834247970581057,0.06609820406883955,2.6835302352905273,,,,,,,,,,,,,,,
18,results/stage18/no_persistent_position/seed_09/warm_start.history.json,,seed_09,9,last,2.2095040702819824,2.2095040702819824,0.12846596896648407,2.258960485458374,,,,,,,,,,,,,,,
18,results/stage18/no_persistent_position/seed_10/stage18_ppo.history.json,,seed_10,10,first,0.35826008557341993,-0.0022466328809969127,0.735940670594573,0.7463615792803466,1,4,235,4.788363096565039,0.015363016711489763,0.06392045505344868,1.2130877440795302,77,3,2,4.788363096565039,0.08150406181812286,0.024275928735733032,0.4025551378726959,11.272143685249938
18,results/stage18/no_persistent_position/seed_10/stage18_ppo.history.json,,seed_10,10,last,0.1665093564079143,-0.022486864123493433,0.38807766791433096,0.5042613903060555,2000,8000,236,9.483354822425165,0.007042694051051512,0.10351562523283064,1.5902488762512803,79,1,2,9.483354822425165,0.16073481738567352,0.039794258773326874,0.3257080614566803,16.314701604440685
18,results/stage18/no_persistent_position/seed_10/warm_start.history.json,,seed_10,10,first,2.6153344440460207,2.6153344440460207,0.04466607639566064,2.7230644702911375,,,,,,,,,,,,,,,
18,results/stage18/no_persistent_position/seed_10/warm_start.history.json,,seed_10,10,last,2.100931921005249,2.100931921005249,0.052262184917926786,2.234385623931885,,,,,,,,,,,,,,,
18,results/stage18/no_position_only/seed_01/stage18_ppo.history.json,,seed_01,1,first,0.28773886142880656,0.025807554426137358,0.5292132748290896,0.26753316113910647,1,4,235,15.705835824474413,0.1116856039520826,0.11949573922902346,2.3198254355229437,76,4,2,15.705835824474413,0.26733338832855225,0.07416822016239166,0.3651135563850403,12.991840157646196
18,results/stage18/no_position_only/seed_01/stage18_ppo.history.json,,seed_01,1,last,0.04411971703666495,0.002098112483508885,0.0913185200188309,0.36376565143291373,2000,8000,234,18.603507345709517,0.008300954614242073,0.03515625,1.6266446225345135,79,1,2,18.603507345709517,0.318008691072464,0.08656919002532959,0.35501980781555176,13.494325994431728
18,results/stage18/no_position_only/seed_01/warm_start.history.json,,seed_01,1,first,2.40977071762085,2.40977071762085,0.08743050278164446,2.7128907871246337,,,,,,,,,,,,,,,
18,results/stage18/no_position_only/seed_01/warm_start.history.json,,seed_01,1,last,0.145571501404047,0.145571501404047,0.11689136803150177,0.2809599769115448,,,,,,,,,,,,,,,
18,results/stage18/no_position_only/seed_02/stage18_ppo.history.json,,seed_02,2,first,0.18239517966867425,-0.00738074240507558,0.38417847361415625,0.23133190340013243,1,4,234,17.82562315975667,0.07892184311640449,0.07871093763969839,1.5831162272952497,78,2,2,17.82562315975667,0.3047114908695221,0.08419183641672134,0.3475245237350464,13.098988965283603
18,results/stage18/no_position_only/seed_02/stage18_ppo.history.json,,seed_02,2,last,0.04712454059335869,-0.002879003237467259,0.10949291964061558,0.47429177653975785,2000,8000,236,14.785995210498239,0.012330726708569273,0.08040364598855376,1.4974217973649502,76,4,2,14.785995210498239,0.2506100833415985,0.06790045648813248,0.3397800922393799,13.622341633985092
18,results/stage18/no_position_only/seed_02/warm_start.history.json,,seed_02,2,first,2.3647823238372805,2.3647823238372805,0.21424851059913635,2.6951409912109376,,,,,,,,,,,,,,,
18,results/stage18/no_position_only/seed_02/warm_start.history.json,,seed_02,2,last,0.1421479767560959,0.1421479767560959,0.42609580755233767,0.2696669328212738,,,,,,,,,,,,,,,
18,results/stage18/no_position_only/seed_03/stage18_ppo.history.json,,seed_03,3,first,0.26467111587408,-0.012438333593308926,0.5584281692281365,0.2104637614493372,1,4,235,16.40625145718418,0.10164711825200357,0.10609019920229912,1.9787870347499847,75,5,2,16.40625145718418,0.27925536036491394,0.08245639503002167,0.377530574798584,11.469757427559545
18,results/stage18/no_position_only/seed_03/stage18_ppo.history.json,,seed_03,3,last,0.06386827366077341,0.012689563678577542,0.11045112134888768,0.40468510892242193,2000,8000,235,17.12670084101846,-0.0031244351011991967,0.04767400585114956,1.298021137714386,78,2,2,17.12670084101846,0.29151833057403564,0.0786738321185112,0.3518581688404083,13.73001946036985
18,results/stage18/no_position_only/seed_03/warm_start.history.json,,seed_03,3,first,2.3715921878814696,2.3715921878814696,0.05437085688114166,2.674633445739746,,,,,,,,,,,,,,,
18,results/stage18/no_position_only/seed_03/warm_start.history.json,,seed_03,3,last,0.1705279004573822,0.1705279004573822,0.12201897144317626,0.3059336590766907,,,,,,,,,,,,,,,
18,results/stage18/no_position_only/seed_04/stage18_ppo.history.json,,seed_04,4,first,0.30598356310656527,0.012766401399858296,0.5933583835139871,0.34620332275517357,1,4,234,19.63283699785322,0.11975710385013372,0.08828125009313226,2.08151538297534,79,1,2,19.63283699785322,0.3356040418148041,0.09352698922157288,0.3315587043762207,12.875986308132008
18,results/stage18/no_position_only/seed_04/stage18_ppo.history.json,,seed_04,4,last,0.04224209429230541,-0.013572117139119655,0.11872129503171891,0.3546436498872936,2000,8000,235,15.879659430500983,0.009898988821078092,0.06338778417557478,1.731806369498372,78,2,2,15.879659430500983,0.27029210329055786,0.07350146025419235,0.3257125914096832,13.523052931793522
18,results/stage18/no_position_only/seed_04/warm_start.history.json,,seed_04,4,first,2.3840435409545897,2.3840435409545897,0.13579194962978364,2.66834303855896,,,,,,,,,,,,,,,
18,results/stage18/no_position_only/seed_04/warm_start.history.json,,seed_04,4,last,0.18165747225284576,0.18165747225284576,0.13190119385719298,0.3756872951984406,,,,,,,,,,,,,,,
18,results/stage18/no_position_only/seed_05/stage18_ppo.history.json,,seed_05,5,first,0.3376478346181102,0.0036421161494217813,0.6712108226493001,0.15996936077929108,1,4,235,14.300378018460052,0.16379969362606062,0.08682528417557478,1.5336884930729866,75,5,2,14.300378018460052,0.24341070652008057,0.07119089365005493,0.3633657693862915,11.690424040666606
18,results/stage18/no_position_only/seed_05/stage18_ppo.history.json,,seed_05,5,last,0.10193010547664016,0.02799397852504626,0.15729255857877433,0.47101538779679686,2000,8000,233,14.077723933468903,0.0024377333224947506,0.0068359375,1.097230195067823,75,5,2,14.077723933468903,0.2416776418685913,0.0652824267745018,0.372085839509964,13.705044549668866
18,results/stage18/no_position_only/seed_05/warm_start.history.json,,seed_05,5,first,2.318499369621277,2.318499369621277,0.14095186993479727,2.6500884342193602,,,,,,,,,,,,,,,
18,results/stage18/no_position_only/seed_05/warm_start.history.json,,seed_05,5,last,0.16685738801956176,0.16685738801956176,0.2333206844329834,0.30453900337219236,,,,,,,,,,,,,,,
18,results/stage18/no_position_only/seed_06/stage18_ppo.history.json,,seed_06,6,first,0.24565432872623205,-0.00455073919147253,0.5065465325023979,0.3068203676957637,1,4,236,16.246739410958895,0.11731281311949715,0.08821614645421505,1.7796144443564117,76,4,2,16.246739410958895,0.27536845207214355,0.08243685215711594,0.3748030364513397,11.157981480380952
18,results/stage18/no_position_only/seed_06/stage18_ppo.history.json,,seed_06,6,last,0.05423342173162382,-0.0022398424334824085,0.12185479933395982,0.44541360973380506,2000,8000,233,18.539520584487356,0.006981948477914557,0.047417534748092294,1.3656369391828775,78,2,2,18.539520584487356,0.3182750344276428,0.0857793465256691,0.3519088327884674,13.767011811583199
18,results/stage18/no_position_only/seed_06/warm_start.history.json,,seed_06,6,first,2.408322114944458,2.408322114944458,0.11052793502807617,2.691810121536255,,,,,,,,,,,,,,,
18,results/stage18/no_position_only/seed_06/warm_start.history.json,,seed_06,6,last,0.13724101662635804,0.13724101662635804,0.1679362177848816,0.2649210131168365,,,,,,,,,,,,,,,
18,results/stage18/no_position_only/seed_07/stage18_ppo.history.json,,seed_07,7,first,0.2839836757048033,-0.005456096492707729,0.580797434784472,0.09589443221967751,1,4,236,13.95269657746556,0.0029493396868929267,0.03287760424427688,3.5588509324006736,74,6,2,13.95269657746556,0.23648637533187866,0.056842878460884094,0.31599852442741394,17.308525397994853
18,results/stage18/no_position_only/seed_07/stage18_ppo.history.json,,seed_07,7,last,0.0762959363637492,0.0138892155373469,0.1335792934987694,0.4382925685495138,2000,8000,236,15.473512072112946,0.002948289285086503,0.045572916977107525,1.584485711529851,77,3,2,15.473512072112946,0.2622629404067993,0.07061596214771271,0.32918304204940796,13.793295654213878
18,results/stage18/no_position_only/seed_07/warm_start.history.json,,seed_07,7,first,2.3721367168426513,2.3721367168426513,0.14417631819844245,2.683415756225586,,,,,,,,,,,,,,,
18,results/stage18/no_position_only/seed_07/warm_start.history.json,,seed_07,7,last,0.19914687752723695,0.19914687752723695,0.15566787376999855,0.41017578840255736,,,,,,,,,,,,,,,
18,results/stage18/no_position_only/seed_08/stage18_ppo.history.json,,seed_08,8,first,0.2660559940850362,-0.009202139510307461,0.5539507232606411,0.17172269255571854,1,4,236,19.569717845784634,0.07669760022933314,0.09798177098855376,2.2029246911406517,79,1,2,19.569717845784634,0.33169013261795044,0.10830383747816086,0.37303781509399414,9.379450732803612
18,results/stage18/no_position_only/seed_08/stage18_ppo.history.json,,seed_08,8,last,0.03520563789061271,-0.026481118708034046,0.13204782060347497,0.43371538119390607,2000,8000,235,14.975781512713802,-0.007803829634212889,0.0542436083778739,1.7288015009835362,78,2,2,14.975781512713802,0.25490692257881165,0.06929795444011688,0.33641040325164795,13.530765101361025
18,results/stage18/no_position_only/seed_08/warm_start.history.json,,seed_08,8,first,2.396265621185303,2.396265621185303,0.21683922708034514,2.689806299209595,,,,,,,,,,,,,,,
18,results/stage18/no_position_only/seed_08/warm_start.history.json,,seed_08,8,last,0.13422966867685318,0.13422966867685318,0.2143619042634964,0.2411495566368103,,,,,,,,,,,,,,,
18,results/stage18/no_position_only/seed_09/stage18_ppo.history.json,,seed_09,9,first,0.28286320850020275,0.008141654667269904,0.5594724086113274,0.5014650420635007,1,4,235,17.21732986611237,0.3182109942645184,0.12713068258017302,1.8342442291323096,77,3,2,17.21732986611237,0.29306095838546753,0.09146977216005325,0.4054374694824219,10.265041855893738
18,results/stage18/no_position_only/seed_09/stage18_ppo.history.json,,seed_09,9,last,0.04433726794377435,-0.01260154921328649,0.12117261800449342,0.3647489994764328,2000,8000,236,17.62249449270756,0.0028032940681441687,0.04329427098855376,1.305956033989787,78,2,2,17.62249449270756,0.29868635535240173,0.08131259679794312,0.35340219736099243,13.493202148339305
18,results/stage18/no_position_only/seed_09/warm_start.history.json,,seed_09,9,first,2.3542776107788086,2.3542776107788086,0.046860207826830445,2.673204050064087,,,,,,,,,,,,,,,
18,results/stage18/no_position_only/seed_09/warm_start.history.json,,seed_09,9,last,0.14216676190495492,0.14216676190495492,0.05064541690051556,0.28755365550518036,,,,,,,,,,,,,,,
18,results/stage18/no_position_only/seed_10/stage18_ppo.history.json,,seed_10,10,first,0.2045697391149588,-0.02493904420407489,0.4617298664525151,0.1356153214583175,1,4,234,16.507059686676282,0.02677539616706781,0.08183593768626451,1.9006019015796483,75,5,2,16.507059686676282,0.28217199444770813,0.07924499362707138,0.36254218220710754,12.678970009270977
18,results/stage18/no_position_only/seed_10/stage18_ppo.history.json,,seed_10,10,last,0.03811991770635359,0.004940851533319801,0.07488253893097863,0.42622040573041886,2000,8000,236,18.875719145822043,0.012634996610984217,0.07096354197710752,1.110158221796155,80,0,2,18.875719145822043,0.31992748379707336,0.08643625676631927,0.3337220549583435,13.699698055856782
18,results/stage18/no_position_only/seed_10/warm_start.history.json,,seed_10,10,first,2.4168089294433592,2.4168089294433592,0.043141287304461005,2.7072908973693846,,,,,,,,,,,,,,,
18,results/stage18/no_position_only/seed_10/warm_start.history.json,,seed_10,10,last,0.15103478193283082,0.15103478193283082,0.06226239994168282,0.28498276829719543,,,,,,,,,,,,,,,
18,results/stage18/no_queue_resource/seed_01/stage18_ppo.history.json,,seed_01,1,first,0.28087139877607115,0.029255028523039073,0.5102189239114523,0.34930860294844024,1,4,235,15.705835824474413,0.15303282433887944,0.12136008590459824,3.30783508811146,76,4,2,15.705835824474413,0.26733338832855225,0.07416822016239166,0.3651135563850403,12.991840157646196
18,results/stage18/no_queue_resource/seed_01/stage18_ppo.history.json,,seed_01,1,last,0.04464301165717188,-0.012936008453834802,0.12668794736964628,0.5764954199548811,2000,8000,235,14.483542483017033,0.014740298823198827,0.06143465917557478,1.5344525864347816,79,1,2,14.483542483017033,0.24652840197086334,0.06646949052810669,0.3323849141597748,13.755901533288558
18,results/stage18/no_queue_resource/seed_01/warm_start.history.json,,seed_01,1,first,2.403101930618286,2.403101930618286,0.1004070871323347,2.7102895164489746,,,,,,,,,,,,,,,
18,results/stage18/no_queue_resource/seed_01/warm_start.history.json,,seed_01,1,last,0.1432541374862194,0.1432541374862194,0.11258221611380577,0.27947094082832336,,,,,,,,,,,,,,,
18,results/stage18/no_queue_resource/seed_02/stage18_ppo.history.json,,seed_02,2,first,0.17904900540452218,-0.010920579137746245,0.3847030187025666,0.2381927587557584,1,4,234,17.82562315975667,0.08148193982924568,0.07500000018626451,1.6899501928128302,78,2,2,17.82562315975667,0.3047114908695221,0.08419183641672134,0.3475245237350464,13.098988965283603
18,results/stage18/no_queue_resource/seed_02/stage18_ppo.history.json,,seed_02,2,last,0.015002751024439931,-0.01799800235312432,0.07181682629743591,0.29076604498550296,2000,8000,236,16.891761023628924,0.00822741703268548,0.042968750232830644,1.0872540874406695,76,4,2,16.891761023628924,0.28630104660987854,0.07778759300708771,0.3291664123535156,13.546437738074912
18,results/stage18/no_queue_resource/seed_02/warm_start.history.json,,seed_02,2,first,2.357200403213501,2.357200403213501,0.15506719648838044,2.6924834632873536,,,,,,,,,,,,,,,
18,results/stage18/no_queue_resource/seed_02/warm_start.history.json,,seed_02,2,last,0.14795024633407594,0.14795024633407594,0.1650441738963127,0.27831409573554994,,,,,,,,,,,,,,,
18,results/stage18/no_queue_resource/seed_03/stage18_ppo.history.json,,seed_03,3,first,0.2720064704626566,2.6018766220659018e-05,0.5493895709514618,0.2714336522557401,1,4,235,16.250843131142943,0.14634900746750645,0.08345170505344868,2.1017126915976405,75,5,2,16.250843131142943,0.2766101062297821,0.08229564875364304,0.38511157035827637,11.29749872450095
18,results/stage18/no_queue_resource/seed_03/stage18_ppo.history.json,,seed_03,3,last,0.045171535210101865,0.002680031699128449,0.0935087725520134,0.42628830033362597,2000,8000,235,19.38226993487099,0.010988903566612862,0.04873934667557478,1.577689653262496,79,1,2,19.38226993487099,0.3299109935760498,0.0882921889424324,0.34693560004234314,13.962042333596656
18,results/stage18/no_queue_resource/seed_03/warm_start.history.json,,seed_03,3,first,2.3623665237426756,2.3623665237426756,0.023959803394973278,2.6704637813568115,,,,,,,,,,,,,,,
18,results/stage18/no_queue_resource/seed_03/warm_start.history.json,,seed_03,3,last,0.1268989098072052,0.1268989098072052,0.06811875388026238,0.2507439589500427,,,,,,,,,,,,,,,
18,results/stage18/no_queue_resource/seed_04/stage18_ppo.history.json,,seed_04,4,first,0.29601391329197213,0.01124948391225189,0.5730561288073659,0.1763630175264564,1,4,234,19.924423133778745,0.06466772133717313,0.09492187527939677,1.9725275449454784,79,1,2,19.924423133778745,0.34058842062950134,0.09408198297023773,0.32998132705688477,13.105294327119367
18,results/stage18/no_queue_resource/seed_04/stage18_ppo.history.json,,seed_04,4,last,0.05359609465813264,-0.010569533274974674,0.13454382796771824,0.3106287327245809,2000,8000,234,15.195012223581452,0.0032097741877805674,0.04296875,1.7706177961081266,77,3,2,15.195012223581452,0.2597438097000122,0.07032229751348495,0.33552882075309753,13.64282077754626
18,results/stage18/no_queue_resource/seed_04/warm_start.history.json,,seed_04,4,first,2.375746154785156,2.375746154785156,0.08662485122680665,2.66256254196167,,,,,,,,,,,,,,,
18,results/stage18/no_queue_resource/seed_04/warm_start.history.json,,seed_04,4,last,0.1445790445804596,0.1445790445804596,0.07980214625597,0.2628597319126129,,,,,,,,,,,,,,,
18,results/stage18/no_queue_resource/seed_05/stage18_ppo.history.json,,seed_05,5,first,0.32625349302543327,-0.00045974948443472385,0.6637543253600597,0.5163919691481027,1,4,235,14.799536958153205,0.3865144061564936,0.12482244335114956,1.6495066559873521,75,5,2,14.799536958153205,0.25190702080726624,0.07307330518960953,0.3637223243713379,11.884010503415665
18,results/stage18/no_queue_resource/seed_05/stage18_ppo.history.json,,seed_05,5,last,0.06438000060370541,-0.01194273168221116,0.15963861672207713,0.34965762915089726,2000,8000,235,15.255810513922889,0.005551296712837939,0.03888494335114956,1.8563700467348099,75,5,2,15.255810513922889,0.2596733868122101,0.07069963216781616,0.3473813235759735,13.490263849533505
18,results/stage18/no_queue_resource/seed_05/warm_start.history.json,,seed_05,5,first,2.304202618598938,2.304202618598938,0.1273399193584919,2.6411844062805176,,,,,,,,,,,,,,,
18,results/stage18/no_queue_resource/seed_05/warm_start.history.json,,seed_05,5,last,0.14792388439178467,0.14792388439178467,0.12039495721459388,0.2710376071929932,,,,,,,,,,,,,,,
18,results/stage18/no_queue_resource/seed_06/stage18_ppo.history.json,,seed_06,6,first,0.25484627825790085,-0.0018836524686776102,0.5170169323682785,0.17785355608046682,1,4,236,16.218964277261254,0.05183257642784156,0.08105468773283064,1.7214134372770786,76,4,2,16.218964277261254,0.2748977243900299,0.08250454813241959,0.37573885917663574,11.101618993756581
18,results/stage18/no_queue_resource/seed_06/stage18_ppo.history.json,,seed_06,6,last,0.023210766055854037,-0.022625009645707905,0.09978459286503494,0.4056520629674196,2000,8000,233,18.608186579137822,0.005882269877474755,0.05740017374046147,2.077075724489987,78,2,2,18.608186579137822,0.3194538354873657,0.08640860766172409,0.34672075510025024,13.667915454111897
18,results/stage18/no_queue_resource/seed_06/warm_start.history.json,,seed_06,6,first,2.3859502983093264,2.3859502983093264,0.09006508484482766,2.6831905174255373,,,,,,,,,,,,,,,
18,results/stage18/no_queue_resource/seed_06/warm_start.history.json,,seed_06,6,last,0.13611451148986817,0.13611451148986817,0.11381787180900574,0.26244781851768495,,,,,,,,,,,,,,,
18,results/stage18/no_queue_resource/seed_07/stage18_ppo.history.json,,seed_07,7,first,0.27715152490418404,-0.01864437948097475,0.6016808934509754,0.504454234444013,1,4,236,14.00835666044709,0.29585612239316106,0.1272786462213844,2.179104735609144,74,6,2,14.00835666044709,0.23742978274822235,0.05704334378242493,0.3162912130355835,17.324487184759914
18,results/stage18/no_queue_resource/seed_07/stage18_ppo.history.json,,seed_07,7,last,0.05086803552694619,-0.008043180889217183,0.12427731405477971,0.32274405332282186,2000,8000,236,16.6049138198843,0.012850973984313896,0.035481771221384406,1.6655620085075498,77,3,2,16.6049138198843,0.28143924474716187,0.07583533227443695,0.31578364968299866,13.772918416025613
18,results/stage18/no_queue_resource/seed_07/warm_start.history.json,,seed_07,7,first,2.3637144660949705,2.3637144660949705,0.22817645817995072,2.6789352989196775,,,,,,,,,,,,,,,
18,results/stage18/no_queue_resource/seed_07/warm_start.history.json,,seed_07,7,last,0.1505118864774704,0.1505118864774704,0.18016405314207076,0.282758766412735,,,,,,,,,,,,,,,
18,results/stage18/no_queue_resource/seed_08/stage18_ppo.history.json,,seed_08,8,first,0.2761654946953058,-0.0025824230106081814,0.5663694180548191,0.4436790472125267,1,4,236,19.580828746330912,0.23796880399459042,0.1136067712213844,2.413987385807559,79,1,2,19.580828746330912,0.3318784534931183,0.10843127965927124,0.37327849864959717,9.368042235892458
18,results/stage18/no_queue_resource/seed_08/stage18_ppo.history.json,,seed_08,8,last,0.013886945089325309,-0.037832324363989756,0.11108880955725908,0.3825137219391763,2000,8000,235,17.095781607053315,0.00715622867573984,0.09898792672902346,1.8629741352051497,78,2,2,17.095781607053315,0.29099205136299133,0.07896305620670319,0.34119805693626404,13.58044958581183
18,results/stage18/no_queue_resource/seed_08/warm_start.history.json,,seed_08,8,first,2.3764528942108156,2.3764528942108156,0.18323245167732238,2.679310359954834,,,,,,,,,,,,,,,
18,results/stage18/no_queue_resource/seed_08/warm_start.history.json,,seed_08,8,last,0.1444754981994629,0.1444754981994629,0.15466668479144574,0.2601519477367401,,,,,,,,,,,,,,,
18,results/stage18/no_queue_resource/seed_09/stage18_ppo.history.json,,seed_09,9,first,0.27239350823219866,-0.009897998534142971,0.5767197161912918,0.6068353755399585,1,4,236,17.221182849611452,0.4302353918319568,0.1468098962213844,2.0989389803726226,77,3,2,17.221182849611452,0.29188448190689087,0.09123297780752182,0.40554940700531006,10.235714934738624
18,results/stage18/no_queue_resource/seed_09/stage18_ppo.history.json,,seed_09,9,last,0.04277931526303291,-0.019607383757829666,0.1319554471410811,0.3591023607623356,2000,8000,236,16.884034366839973,0.008341248212673236,0.04134114598855376,1.1057970989495516,78,2,2,16.884034366839973,0.2861700654029846,0.0773836150765419,0.3483659029006958,13.675725426609832
18,results/stage18/no_queue_resource/seed_09/warm_start.history.json,,seed_09,9,first,2.3321353244781493,2.3321353244781493,0.05637159509584308,2.6618294048309328,,,,,,,,,,,,,,,
18,results/stage18/no_queue_resource/seed_09/warm_start.history.json,,seed_09,9,last,0.11523409307003021,0.11523409307003021,0.06895345658063888,0.22652172893285752,,,,,,,,,,,,,,,
18,results/stage18/no_queue_resource/seed_10/stage18_ppo.history.json,,seed_10,10,first,0.21183754815137945,-0.017739980481565,0.4615064915269613,0.11757185193715654,1,4,234,16.29475964738784,0.030264270317275077,0.04824218759313226,2.0403017052449286,75,5,2,16.29475964738784,0.2785429358482361,0.08028852194547653,0.3710820972919464,12.035863219952054
18,results/stage18/no_queue_resource/seed_10/stage18_ppo.history.json,,seed_10,10,last,0.035454884520731866,-0.03178080642828718,0.14262891106773168,0.4078765413723886,2000,8000,236,17.65626197329219,0.007859229488531128,0.04524739598855376,1.9727528281509876,79,1,2,17.65626197329219,0.29925867915153503,0.08137976378202438,0.3485260009765625,13.522614080501842
18,results/stage18/no_queue_resource/seed_10/warm_start.history.json,,seed_10,10,first,2.401084470748901,2.401084470748901,0.05666616417467594,2.7004837799072265,,,,,,,,,,,,,,,
18,results/stage18/no_queue_resource/seed_10/warm_start.history.json,,seed_10,10,last,0.14160204648971558,0.14160204648971558,0.04254337935009971,0.27096229553222656,,,,,,,,,,,,,,,
18,results/stage18/warm_start_independence_gate/warm_start_seed_31000000.history.json,,warm_start_independence_gate,31000000,first,2.3968116283416747,2.3968116283416747,0.0916158322431147,2.707450103759766,,,,,,,,,,,,,,,
18,results/stage18/warm_start_independence_gate/warm_start_seed_31000000.history.json,,warm_start_independence_gate,31000000,last,0.13441327638924122,0.13441327638924122,0.0909724379144609,0.24874622464179993,,,,,,,,,,,,,,,
18,results/stage18/warm_start_independence_gate/warm_start_seed_31010000.history.json,,warm_start_independence_gate,31010000,first,2.354656753540039,2.354656753540039,0.2135289067029953,2.6905228233337404,,,,,,,,,,,,,,,
18,results/stage18/warm_start_independence_gate/warm_start_seed_31010000.history.json,,warm_start_independence_gate,31010000,last,0.1447827398777008,0.1447827398777008,0.32826406836509703,0.28118428111076355,,,,,,,,,,,,,,,
18,results/stage18_burst/full_context_v2/seed_01/stage18_ppo.history.json,BURST,seed_01,1,first,0.1535711910941505,0.00041270299282457145,0.31102638585226877,0.23547044103699072,1,4,219,-153.04479178723886,0.090192483305665,0.08221726199345929,2.0238542993153845,76,4,3,-153.04479178723886,-2.7953386306762695,-0.05441246181726456,0.11807761341333389,2639.1987355163233
18,results/stage18_burst/full_context_v2/seed_01/stage18_ppo.history.json,BURST,seed_01,1,last,0.011118451648923968,-0.013888549458767687,0.05996753155652966,0.49767653324774336,2000,8000,203,-126.63570377775305,0.012364848417096905,0.06006493525845664,0.9903361765401704,79,1,4,-126.63570377775305,-2.4952850341796875,-0.07918376475572586,0.18875162303447723,993.0427735313914
18,results/stage18_burst/full_context_v2/seed_01/warm_start.history.json,BURST,seed_01,1,first,2.5367642974853517,2.5367642974853517,0.8998436713218689,2.774314842224121,,,,,,,,,,,,,,,
18,results/stage18_burst/full_context_v2/seed_01/warm_start.history.json,BURST,seed_01,1,last,0.3053982400894165,0.3053982400894165,1.1510245037078857,0.43767966628074645,,,,,,,,,,,,,,,
18,results/stage18_burst/full_context_v2/seed_02/stage18_ppo.history.json,BURST,seed_02,2,first,0.16144311281719378,0.004057035781443119,0.3184974438377789,0.18626452929207257,1,4,213,-157.82600935269406,0.02956431991021548,0.06877125866178956,2.269893561090742,78,2,4,-157.82600935269406,-2.9638686180114746,-0.05003637075424194,0.11262182891368866,3508.700456981858
18,results/stage18_burst/full_context_v2/seed_02/stage18_ppo.history.json,BURST,seed_02,2,last,0.039522867117609294,-0.003923346355025258,0.09857841128749507,0.5842993270073619,2000,8000,207,-114.99128655538026,0.017468350265906856,0.048288690724543164,0.848985105752945,76,4,3,-114.99128655538026,-2.2220537662506104,-0.07244697958230972,0.17268681526184082,940.7376892347972
18,results/stage18_burst/full_context_v2/seed_02/warm_start.history.json,BURST,seed_02,2,first,2.6285752391815187,2.6285752391815187,1.1727903366088868,2.8531751251220703,,,,,,,,,,,,,,,
18,results/stage18_burst/full_context_v2/seed_02/warm_start.history.json,BURST,seed_02,2,last,0.23326630353927613,0.23326630353927613,1.3928127193450928,0.3984943795204163,,,,,,,,,,,,,,,
18,results/stage18_burst/full_context_v2/seed_03/stage18_ppo.history.json,BURST,seed_03,3,first,0.15445926768838295,-0.002674862409808806,0.3175201461251293,0.16259424039162695,1,4,208,-121.43294693727805,0.00895863788069359,0.05022321428571429,1.695704544229167,75,5,4,-121.43294693727805,-2.335249185562134,-0.05768299102783203,0.1406746357679367,1638.9695790662436
18,results/stage18_burst/full_context_v2/seed_03/stage18_ppo.history.json,BURST,seed_03,3,last,0.014424338920174964,-0.009355339537640768,0.05924853842173304,0.5844588673540524,2000,8000,204,-120.5445819772024,0.02201725830257471,0.058779761993459294,0.8457528491105352,77,3,4,-120.5445819772024,-2.363619327545166,-0.07649523764848709,0.17886817455291748,954.7423068993658
18,results/stage18_burst/full_context_v2/seed_03/warm_start.history.json,BURST,seed_03,3,first,2.460731725692749,2.460731725692749,0.907737808227539,2.7180071544647215,,,,,,,,,,,,,,,
18,results/stage18_burst/full_context_v2/seed_03/warm_start.history.json,BURST,seed_03,3,last,0.20073391914367675,0.20073391914367675,0.9451158952713012,0.34811004281044006,,,,,,,,,,,,,,,
18,results/stage18_burst/full_context_v2/seed_04/stage18_ppo.history.json,BURST,seed_04,4,first,0.17890940949187747,0.017209892427282675,0.3270220147179706,0.1811492835570659,1,4,200,-105.20307706089406,0.11235870746895671,0.08258928571428571,2.4714212332453047,78,2,4,-105.20307706089406,-2.1040616035461426,-0.058197326958179474,0.1299504041671753,1307.1061689635
18,results/stage18_burst/full_context_v2/seed_04/stage18_ppo.history.json,BURST,seed_04,4,last,-0.008563721203245223,-0.01071948158953871,0.014935296361467667,0.531188932380506,2000,8000,207,-101.44517006715138,-0.011271185740562422,0.08668154797383718,1.0513173724923814,78,2,4,-101.44517006715138,-1.9602932929992676,-0.0681508257985115,0.16496136784553528,827.3699615553901
18,results/stage18_burst/full_context_v2/seed_04/warm_start.history.json,BURST,seed_04,4,first,2.4231647872924804,2.4231647872924804,0.9563308691978455,2.6802330303192137,,,,,,,,,,,,,,,
18,results/stage18_burst/full_context_v2/seed_04/warm_start.history.json,BURST,seed_04,4,last,0.2762092137336731,0.2762092137336731,0.9605627846717835,0.41621044754981995,,,,,,,,,,,,,,,
18,results/stage18_burst/full_context_v2/seed_05/stage18_ppo.history.json,BURST,seed_05,5,first,0.12683156644925475,-0.023369961617780582,0.30365595540830065,0.16264529606061323,1,4,207,-105.60690434036157,0.006036448516949479,0.05751488144908633,2.0395517365208695,74,6,4,-105.60690434036157,-2.04071307182312,-0.062384214252233505,0.13175325095653534,1070.0756798413058
18,results/stage18_burst/full_context_v2/seed_05/stage18_ppo.history.json,BURST,seed_05,5,last,0.017749455690916096,0.002169648717556681,0.04284006663198982,0.5840228125452995,2000,8000,204,-96.52106788162779,0.010760792572649993,0.03757440485060215,1.1129775270819664,75,5,4,-96.52106788162779,-1.892569899559021,-0.057169582694768906,0.13643422722816467,1095.9073167494216
18,results/stage18_burst/full_context_v2/seed_05/warm_start.history.json,BURST,seed_05,5,first,2.452613878250122,2.452613878250122,1.1886827754974365,2.7438389587402345,,,,,,,,,,,,,,,
18,results/stage18_burst/full_context_v2/seed_05/warm_start.history.json,BURST,seed_05,5,last,0.24019277930259705,0.24019277930259705,1.2787400531768798,0.4169760513305664,,,,,,,,,,,,,,,
18,results/stage18_burst/full_context_v2/seed_06/stage18_ppo.history.json,BURST,seed_06,6,first,0.14588595700583287,-0.013910761901310511,0.32203106582164764,0.12188115531018948,1,4,204,-114.42412374314593,0.026502583146793768,0.025669642857142856,1.7059867137244769,76,4,4,-114.42412374314593,-2.243610382080078,-0.05088471993803978,0.130620539188385,1944.106436940346
18,results/stage18_burst/full_context_v2/seed_06/stage18_ppo.history.json,BURST,seed_06,6,last,-0.0010707602902714694,-0.006481025234929153,0.021772382082417607,0.5475925143275943,2000,8000,206,-112.26779185418089,0.02403321409864085,0.08003826572426728,0.9928414890808719,79,1,4,-112.26779185418089,-2.179957151412964,-0.07529137283563614,0.19315150380134583,838.3113714709657
18,results/stage18_burst/full_context_v2/seed_06/warm_start.history.json,BURST,seed_06,6,first,2.495254621505737,2.495254621505737,1.2812718152999878,2.7233642768859863,,,,,,,,,,,,,,,
18,results/stage18_burst/full_context_v2/seed_06/warm_start.history.json,BURST,seed_06,6,last,0.20054166078567504,0.20054166078567504,1.4441835927963256,0.33985580325126646,,,,,,,,,,,,,,,
18,results/stage18_burst/full_context_v2/seed_07/stage18_ppo.history.json,BURST,seed_07,7,first,0.13545071580613563,-0.00548875578013914,0.28558595957500593,0.18535096038665091,1,4,206,-111.56440547921412,0.0011836228160453694,0.04416454104440553,2.6049239028777396,74,6,3,-111.56440547921412,-2.1662991046905518,-0.05909449979662895,0.12659300863742828,1343.8249081101546
18,results/stage18_burst/full_context_v2/seed_07/stage18_ppo.history.json,BURST,seed_07,7,last,0.020574380859865675,0.005804678425192833,0.03642599371128848,0.34432944835030604,2000,8000,200,-91.80201765467542,0.01830870019538062,0.049107142857142856,1.0755435611520494,77,3,4,-91.80201765467542,-1.8360403776168823,-0.0684734359383583,0.15191923081874847,718.9856711806822
18,results/stage18_burst/full_context_v2/seed_07/warm_start.history.json,BURST,seed_07,7,first,2.4958256912231445,2.4958256912231445,0.4941106724739075,2.720757732391357,,,,,,,,,,,,,,,
18,results/stage18_burst/full_context_v2/seed_07/warm_start.history.json,BURST,seed_07,7,last,0.21138668835163116,0.21138668835163116,0.49370946407318117,0.39335954427719116,,,,,,,,,,,,,,,
18,results/stage18_burst/full_context_v2/seed_08/stage18_ppo.history.json,BURST,seed_08,8,first,0.14610597436382836,-0.0067960646535669056,0.3094279082225902,0.18119157506485603,1,4,203,-106.1809663371946,0.0780050078621051,0.06341314954417092,1.7531753331422806,79,1,4,-106.1809663371946,-2.092235803604126,-0.06044910103082657,0.12614169716835022,1197.958045699351
18,results/stage18_burst/full_context_v2/seed_08/stage18_ppo.history.json,BURST,seed_08,8,last,0.04465015215932259,0.008857692857938153,0.0818212531240923,0.5118167818124805,2000,8000,201,-96.29211812994947,0.01617686841304281,0.06039186513849667,0.9811161085963249,77,3,4,-96.29211812994947,-1.9162609577178955,-0.06357795745134354,0.1444196254014969,908.4400673516284
18,results/stage18_burst/full_context_v2/seed_08/warm_start.history.json,BURST,seed_08,8,first,2.4720988845825196,2.4720988845825196,1.1677767276763915,2.7126737308502196,,,,,,,,,,,,,,,
18,results/stage18_burst/full_context_v2/seed_08/warm_start.history.json,BURST,seed_08,8,last,0.18935968697071076,0.18935968697071076,1.169222159385681,0.3443825459480286,,,,,,,,,,,,,,,
18,results/stage18_burst/full_context_v2/seed_09/stage18_ppo.history.json,BURST,seed_09,9,first,0.11310556900155332,-0.031005073338747025,0.29307414165564943,0.24264319300917642,1,4,199,-100.46986496077973,0.059616699806481065,0.07892219456178802,1.4670456158263343,77,3,4,-100.46986496077973,-2.0194947719573975,-0.05852004885673523,0.1220746636390686,1190.902404507651
18,results/stage18_burst/full_context_v2/seed_09/stage18_ppo.history.json,BURST,seed_09,9,last,0.015413101829056228,-0.028560269890086993,0.10067086108028889,0.6362058999282973,2000,8000,206,-128.14136675361613,0.005697234334158046,0.06106505170464516,1.0295304943408286,79,1,3,-128.14136675361613,-2.4881815910339355,-0.08010436594486237,0.17755292356014252,964.8324282397107
18,results/stage18_burst/full_context_v2/seed_09/warm_start.history.json,BURST,seed_09,9,first,2.4426091289520264,2.4426091289520264,0.7478023529052734,2.7200832176208496,,,,,,,,,,,,,,,
18,results/stage18_burst/full_context_v2/seed_09/warm_start.history.json,BURST,seed_09,9,last,0.2098152631521225,0.2098152631521225,0.8128999590873718,0.3653372371196747,,,,,,,,,,,,,,,
18,results/stage18_burst/full_context_v2/seed_10/stage18_ppo.history.json,BURST,seed_10,10,first,0.13230129866860807,-0.0021997535867350443,0.2712619240794863,0.11299117268728358,1,4,203,-109.59406380632022,0.036508030557472794,0.036830357142857144,1.475304204438414,75,5,4,-109.59406380632022,-2.1594889163970947,-0.059574004262685776,0.13685695827007294,1313.978967472631
18,results/stage18_burst/full_context_v2/seed_10/stage18_ppo.history.json,BURST,seed_10,10,last,-0.009062889630773239,-0.028931265829929283,0.05108158682872142,0.5672413978193488,2000,8000,201,-105.33768096661768,0.014748024787487728,0.09300595255834716,0.7889477972473417,80,0,3,-105.33768096661768,-2.0962724685668945,-0.06592784076929092,0.15124334394931793,1011.0152182507309
18,results/stage18_burst/full_context_v2/seed_10/warm_start.history.json,BURST,seed_10,10,first,2.456743755340576,2.456743755340576,1.0753664588928222,2.69342378616333,,,,,,,,,,,,,,,
18,results/stage18_burst/full_context_v2/seed_10/warm_start.history.json,BURST,seed_10,10,last,0.22538588404655457,0.22538588404655457,0.966884799003601,0.3509598195552826,,,,,,,,,,,,,,,
18,results/stage18_burst/no_eta_cost_only/seed_01/stage18_ppo.history.json,BURST,seed_01,1,first,0.09002853537510548,-0.004903171313344501,0.20541855559817382,0.777757217841489,1,4,221,-263.887332925246,0.003313161033604826,0.06542487695280995,1.4263179344790322,76,4,3,-263.887332925246,-4.776241302490234,-0.06064534932374954,0.13010472059249878,6202.653174087163
18,results/stage18_burst/no_eta_cost_only/seed_01/stage18_ppo.history.json,BURST,seed_01,1,last,-0.01224294351413846,-0.014967326740069049,0.017215777388108627,0.5883506887725422,2000,8000,199,-132.01894888820595,0.0015737318234252079,0.10921556236488479,0.8077826877789838,79,1,4,-132.01894888820595,-2.6536471843719482,-0.055391330271959305,0.1328212022781372,2295.1059171274696
18,results/stage18_burst/no_eta_cost_only/seed_01/warm_start.history.json,BURST,seed_01,1,first,2.7196327877044677,2.7196327877044677,0.7338755679130554,2.8084695720672608,,,,,,,,,,,,,,,
18,results/stage18_burst/no_eta_cost_only/seed_01/warm_start.history.json,BURST,seed_01,1,last,1.8494603824615479,1.8494603824615479,0.5892787337303161,1.8682094287872315,,,,,,,,,,,,,,,
18,results/stage18_burst/no_eta_cost_only/seed_02/stage18_ppo.history.json,BURST,seed_02,2,first,0.1545093385502696,0.00019979769630091532,0.324411578476429,0.7896245270967484,1,4,214,-235.78013314350235,0.010855174324076091,0.05783279240131378,1.370819675070899,77,3,3,-235.78013314350235,-4.407104969024658,-0.05570899695158005,0.12829998135566711,6258.297936238341
18,results/stage18_burst/no_eta_cost_only/seed_02/stage18_ppo.history.json,BURST,seed_02,2,last,0.00371607271621802,-0.011715628007160766,0.03988524779145207,0.45109230439577785,2000,8000,209,-139.0683293166603,0.01673259022313037,0.06420693280441421,1.1324334463902883,76,4,3,-139.0683293166603,-2.661594867706299,-0.06048178672790527,0.14421133697032928,1936.5764412605038
18,results/stage18_burst/no_eta_cost_only/seed_02/warm_start.history.json,BURST,seed_02,2,first,2.827998332977295,2.827998332977295,0.7656401205062866,2.9139201736450193,,,,,,,,,,,,,,,
18,results/stage18_burst/no_eta_cost_only/seed_02/warm_start.history.json,BURST,seed_02,2,last,1.9802697372436524,1.9802697372436524,0.7185706424713135,2.088888826370239,,,,,,,,,,,,,,,
18,results/stage18_burst/no_eta_cost_only/seed_03/stage18_ppo.history.json,BURST,seed_03,3,first,0.12554945918132684,-0.003791154096169131,0.2751520721774016,0.8235422191875321,1,4,215,-216.51764318851474,0.024336304754667384,0.06827445660850831,1.7276260682514735,75,5,4,-216.51764318851474,-4.028234958648682,-0.06072545424103737,0.14950862526893616,4400.358079926168
18,results/stage18_burst/no_eta_cost_only/seed_03/stage18_ppo.history.json,BURST,seed_03,3,last,0.0031948908498244627,-0.014246055124593633,0.04302302787878683,0.4070568325862827,2000,8000,199,-131.553729807542,-0.00662450613994484,0.06760204104440552,0.7056672908365726,76,4,4,-131.553729807542,-2.644296407699585,-0.06008491665124893,0.1470307856798172,1936.8195383297425
18,results/stage18_burst/no_eta_cost_only/seed_03/warm_start.history.json,BURST,seed_03,3,first,2.672329082489014,2.672329082489014,0.8830858612060547,2.7606609630584718,,,,,,,,,,,,,,,
18,results/stage18_burst/no_eta_cost_only/seed_03/warm_start.history.json,BURST,seed_03,3,last,1.8353247547149658,1.8353247547149658,0.7878636932373047,2.020810670852661,,,,,,,,,,,,,,,
18,results/stage18_burst/no_eta_cost_only/seed_04/stage18_ppo.history.json,BURST,seed_04,4,first,0.10454934782215528,-0.0028164491190442015,0.230497022824628,0.7882715208189828,1,4,208,-205.66825443694336,0.23208825423249177,0.125,1.0860122564647878,78,2,4,-205.66825443694336,-3.9551587104797363,-0.05901305377483368,0.13477656245231628,4491.915893821068
18,results/stage18_burst/no_eta_cost_only/seed_04/stage18_ppo.history.json,BURST,seed_04,4,last,0.011709325098698693,-0.005681450212640422,0.04363893607764372,0.44286961880113396,2000,8000,206,-133.01408515551353,0.023233353858813643,0.074617347280894,1.121857532433101,77,3,4,-133.01408515551353,-2.5827977657318115,-0.06301954388618469,0.14469371736049652,1679.6945023978649
18,results/stage18_burst/no_eta_cost_only/seed_04/warm_start.history.json,BURST,seed_04,4,first,2.6409637832641604,2.6409637832641604,0.8012948083877564,2.7291328525543213,,,,,,,,,,,,,,,
18,results/stage18_burst/no_eta_cost_only/seed_04/warm_start.history.json,BURST,seed_04,4,last,1.731877555847168,1.731877555847168,0.7091138386726379,1.8175923252105712,,,,,,,,,,,,,,,
18,results/stage18_burst/no_eta_cost_only/seed_05/stage18_ppo.history.json,BURST,seed_05,5,first,0.11701805433923644,0.001304303961140769,0.24602436327508517,0.7298429746712957,1,4,208,-178.8538507404237,0.05715254667614188,0.14508928571428573,1.8635221325925417,75,5,4,-178.8538507404237,-3.439497232437134,-0.05897838622331619,0.13597364723682404,3400.979820724543
18,results/stage18_burst/no_eta_cost_only/seed_05/stage18_ppo.history.json,BURST,seed_05,5,last,-0.013253640915666307,-0.021164109398211752,0.024610131180712154,0.43945976346731186,2000,8000,201,-116.00694743943514,0.020889506010072573,0.10019841284624167,1.1213989853858948,75,5,4,-116.00694743943514,-2.308595895767212,-0.05186384916305542,0.1402607411146164,1981.37310980631
18,results/stage18_burst/no_eta_cost_only/seed_05/warm_start.history.json,BURST,seed_05,5,first,2.698612632751465,2.698612632751465,1.494196710586548,2.8199477767944336,,,,,,,,,,,,,,,
18,results/stage18_burst/no_eta_cost_only/seed_05/warm_start.history.json,BURST,seed_05,5,last,1.8557743787765504,1.8557743787765504,1.3367510032653809,1.9178811073303224,,,,,,,,,,,,,,,
18,results/stage18_burst/no_eta_cost_only/seed_06/stage18_ppo.history.json,BURST,seed_06,6,first,0.13250287914914743,0.005890529469719955,0.2684595316116299,0.7617416339261192,1,4,208,-199.81433352920993,0.03302784004647817,0.08705357142857142,1.6295062590922629,76,4,4,-199.81433352920993,-3.842583179473877,-0.062412820756435394,0.14385433495044708,3790.521624323529
18,results/stage18_burst/no_eta_cost_only/seed_06/stage18_ppo.history.json,BURST,seed_06,6,last,-0.01842049858532846,-0.029347225491489683,0.03216355703105884,0.5155052838048765,2000,8000,199,-123.87935932783026,-0.007216272110651646,0.1060267873108387,1.2768846707684653,78,2,4,-123.87935932783026,-2.490037202835083,-0.05858277529478073,0.15469737350940704,1806.641096186034
18,results/stage18_burst/no_eta_cost_only/seed_06/warm_start.history.json,BURST,seed_06,6,first,2.6886859130859375,2.6886859130859375,1.0262980365753174,2.7688111877441406,,,,,,,,,,,,,,,
18,results/stage18_burst/no_eta_cost_only/seed_06/warm_start.history.json,BURST,seed_06,6,last,1.7389263582229615,1.7389263582229615,0.8577915501594543,1.8867405509948731,,,,,,,,,,,,,,,
18,results/stage18_burst/no_eta_cost_only/seed_07/stage18_ppo.history.json,BURST,seed_07,7,first,0.10678394300131393,0.0036914069870752947,0.2204895251031433,0.7152224002139909,1,4,207,-186.4465183416014,0.03812751007665481,0.11919642931648664,1.8253398771796907,76,4,3,-186.4465183416014,-3.6028313636779785,-0.05713126063346863,0.1280863732099533,3976.858657514684
18,results/stage18_burst/no_eta_cost_only/seed_07/stage18_ppo.history.json,BURST,seed_07,7,last,-0.0333967522185828,-0.037515145992594104,0.01973274496517011,0.574797683781929,2000,8000,198,-118.26697033385892,0.011964234922613417,0.05840773827263287,0.9835491443851164,76,4,4,-118.26697033385892,-2.3892316818237305,-0.05493718013167381,0.14006561040878296,1891.4021740427074
18,results/stage18_burst/no_eta_cost_only/seed_07/warm_start.history.json,BURST,seed_07,7,first,2.7051079082489013,2.7051079082489013,0.4980242514610291,2.7904120540618895,,,,,,,,,,,,,,,
18,results/stage18_burst/no_eta_cost_only/seed_07/warm_start.history.json,BURST,seed_07,7,last,1.8306458616256713,1.8306458616256713,0.5411031723022461,1.8868869829177857,,,,,,,,,,,,,,,
18,results/stage18_burst/no_eta_cost_only/seed_08/stage18_ppo.history.json,BURST,seed_08,8,first,0.12644045600401504,-0.016594971338885704,0.30260975459324463,0.8269450994474548,1,4,203,-174.7437854149696,0.04276487961344953,0.13230519528899873,1.8711871249335152,79,1,4,-174.7437854149696,-3.4432270526885986,-0.06625448912382126,0.14181800186634064,2700.8512191973236
18,results/stage18_burst/no_eta_cost_only/seed_08/stage18_ppo.history.json,BURST,seed_08,8,last,-0.012064521217585675,-0.02034892058665199,0.024460945211883103,0.3946075460740498,2000,8000,205,-111.90464909420066,0.024468864081427455,0.0640453299773591,0.8657858962459224,77,3,4,-111.90464909420066,-2.1835052967071533,-0.05190855637192726,0.1161457896232605,1769.4185778457993
18,results/stage18_burst/no_eta_cost_only/seed_08/warm_start.history.json,BURST,seed_08,8,first,2.6701440238952636,2.6701440238952636,1.4129393815994262,2.752074565887451,,,,,,,,,,,,,,,
18,results/stage18_burst/no_eta_cost_only/seed_08/warm_start.history.json,BURST,seed_08,8,last,1.8524273681640624,1.8524273681640624,1.5221514225006103,1.9140798568725585,,,,,,,,,,,,,,,
18,results/stage18_burst/no_eta_cost_only/seed_09/stage18_ppo.history.json,BURST,seed_09,9,first,0.10048541323547917,-0.01253965709890638,0.24280557222664356,0.8377715753657478,1,4,201,-153.11163766710868,0.03713596503699331,0.06783234168376241,1.550537729901927,77,3,4,-153.11163766710868,-3.0469977855682373,-0.06377866864204407,0.13313686847686768,2282.408544564751
18,results/stage18_burst/no_eta_cost_only/seed_09/stage18_ppo.history.json,BURST,seed_09,9,last,0.0008353978794600282,-0.013557710152651583,0.03677445576925363,0.3994120769202709,2000,8000,208,-151.118293083686,0.019598390541172454,0.08928571428571429,0.8457450877342906,77,3,3,-151.118293083686,-2.906121253967285,-0.06869102269411087,0.14251108467578888,1789.8944818186053
18,results/stage18_burst/no_eta_cost_only/seed_09/warm_start.history.json,BURST,seed_09,9,first,2.7237534141540527,2.7237534141540527,0.7408421087265015,2.8010144996643067,,,,,,,,,,,,,,,
18,results/stage18_burst/no_eta_cost_only/seed_09/warm_start.history.json,BURST,seed_09,9,last,1.8464592790603638,1.8464592790603638,0.8315686845779419,2.0058632564544676,,,,,,,,,,,,,,,
18,results/stage18_burst/no_eta_cost_only/seed_10/stage18_ppo.history.json,BURST,seed_10,10,first,0.13577071045126235,-0.00037699053063988686,0.2871859267886196,0.7445264607667923,1,4,208,-175.71205805728107,0.019837931596807072,0.08928571428571429,1.7486861497163773,75,5,3,-175.71205805728107,-3.3790781497955322,-0.059070147573947906,0.14782766997814178,3272.354075119614
18,results/stage18_burst/no_eta_cost_only/seed_10/stage18_ppo.history.json,BURST,seed_10,10,last,0.007249927281269005,-0.004033086156206471,0.030929272395691702,0.41816225967236925,2000,8000,207,-132.0842025021168,0.012782725339223231,0.09717261950884547,0.7588702019836221,79,1,4,-132.0842025021168,-2.552351713180542,-0.06311237066984177,0.15498699247837067,1635.5058849823472
18,results/stage18_burst/no_eta_cost_only/seed_10/warm_start.history.json,BURST,seed_10,10,first,2.666336135864258,2.666336135864258,0.9978214836120606,2.740886507034302,,,,,,,,,,,,,,,
18,results/stage18_burst/no_eta_cost_only/seed_10/warm_start.history.json,BURST,seed_10,10,last,1.6882577848434448,1.6882577848434448,0.789428927898407,1.823946361541748,,,,,,,,,,,,,,,
18,results/stage18_burst/no_explicit_handover_risk/seed_01/stage18_ppo.history.json,BURST,seed_01,1,first,0.157121845787125,-0.0017171597906521388,0.3217817081936768,0.20518485297049796,1,4,219,-152.82623098925225,0.03595907824014181,0.07998511913631644,1.6899169385433197,76,4,3,-152.82623098925225,-2.791346788406372,-0.053471148014068604,0.11777377128601074,2725.138273928767
18,results/stage18_burst/no_explicit_handover_risk/seed_01/stage18_ppo.history.json,BURST,seed_01,1,last,-0.004115103161893785,-0.01558198087981769,0.032950612782899825,0.5008428513371784,2000,8000,202,-101.51060239344939,0.016967053977298616,0.06584821428571429,1.0104196055659227,79,1,4,-101.51060239344939,-2.010111093521118,-0.07014655321836472,0.15468938648700714,821.1592695798206
18,results/stage18_burst/no_explicit_handover_risk/seed_01/warm_start.history.json,BURST,seed_01,1,first,2.5381185531616213,2.5381185531616213,0.8712903475761413,2.774783897399902,,,,,,,,,,,,,,,
18,results/stage18_burst/no_explicit_handover_risk/seed_01/warm_start.history.json,BURST,seed_01,1,last,0.2217008912563324,0.2217008912563324,0.8351810693740844,0.3630299609899521,,,,,,,,,,,,,,,
18,results/stage18_burst/no_explicit_handover_risk/seed_02/stage18_ppo.history.json,BURST,seed_02,2,first,0.15263663791120052,-0.004373600972550256,0.31814699673226904,0.20632562400507076,1,4,213,-156.53289807150082,0.044839080988562534,0.08168579970619508,1.649135789700917,78,2,4,-156.53289807150082,-2.939584970474243,-0.05103475600481033,0.11655867099761963,3317.7211276837306
18,results/stage18_burst/no_explicit_handover_risk/seed_02/stage18_ppo.history.json,BURST,seed_02,2,last,0.020123964874073863,0.008513786597177386,0.034223891694896987,0.5501767545938492,2000,8000,205,-121.23779801602086,0.0188402216369598,0.07623626398188728,1.5140980466135912,76,4,4,-121.23779801602086,-2.3656156063079834,-0.07436023652553558,0.174204483628273,1012.0614023507887
18,results/stage18_burst/no_explicit_handover_risk/seed_02/warm_start.history.json,BURST,seed_02,2,first,2.632763662338257,2.632763662338257,1.1706936168670654,2.855627155303955,,,,,,,,,,,,,,,
18,results/stage18_burst/no_explicit_handover_risk/seed_02/warm_start.history.json,BURST,seed_02,2,last,0.22770629465579986,0.22770629465579986,1.4964031791687011,0.3819497752189636,,,,,,,,,,,,,,,
18,results/stage18_burst/no_explicit_handover_risk/seed_03/stage18_ppo.history.json,BURST,seed_03,3,first,0.1668434324009078,-0.005360576590257031,0.348155111606632,0.18735460697540215,1,4,208,-117.59460852570206,0.032640913917150884,0.05915178571428571,1.6362040463302816,75,5,4,-117.59460852570206,-2.26143479347229,-0.05822975933551788,0.14023859798908234,1508.2666547047716
18,results/stage18_burst/no_explicit_handover_risk/seed_03/stage18_ppo.history.json,BURST,seed_03,3,last,0.01310942365255739,0.0012406189260738237,0.03494279193026679,0.5602591048393931,2000,8000,201,-101.31738975679164,0.02599275009041386,0.05716765884842191,0.7380291234169688,78,2,4,-101.31738975679164,-2.016266345977783,-0.058098796755075455,0.14263701438903809,1204.374725426237
18,results/stage18_burst/no_explicit_handover_risk/seed_03/warm_start.history.json,BURST,seed_03,3,first,2.4358716773986817,2.4358716773986817,0.9156766557693481,2.711952877044678,,,,,,,,,,,,,,,
18,results/stage18_burst/no_explicit_handover_risk/seed_03/warm_start.history.json,BURST,seed_03,3,last,0.2082284963130951,0.2082284963130951,0.9667525053024292,0.3602422046661377,,,,,,,,,,,,,,,
18,results/stage18_burst/no_explicit_handover_risk/seed_04/stage18_ppo.history.json,BURST,seed_04,4,first,0.17036921002103814,0.010302370746753045,0.32339050461138996,0.16284145507961512,1,4,200,-105.60498378349891,0.0899039872456342,0.07924107142857142,1.5976887696555682,78,2,4,-105.60498378349891,-2.1120996475219727,-0.058294858783483505,0.12998327612876892,1312.7086107408409
18,results/stage18_burst/no_explicit_handover_risk/seed_04/stage18_ppo.history.json,BURST,seed_04,4,last,0.0665250903361344,0.02895701227576605,0.08559413240956408,0.5228987996067319,2000,8000,207,-135.2322806265757,0.0036299520870670676,0.04747023859194347,1.3481031783989497,77,3,4,-135.2322806265757,-2.6131839752197266,-0.08871576189994812,0.2160860002040863,867.637940751784
18,results/stage18_burst/no_explicit_handover_risk/seed_04/warm_start.history.json,BURST,seed_04,4,first,2.418356418609619,2.418356418609619,0.950809051990509,2.6728205490112305,,,,,,,,,,,,,,,
18,results/stage18_burst/no_explicit_handover_risk/seed_04/warm_start.history.json,BURST,seed_04,4,last,0.2499345886707306,0.2499345886707306,0.9353352427482605,0.41495787382125854,,,,,,,,,,,,,,,
18,results/stage18_burst/no_explicit_handover_risk/seed_05/stage18_ppo.history.json,BURST,seed_05,5,first,0.1274845948209986,-0.020611509115302136,0.29851473442145754,0.11612623377836176,1,4,207,-101.59654966689814,0.0011072429104907705,0.040773810020514896,2.266552801643099,75,5,3,-101.59654966689814,-1.9632184505462646,-0.0625135600566864,0.1372891068458557,986.2540071269594
18,results/stage18_burst/no_explicit_handover_risk/seed_05/stage18_ppo.history.json,BURST,seed_05,5,last,0.015767760341987014,-0.01738255298031228,0.07594055862032942,0.4819965075169291,2000,8000,199,-98.2379940773319,0.0038180005004895584,0.046396683901548386,0.9999640669141497,75,5,4,-98.2379940773319,-1.9746330976486206,-0.06976688653230667,0.16636453568935394,801.0767266255637
18,results/stage18_burst/no_explicit_handover_risk/seed_05/warm_start.history.json,BURST,seed_05,5,first,2.4528842258453367,2.4528842258453367,1.1510375881195067,2.743768825531006,,,,,,,,,,,,,,,
18,results/stage18_burst/no_explicit_handover_risk/seed_05/warm_start.history.json,BURST,seed_05,5,last,0.21410152554512024,0.21410152554512024,1.1614874362945558,0.37809260725975036,,,,,,,,,,,,,,,
18,results/stage18_burst/no_explicit_handover_risk/seed_06/stage18_ppo.history.json,BURST,seed_06,6,first,0.1518469451693818,-0.00804846188319581,0.32244192702429636,0.13255576140571584,1,4,204,-114.01851760629832,0.0932145204029179,0.04724702398691859,1.7875335674200739,76,4,4,-114.01851760629832,-2.235657215118408,-0.05083771422505379,0.1307719200849533,1933.9196254915628
18,results/stage18_burst/no_explicit_handover_risk/seed_06/stage18_ppo.history.json,BURST,seed_06,6,last,-0.006946082019047546,-0.02524468374576827,0.044102158463959186,0.3752478281302111,2000,8000,202,-100.5514406402677,-0.005246075967858944,0.06852678582072258,0.9874555362122399,79,1,4,-100.5514406402677,-1.9911175966262817,-0.06503738462924957,0.13741956651210785,937.2763363717805
18,results/stage18_burst/no_explicit_handover_risk/seed_06/warm_start.history.json,BURST,seed_06,6,first,2.4900030422210695,2.4900030422210695,1.1364007091522217,2.722196922302246,,,,,,,,,,,,,,,
18,results/stage18_burst/no_explicit_handover_risk/seed_06/warm_start.history.json,BURST,seed_06,6,last,0.20912962555885314,0.20912962555885314,1.0873026823997498,0.35921097874641417,,,,,,,,,,,,,,,
18,results/stage18_burst/no_explicit_handover_risk/seed_07/stage18_ppo.history.json,BURST,seed_07,7,first,0.16633819831934357,0.0038409618261669365,0.33102587557264734,0.3015701188040631,1,4,207,-110.81908130160939,0.14030418372047798,0.1322172630046095,2.1427002996206284,74,6,3,-110.81908130160939,-2.1414315700531006,-0.058163002133369446,0.1264987289905548,1355.5474093255025
18,results/stage18_burst/no_explicit_handover_risk/seed_07/stage18_ppo.history.json,BURST,seed_07,7,last,0.022454240542304302,0.01142659064914499,0.03219785960391164,0.507127881382725,2000,8000,197,-93.24812583563624,0.05505054795399441,0.07120535735573087,1.043921503105334,77,3,4,-93.24812583563624,-1.893363118171692,-0.06320993602275848,0.15764419734477997,897.216096069603
18,results/stage18_burst/no_explicit_handover_risk/seed_07/warm_start.history.json,BURST,seed_07,7,first,2.5063118076324464,2.5063118076324464,0.6146580743789672,2.712158660888672,,,,,,,,,,,,,,,
18,results/stage18_burst/no_explicit_handover_risk/seed_07/warm_start.history.json,BURST,seed_07,7,last,0.20542552709579467,0.20542552709579467,0.6217070031166076,0.36497373461723326,,,,,,,,,,,,,,,
18,results/stage18_burst/no_explicit_handover_risk/seed_08/stage18_ppo.history.json,BURST,seed_08,8,first,0.12662315579862998,-0.02060613435293947,0.2983370838420732,0.19392490879233396,1,4,205,-106.01770755639134,0.0505413151279624,0.075120192819408,1.8770887574979238,79,1,3,-106.01770755639134,-2.0686380863189697,-0.05994902923703194,0.12604831159114838,1190.7065304777389
18,results/stage18_burst/no_explicit_handover_risk/seed_08/stage18_ppo.history.json,BURST,seed_08,8,last,-0.0013383861098970687,-0.023491585427629098,0.05594193556212953,0.5817768068185875,2000,8000,205,-114.28892810261596,0.03890903067908117,0.06902472568409783,1.1027697931442941,77,3,4,-114.28892810261596,-2.2300281524658203,-0.07482495903968811,0.171108216047287,888.2344337393367
18,results/stage18_burst/no_explicit_handover_risk/seed_08/warm_start.history.json,BURST,seed_08,8,first,2.473379707336426,2.473379707336426,1.1439869689941407,2.719148359298706,,,,,,,,,,,,,,,
18,results/stage18_burst/no_explicit_handover_risk/seed_08/warm_start.history.json,BURST,seed_08,8,last,0.1860777884721756,0.1860777884721756,1.036628098487854,0.3279554295539856,,,,,,,,,,,,,,,
18,results/stage18_burst/no_explicit_handover_risk/seed_09/stage18_ppo.history.json,BURST,seed_09,9,first,0.12164147630599993,-0.03252640526209559,0.3130951592964785,0.237969568814151,1,4,199,-100.46986496077973,0.06437626494776591,0.0822704088475023,1.3760891391762666,77,3,4,-100.46986496077973,-2.0194947719573975,-0.05852004885673523,0.1220746636390686,1190.902404507651
18,results/stage18_burst/no_explicit_handover_risk/seed_09/stage18_ppo.history.json,BURST,seed_09,9,last,-0.004123985767364502,-0.017140011569218978,0.03529453284240195,0.46312411927751135,2000,8000,211,-98.61408184761571,0.013371039714132036,0.07489426700132233,1.2741306977612632,78,2,3,-98.61408184761571,-1.869461178779602,-0.06363862752914429,0.1292191594839096,862.9612859541444
18,results/stage18_burst/no_explicit_handover_risk/seed_09/warm_start.history.json,BURST,seed_09,9,first,2.4396801948547364,2.4396801948547364,0.727832498550415,2.7141743659973145,,,,,,,,,,,,,,,
18,results/stage18_burst/no_explicit_handover_risk/seed_09/warm_start.history.json,BURST,seed_09,9,last,0.20905611634254456,0.20905611634254456,0.7458867788314819,0.36488749980926516,,,,,,,,,,,,,,,
18,results/stage18_burst/no_explicit_handover_risk/seed_10/stage18_ppo.history.json,BURST,seed_10,10,first,0.13469938654452562,-0.005957929417490959,0.28421456765915665,0.14499677903950214,1,4,203,-108.54285139058094,0.040721202468765635,0.06554383145911354,1.7768585405179433,75,5,4,-108.54285139058094,-2.13877534866333,-0.059073660522699356,0.1345657855272293,1310.8187416536666
18,results/stage18_burst/no_explicit_handover_risk/seed_10/stage18_ppo.history.json,BURST,seed_10,10,last,-0.009236769168637693,-0.01734235473642392,0.027262066890086447,0.5525447256597025,2000,8000,204,-89.51115299978643,0.00827516010862642,0.05505952398691859,0.6331485634935754,80,0,4,-89.51115299978643,-1.7551206350326538,-0.05835139378905296,0.12466634064912796,904.7143374061611
18,results/stage18_burst/no_explicit_handover_risk/seed_10/warm_start.history.json,BURST,seed_10,10,first,2.4489071273803713,2.4489071273803713,1.0356997108459474,2.6881602001190186,,,,,,,,,,,,,,,
18,results/stage18_burst/no_explicit_handover_risk/seed_10/warm_start.history.json,BURST,seed_10,10,last,0.19915638983249664,0.19915638983249664,0.9858310556411743,0.33664132595062257,,,,,,,,,,,,,,,
18,results/stage18_burst/no_explicit_queue_resource/seed_01/stage18_ppo.history.json,BURST,seed_01,1,first,0.1580832157716421,-0.002478002038385187,0.3258196493344648,0.2348607507135187,1,4,219,-152.90573813620918,0.06403055549682383,0.09114583342203073,1.7938361870391029,76,4,3,-152.90573813620918,-2.7927987575531006,-0.05416080728173256,0.11689658463001251,2658.943078409615
18,results/stage18_burst/no_explicit_queue_resource/seed_01/stage18_ppo.history.json,BURST,seed_01,1,last,-0.03696666336950979,-0.0503374920891864,0.039575067847701054,0.6416704548256738,2000,8000,203,-122.18377712386382,0.008513833229829158,0.0485998381461416,0.9471391726817403,79,1,4,-122.18377712386382,-2.407562017440796,-0.07055006176233292,0.16052712500095367,1164.5555485161865
18,results/stage18_burst/no_explicit_queue_resource/seed_01/warm_start.history.json,BURST,seed_01,1,first,2.5393533420562746,2.5393533420562746,0.8351545763015747,2.776162376403809,,,,,,,,,,,,,,,
18,results/stage18_burst/no_explicit_queue_resource/seed_01/warm_start.history.json,BURST,seed_01,1,last,0.25268641591072083,0.25268641591072083,0.8256245684623719,0.4244422554969788,,,,,,,,,,,,,,,
18,results/stage18_burst/no_explicit_queue_resource/seed_02/stage18_ppo.history.json,BURST,seed_02,2,first,0.1527245261573366,-0.0066357389691152745,0.322554703269686,0.19170851027593017,1,4,213,-158.10885889680867,0.03818287457605558,0.07270408195576497,1.4976301219846522,78,2,4,-158.10885889680867,-2.9691803455352783,-0.049920544028282166,0.11490020155906677,3537.647403879452
18,results/stage18_burst/no_explicit_queue_resource/seed_02/stage18_ppo.history.json,BURST,seed_02,2,last,0.004172196545239005,-0.007761976681649685,0.03794375015422702,0.7037701777049473,2000,8000,205,-127.41963934330283,0.0010385479628374533,0.04739010999245303,0.6739487967320851,76,4,4,-127.41963934330283,-2.486237049102783,-0.07955335080623627,0.1808827817440033,976.7153395723969
18,results/stage18_burst/no_explicit_queue_resource/seed_02/warm_start.history.json,BURST,seed_02,2,first,2.6272061824798585,2.6272061824798585,1.1154944562911988,2.8523036861419677,,,,,,,,,,,,,,,
18,results/stage18_burst/no_explicit_queue_resource/seed_02/warm_start.history.json,BURST,seed_02,2,last,0.22638958632946016,0.22638958632946016,1.289716444015503,0.3874633502960205,,,,,,,,,,,,,,,
18,results/stage18_burst/no_explicit_queue_resource/seed_03/stage18_ppo.history.json,BURST,seed_03,3,first,0.13546369272184425,-0.011982003359922342,0.299440914232816,0.22747621632048062,1,4,208,-125.46802367806555,0.03932814113795757,0.08258928571428571,1.5046112420303481,75,5,4,-125.46802367806555,-2.412846565246582,-0.05882572382688522,0.14168192446231842,1682.3831009072467
18,results/stage18_burst/no_explicit_queue_resource/seed_03/stage18_ppo.history.json,BURST,seed_03,3,last,0.008756728593393095,-0.002760810112314565,0.034217091875949075,0.5591006973492247,2000,8000,199,-94.4177526191478,0.0066287035255559856,0.06345663326127189,1.2105573096445628,76,4,4,-94.4177526191478,-1.8978443145751953,-0.06199946627020836,0.13487498462200165,937.0121507640129
18,results/stage18_burst/no_explicit_queue_resource/seed_03/warm_start.history.json,BURST,seed_03,3,first,2.4611398124694825,2.4611398124694825,0.9016529369354248,2.719009780883789,,,,,,,,,,,,,,,
18,results/stage18_burst/no_explicit_queue_resource/seed_03/warm_start.history.json,BURST,seed_03,3,last,0.24194251656532287,0.24194251656532287,0.9714065790176392,0.37098744153976443,,,,,,,,,,,,,,,
18,results/stage18_burst/no_explicit_queue_resource/seed_04/stage18_ppo.history.json,BURST,seed_04,4,first,0.14749804696267738,-0.020285397302359343,0.33851017323987825,0.14716373614334902,1,4,198,-105.547545689362,0.09724659040304166,0.05803571481789861,2.075819832938058,78,2,4,-105.547545689362,-2.1322736740112305,-0.06059504672884941,0.13518665730953217,1238.259155193923
18,results/stage18_burst/no_explicit_queue_resource/seed_04/stage18_ppo.history.json,BURST,seed_04,4,last,0.015832397720909545,-0.009950405984584774,0.06181284625615392,0.5123619556959186,2000,8000,211,-129.23446238825312,0.009896956725112562,0.041294642857142856,0.885100686124393,77,3,3,-129.23446238825312,-2.4499425888061523,-0.06993623077869415,0.1564783751964569,1227.1772320516714
18,results/stage18_burst/no_explicit_queue_resource/seed_04/warm_start.history.json,BURST,seed_04,4,first,2.4263828563690186,2.4263828563690186,0.8789742064476013,2.6819575119018553,,,,,,,,,,,,,,,
18,results/stage18_burst/no_explicit_queue_resource/seed_04/warm_start.history.json,BURST,seed_04,4,last,0.26555896282196045,0.26555896282196045,1.0229142856597901,0.49024215698242185,,,,,,,,,,,,,,,
18,results/stage18_burst/no_explicit_queue_resource/seed_05/stage18_ppo.history.json,BURST,seed_05,5,first,0.12760240631178021,-0.02302997768856585,0.30453409254550934,0.16346644277551345,1,4,207,-105.60690434036157,0.011754075647331774,0.06532738144908633,2.036219567592655,74,6,4,-105.60690434036157,-2.04071307182312,-0.062384214252233505,0.13175325095653534,1070.0756798413058
18,results/stage18_burst/no_explicit_queue_resource/seed_05/stage18_ppo.history.json,BURST,seed_05,5,last,0.02549025517821844,0.00646919637386288,0.0516441395905401,0.6801012209117678,2000,8000,198,-102.62389625803152,0.008366099664012186,0.027901785714285716,0.8747314150844302,75,5,4,-102.62389625803152,-2.0732102394104004,-0.0610780194401741,0.17013989388942719,1152.170165576379
18,results/stage18_burst/no_explicit_queue_resource/seed_05/warm_start.history.json,BURST,seed_05,5,first,2.4547722911834717,2.4547722911834717,1.1960137319564819,2.7448002910614013,,,,,,,,,,,,,,,
18,results/stage18_burst/no_explicit_queue_resource/seed_05/warm_start.history.json,BURST,seed_05,5,last,0.24637215256690978,0.24637215256690978,1.227765727043152,0.4266241645812988,,,,,,,,,,,,,,,
18,results/stage18_burst/no_explicit_queue_resource/seed_06/stage18_ppo.history.json,BURST,seed_06,6,first,0.14461003463449223,-0.01643527884568487,0.32445030712655615,0.1179842005446322,1,4,204,-114.50822519490522,0.050814313564582596,0.039806547707745006,1.8070638169135367,76,4,4,-114.50822519490522,-2.2452592849731445,-0.05091268941760063,0.13075494766235352,1944.8268831136554
18,results/stage18_burst/no_explicit_queue_resource/seed_06/stage18_ppo.history.json,BURST,seed_06,6,last,0.0072735509436045375,-0.0027352978275822742,0.03315132630190679,0.6566815876535007,2000,8000,203,-118.31855273861191,0.005173576438599932,0.0390625,0.6644933596253395,78,2,4,-118.31855273861191,-2.331400156021118,-0.06587961316108704,0.15975265204906464,1252.3666361905573
18,results/stage18_burst/no_explicit_queue_resource/seed_06/warm_start.history.json,BURST,seed_06,6,first,2.4965458297729493,2.4965458297729493,1.4329701995849609,2.7246342086791993,,,,,,,,,,,,,,,
18,results/stage18_burst/no_explicit_queue_resource/seed_06/warm_start.history.json,BURST,seed_06,6,last,0.21270927011966706,0.21270927011966706,1.7010993003845214,0.37953073024749756,,,,,,,,,,,,,,,
18,results/stage18_burst/no_explicit_queue_resource/seed_07/stage18_ppo.history.json,BURST,seed_07,7,first,0.11432236319940005,-0.011501718578594071,0.25607489475182127,0.22133656085601874,1,4,206,-108.76096842808866,0.0420839457573103,0.08338648000998157,1.5642409707818712,74,6,3,-108.76096842808866,-2.111863613128662,-0.059139177203178406,0.12394338846206665,1275.2081552908846
18,results/stage18_burst/no_explicit_queue_resource/seed_07/stage18_ppo.history.json,BURST,seed_07,7,last,0.023768422859055654,0.015161978746099132,0.027948123610778048,0.5367618724276174,2000,8000,197,-90.36760416727043,0.016715441776406288,0.0546875,0.5383416387651648,77,3,4,-90.36760416727043,-1.8348751068115234,-0.052184805274009705,0.10852651298046112,1236.3031492448845
18,results/stage18_burst/no_explicit_queue_resource/seed_07/warm_start.history.json,BURST,seed_07,7,first,2.495903263092041,2.495903263092041,0.5001905977725982,2.7212202072143556,,,,,,,,,,,,,,,
18,results/stage18_burst/no_explicit_queue_resource/seed_07/warm_start.history.json,BURST,seed_07,7,last,0.20431812345981598,0.20431812345981598,0.5635313189029694,0.38989745736122133,,,,,,,,,,,,,,,
18,results/stage18_burst/no_explicit_queue_resource/seed_08/stage18_ppo.history.json,BURST,seed_08,8,first,0.1329601562423964,-0.018133099856121198,0.30591083956616266,0.18621647717165096,1,4,205,-105.96012498259202,0.07415334524453751,0.07074175854878766,2.0487302435295924,79,1,3,-105.96012498259202,-2.067514419555664,-0.05996933951973915,0.12616704404354095,1188.6080011893005
18,results/stage18_burst/no_explicit_queue_resource/seed_08/stage18_ppo.history.json,BURST,seed_08,8,last,0.017307544127106667,-0.008835500904491969,0.06390622324709382,0.5810067733483655,2000,8000,197,-90.13744683312873,0.01867010590753385,0.06272321460502488,1.1857172048517637,78,2,4,-90.13744683312873,-1.8302018642425537,-0.057455066591501236,0.1432468593120575,1014.708616212797
18,results/stage18_burst/no_explicit_queue_resource/seed_08/warm_start.history.json,BURST,seed_08,8,first,2.4702455043792724,2.4702455043792724,1.1678569841384887,2.710300102233887,,,,,,,,,,,,,,,
18,results/stage18_burst/no_explicit_queue_resource/seed_08/warm_start.history.json,BURST,seed_08,8,last,0.18287376463413238,0.18287376463413238,1.2088151121139525,0.3295566761493683,,,,,,,,,,,,,,,
18,results/stage18_burst/no_explicit_queue_resource/seed_09/stage18_ppo.history.json,BURST,seed_09,9,first,0.0956263341275709,-0.03302397791828428,0.26220261997410227,0.24509993589267,1,4,198,-101.14800453511421,0.03944703792720767,0.08630952398691859,1.7741327243191856,77,3,4,-101.14800453511421,-2.043394088745117,-0.0588032603263855,0.12279827147722244,1207.5393941457921
18,results/stage18_burst/no_explicit_queue_resource/seed_09/stage18_ppo.history.json,BURST,seed_09,9,last,0.001957279979251325,-0.008405240119567938,0.03268017393669912,0.5977568280483995,2000,8000,205,-123.31739873784045,0.011083712768075722,0.06679258282695498,0.6743621293987546,78,2,3,-123.31739873784045,-2.406193494796753,-0.07972675561904907,0.20342642068862915,910.8623518130614
18,results/stage18_burst/no_explicit_queue_resource/seed_09/warm_start.history.json,BURST,seed_09,9,first,2.440364055633545,2.440364055633545,0.7001279926300049,2.7191922760009763,,,,,,,,,,,,,,,
18,results/stage18_burst/no_explicit_queue_resource/seed_09/warm_start.history.json,BURST,seed_09,9,last,0.21350185036659242,0.21350185036659242,0.7605722212791443,0.3635892057418823,,,,,,,,,,,,,,,
18,results/stage18_burst/no_explicit_queue_resource/seed_10/stage18_ppo.history.json,BURST,seed_10,10,first,0.14077037572860718,-0.0023521079814859797,0.28926365822553635,0.15093430384461368,1,4,203,-108.30188444405569,0.04184976989303583,0.07751623434679848,1.7723669074475765,75,5,4,-108.30188444405569,-2.1340272426605225,-0.05909387767314911,0.13620729744434357,1304.1122163325097
18,results/stage18_burst/no_explicit_queue_resource/seed_10/stage18_ppo.history.json,BURST,seed_10,10,last,0.012369795403044139,-0.00076070218347013,0.037199714221060276,0.5469357951411179,2000,8000,204,-129.1708053002481,-0.0016074197899018014,0.0487351194024086,0.6905351536614555,80,0,4,-129.1708053002481,-2.5327608585357666,-0.07864151149988174,0.1810278296470642,1037.2527514279507
18,results/stage18_burst/no_explicit_queue_resource/seed_10/warm_start.history.json,BURST,seed_10,10,first,2.4572757053375245,2.4572757053375245,1.0870037937164307,2.6937830543518064,,,,,,,,,,,,,,,
18,results/stage18_burst/no_explicit_queue_resource/seed_10/warm_start.history.json,BURST,seed_10,10,last,0.21498503804206848,0.21498503804206848,0.9079193878173828,0.3558883249759674,,,,,,,,,,,,,,,
18,results/stage18_burst/no_handover_cues/seed_01/stage18_ppo.history.json,BURST,seed_01,1,first,0.157121845787125,-0.0017171597906521388,0.3217817081936768,0.20518485297049796,1,4,219,-152.82623098925225,0.03595907824014181,0.07998511913631644,1.6899169385433197,76,4,3,-152.82623098925225,-2.791346788406372,-0.053471148014068604,0.11777377128601074,2725.138273928767
18,results/stage18_burst/no_handover_cues/seed_01/stage18_ppo.history.json,BURST,seed_01,1,last,-0.004115103161893785,-0.01558198087981769,0.032950612782899825,0.5008428513371784,2000,8000,202,-101.51060239344939,0.016967053977298616,0.06584821428571429,1.0104196055659227,79,1,4,-101.51060239344939,-2.010111093521118,-0.07014655321836472,0.15468938648700714,821.1592695798206
18,results/stage18_burst/no_handover_cues/seed_01/warm_start.history.json,BURST,seed_01,1,first,2.5381185531616213,2.5381185531616213,0.8712903475761413,2.774783897399902,,,,,,,,,,,,,,,
18,results/stage18_burst/no_handover_cues/seed_01/warm_start.history.json,BURST,seed_01,1,last,0.2217008912563324,0.2217008912563324,0.8351810693740844,0.3630299609899521,,,,,,,,,,,,,,,
18,results/stage18_burst/no_handover_cues/seed_02/stage18_ppo.history.json,BURST,seed_02,2,first,0.15263663791120052,-0.004373600972550256,0.31814699673226904,0.20632562400507076,1,4,213,-156.53289807150082,0.044839080988562534,0.08168579970619508,1.649135789700917,78,2,4,-156.53289807150082,-2.939584970474243,-0.05103475600481033,0.11655867099761963,3317.7211276837306
18,results/stage18_burst/no_handover_cues/seed_02/stage18_ppo.history.json,BURST,seed_02,2,last,0.020123964874073863,0.008513786597177386,0.034223891694896987,0.5501767545938492,2000,8000,205,-121.23779801602086,0.0188402216369598,0.07623626398188728,1.5140980466135912,76,4,4,-121.23779801602086,-2.3656156063079834,-0.07436023652553558,0.174204483628273,1012.0614023507887
18,results/stage18_burst/no_handover_cues/seed_02/warm_start.history.json,BURST,seed_02,2,first,2.632763662338257,2.632763662338257,1.1706936168670654,2.855627155303955,,,,,,,,,,,,,,,
18,results/stage18_burst/no_handover_cues/seed_02/warm_start.history.json,BURST,seed_02,2,last,0.22770629465579986,0.22770629465579986,1.4964031791687011,0.3819497752189636,,,,,,,,,,,,,,,
18,results/stage18_burst/no_handover_cues/seed_03/stage18_ppo.history.json,BURST,seed_03,3,first,0.1668434324009078,-0.005360576590257031,0.348155111606632,0.18735460697540215,1,4,208,-117.59460852570206,0.032640913917150884,0.05915178571428571,1.6362040463302816,75,5,4,-117.59460852570206,-2.26143479347229,-0.05822975933551788,0.14023859798908234,1508.2666547047716
18,results/stage18_burst/no_handover_cues/seed_03/stage18_ppo.history.json,BURST,seed_03,3,last,0.01310942365255739,0.0012406189260738237,0.03494279193026679,0.5602591048393931,2000,8000,201,-101.31738975679164,0.02599275009041386,0.05716765884842191,0.7380291234169688,78,2,4,-101.31738975679164,-2.016266345977783,-0.058098796755075455,0.14263701438903809,1204.374725426237
18,results/stage18_burst/no_handover_cues/seed_03/warm_start.history.json,BURST,seed_03,3,first,2.4358716773986817,2.4358716773986817,0.9156766557693481,2.711952877044678,,,,,,,,,,,,,,,
18,results/stage18_burst/no_handover_cues/seed_03/warm_start.history.json,BURST,seed_03,3,last,0.2082284963130951,0.2082284963130951,0.9667525053024292,0.3602422046661377,,,,,,,,,,,,,,,
18,results/stage18_burst/no_handover_cues/seed_04/stage18_ppo.history.json,BURST,seed_04,4,first,0.17036921002103814,0.010302370746753045,0.32339050461138996,0.16284145507961512,1,4,200,-105.60498378349891,0.0899039872456342,0.07924107142857142,1.5976887696555682,78,2,4,-105.60498378349891,-2.1120996475219727,-0.058294858783483505,0.12998327612876892,1312.7086107408409
18,results/stage18_burst/no_handover_cues/seed_04/stage18_ppo.history.json,BURST,seed_04,4,last,0.0665250903361344,0.02895701227576605,0.08559413240956408,0.5228987996067319,2000,8000,207,-135.2322806265757,0.0036299520870670676,0.04747023859194347,1.3481031783989497,77,3,4,-135.2322806265757,-2.6131839752197266,-0.08871576189994812,0.2160860002040863,867.637940751784
18,results/stage18_burst/no_handover_cues/seed_04/warm_start.history.json,BURST,seed_04,4,first,2.418356418609619,2.418356418609619,0.950809051990509,2.6728205490112305,,,,,,,,,,,,,,,
18,results/stage18_burst/no_handover_cues/seed_04/warm_start.history.json,BURST,seed_04,4,last,0.2499345886707306,0.2499345886707306,0.9353352427482605,0.41495787382125854,,,,,,,,,,,,,,,
18,results/stage18_burst/no_handover_cues/seed_05/stage18_ppo.history.json,BURST,seed_05,5,first,0.1274845948209986,-0.020611509115302136,0.29851473442145754,0.11612623377836176,1,4,207,-101.59654966689814,0.0011072429104907705,0.040773810020514896,2.266552801643099,75,5,3,-101.59654966689814,-1.9632184505462646,-0.0625135600566864,0.1372891068458557,986.2540071269594
18,results/stage18_burst/no_handover_cues/seed_05/stage18_ppo.history.json,BURST,seed_05,5,last,0.015767760341987014,-0.01738255298031228,0.07594055862032942,0.4819965075169291,2000,8000,199,-98.2379940773319,0.0038180005004895584,0.046396683901548386,0.9999640669141497,75,5,4,-98.2379940773319,-1.9746330976486206,-0.06976688653230667,0.16636453568935394,801.0767266255637
18,results/stage18_burst/no_handover_cues/seed_05/warm_start.history.json,BURST,seed_05,5,first,2.4528842258453367,2.4528842258453367,1.1510375881195067,2.743768825531006,,,,,,,,,,,,,,,
18,results/stage18_burst/no_handover_cues/seed_05/warm_start.history.json,BURST,seed_05,5,last,0.21410152554512024,0.21410152554512024,1.1614874362945558,0.37809260725975036,,,,,,,,,,,,,,,
18,results/stage18_burst/no_handover_cues/seed_06/stage18_ppo.history.json,BURST,seed_06,6,first,0.1518469451693818,-0.00804846188319581,0.32244192702429636,0.13255576140571584,1,4,204,-114.01851760629832,0.0932145204029179,0.04724702398691859,1.7875335674200739,76,4,4,-114.01851760629832,-2.235657215118408,-0.05083771422505379,0.1307719200849533,1933.9196254915628
18,results/stage18_burst/no_handover_cues/seed_06/stage18_ppo.history.json,BURST,seed_06,6,last,-0.006946082019047546,-0.02524468374576827,0.044102158463959186,0.3752478281302111,2000,8000,202,-100.5514406402677,-0.005246075967858944,0.06852678582072258,0.9874555362122399,79,1,4,-100.5514406402677,-1.9911175966262817,-0.06503738462924957,0.13741956651210785,937.2763363717805
18,results/stage18_burst/no_handover_cues/seed_06/warm_start.history.json,BURST,seed_06,6,first,2.4900030422210695,2.4900030422210695,1.1364007091522217,2.722196922302246,,,,,,,,,,,,,,,
18,results/stage18_burst/no_handover_cues/seed_06/warm_start.history.json,BURST,seed_06,6,last,0.20912962555885314,0.20912962555885314,1.0873026823997498,0.35921097874641417,,,,,,,,,,,,,,,
18,results/stage18_burst/no_handover_cues/seed_07/stage18_ppo.history.json,BURST,seed_07,7,first,0.16633819831934357,0.0038409618261669365,0.33102587557264734,0.3015701188040631,1,4,207,-110.81908130160939,0.14030418372047798,0.1322172630046095,2.1427002996206284,74,6,3,-110.81908130160939,-2.1414315700531006,-0.058163002133369446,0.1264987289905548,1355.5474093255025
18,results/stage18_burst/no_handover_cues/seed_07/stage18_ppo.history.json,BURST,seed_07,7,last,0.022454240542304302,0.01142659064914499,0.03219785960391164,0.507127881382725,2000,8000,197,-93.24812583563624,0.05505054795399441,0.07120535735573087,1.043921503105334,77,3,4,-93.24812583563624,-1.893363118171692,-0.06320993602275848,0.15764419734477997,897.216096069603
18,results/stage18_burst/no_handover_cues/seed_07/warm_start.history.json,BURST,seed_07,7,first,2.5063118076324464,2.5063118076324464,0.6146580743789672,2.712158660888672,,,,,,,,,,,,,,,
18,results/stage18_burst/no_handover_cues/seed_07/warm_start.history.json,BURST,seed_07,7,last,0.20542552709579467,0.20542552709579467,0.6217070031166076,0.36497373461723326,,,,,,,,,,,,,,,
18,results/stage18_burst/no_handover_cues/seed_08/stage18_ppo.history.json,BURST,seed_08,8,first,0.12662315579862998,-0.02060613435293947,0.2983370838420732,0.19392490879233396,1,4,205,-106.01770755639134,0.0505413151279624,0.075120192819408,1.8770887574979238,79,1,3,-106.01770755639134,-2.0686380863189697,-0.05994902923703194,0.12604831159114838,1190.7065304777389
18,results/stage18_burst/no_handover_cues/seed_08/stage18_ppo.history.json,BURST,seed_08,8,last,-0.0013383861098970687,-0.023491585427629098,0.05594193556212953,0.5817768068185875,2000,8000,205,-114.28892810261596,0.03890903067908117,0.06902472568409783,1.1027697931442941,77,3,4,-114.28892810261596,-2.2300281524658203,-0.07482495903968811,0.171108216047287,888.2344337393367
18,results/stage18_burst/no_handover_cues/seed_08/warm_start.history.json,BURST,seed_08,8,first,2.473379707336426,2.473379707336426,1.1439869689941407,2.719148359298706,,,,,,,,,,,,,,,
18,results/stage18_burst/no_handover_cues/seed_08/warm_start.history.json,BURST,seed_08,8,last,0.1860777884721756,0.1860777884721756,1.036628098487854,0.3279554295539856,,,,,,,,,,,,,,,
18,results/stage18_burst/no_handover_cues/seed_09/stage18_ppo.history.json,BURST,seed_09,9,first,0.12164147630599993,-0.03252640526209559,0.3130951592964785,0.237969568814151,1,4,199,-100.46986496077973,0.06437626494776591,0.0822704088475023,1.3760891391762666,77,3,4,-100.46986496077973,-2.0194947719573975,-0.05852004885673523,0.1220746636390686,1190.902404507651
18,results/stage18_burst/no_handover_cues/seed_09/stage18_ppo.history.json,BURST,seed_09,9,last,-0.004123985767364502,-0.017140011569218978,0.03529453284240195,0.46312411927751135,2000,8000,211,-98.61408184761571,0.013371039714132036,0.07489426700132233,1.2741306977612632,78,2,3,-98.61408184761571,-1.869461178779602,-0.06363862752914429,0.1292191594839096,862.9612859541444
18,results/stage18_burst/no_handover_cues/seed_09/warm_start.history.json,BURST,seed_09,9,first,2.4396801948547364,2.4396801948547364,0.727832498550415,2.7141743659973145,,,,,,,,,,,,,,,
18,results/stage18_burst/no_handover_cues/seed_09/warm_start.history.json,BURST,seed_09,9,last,0.20905611634254456,0.20905611634254456,0.7458867788314819,0.36488749980926516,,,,,,,,,,,,,,,
18,results/stage18_burst/no_handover_cues/seed_10/stage18_ppo.history.json,BURST,seed_10,10,first,0.13469938654452562,-0.005957929417490959,0.28421456765915665,0.14499677903950214,1,4,203,-108.54285139058094,0.040721202468765635,0.06554383145911354,1.7768585405179433,75,5,4,-108.54285139058094,-2.13877534866333,-0.059073660522699356,0.1345657855272293,1310.8187416536666
18,results/stage18_burst/no_handover_cues/seed_10/stage18_ppo.history.json,BURST,seed_10,10,last,-0.009236769168637693,-0.01734235473642392,0.027262066890086447,0.5525447256597025,2000,8000,204,-89.51115299978643,0.00827516010862642,0.05505952398691859,0.6331485634935754,80,0,4,-89.51115299978643,-1.7551206350326538,-0.05835139378905296,0.12466634064912796,904.7143374061611
18,results/stage18_burst/no_handover_cues/seed_10/warm_start.history.json,BURST,seed_10,10,first,2.4489071273803713,2.4489071273803713,1.0356997108459474,2.6881602001190186,,,,,,,,,,,,,,,
18,results/stage18_burst/no_handover_cues/seed_10/warm_start.history.json,BURST,seed_10,10,last,0.19915638983249664,0.19915638983249664,0.9858310556411743,0.33664132595062257,,,,,,,,,,,,,,,
18,results/stage18_burst/no_history_only/seed_01/stage18_ppo.history.json,BURST,seed_01,1,first,0.15043334316994464,-0.0031130334828048944,0.31166260316967964,0.2284925454961402,1,4,219,-153.25301666813235,0.045110458408349326,0.07490079370992524,2.2746673779828206,76,4,3,-153.25301666813235,-2.7991418838500977,-0.05429283529520035,0.11728621274232864,2658.0603726681484
18,results/stage18_burst/no_history_only/seed_01/stage18_ppo.history.json,BURST,seed_01,1,last,0.0002898189372250012,-0.014981562936944621,0.04048407500210617,0.49706545046397616,2000,8000,206,-109.63931450998562,0.011057924878384386,0.09709821481789861,0.7218176669308117,79,1,4,-109.63931450998562,-2.1289186477661133,-0.067916139960289,0.15720032155513763,982.5896972336695
18,results/stage18_burst/no_history_only/seed_01/warm_start.history.json,BURST,seed_01,1,first,2.5374034786224366,2.5374034786224366,0.897940104007721,2.77466646194458,,,,,,,,,,,,,,,
18,results/stage18_burst/no_history_only/seed_01/warm_start.history.json,BURST,seed_01,1,last,0.23062844276428224,0.23062844276428224,1.0927285861968994,0.3693032455444336,,,,,,,,,,,,,,,
18,results/stage18_burst/no_history_only/seed_02/stage18_ppo.history.json,BURST,seed_02,2,first,0.15302221556859358,-0.005077674984931946,0.3201474616570132,0.19738400647682802,1,4,213,-158.10885889680867,0.0404837734198996,0.08168579970619508,1.5546766285385405,78,2,4,-158.10885889680867,-2.9691803455352783,-0.049920544028282166,0.11490020155906677,3537.647403879452
18,results/stage18_burst/no_history_only/seed_02/stage18_ppo.history.json,BURST,seed_02,2,last,0.0198046746331134,0.008227335688258921,0.03280040694932852,0.4822865021415055,2000,8000,199,-86.73614064493898,0.018583530817912624,0.07892219456178802,1.1770049179238933,77,3,3,-86.73614064493898,-1.7434401512145996,-0.06216900423169136,0.15404391288757324,786.4411293933563
18,results/stage18_burst/no_history_only/seed_02/warm_start.history.json,BURST,seed_02,2,first,2.628876552581787,2.628876552581787,1.1933028411865234,2.8530684661865235,,,,,,,,,,,,,,,
18,results/stage18_burst/no_history_only/seed_02/warm_start.history.json,BURST,seed_02,2,last,0.21812772989273072,0.21812772989273072,1.3775541687011719,0.37730958104133605,,,,,,,,,,,,,,,
18,results/stage18_burst/no_history_only/seed_03/stage18_ppo.history.json,BURST,seed_03,3,first,0.1795051464079214,0.003716134067092623,0.35629583921815666,0.2358908152507086,1,4,208,-124.33897964671505,0.03223018175257104,0.09933035714285714,1.778061376086303,75,5,4,-124.33897964671505,-2.391134023666382,-0.058688703924417496,0.1450398862361908,1659.9646728448788
18,results/stage18_burst/no_history_only/seed_03/stage18_ppo.history.json,BURST,seed_03,3,last,-0.01992932317911514,-0.029959072957613637,0.029380740631105646,0.466062205178397,2000,8000,198,-84.04011665190171,0.019302875036373734,0.07031250053218432,1.8319672867655754,78,2,4,-84.04011665190171,-1.6977803707122803,-0.059973303228616714,0.14740732312202454,801.3956346904
18,results/stage18_burst/no_history_only/seed_03/warm_start.history.json,BURST,seed_03,3,first,2.4603719902038574,2.4603719902038574,0.8992951512336731,2.717560577392578,,,,,,,,,,,,,,,
18,results/stage18_burst/no_history_only/seed_03/warm_start.history.json,BURST,seed_03,3,last,0.2605691468715668,0.2605691468715668,0.8595905733108521,0.40426883816719056,,,,,,,,,,,,,,,
18,results/stage18_burst/no_history_only/seed_04/stage18_ppo.history.json,BURST,seed_04,4,first,0.18777598167902657,0.02562624162861279,0.32739510387182236,0.15478106335337674,1,4,200,-105.25235039714109,0.04886312227297042,0.05803571428571429,2.0023480589900697,78,2,4,-105.25235039714109,-2.1050469875335693,-0.05820843577384949,0.1298648864030838,1307.8314145160662
18,results/stage18_burst/no_history_only/seed_04/stage18_ppo.history.json,BURST,seed_04,4,last,0.016525100068455294,-0.0019454220309853554,0.04628798072891576,0.46734698875141995,2000,8000,207,-103.95438339039814,0.004986388746017058,0.05416666716337204,0.7481307813099453,77,3,3,-103.95438339039814,-2.0087804794311523,-0.06819058209657669,0.17287445068359375,867.7930094336587
18,results/stage18_burst/no_history_only/seed_04/warm_start.history.json,BURST,seed_04,4,first,2.4231781578063964,2.4231781578063964,0.9468967485427856,2.6800891876220705,,,,,,,,,,,,,,,
18,results/stage18_burst/no_history_only/seed_04/warm_start.history.json,BURST,seed_04,4,last,0.22004345417022705,0.22004345417022705,0.9073914837837219,0.3821331810951233,,,,,,,,,,,,,,,
18,results/stage18_burst/no_history_only/seed_05/stage18_ppo.history.json,BURST,seed_05,5,first,0.12738744116255216,-0.023035265239221708,0.30411351046391893,0.16340492785509145,1,4,207,-105.60690434036157,0.009012517286464572,0.058482143229671886,2.0569916080151285,74,6,4,-105.60690434036157,-2.04071307182312,-0.062384214252233505,0.13175325095653534,1070.0756798413058
18,results/stage18_burst/no_history_only/seed_05/stage18_ppo.history.json,BURST,seed_05,5,last,-0.01391316598580618,-0.029770133617733206,0.04309492092579603,0.569049136447055,2000,8000,202,-84.64049863784113,0.032123519373791556,0.0984375003193106,0.8662730178662709,75,5,4,-84.64049863784113,-1.6760495901107788,-0.05371590331196785,0.12580551207065582,973.5714436546415
18,results/stage18_burst/no_history_only/seed_05/warm_start.history.json,BURST,seed_05,5,first,2.4525326919555663,2.4525326919555663,1.1746339368820191,2.7436734580993654,,,,,,,,,,,,,,,
18,results/stage18_burst/no_history_only/seed_05/warm_start.history.json,BURST,seed_05,5,last,0.24230463147163392,0.24230463147163392,1.2773894166946411,0.4199016880989075,,,,,,,,,,,,,,,
18,results/stage18_burst/no_history_only/seed_06/stage18_ppo.history.json,BURST,seed_06,6,first,0.14956629475844757,-0.011878073481576783,0.32521920864071163,0.11652348704124701,1,4,204,-114.10261905805761,0.07366662718621748,0.05915178598037788,1.8781775598015105,76,4,4,-114.10261905805761,-2.2373061180114746,-0.05086573585867882,0.1309068500995636,1934.640292296257
18,results/stage18_burst/no_history_only/seed_06/stage18_ppo.history.json,BURST,seed_06,6,last,0.006416732678189874,0.0024764143329645905,0.021130762927766358,0.6625064121825355,2000,8000,209,-110.3338583212286,0.02203422228350454,0.0485819328044142,0.735536303371191,79,1,4,-110.3338583212286,-2.1116528511047363,-0.0649108961224556,0.16143666207790375,1058.3025733869038
18,results/stage18_burst/no_history_only/seed_06/warm_start.history.json,BURST,seed_06,6,first,2.4961373901367185,2.4961373901367185,1.3690820932388306,2.7241039657592774,,,,,,,,,,,,,,,
18,results/stage18_burst/no_history_only/seed_06/warm_start.history.json,BURST,seed_06,6,last,0.22139041721820832,0.22139041721820832,1.615626564025879,0.37024764776229857,,,,,,,,,,,,,,,
18,results/stage18_burst/no_history_only/seed_07/stage18_ppo.history.json,BURST,seed_07,7,first,0.1284369969175064,-0.012079631643635886,0.28445857976164135,0.17126631071524961,1,4,206,-112.1090953768045,0.014786965662746556,0.07190688832529954,1.5477391790066446,74,6,3,-112.1090953768045,-2.1768758296966553,-0.058864057064056396,0.12537063658237457,1367.6243361972479
18,results/stage18_burst/no_history_only/seed_07/stage18_ppo.history.json,BURST,seed_07,7,last,-0.009330738917924464,-0.01109586370044521,0.012931214296258986,0.47004841294671806,2000,8000,198,-82.29168708078937,0.014929475686845503,0.08035714338932719,0.6899694140468325,77,3,4,-82.29168708078937,-1.6624583005905151,-0.05960482358932495,0.12414216995239258,777.9267258712732
18,results/stage18_burst/no_history_only/seed_07/warm_start.history.json,BURST,seed_07,7,first,2.4948100948333742,2.4948100948333742,0.49507909297943115,2.7204028224945067,,,,,,,,,,,,,,,
18,results/stage18_burst/no_history_only/seed_07/warm_start.history.json,BURST,seed_07,7,last,0.23827207684516907,0.23827207684516907,0.49655950188636777,0.46395158767700195,,,,,,,,,,,,,,,
18,results/stage18_burst/no_history_only/seed_08/stage18_ppo.history.json,BURST,seed_08,8,first,0.13500912234719312,-0.01808169417615448,0.3101830312183925,0.20006988490266459,1,4,205,-106.06613525631855,0.054415102482640317,0.06627747283450194,1.8673778069870812,79,1,3,-106.06613525631855,-2.069582939147949,-0.05993131175637245,0.12566804885864258,1192.4992491923315
18,results/stage18_burst/no_history_only/seed_08/stage18_ppo.history.json,BURST,seed_08,8,last,-0.015637722830953344,-0.039695540842201026,0.05664889960150633,0.4266633862363441,2000,8000,198,-82.70727570000986,0.02602123748511076,0.0818452388048172,1.4794821957392352,78,2,4,-82.70727570000986,-1.670854091644287,-0.052832040935754776,0.12710553407669067,1000.1895063376849
18,results/stage18_burst/no_history_only/seed_08/warm_start.history.json,BURST,seed_08,8,first,2.4715280055999758,2.4715280055999758,1.1766405010223389,2.7121682739257813,,,,,,,,,,,,,,,
18,results/stage18_burst/no_history_only/seed_08/warm_start.history.json,BURST,seed_08,8,last,0.20365604817867278,0.20365604817867278,1.1590262746810913,0.34381391286849977,,,,,,,,,,,,,,,
18,results/stage18_burst/no_history_only/seed_09/stage18_ppo.history.json,BURST,seed_09,9,first,0.113822977332997,-0.027662239702684537,0.28527871599154814,0.11541374668844842,1,4,199,-100.46986496077973,0.01837150781856118,0.045280612472976954,1.581928371318749,77,3,4,-100.46986496077973,-2.0194947719573975,-0.05852004885673523,0.1220746636390686,1190.902404507651
18,results/stage18_burst/no_history_only/seed_09/stage18_ppo.history.json,BURST,seed_09,9,last,0.031173304188996553,-0.0020652759288038525,0.07651603135413357,0.5019434477601733,2000,8000,207,-116.79466618358194,0.005098336043634585,0.0552827383258513,1.6425320569958006,77,3,3,-116.79466618358194,-2.256901741027832,-0.0756610706448555,0.1612008512020111,889.7753901166766
18,results/stage18_burst/no_history_only/seed_09/warm_start.history.json,BURST,seed_09,9,first,2.4430264377593995,2.4430264377593995,0.7461309337615967,2.7199943447113037,,,,,,,,,,,,,,,
18,results/stage18_burst/no_history_only/seed_09/warm_start.history.json,BURST,seed_09,9,last,0.20971872210502623,0.20971872210502623,0.862190682888031,0.3586967277526856,,,,,,,,,,,,,,,
18,results/stage18_burst/no_history_only/seed_10/stage18_ppo.history.json,BURST,seed_10,10,first,0.11748793706231352,-0.031189610915524617,0.3020594221140657,0.23521593692047255,1,4,201,-110.09336546175462,0.02645530927527164,0.07155257942421096,1.765145229441779,75,5,3,-110.09336546175462,-2.1909127235412598,-0.05990861356258392,0.13743174076080322,1337.4316811478661
18,results/stage18_burst/no_history_only/seed_10/stage18_ppo.history.json,BURST,seed_10,10,last,0.06758555038166898,0.018493976976190294,0.10902910134089845,0.5422977115958929,2000,8000,201,-116.3623359252526,0.03167715469109161,0.062127976545265744,1.0628900325724058,80,0,4,-116.3623359252526,-2.3156683444976807,-0.07710789144039154,0.18808993697166443,901.893176380416
18,results/stage18_burst/no_history_only/seed_10/warm_start.history.json,BURST,seed_10,10,first,2.4565036201477053,2.4565036201477053,1.069455852508545,2.6937657833099364,,,,,,,,,,,,,,,
18,results/stage18_burst/no_history_only/seed_10/warm_start.history.json,BURST,seed_10,10,last,0.20838523983955384,0.20838523983955384,0.9691583633422851,0.37954569578170777,,,,,,,,,,,,,,,
18,results/stage18_burst/no_persistent_position/seed_01/stage18_ppo.history.json,BURST,seed_01,1,first,0.1384184587015105,-0.0007556870114058256,0.2939979854438986,0.782484810267176,1,4,220,-237.07156246788495,0.010695725192947845,0.11001275533011981,1.7244666261332375,77,3,4,-237.07156246788495,-4.310391902923584,-0.056128762662410736,0.12414846569299698,5897.4267854193085
18,results/stage18_burst/no_persistent_position/seed_01/stage18_ppo.history.json,BURST,seed_01,1,last,0.021868045441806316,0.013215697104377406,0.027182187219815596,0.4938743625368391,2000,8000,202,-124.01417397669138,0.005969811630036149,0.048214285767504146,0.7686042998518262,79,1,4,-124.01417397669138,-2.455726385116577,-0.05845550447702408,0.12690621614456177,1764.8549134996097
18,results/stage18_burst/no_persistent_position/seed_01/warm_start.history.json,BURST,seed_01,1,first,2.7218685817718504,2.7218685817718504,0.7784879040718079,2.809974126815796,,,,,,,,,,,,,,,
18,results/stage18_burst/no_persistent_position/seed_01/warm_start.history.json,BURST,seed_01,1,last,1.8284921407699586,1.8284921407699586,0.565671226978302,1.9063571548461915,,,,,,,,,,,,,,,
18,results/stage18_burst/no_persistent_position/seed_02/stage18_ppo.history.json,BURST,seed_02,2,first,0.16757965759773338,0.0016163910872169904,0.3472542225250176,0.7663843748824937,1,4,216,-257.7983424224699,0.005067924885744495,0.03869047627917358,1.4528836927243642,77,3,3,-257.7983424224699,-4.774043560028076,-0.05503036081790924,0.12924303114414215,7526.067330673695
18,results/stage18_burst/no_persistent_position/seed_02/stage18_ppo.history.json,BURST,seed_02,2,last,0.02458341166909252,0.010282450688204594,0.035996538786483664,0.36973095572154435,2000,8000,205,-124.70401785725794,0.03738253503771765,0.06344436854124069,0.6280553702797208,76,4,4,-124.70401785725794,-2.4332492351531982,-0.06018611788749695,0.12046999484300613,1634.483337516212
18,results/stage18_burst/no_persistent_position/seed_02/warm_start.history.json,BURST,seed_02,2,first,2.8277697277069094,2.8277697277069094,0.779190092086792,2.9142110252380373,,,,,,,,,,,,,,,
18,results/stage18_burst/no_persistent_position/seed_02/warm_start.history.json,BURST,seed_02,2,last,2.0021160316467284,2.0021160316467284,0.8129712653160095,2.0853876495361328,,,,,,,,,,,,,,,
18,results/stage18_burst/no_persistent_position/seed_03/stage18_ppo.history.json,BURST,seed_03,3,first,0.15645842706518515,-0.00429848741207804,0.3366412938173328,0.7563732628311429,1,4,215,-222.1356166605882,0.006762405524828604,0.07831909946565117,1.812921839100974,75,5,4,-222.1356166605882,-4.132755279541016,-0.058206479996442795,0.1505073755979538,5041.233004891737
18,results/stage18_burst/no_persistent_position/seed_03/stage18_ppo.history.json,BURST,seed_03,3,last,0.05191719398966858,0.040834114620728154,0.033674961022500484,0.5754402226635388,2000,8000,196,-125.77893900327093,0.07400450536182948,0.12276785714285714,0.8790231746222291,76,4,4,-125.77893900327093,-2.5669171810150146,-0.059628408402204514,0.13452138006687164,1853.1782565374172
18,results/stage18_burst/no_persistent_position/seed_03/warm_start.history.json,BURST,seed_03,3,first,2.6725365924835205,2.6725365924835205,0.938874967098236,2.7628210830688475,,,,,,,,,,,,,,,
18,results/stage18_burst/no_persistent_position/seed_03/warm_start.history.json,BURST,seed_03,3,last,1.8218698549270629,1.8218698549270629,0.9030233287811279,1.9678597354888916,,,,,,,,,,,,,,,
18,results/stage18_burst/no_persistent_position/seed_04/stage18_ppo.history.json,BURST,seed_04,4,first,0.15472217068807886,-0.0024254651673670325,0.330389287854944,0.8047007354242461,1,4,204,-216.83361152782277,0.15791903562577708,0.13244047654526575,1.2316274057541574,78,2,4,-216.83361152782277,-4.251639366149902,-0.05905340984463692,0.1347419023513794,5183.497140755712
18,results/stage18_burst/no_persistent_position/seed_04/stage18_ppo.history.json,BURST,seed_04,4,last,0.01558240077325276,-0.000822656721408878,0.04229232269738402,0.47411010564584494,2000,8000,207,-148.08668290393632,-0.0006488980215400326,0.0728422621531146,0.8805556307945933,77,3,4,-148.08668290393632,-2.8615782260894775,-0.06621948629617691,0.1562536060810089,1867.4099137074745
18,results/stage18_burst/no_persistent_position/seed_04/warm_start.history.json,BURST,seed_04,4,first,2.643123970031738,2.643123970031738,0.8566045475006103,2.7325457382202147,,,,,,,,,,,,,,,
18,results/stage18_burst/no_persistent_position/seed_04/warm_start.history.json,BURST,seed_04,4,last,1.8520636463165283,1.8520636463165283,0.7678265023231506,1.8613211154937743,,,,,,,,,,,,,,,
18,results/stage18_burst/no_persistent_position/seed_05/stage18_ppo.history.json,BURST,seed_05,5,first,0.13144612914350415,-0.006489911382751805,0.29140247377966133,0.7765198435102191,1,4,206,-202.570133557861,0.038022115460730026,0.10538903091635023,2.4007052140576497,77,3,3,-202.570133557861,-3.9334006309509277,-0.06398753076791763,0.14474546909332275,3778.728310297441
18,results/stage18_burst/no_persistent_position/seed_05/stage18_ppo.history.json,BURST,seed_05,5,last,-0.016227292296077524,-0.021999879873224666,0.021625104436679976,0.503996357055647,2000,8000,195,-110.78278942452606,0.01829590104586844,0.06361607142857142,0.880260209952082,75,5,4,-110.78278942452606,-2.272467613220215,-0.055434487760066986,0.15210293233394623,1680.4874130476644
18,results/stage18_burst/no_persistent_position/seed_05/warm_start.history.json,BURST,seed_05,5,first,2.7006901931762695,2.7006901931762695,1.5599833202362061,2.821795816421509,,,,,,,,,,,,,,,
18,results/stage18_burst/no_persistent_position/seed_05/warm_start.history.json,BURST,seed_05,5,last,2.036205940246582,2.036205940246582,1.4063520002365113,1.8134610891342162,,,,,,,,,,,,,,,
18,results/stage18_burst/no_persistent_position/seed_06/stage18_ppo.history.json,BURST,seed_06,6,first,0.11914739894148495,-0.006630542555025646,0.268704957727875,0.8574537230389458,1,4,202,-183.46433525567213,0.026945535592468723,0.10200892921004977,1.673971991453852,76,4,3,-183.46433525567213,-3.6329569816589355,-0.06339210271835327,0.13847829401493073,3284.3554995175405
18,results/stage18_burst/no_persistent_position/seed_06/stage18_ppo.history.json,BURST,seed_06,6,last,0.00933273249704923,0.002652393387896674,0.01996776880696416,0.33035465117011753,2000,8000,203,-132.32818655371676,-0.013902068337691682,0.07102272765977043,0.8227974362671375,78,2,4,-132.32818655371676,-2.607451915740967,-0.060015782713890076,0.14762616157531738,1887.5641500574116
18,results/stage18_burst/no_persistent_position/seed_06/warm_start.history.json,BURST,seed_06,6,first,2.6905867290496825,2.6905867290496825,1.0867544555664062,2.7713714694976805,,,,,,,,,,,,,,,
18,results/stage18_burst/no_persistent_position/seed_06/warm_start.history.json,BURST,seed_06,6,last,1.7824276113510131,1.7824276113510131,0.8738125252723694,1.8973992013931273,,,,,,,,,,,,,,,
18,results/stage18_burst/no_persistent_position/seed_07/stage18_ppo.history.json,BURST,seed_07,7,first,0.10530460200139455,-0.0022074363795192248,0.22996954087700164,0.7472731109176364,1,4,209,-186.56981723755015,0.026551267092664994,0.0995273111121995,1.4827153161168098,74,6,3,-186.56981723755015,-3.570713996887207,-0.05621486157178879,0.1312887966632843,4034.668909360885
18,results/stage18_burst/no_persistent_position/seed_07/stage18_ppo.history.json,BURST,seed_07,7,last,0.01766453537025622,0.014813527331820555,0.017681280117748038,0.5989631850804601,2000,8000,197,-117.77234434407211,0.03395254043529609,0.11718750053218432,0.5389573047203677,76,4,4,-117.77234434407211,-2.3913166522979736,-0.05719614773988724,0.134242981672287,1747.9970013547872
18,results/stage18_burst/no_persistent_position/seed_07/warm_start.history.json,BURST,seed_07,7,first,2.7030078125,2.7030078125,0.5518549871444702,2.7931150436401366,,,,,,,,,,,,,,,
18,results/stage18_burst/no_persistent_position/seed_07/warm_start.history.json,BURST,seed_07,7,last,1.8000335502624512,1.8000335502624512,0.6315153384208679,1.9761413145065307,,,,,,,,,,,,,,,
18,results/stage18_burst/no_persistent_position/seed_08/stage18_ppo.history.json,BURST,seed_08,8,first,0.1338279897879277,-0.020037848369351456,0.32391440336193356,0.8091361224651337,1,4,202,-190.97993806530872,0.018345513114971772,0.1000000001596553,2.392081221299512,80,0,4,-190.97993806530872,-3.781780958175659,-0.06662611663341522,0.15119244158267975,3221.8380506721705
18,results/stage18_burst/no_persistent_position/seed_08/stage18_ppo.history.json,BURST,seed_08,8,last,-0.0041939669588048544,-0.01165997622800725,0.02301919842804117,0.40435908109481844,2000,8000,204,-112.58093995953402,0.03598625396391851,0.09077380996729646,0.9743405947727817,77,3,4,-112.58093995953402,-2.2074692249298096,-0.04966825619339943,0.10761303454637527,1975.2931678009127
18,results/stage18_burst/no_persistent_position/seed_08/warm_start.history.json,BURST,seed_08,8,first,2.669886226654053,2.669886226654053,1.4643610095977784,2.749290637969971,,,,,,,,,,,,,,,
18,results/stage18_burst/no_persistent_position/seed_08/warm_start.history.json,BURST,seed_08,8,last,1.8934799671173095,1.8934799671173095,1.6193437671661377,1.9024434471130371,,,,,,,,,,,,,,,
18,results/stage18_burst/no_persistent_position/seed_09/stage18_ppo.history.json,BURST,seed_09,9,first,0.09530814880106066,-0.030533448393855776,0.2681640431817089,0.824042620403426,1,4,198,-162.75304550979126,0.005079961315329585,0.09523809594767434,1.2336062927331244,77,3,4,-162.75304550979126,-3.28794002532959,-0.06206132471561432,0.1401488482952118,2806.7628797512452
18,results/stage18_burst/no_persistent_position/seed_09/stage18_ppo.history.json,BURST,seed_09,9,last,-0.0245161878743342,-0.03244312719574997,0.02546065972585763,0.4803390343274389,2000,8000,202,-148.88516093890436,0.01843803602137736,0.08125000021287374,1.4223562079880918,77,3,4,-148.88516093890436,-2.94822096824646,-0.0613994300365448,0.14522069692611694,2305.6392334303373
18,results/stage18_burst/no_persistent_position/seed_09/warm_start.history.json,BURST,seed_09,9,first,2.725116558074951,2.725116558074951,0.7055583572387696,2.8028503608703614,,,,,,,,,,,,,,,
18,results/stage18_burst/no_persistent_position/seed_09/warm_start.history.json,BURST,seed_09,9,last,1.974361891746521,1.974361891746521,0.5837727165222169,2.0654298400878908,,,,,,,,,,,,,,,
18,results/stage18_burst/no_persistent_position/seed_10/stage18_ppo.history.json,BURST,seed_10,10,first,0.11697878575484667,-0.0015345149274383272,0.2525104308234794,0.7741914689540863,1,4,208,-178.59234591218853,0.020772329132471765,0.07254464285714286,1.5906680024095945,75,5,3,-178.59234591218853,-3.4344682693481445,-0.06082792580127716,0.13811926543712616,3187.961290805715
18,results/stage18_burst/no_persistent_position/seed_10/stage18_ppo.history.json,BURST,seed_10,10,last,0.006070322839410177,-0.002795945719948837,0.028390495838331326,0.532898122710841,2000,8000,205,-135.80723079256262,0.04953422384070499,0.08121565995471818,1.1010532501552786,79,1,4,-135.80723079256262,-2.649897336959839,-0.06522136181592941,0.15859229862689972,1650.7386931917742
18,results/stage18_burst/no_persistent_position/seed_10/warm_start.history.json,BURST,seed_10,10,first,2.6622661113739015,2.6622661113739015,0.9552206039428711,2.740973253250122,,,,,,,,,,,,,,,
18,results/stage18_burst/no_persistent_position/seed_10/warm_start.history.json,BURST,seed_10,10,last,1.7601087236404418,1.7601087236404418,0.7605955862998962,1.882059235572815,,,,,,,,,,,,,,,
18,results/stage18_burst/no_position_only/seed_01/stage18_ppo.history.json,BURST,seed_01,1,first,0.15277550532482564,-0.0009947482363453933,0.3115572546209608,0.20083732157945633,1,4,219,-155.74292162185128,0.08906820878785636,0.08759093923228127,1.9597013369202614,76,4,3,-155.74292162185128,-2.8446195125579834,-0.0524614155292511,0.11396641284227371,2940.1424438338427
18,results/stage18_burst/no_position_only/seed_01/stage18_ppo.history.json,BURST,seed_01,1,last,0.005555753695911595,-0.0036606918355183943,0.029298968463470892,0.5433038850980145,2000,8000,204,-127.54262254916998,0.025070963826562678,0.07142857169466359,1.1556291218314851,79,1,4,-127.54262254916998,-2.500835418701172,-0.07667484879493713,0.18375980854034424,1063.8109518451593
18,results/stage18_burst/no_position_only/seed_01/warm_start.history.json,BURST,seed_01,1,first,2.528618049621582,2.528618049621582,0.9432825183868409,2.7696749496459963,,,,,,,,,,,,,,,
18,results/stage18_burst/no_position_only/seed_01/warm_start.history.json,BURST,seed_01,1,last,0.30146114230155946,0.30146114230155946,1.2690303945541381,0.35034987330436707,,,,,,,,,,,,,,,
18,results/stage18_burst/no_position_only/seed_02/stage18_ppo.history.json,BURST,seed_02,2,first,0.1658989797745432,0.005241786079880383,0.323956020708595,0.1320814621036074,1,4,213,-158.10885889680867,0.046966617461293936,0.05431547641221966,1.7164936065673828,78,2,4,-158.10885889680867,-2.9691803455352783,-0.049920544028282166,0.11490020155906677,3537.647403879452
18,results/stage18_burst/no_position_only/seed_02/stage18_ppo.history.json,BURST,seed_02,2,last,0.010548041850727583,6.351633263485772e-05,0.030108648019709756,0.456979832478932,2000,8000,203,-92.7655315847862,0.024090438320334733,0.059760552431855886,0.6984501789723124,76,4,3,-92.7655315847862,-1.8278923034667969,-0.05992314964532852,0.12489966303110123,930.4903633123512
18,results/stage18_burst/no_position_only/seed_02/warm_start.history.json,BURST,seed_02,2,first,2.6240831851959228,2.6240831851959228,1.2327017641067506,2.84997296333313,,,,,,,,,,,,,,,
18,results/stage18_burst/no_position_only/seed_02/warm_start.history.json,BURST,seed_02,2,last,0.18865397155284883,0.18865397155284883,1.221807050704956,0.34342262625694275,,,,,,,,,,,,,,,
18,results/stage18_burst/no_position_only/seed_03/stage18_ppo.history.json,BURST,seed_03,3,first,0.1605823975322502,-0.006013623704867703,0.33720598582710537,0.20069709200678126,1,4,208,-123.08326319949788,0.0074642434317086425,0.06138392857142857,1.788541004061699,75,5,4,-123.08326319949788,-2.36698579788208,-0.058461420238018036,0.14050573110580444,1639.2781351445929
18,results/stage18_burst/no_position_only/seed_03/stage18_ppo.history.json,BURST,seed_03,3,last,0.002922255878469774,-0.01601644415807511,0.05080681347421238,0.6464708351663181,2000,8000,200,-107.97196832772077,0.021459579467773438,0.06473214285714286,0.6950933033866542,77,3,4,-107.97196832772077,-2.1594395637512207,-0.07196490466594696,0.17115120589733124,900.4104908014157
18,results/stage18_burst/no_position_only/seed_03/warm_start.history.json,BURST,seed_03,3,first,2.458139667510986,2.458139667510986,0.8595425724983216,2.718624668121338,,,,,,,,,,,,,,,
18,results/stage18_burst/no_position_only/seed_03/warm_start.history.json,BURST,seed_03,3,last,0.17597294509410857,0.17597294509410857,1.0514769601821898,0.3237199807167053,,,,,,,,,,,,,,,
18,results/stage18_burst/no_position_only/seed_04/stage18_ppo.history.json,BURST,seed_04,4,first,0.15925172955862113,-0.000914053525775671,0.32363645785621237,0.16524459252832457,1,4,198,-97.81104390119235,0.03211592753567467,0.04538690511669431,4.2342691378934045,78,2,4,-97.81104390119235,-1.9759807586669922,-0.05951849743723869,0.14348047971725464,1102.2027322926658
18,results/stage18_burst/no_position_only/seed_04/stage18_ppo.history.json,BURST,seed_04,4,last,0.004042990256233939,-0.004317562361913068,0.024933557325441922,0.4106226036591189,2000,8000,208,-93.93002341342239,0.005176352603094918,0.06473214285714286,1.0846415704914503,78,2,4,-93.93002341342239,-1.8063466548919678,-0.06308362632989883,0.14881736040115356,819.9150304261545
18,results/stage18_burst/no_position_only/seed_04/warm_start.history.json,BURST,seed_04,4,first,2.4186848831176757,2.4186848831176757,1.0099948096275329,2.682432518005371,,,,,,,,,,,,,,,
18,results/stage18_burst/no_position_only/seed_04/warm_start.history.json,BURST,seed_04,4,last,0.24810424089431762,0.24810424089431762,1.1412178659439087,0.35277060031890867,,,,,,,,,,,,,,,
18,results/stage18_burst/no_position_only/seed_05/stage18_ppo.history.json,BURST,seed_05,5,first,0.13720132783055305,-0.007975183560379915,0.29278408363461494,0.12155288976750203,1,4,208,-105.27136572143141,0.027022057911381125,0.041294642857142856,2.1726750944341933,74,6,4,-105.27136572143141,-2.024449348449707,-0.0621722936630249,0.13120979070663452,1060.2789235748203
18,results/stage18_burst/no_position_only/seed_05/stage18_ppo.history.json,BURST,seed_05,5,last,-0.0056759559915268,-0.014687070789347802,0.029698035713019117,0.5837905880595956,2000,8000,195,-94.56219139656653,0.024186653450929692,0.09672619083098002,1.2397205116493362,75,5,4,-94.56219139656653,-1.939737319946289,-0.05978970602154732,0.1473962962627411,1052.5263653964485
18,results/stage18_burst/no_position_only/seed_05/warm_start.history.json,BURST,seed_05,5,first,2.4677211380004884,2.4677211380004884,1.2048750066757201,2.758188343048096,,,,,,,,,,,,,,,
18,results/stage18_burst/no_position_only/seed_05/warm_start.history.json,BURST,seed_05,5,last,0.1891919356584549,0.1891919356584549,1.2897188949584961,0.3397035181522369,,,,,,,,,,,,,,,
18,results/stage18_burst/no_position_only/seed_06/stage18_ppo.history.json,BURST,seed_06,6,first,0.16649010997831024,-0.0016910629346966743,0.34018841731761185,0.19130344369581767,1,4,202,-119.31451886110595,0.10049543247025992,0.07812500026609216,2.1105434000492096,76,4,4,-119.31451886110595,-2.362663745880127,-0.052653029561042786,0.13263683021068573,2013.5255379465757
18,results/stage18_burst/no_position_only/seed_06/stage18_ppo.history.json,BURST,seed_06,6,last,-0.005664945247450045,-0.010742699594369956,0.02234087373861777,0.6092682608536312,2000,8000,204,-117.99845247423497,0.020235685631632805,0.09672619083098002,0.9836915326969964,78,2,4,-117.99845247423497,-2.313695192337036,-0.07523594796657562,0.16525501012802124,945.717613926092
18,results/stage18_burst/no_position_only/seed_06/warm_start.history.json,BURST,seed_06,6,first,2.5070965099334717,2.5070965099334717,1.4052003192901612,2.7195462131500245,,,,,,,,,,,,,,,
18,results/stage18_burst/no_position_only/seed_06/warm_start.history.json,BURST,seed_06,6,last,0.19509860157966613,0.19509860157966613,1.9010921955108642,0.35280857563018797,,,,,,,,,,,,,,,
18,results/stage18_burst/no_position_only/seed_07/stage18_ppo.history.json,BURST,seed_07,7,first,0.15098281926475465,-0.012100413607965623,0.33031545632651876,0.2074498820251652,1,4,207,-110.50505657028114,0.08258503641731554,0.10863095309053149,1.7343737961990493,74,6,3,-110.50505657028114,-2.1353633403778076,-0.05915100872516632,0.12507326900959015,1303.2245039108393
18,results/stage18_burst/no_position_only/seed_07/stage18_ppo.history.json,BURST,seed_07,7,last,-0.0065241905062326366,-0.01917189865240029,0.033216339469488175,0.39604619571140837,2000,8000,199,-81.30780091899463,0.010817186990087586,0.04352678571428571,0.9167884763862405,77,3,4,-81.30780091899463,-1.6343276500701904,-0.05914286896586418,0.12347512692213058,763.6132953047621
18,results/stage18_burst/no_position_only/seed_07/warm_start.history.json,BURST,seed_07,7,first,2.4976801109313964,2.4976801109313964,0.5747370803356171,2.724882173538208,,,,,,,,,,,,,,,
18,results/stage18_burst/no_position_only/seed_07/warm_start.history.json,BURST,seed_07,7,last,0.18234409511089325,0.18234409511089325,0.5216041266918182,0.3204953134059906,,,,,,,,,,,,,,,
18,results/stage18_burst/no_position_only/seed_08/stage18_ppo.history.json,BURST,seed_08,8,first,0.15624153610718036,-0.007509384570377213,0.33011204190552235,0.1305099835153669,1,4,203,-99.20758695522422,0.012320672012200313,0.06879058480262756,2.008449706648077,79,1,4,-99.20758695522422,-1.954829216003418,-0.06190723553299904,0.1257784515619278,997.0910315443411
18,results/stage18_burst/no_position_only/seed_08/stage18_ppo.history.json,BURST,seed_08,8,last,0.02001651033892163,0.006078582789216723,0.037663582645888836,0.48938619611518724,2000,8000,204,-107.47551270084017,0.030044487078807185,0.0877976194024086,1.0840228758752346,78,2,4,-107.47551270084017,-2.107362985610962,-0.06829962134361267,0.1595955640077591,952.0113002967344
18,results/stage18_burst/no_position_only/seed_08/warm_start.history.json,BURST,seed_08,8,first,2.485304899215698,2.485304899215698,1.1900846338272095,2.7180949878692626,,,,,,,,,,,,,,,
18,results/stage18_burst/no_position_only/seed_08/warm_start.history.json,BURST,seed_08,8,last,0.17764634490013123,0.17764634490013123,1.2591147708892823,0.31378396272659304,,,,,,,,,,,,,,,
18,results/stage18_burst/no_position_only/seed_09/stage18_ppo.history.json,BURST,seed_09,9,first,0.13528066208320005,-0.02735874376126698,0.32884823930050644,0.178471607355667,1,4,198,-99.11261953783185,0.041666728943320255,0.0799851194024086,1.7369436195918493,77,3,4,-99.11261953783185,-2.002275228500366,-0.059340573847293854,0.12341278791427612,1138.5287464707567
18,results/stage18_burst/no_position_only/seed_09/stage18_ppo.history.json,BURST,seed_09,9,last,0.023479439551010728,0.00010302064142056874,0.05621972394042781,0.473344233419214,2000,8000,207,-108.10442231889834,-0.004666738428308496,0.07425595287765775,1.2506123908928461,78,2,3,-108.10442231889834,-2.0889744758605957,-0.078092060983181,0.16602973639965057,715.5704183149517
18,results/stage18_burst/no_position_only/seed_09/warm_start.history.json,BURST,seed_09,9,first,2.460618782043457,2.460618782043457,0.7734201860427856,2.7412099266052246,,,,,,,,,,,,,,,
18,results/stage18_burst/no_position_only/seed_09/warm_start.history.json,BURST,seed_09,9,last,0.1941962420940399,0.1941962420940399,0.695788676738739,0.34629508018493654,,,,,,,,,,,,,,,
18,results/stage18_burst/no_position_only/seed_10/stage18_ppo.history.json,BURST,seed_10,10,first,0.14083220666673565,0.0014292305069310324,0.28179967935596195,0.14968648512980767,1,4,203,-108.64439668869072,0.043221049276845794,0.06767451337405614,1.5615044800298554,75,5,4,-108.64439668869072,-2.1407761573791504,-0.0592447966337204,0.13647688925266266,1305.6965123981201
18,results/stage18_burst/no_position_only/seed_10/stage18_ppo.history.json,BURST,seed_10,10,last,0.0015124607432101453,-0.011947646670575653,0.03542563372424671,0.42527096292802263,2000,8000,205,-92.13311694620319,0.057282406371086836,0.09357829711266927,0.8842875313545976,80,0,4,-92.13311694620319,-1.7977193593978882,-0.06214107573032379,0.14790698885917664,836.9244970327055
18,results/stage18_burst/no_position_only/seed_10/warm_start.history.json,BURST,seed_10,10,first,2.4626219654083252,2.4626219654083252,0.9204622459411621,2.6984729766845703,,,,,,,,,,,,,,,
18,results/stage18_burst/no_position_only/seed_10/warm_start.history.json,BURST,seed_10,10,last,0.18459778904914856,0.18459778904914856,0.8265566349029541,0.3311669790744782,,,,,,,,,,,,,,,
18,results/stage18_burst/no_queue_resource/seed_01/stage18_ppo.history.json,BURST,seed_01,1,first,0.1580832157716421,-0.002478002038385187,0.3258196493344648,0.2348607507135187,1,4,219,-152.90573813620918,0.06403055549682383,0.09114583342203073,1.7938361870391029,76,4,3,-152.90573813620918,-2.7927987575531006,-0.05416080728173256,0.11689658463001251,2658.943078409615
18,results/stage18_burst/no_queue_resource/seed_01/stage18_ppo.history.json,BURST,seed_01,1,last,-0.03696666336950979,-0.0503374920891864,0.039575067847701054,0.6416704548256738,2000,8000,203,-122.18377712386382,0.008513833229829158,0.0485998381461416,0.9471391726817403,79,1,4,-122.18377712386382,-2.407562017440796,-0.07055006176233292,0.16052712500095367,1164.5555485161865
18,results/stage18_burst/no_queue_resource/seed_01/warm_start.history.json,BURST,seed_01,1,first,2.5393533420562746,2.5393533420562746,0.8351545763015747,2.776162376403809,,,,,,,,,,,,,,,
18,results/stage18_burst/no_queue_resource/seed_01/warm_start.history.json,BURST,seed_01,1,last,0.25268641591072083,0.25268641591072083,0.8256245684623719,0.4244422554969788,,,,,,,,,,,,,,,
18,results/stage18_burst/no_queue_resource/seed_02/stage18_ppo.history.json,BURST,seed_02,2,first,0.1527245261573366,-0.0066357389691152745,0.322554703269686,0.19170851027593017,1,4,213,-158.10885889680867,0.03818287457605558,0.07270408195576497,1.4976301219846522,78,2,4,-158.10885889680867,-2.9691803455352783,-0.049920544028282166,0.11490020155906677,3537.647403879452
18,results/stage18_burst/no_queue_resource/seed_02/stage18_ppo.history.json,BURST,seed_02,2,last,0.004172196545239005,-0.007761976681649685,0.03794375015422702,0.7037701777049473,2000,8000,205,-127.41963934330283,0.0010385479628374533,0.04739010999245303,0.6739487967320851,76,4,4,-127.41963934330283,-2.486237049102783,-0.07955335080623627,0.1808827817440033,976.7153395723969
18,results/stage18_burst/no_queue_resource/seed_02/warm_start.history.json,BURST,seed_02,2,first,2.6272061824798585,2.6272061824798585,1.1154944562911988,2.8523036861419677,,,,,,,,,,,,,,,
18,results/stage18_burst/no_queue_resource/seed_02/warm_start.history.json,BURST,seed_02,2,last,0.22638958632946016,0.22638958632946016,1.289716444015503,0.3874633502960205,,,,,,,,,,,,,,,
18,results/stage18_burst/no_queue_resource/seed_03/stage18_ppo.history.json,BURST,seed_03,3,first,0.13546369272184425,-0.011982003359922342,0.299440914232816,0.22747621632048062,1,4,208,-125.46802367806555,0.03932814113795757,0.08258928571428571,1.5046112420303481,75,5,4,-125.46802367806555,-2.412846565246582,-0.05882572382688522,0.14168192446231842,1682.3831009072467
18,results/stage18_burst/no_queue_resource/seed_03/stage18_ppo.history.json,BURST,seed_03,3,last,0.008756728593393095,-0.002760810112314565,0.034217091875949075,0.5591006973492247,2000,8000,199,-94.4177526191478,0.0066287035255559856,0.06345663326127189,1.2105573096445628,76,4,4,-94.4177526191478,-1.8978443145751953,-0.06199946627020836,0.13487498462200165,937.0121507640129
18,results/stage18_burst/no_queue_resource/seed_03/warm_start.history.json,BURST,seed_03,3,first,2.4611398124694825,2.4611398124694825,0.9016529369354248,2.719009780883789,,,,,,,,,,,,,,,
18,results/stage18_burst/no_queue_resource/seed_03/warm_start.history.json,BURST,seed_03,3,last,0.24194251656532287,0.24194251656532287,0.9714065790176392,0.37098744153976443,,,,,,,,,,,,,,,
18,results/stage18_burst/no_queue_resource/seed_04/stage18_ppo.history.json,BURST,seed_04,4,first,0.14749804696267738,-0.020285397302359343,0.33851017323987825,0.14716373614334902,1,4,198,-105.547545689362,0.09724659040304166,0.05803571481789861,2.075819832938058,78,2,4,-105.547545689362,-2.1322736740112305,-0.06059504672884941,0.13518665730953217,1238.259155193923
18,results/stage18_burst/no_queue_resource/seed_04/stage18_ppo.history.json,BURST,seed_04,4,last,0.015832397720909545,-0.009950405984584774,0.06181284625615392,0.5123619556959186,2000,8000,211,-129.23446238825312,0.009896956725112562,0.041294642857142856,0.885100686124393,77,3,3,-129.23446238825312,-2.4499425888061523,-0.06993623077869415,0.1564783751964569,1227.1772320516714
18,results/stage18_burst/no_queue_resource/seed_04/warm_start.history.json,BURST,seed_04,4,first,2.4263828563690186,2.4263828563690186,0.8789742064476013,2.6819575119018553,,,,,,,,,,,,,,,
18,results/stage18_burst/no_queue_resource/seed_04/warm_start.history.json,BURST,seed_04,4,last,0.26555896282196045,0.26555896282196045,1.0229142856597901,0.49024215698242185,,,,,,,,,,,,,,,
18,results/stage18_burst/no_queue_resource/seed_05/stage18_ppo.history.json,BURST,seed_05,5,first,0.12760240631178021,-0.02302997768856585,0.30453409254550934,0.16346644277551345,1,4,207,-105.60690434036157,0.011754075647331774,0.06532738144908633,2.036219567592655,74,6,4,-105.60690434036157,-2.04071307182312,-0.062384214252233505,0.13175325095653534,1070.0756798413058
18,results/stage18_burst/no_queue_resource/seed_05/stage18_ppo.history.json,BURST,seed_05,5,last,0.02549025517821844,0.00646919637386288,0.0516441395905401,0.6801012209117678,2000,8000,198,-102.62389625803152,0.008366099664012186,0.027901785714285716,0.8747314150844302,75,5,4,-102.62389625803152,-2.0732102394104004,-0.0610780194401741,0.17013989388942719,1152.170165576379
18,results/stage18_burst/no_queue_resource/seed_05/warm_start.history.json,BURST,seed_05,5,first,2.4547722911834717,2.4547722911834717,1.1960137319564819,2.7448002910614013,,,,,,,,,,,,,,,
18,results/stage18_burst/no_queue_resource/seed_05/warm_start.history.json,BURST,seed_05,5,last,0.24637215256690978,0.24637215256690978,1.227765727043152,0.4266241645812988,,,,,,,,,,,,,,,
18,results/stage18_burst/no_queue_resource/seed_06/stage18_ppo.history.json,BURST,seed_06,6,first,0.14461003463449223,-0.01643527884568487,0.32445030712655615,0.1179842005446322,1,4,204,-114.50822519490522,0.050814313564582596,0.039806547707745006,1.8070638169135367,76,4,4,-114.50822519490522,-2.2452592849731445,-0.05091268941760063,0.13075494766235352,1944.8268831136554
18,results/stage18_burst/no_queue_resource/seed_06/stage18_ppo.history.json,BURST,seed_06,6,last,0.0072735509436045375,-0.0027352978275822742,0.03315132630190679,0.6566815876535007,2000,8000,203,-118.31855273861191,0.005173576438599932,0.0390625,0.6644933596253395,78,2,4,-118.31855273861191,-2.331400156021118,-0.06587961316108704,0.15975265204906464,1252.3666361905573
18,results/stage18_burst/no_queue_resource/seed_06/warm_start.history.json,BURST,seed_06,6,first,2.4965458297729493,2.4965458297729493,1.4329701995849609,2.7246342086791993,,,,,,,,,,,,,,,
18,results/stage18_burst/no_queue_resource/seed_06/warm_start.history.json,BURST,seed_06,6,last,0.21270927011966706,0.21270927011966706,1.7010993003845214,0.37953073024749756,,,,,,,,,,,,,,,
18,results/stage18_burst/no_queue_resource/seed_07/stage18_ppo.history.json,BURST,seed_07,7,first,0.11432236319940005,-0.011501718578594071,0.25607489475182127,0.22133656085601874,1,4,206,-108.76096842808866,0.0420839457573103,0.08338648000998157,1.5642409707818712,74,6,3,-108.76096842808866,-2.111863613128662,-0.059139177203178406,0.12394338846206665,1275.2081552908846
18,results/stage18_burst/no_queue_resource/seed_07/stage18_ppo.history.json,BURST,seed_07,7,last,0.023768422859055654,0.015161978746099132,0.027948123610778048,0.5367618724276174,2000,8000,197,-90.36760416727043,0.016715441776406288,0.0546875,0.5383416387651648,77,3,4,-90.36760416727043,-1.8348751068115234,-0.052184805274009705,0.10852651298046112,1236.3031492448845
18,results/stage18_burst/no_queue_resource/seed_07/warm_start.history.json,BURST,seed_07,7,first,2.495903263092041,2.495903263092041,0.5001905977725982,2.7212202072143556,,,,,,,,,,,,,,,
18,results/stage18_burst/no_queue_resource/seed_07/warm_start.history.json,BURST,seed_07,7,last,0.20431812345981598,0.20431812345981598,0.5635313189029694,0.38989745736122133,,,,,,,,,,,,,,,
18,results/stage18_burst/no_queue_resource/seed_08/stage18_ppo.history.json,BURST,seed_08,8,first,0.1329601562423964,-0.018133099856121198,0.30591083956616266,0.18621647717165096,1,4,205,-105.96012498259202,0.07415334524453751,0.07074175854878766,2.0487302435295924,79,1,3,-105.96012498259202,-2.067514419555664,-0.05996933951973915,0.12616704404354095,1188.6080011893005
18,results/stage18_burst/no_queue_resource/seed_08/stage18_ppo.history.json,BURST,seed_08,8,last,0.017307544127106667,-0.008835500904491969,0.06390622324709382,0.5810067733483655,2000,8000,197,-90.13744683312873,0.01867010590753385,0.06272321460502488,1.1857172048517637,78,2,4,-90.13744683312873,-1.8302018642425537,-0.057455066591501236,0.1432468593120575,1014.708616212797
18,results/stage18_burst/no_queue_resource/seed_08/warm_start.history.json,BURST,seed_08,8,first,2.4702455043792724,2.4702455043792724,1.1678569841384887,2.710300102233887,,,,,,,,,,,,,,,
18,results/stage18_burst/no_queue_resource/seed_08/warm_start.history.json,BURST,seed_08,8,last,0.18287376463413238,0.18287376463413238,1.2088151121139525,0.3295566761493683,,,,,,,,,,,,,,,
18,results/stage18_burst/no_queue_resource/seed_09/stage18_ppo.history.json,BURST,seed_09,9,first,0.0956263341275709,-0.03302397791828428,0.26220261997410227,0.24509993589267,1,4,198,-101.14800453511421,0.03944703792720767,0.08630952398691859,1.7741327243191856,77,3,4,-101.14800453511421,-2.043394088745117,-0.0588032603263855,0.12279827147722244,1207.5393941457921
18,results/stage18_burst/no_queue_resource/seed_09/stage18_ppo.history.json,BURST,seed_09,9,last,0.001957279979251325,-0.008405240119567938,0.03268017393669912,0.5977568280483995,2000,8000,205,-123.31739873784045,0.011083712768075722,0.06679258282695498,0.6743621293987546,78,2,3,-123.31739873784045,-2.406193494796753,-0.07972675561904907,0.20342642068862915,910.8623518130614
18,results/stage18_burst/no_queue_resource/seed_09/warm_start.history.json,BURST,seed_09,9,first,2.440364055633545,2.440364055633545,0.7001279926300049,2.7191922760009763,,,,,,,,,,,,,,,
18,results/stage18_burst/no_queue_resource/seed_09/warm_start.history.json,BURST,seed_09,9,last,0.21350185036659242,0.21350185036659242,0.7605722212791443,0.3635892057418823,,,,,,,,,,,,,,,
18,results/stage18_burst/no_queue_resource/seed_10/stage18_ppo.history.json,BURST,seed_10,10,first,0.14077037572860718,-0.0023521079814859797,0.28926365822553635,0.15093430384461368,1,4,203,-108.30188444405569,0.04184976989303583,0.07751623434679848,1.7723669074475765,75,5,4,-108.30188444405569,-2.1340272426605225,-0.05909387767314911,0.13620729744434357,1304.1122163325097
18,results/stage18_burst/no_queue_resource/seed_10/stage18_ppo.history.json,BURST,seed_10,10,last,0.012369795403044139,-0.00076070218347013,0.037199714221060276,0.5469357951411179,2000,8000,204,-129.1708053002481,-0.0016074197899018014,0.0487351194024086,0.6905351536614555,80,0,4,-129.1708053002481,-2.5327608585357666,-0.07864151149988174,0.1810278296470642,1037.2527514279507
18,results/stage18_burst/no_queue_resource/seed_10/warm_start.history.json,BURST,seed_10,10,first,2.4572757053375245,2.4572757053375245,1.0870037937164307,2.6937830543518064,,,,,,,,,,,,,,,
18,results/stage18_burst/no_queue_resource/seed_10/warm_start.history.json,BURST,seed_10,10,last,0.21498503804206848,0.21498503804206848,0.9079193878173828,0.3558883249759674,,,,,,,,,,,,,,,
18,results/stage18_clean_ablation/smoke/burst/no_eta_cost_only.history.json,BURST,burst,,first,0.18447593745908566,-0.004632197054369109,0.39968019830329077,1.0731960896934782,1,2,107,-194.08646340461155,0.00034327522319342407,0.0,1.0885151220219476,37,3,4,-194.08646340461155,-3.627784252166748,-0.05689532682299614,0.12386530637741089,4065.647085722032
18,results/stage18_clean_ablation/smoke/burst/no_eta_cost_only.history.json,BURST,burst,,last,0.03644669641341482,-0.012711716549737113,0.12074863165616989,1.1215902354036058,5,10,101,-201.50151598956268,-0.00033530166755164307,0.0,1.0463685393333435,39,1,3,-201.50151598956268,-3.990128517150879,-0.06673046946525574,0.13446420431137085,3575.4061866589805
18,results/stage18_clean_ablation/smoke/burst/no_explicit_handover_risk.history.json,BURST,burst,,first,0.2099005196775709,0.0004434106605393546,0.4396024154765265,1.0344101233141763,1,2,108,-191.77436898456767,0.002122413317140724,0.0,1.1926752850413322,38,2,4,-191.77436898456767,-3.5513768196105957,-0.06140177324414253,0.1290445327758789,3345.2751856805376
18,results/stage18_clean_ablation/smoke/burst/no_explicit_handover_risk.history.json,BURST,burst,,last,0.05877836926707199,-0.0010487634156431472,0.14182014231170928,1.1082939164979118,5,10,103,-192.1224774224916,0.0008774163600589548,0.0,0.753980071416923,38,2,3,-192.1224774224916,-3.7305335998535156,-0.06236095726490021,0.13012105226516724,3578.6268689909784
18,results/stage18_clean_ablation/smoke/burst/no_explicit_queue_resource.history.json,BURST,burst,,first,0.19340500335342117,0.008437746337481908,0.39380977409226553,1.193763324192592,1,2,107,-217.21534645961103,-0.002486518567561039,0.004464285714285714,1.1788095299686705,38,2,3,-217.21534645961103,-4.060100078582764,-0.06476566195487976,0.13038305938243866,3929.9203513809825
18,results/stage18_clean_ablation/smoke/burst/no_explicit_queue_resource.history.json,BURST,burst,,last,0.029725536571017334,-0.0005904872502599444,0.08062671204762799,0.9997330904006958,5,10,112,-191.91169376278154,-0.00028770629848752705,0.0,0.6707711943558284,39,1,4,-191.91169376278154,-3.4269943237304688,-0.05467098206281662,0.11467873305082321,3929.2811212551715
18,results/stage18_clean_ablation/smoke/burst/no_history_only.history.json,BURST,burst,,first,0.23006562356437957,0.019662081130913327,0.4407771038157599,0.9985005663973945,1,2,103,-184.3732198865049,-0.0006977179520098227,0.0,1.1746432270322527,36,4,4,-184.3732198865049,-3.580061435699463,-0.06504859030246735,0.1312686651945114,3029.043319471149
18,results/stage18_clean_ablation/smoke/burst/no_history_only.history.json,BURST,burst,,last,0.05218661802687815,-0.008810551837086678,0.14322271916483129,1.0614189888749803,5,10,102,-173.16817441815795,-0.001040994500466955,0.0,0.7387247213295528,40,0,4,-173.16817441815795,-3.395453929901123,-0.05876694619655609,0.11414036154747009,3338.3317928443475
18,results/stage18_clean_ablation/smoke/burst/no_position_only.history.json,BURST,burst,,first,0.18214045820890792,7.006685648645674e-05,0.3857647787247385,1.0811990627220698,1,2,109,-189.98429105323865,-0.00035234180644952824,0.0,0.9734942008342061,37,3,3,-189.98429105323865,-3.485950231552124,-0.05827504023909569,0.12243380397558212,3578.3046397822627
18,results/stage18_clean_ablation/smoke/burst/no_position_only.history.json,BURST,burst,,last,0.12010670227131673,-0.003846994468144008,0.26906484950866016,1.05787250825337,5,10,109,-253.58043090850714,-0.0017966483885954534,0.0,1.1340041501181466,39,1,4,-253.58043090850714,-4.652851581573486,-0.06983336806297302,0.14502733945846558,4439.27851941132
18,results/stage18_clean_ablation/smoke/dense/no_eta_cost_only.history.json,DENSE,dense,,first,0.11553657101467252,-0.08914487715810537,0.43127133790403605,1.0954217985272408,1,2,115,-102.2708605589461,-0.00016468924877699465,0.0,1.2679989524185658,40,0,3,-102.2708605589461,-1.7786235809326172,-0.06866412609815598,0.1290673017501831,670.978012109124
18,results/stage18_clean_ablation/smoke/dense/no_eta_cost_only.history.json,DENSE,dense,,last,0.14050595927983522,0.05941097461618483,0.1862465549056651,1.2028292994946241,5,10,113,-87.48167718092981,-0.00024234876036643982,0.0,0.8154829181730747,37,3,3,-87.48167718092981,-1.548348307609558,-0.05747814476490021,0.10947777330875397,725.6577291210584
18,results/stage18_clean_ablation/smoke/dense/no_explicit_handover_risk.history.json,DENSE,dense,,first,-0.034266602247953415,-0.23988113179802895,0.4364311806857586,1.2601063288748264,1,2,113,-126.28479113004325,-0.0006990013644099236,0.0,1.4017246793955564,37,3,3,-126.28479113004325,-2.2351291179656982,-0.06995751708745956,0.09319944679737091,1020.7901753733006
18,results/stage18_clean_ablation/smoke/dense/no_explicit_handover_risk.history.json,DENSE,dense,,last,0.08901070489082485,-0.03995052259415388,0.2747452585026622,0.8411401007324457,5,10,117,-77.65308250030544,4.362533945823088e-05,0.0,0.764646103605628,39,1,3,-77.65308250030544,-1.32740318775177,-0.0471065416932106,0.08332318067550659,794.0413632901477
18,results/stage18_clean_ablation/smoke/dense/no_explicit_queue_resource.history.json,DENSE,dense,,first,0.21298746019601822,0.002606589879308428,0.43922624577369007,0.9232250154018402,1,2,110,-90.12662940416595,-0.0009597748908812978,0.0,1.252481111990554,37,3,3,-90.12662940416595,-1.638666033744812,-0.06658513844013214,0.12399609386920929,605.6563824052444
18,results/stage18_clean_ablation/smoke/dense/no_explicit_queue_resource.history.json,DENSE,dense,,last,0.2099146470427513,0.014291181461885571,0.40851431668852456,0.863369632512331,5,10,113,-88.04447608849443,0.00020554871298372746,0.0,1.093733562156558,39,1,3,-88.04447608849443,-1.5583093166351318,-0.061109427362680435,0.10932034254074097,650.2658391936742
18,results/stage18_clean_ablation/smoke/dense/no_history_only.history.json,DENSE,dense,,first,0.2297353638568893,0.010907256044447422,0.45454311557114124,0.8443451076745987,1,2,115,-87.41766442206836,0.0016297027468681335,0.0,1.338725985493511,39,1,3,-87.41766442206836,-1.520307183265686,-0.07210705429315567,0.13752086460590363,444.5361872561695
18,results/stage18_clean_ablation/smoke/dense/no_history_only.history.json,DENSE,dense,,last,0.19708262337371707,0.022197015583515167,0.36838526651263237,0.9307023249566555,5,10,114,-59.924219583453024,-0.0005148658528923988,0.0,1.0608858671039343,39,1,3,-59.924219583453024,-1.0513020753860474,-0.04509826749563217,0.09836898744106293,543.4195343647327
18,results/stage18_clean_ablation/smoke/dense/no_position_only.history.json,DENSE,dense,,first,0.2148250404279679,0.0007953175809234381,0.446408583316952,0.9174568448215723,1,2,116,-72.22338993103753,-0.00028969114646315575,0.0,1.3193725068122149,39,1,3,-72.22338993103753,-1.245230793952942,-0.06321776658296585,0.13817860186100006,387.99081138940227
18,results/stage18_clean_ablation/smoke/dense/no_position_only.history.json,DENSE,dense,,last,0.3705836558365263,0.108941201120615,0.5400517461821437,0.8383419122546911,5,10,113,-71.89958969757095,-0.0003264776896685362,0.0,1.5150681305676699,40,0,3,-71.89958969757095,-1.2725591659545898,-0.05104388669133186,0.10029561817646027,621.5390420880858
18,results/stage18_clean_ablation/smoke/no_eta_cost_only.history.json,,no_eta_cost_only,,first,0.20875479630194604,-0.007709720870479941,0.45077023934572935,0.8920595161616802,1,2,117,-4.107908256955242,-0.0006425710453186184,0.0,0.44500297121703625,39,1,2,-4.107908256955242,-0.07022064924240112,-0.01563984900712967,0.3261258900165558,20.158795481264452
18,results/stage18_clean_ablation/smoke/no_eta_cost_only.history.json,,no_eta_cost_only,,last,0.16721813945332542,0.003922844538465142,0.34376715822145343,0.8588281068950891,5,10,116,2.8969491575750954,0.00020319176837801933,0.0,0.38346853014081717,38,2,2,2.8969491575750954,0.04994741827249527,0.010068467818200588,0.28925836086273193,24.609290144132498
18,results/stage18_clean_ablation/smoke/no_explicit_handover_risk.history.json,,no_explicit_handover_risk,,first,0.37012131372466683,-0.005672866478562355,0.7705561500042677,0.9483902137726545,1,2,117,-7.770533386471545,-0.0011355806171202687,0.0,0.7521703289821744,37,3,2,-7.770533386471545,-0.13282965123653412,-0.032695405185222626,0.39692941308021545,16.505028133725464
18,results/stage18_clean_ablation/smoke/no_explicit_handover_risk.history.json,,no_explicit_handover_risk,,last,0.1619236565893516,0.028837522491812706,0.28647588938474655,1.0151809696108103,5,10,118,-2.617631012742335,0.0007103097159415483,0.0,0.37759069725871086,36,4,2,-2.617631012742335,-0.04436662793159485,-0.009673728607594967,0.2816961705684662,21.034144791570395
18,results/stage18_clean_ablation/smoke/no_explicit_queue_resource.history.json,,no_explicit_queue_resource,,first,0.25475165247917175,-0.05078442208468914,0.6287754490040243,0.8851647917181253,1,2,116,-5.678326385539016,-0.0013720726128667593,0.0,0.5163197587244213,37,3,3,-5.678326385539016,-0.09790216386318207,-0.021455133333802223,0.3343190550804138,20.821985985055328
18,results/stage18_clean_ablation/smoke/no_explicit_queue_resource.history.json,,no_explicit_queue_resource,,last,0.2676471047452651,0.0127276296261698,0.5276297181844711,0.8895381819456816,5,10,118,-3.5606092409860755,0.0007499379571527243,0.0,0.46882523223757744,37,3,3,-3.5606092409860755,-0.06034933030605316,-0.016662785783410072,0.39494118094444275,13.11745489896153
18,results/stage18_clean_ablation/smoke/no_history_only.history.json,,no_history_only,,first,0.19797454169020057,0.08109903149306774,0.25308009842410684,0.9664543401449919,1,2,117,-17.13154563858003,0.0026343618010287173,0.0,0.44275526283308864,40,0,2,-17.13154563858003,-0.2928469479084015,-0.02346385456621647,0.1251397430896759,155.76960349673297
18,results/stage18_clean_ablation/smoke/no_history_only.history.json,,no_history_only,,last,0.10069674046826549,-0.04582030768506229,0.31015404080972075,0.8559968136250973,5,10,117,-3.048226841156212,-0.001560768869239837,0.0,0.2516086050309241,38,2,2,-3.048226841156212,-0.052106451243162155,-0.007126828655600548,0.2043185830116272,53.45523527724245
18,results/stage18_clean_ablation/smoke/no_position_only.history.json,,no_position_only,,first,0.3343209974700585,0.04780072811990976,0.5939319469034672,1.044569892808795,1,2,117,-5.624340819258937,0.0007439019282173831,0.0,0.5788394715636969,39,1,2,-5.624340819258937,-0.09614257514476776,-0.027286233380436897,0.4140491187572479,12.414936845379614
18,results/stage18_clean_ablation/smoke/no_position_only.history.json,,no_position_only,,last,0.17758010351099074,0.003467821516096592,0.3666723258793354,0.9223879985511303,5,10,118,-9.056099163285994,0.00015130468091228977,0.0,0.3284800141118467,38,2,3,-9.056099163285994,-0.1534932255744934,-0.02128804475069046,0.20802545547485352,51.98841748286459
18,results/stage18_dense/full_context_v2/seed_01/stage18_ppo.history.json,DENSE,seed_01,1,first,0.13089114923163184,-0.007267040067485401,0.2795260229281017,0.16048208411250794,1,4,224,-63.56717707149995,0.16221070662140846,0.06584821428571429,1.714739730315549,77,3,3,-63.56717707149995,-1.1351282596588135,-0.054576873779296875,0.11531171202659607,432.5860069668495
18,results/stage18_dense/full_context_v2/seed_01/stage18_ppo.history.json,DENSE,seed_01,1,last,0.09758123912615702,0.030998171481769532,0.13700095482636243,0.19174119471163253,2000,8000,228,-14.74695359165217,0.003861038014292717,0.0234375,1.8307175263762474,79,1,3,-14.74695359165217,-0.25871849060058594,-0.03004947304725647,0.17788489162921906,74.12782097444882
18,results/stage18_dense/full_context_v2/seed_01/warm_start.history.json,DENSE,seed_01,1,first,2.4354385566711425,2.4354385566711425,0.34359787210822107,2.6606266593933103,,,,,,,,,,,,,,,
18,results/stage18_dense/full_context_v2/seed_01/warm_start.history.json,DENSE,seed_01,1,last,0.31571820616722107,0.31571820616722107,0.38162568747997283,0.4486147737503052,,,,,,,,,,,,,,,
18,results/stage18_dense/full_context_v2/seed_02/stage18_ppo.history.json,DENSE,seed_02,2,first,0.20194328138937376,0.0035817657730409075,0.39994216337800026,0.1609563864102321,1,4,224,-54.6563866858329,0.05069063104955213,0.07254464285714286,2.065469698182174,78,2,3,-54.6563866858329,-0.9760069251060486,-0.047785792499780655,0.13357581198215485,417.16529651652985
18,results/stage18_dense/full_context_v2/seed_02/stage18_ppo.history.json,DENSE,seed_02,2,last,0.038949375123982985,-0.007490552429641996,0.09897676442882844,0.30484549914087566,2000,8000,223,-10.764725809998504,0.006556382980696591,0.04709101361887796,1.3485289535352163,76,4,3,-10.764725809998504,-0.19308926165103912,-0.02482830360531807,0.2060525119304657,60.481449538787565
18,results/stage18_dense/full_context_v2/seed_02/warm_start.history.json,DENSE,seed_02,2,first,2.4430617332458495,2.4430617332458495,0.47590099334716796,2.668582582473755,,,,,,,,,,,,,,,
18,results/stage18_dense/full_context_v2/seed_02/warm_start.history.json,DENSE,seed_02,2,last,0.21324887216091157,0.21324887216091157,0.3670180356502533,0.3226346457004547,,,,,,,,,,,,,,,
18,results/stage18_dense/full_context_v2/seed_03/stage18_ppo.history.json,DENSE,seed_03,3,first,0.13165057444712147,-0.025451060384511948,0.3170105707831681,0.14036529158875055,1,4,232,-43.481821437902674,0.028881942620500922,0.0654296875,1.3046763576567173,75,5,3,-43.481821437902674,-0.749686598777771,-0.04560663923621178,0.12603677809238434,270.2112403478893
18,results/stage18_dense/full_context_v2/seed_03/stage18_ppo.history.json,DENSE,seed_03,3,last,0.004452959048649063,-0.030525416019372642,0.07378420245368034,0.19137268107481095,2000,8000,226,-12.422889020232718,0.01481638426776044,0.0478515625,1.514957617269829,78,2,3,-12.422889020232718,-0.21987415850162506,-0.022591277956962585,0.14716631174087524,94.72544722808225
18,results/stage18_dense/full_context_v2/seed_03/warm_start.history.json,DENSE,seed_03,3,first,2.3608429622650147,2.3608429622650147,0.3035407316684723,2.6200324630737306,,,,,,,,,,,,,,,
18,results/stage18_dense/full_context_v2/seed_03/warm_start.history.json,DENSE,seed_03,3,last,0.16902700304985047,0.16902700304985047,0.29461783230304717,0.2991162633895874,,,,,,,,,,,,,,,
18,results/stage18_dense/full_context_v2/seed_04/stage18_ppo.history.json,DENSE,seed_04,4,first,0.2245482515427284,-0.0024951572995632887,0.4559166462113353,0.09149108192657164,1,4,225,-28.59460218190221,0.22128611645894125,0.06640625,1.4392141993157566,78,2,4,-28.59460218190221,-0.5083484649658203,-0.04015447944402695,0.16904830932617188,160.27108633021777
18,results/stage18_dense/full_context_v2/seed_04/stage18_ppo.history.json,DENSE,seed_04,4,last,0.06061933362590415,-0.00294989107974938,0.13164190735135758,0.22517276235989162,2000,8000,224,-13.586634484549364,0.00207954814790615,0.026785714285714284,1.05936534596341,77,3,3,-13.586634484549364,-0.24261845648288727,-0.03051828406751156,0.18387380242347717,63.201510370890745
18,results/stage18_dense/full_context_v2/seed_04/warm_start.history.json,DENSE,seed_04,4,first,2.415695810317993,2.415695810317993,0.38437205493450166,2.6449812602996827,,,,,,,,,,,,,,,
18,results/stage18_dense/full_context_v2/seed_04/warm_start.history.json,DENSE,seed_04,4,last,0.2648085153102875,0.2648085153102875,0.3506628313660622,0.35636828005313875,,,,,,,,,,,,,,,
18,results/stage18_dense/full_context_v2/seed_05/stage18_ppo.history.json,DENSE,seed_05,5,first,0.20094292893190868,0.0390703312586993,0.3282912843860686,0.227304749423638,1,4,229,-37.231081943219635,0.09131609811447561,0.10957031277939677,1.3897785497829318,75,5,4,-37.231081943219635,-0.6503246426582336,-0.04323367029428482,0.1371651142835617,226.26436510091594
18,results/stage18_dense/full_context_v2/seed_05/stage18_ppo.history.json,DENSE,seed_05,5,last,0.05697698585156884,-0.010470787329333169,0.14071171597710677,0.2908086944371462,2000,8000,223,-21.653483660197963,0.011075636139139533,0.05630760320595333,1.06933509771313,75,5,3,-21.653483660197963,-0.3884032964706421,-0.04783349111676216,0.2038840353488922,65.9328116470093
18,results/stage18_dense/full_context_v2/seed_05/warm_start.history.json,DENSE,seed_05,5,first,2.3788251209259035,2.3788251209259035,0.39864533543586733,2.6366913318634033,,,,,,,,,,,,,,,
18,results/stage18_dense/full_context_v2/seed_05/warm_start.history.json,DENSE,seed_05,5,last,0.2228795385360718,0.2228795385360718,0.3686633825302124,0.31402320981025694,,,,,,,,,,,,,,,
18,results/stage18_dense/full_context_v2/seed_06/stage18_ppo.history.json,DENSE,seed_06,6,first,0.1371220015862491,-0.02943588382913731,0.33628637506626546,0.15853042304276954,1,4,227,-26.943683391314412,0.010623844865335741,0.055338541977107525,2.330195389688015,76,4,3,-26.943683391314412,-0.47477856278419495,-0.032312896102666855,0.13397733867168427,215.88895429896428
18,results/stage18_dense/full_context_v2/seed_06/stage18_ppo.history.json,DENSE,seed_06,6,last,0.13015468406956643,-0.01219725637929514,0.28810192027594894,0.16990186669865037,2000,8000,226,-23.447906175421817,0.010826191864907742,0.0517578125,1.9422524515539408,78,2,3,-23.447906175421817,-0.41500720381736755,-0.05233031138777733,0.2275415062904358,62.89333312042005
18,results/stage18_dense/full_context_v2/seed_06/warm_start.history.json,DENSE,seed_06,6,first,2.3664097595214844,2.3664097595214844,0.5149609112739563,2.593103427886963,,,,,,,,,,,,,,,
18,results/stage18_dense/full_context_v2/seed_06/warm_start.history.json,DENSE,seed_06,6,last,0.18820334792137147,0.18820334792137147,0.6662013483047485,0.34935727119445803,,,,,,,,,,,,,,,
18,results/stage18_dense/full_context_v2/seed_07/stage18_ppo.history.json,DENSE,seed_07,7,first,0.13823118444997817,-0.026089717517606914,0.33111829799599946,0.12382468171153513,1,4,229,-40.75662284042811,0.02379654350806959,0.029687500093132257,1.5645110700279474,74,6,3,-40.75662284042811,-0.7119061350822449,-0.051316507160663605,0.16036175191402435,192.45594703529227
18,results/stage18_dense/full_context_v2/seed_07/stage18_ppo.history.json,DENSE,seed_07,7,last,0.34826484902961446,-0.0052334079851529425,0.7110668410147939,0.2035160426582609,2000,8000,222,-27.84563004177746,0.023902778031437526,0.04717261929597173,2.679028353520802,77,3,3,-27.84563004177746,-0.501723051071167,-0.0636753961443901,0.2524312734603882,62.08471473207663
18,results/stage18_dense/full_context_v2/seed_07/warm_start.history.json,DENSE,seed_07,7,first,2.404885187149048,2.404885187149048,0.4710210441052914,2.6467581176757813,,,,,,,,,,,,,,,
18,results/stage18_dense/full_context_v2/seed_07/warm_start.history.json,DENSE,seed_07,7,last,0.20210233747959136,0.20210233747959136,0.40184378914535046,0.3253876721858978,,,,,,,,,,,,,,,
18,results/stage18_dense/full_context_v2/seed_08/stage18_ppo.history.json,DENSE,seed_08,8,first,0.1860130094573833,-0.0163360801525414,0.40859857806935906,0.19502062676474452,1,4,225,-45.954480070610884,0.04449998543714173,0.0810546875,2.371774949133396,79,1,3,-45.954480070610884,-0.816968560218811,-0.0523395799100399,0.16131842136383057,243.64096129406522
18,results/stage18_dense/full_context_v2/seed_08/stage18_ppo.history.json,DENSE,seed_08,8,last,0.026674170541809872,-0.03988697880413383,0.13966730883112177,0.32725059520453215,2000,8000,227,-21.716985136328855,0.02085255633573979,0.08105468843132257,1.3066962007433176,78,2,3,-21.716985136328855,-0.38267815113067627,-0.048165176063776016,0.21092402935028076,63.12495289646818
18,results/stage18_dense/full_context_v2/seed_08/warm_start.history.json,DENSE,seed_08,8,first,2.400131359100342,2.400131359100342,0.4257489061355591,2.6098682403564455,,,,,,,,,,,,,,,
18,results/stage18_dense/full_context_v2/seed_08/warm_start.history.json,DENSE,seed_08,8,last,0.16260600268840789,0.16260600268840789,0.47741134524345397,0.2904920732975006,,,,,,,,,,,,,,,
18,results/stage18_dense/full_context_v2/seed_09/stage18_ppo.history.json,DENSE,seed_09,9,first,0.16762954355882748,-0.003721826044576509,0.3453476732330663,0.13224605291283556,1,4,224,-36.02179287025898,0.039489940008414645,0.03794642857142857,1.4561036261064666,77,3,3,-36.02179287025898,-0.6432462930679321,-0.05403316020965576,0.17070408165454865,141.72089385205766
18,results/stage18_dense/full_context_v2/seed_09/stage18_ppo.history.json,DENSE,seed_09,9,last,0.05868582788389176,-0.035925398784456775,0.19264721893705428,0.17123852615623036,2000,8000,226,-10.846670268853991,0.005735928541980684,0.03125,1.4150195764377713,78,2,3,-10.846670268853991,-0.19197645783424377,-0.023454004898667336,0.1904076337814331,66.99800663366696
18,results/stage18_dense/full_context_v2/seed_09/warm_start.history.json,DENSE,seed_09,9,first,2.3335253524780275,2.3335253524780275,0.2176670302450657,2.6008606147766113,,,,,,,,,,,,,,,
18,results/stage18_dense/full_context_v2/seed_09/warm_start.history.json,DENSE,seed_09,9,last,0.20017668545246126,0.20017668545246126,0.22515270605683327,0.3392111599445343,,,,,,,,,,,,,,,
18,results/stage18_dense/full_context_v2/seed_10/stage18_ppo.history.json,DENSE,seed_10,10,first,0.1356621395264353,-0.004029496523019459,0.2815781241016729,0.1097424988235746,1,4,223,-30.50876325021947,0.03219297597076677,0.04147465420620782,1.3522039359169347,75,5,3,-30.50876325021947,-0.5472424030303955,-0.049665872007608414,0.16765518486499786,121.40688266173059
18,results/stage18_dense/full_context_v2/seed_10/stage18_ppo.history.json,DENSE,seed_10,10,last,0.15781851642532274,-0.006332451477646828,0.33353464119136333,0.26163542264839634,2000,8000,226,-19.972562366571907,-0.024836107506416738,0.0478515625,1.914766306988895,80,0,3,-19.972562366571907,-0.35349664092063904,-0.04424059018492699,0.2162092924118042,63.845297182147604
18,results/stage18_dense/full_context_v2/seed_10/warm_start.history.json,DENSE,seed_10,10,first,2.300847282409668,2.300847282409668,0.5106714570522308,2.5407750320434572,,,,,,,,,,,,,,,
18,results/stage18_dense/full_context_v2/seed_10/warm_start.history.json,DENSE,seed_10,10,last,0.21991556286811828,0.21991556286811828,0.4815651273727417,0.3472049474716187,,,,,,,,,,,,,,,
18,results/stage18_dense/no_eta_cost_only/seed_01/stage18_ppo.history.json,DENSE,seed_01,1,first,0.14828770617896225,0.022771607560571283,0.26696940779220313,0.796860278584063,1,4,226,-176.085192291554,0.08669470011955127,0.1240234375,1.1827441370114684,77,3,3,-176.085192291554,-3.1165521144866943,-0.06131650134921074,0.11181841790676117,2583.4141199845926
18,results/stage18_dense/no_eta_cost_only/seed_01/stage18_ppo.history.json,DENSE,seed_01,1,last,0.05199084055493586,0.0023009254946373403,0.10517347976565361,0.28968242136761546,2000,8000,229,-36.94977705203,0.01873673995214631,0.07675781287252903,0.9618489127606153,79,1,3,-36.94977705203,-0.64541095495224,-0.04378999397158623,0.14656972885131836,217.23159937495498
18,results/stage18_dense/no_eta_cost_only/seed_01/warm_start.history.json,DENSE,seed_01,1,first,2.6244948863983155,2.6244948863983155,0.3398990754783153,2.689872188568115,,,,,,,,,,,,,,,
18,results/stage18_dense/no_eta_cost_only/seed_01/warm_start.history.json,DENSE,seed_01,1,last,1.7965565490722657,1.7965565490722657,0.4225389343500137,1.8682457256317138,,,,,,,,,,,,,,,
18,results/stage18_dense/no_eta_cost_only/seed_02/stage18_ppo.history.json,DENSE,seed_02,2,first,0.1471367957835485,-0.008534504433295556,0.3254753691809518,0.7066383021218436,1,4,224,-121.95144858523796,0.04132641798683575,0.08482142857142858,1.3157473956899983,77,3,3,-121.95144858523796,-2.177704334259033,-0.05629438906908035,0.11603296548128128,1496.4689041464974
18,results/stage18_dense/no_eta_cost_only/seed_02/stage18_ppo.history.json,DENSE,seed_02,2,last,0.024263085930475166,-0.010083213581570558,0.07703723598803792,0.4172317960432598,2000,8000,222,-44.04845488777196,0.010802245615715427,0.08415178608681474,1.1574273950287275,76,4,3,-44.04845488777196,-0.7936658263206482,-0.05442072078585625,0.16232629120349884,212.68988551030228
18,results/stage18_dense/no_eta_cost_only/seed_02/warm_start.history.json,DENSE,seed_02,2,first,2.6610793113708495,2.6610793113708495,0.27550019025802613,2.727492151260376,,,,,,,,,,,,,,,
18,results/stage18_dense/no_eta_cost_only/seed_02/warm_start.history.json,DENSE,seed_02,2,last,1.8660364294052123,1.8660364294052123,0.27531001895666124,1.9567840719223022,,,,,,,,,,,,,,,
18,results/stage18_dense/no_eta_cost_only/seed_03/stage18_ppo.history.json,DENSE,seed_03,3,first,0.15138157951878384,0.02570959518197924,0.2644782105926424,0.6567123004638802,1,4,230,-105.13748646161815,0.0084029375963528,0.08528645848855376,1.5027232822030783,75,5,3,-105.13748646161815,-1.8284779787063599,-0.058033645153045654,0.10852162539958954,992.7041070603125
18,results/stage18_dense/no_eta_cost_only/seed_03/stage18_ppo.history.json,DENSE,seed_03,3,last,-0.009540328079310711,-0.037289891159161925,0.05925687894341536,0.18788764032069594,2000,8000,225,-38.358492463475905,-0.0004435426089912653,0.0263671875,0.6648317333310843,76,4,3,-38.358492463475905,-0.6819286942481995,-0.04765312373638153,0.13472922146320343,204.7836475870973
18,results/stage18_dense/no_eta_cost_only/seed_03/warm_start.history.json,DENSE,seed_03,3,first,2.586585283279419,2.586585283279419,0.34594244360923765,2.6584861946105955,,,,,,,,,,,,,,,
18,results/stage18_dense/no_eta_cost_only/seed_03/warm_start.history.json,DENSE,seed_03,3,last,1.764442138671875,1.764442138671875,0.3087677788734436,1.8777891397476196,,,,,,,,,,,,,,,
18,results/stage18_dense/no_eta_cost_only/seed_04/stage18_ppo.history.json,DENSE,seed_04,4,first,0.12631164895304078,-0.01117147525240268,0.2888502864433186,0.6942019856401852,1,4,223,-69.31755435631865,0.0341565923465948,0.10437067917415074,1.443375435258661,78,2,4,-69.31755435631865,-1.2433642148971558,-0.06013323739171028,0.1274234503507614,427.53109233277246
18,results/stage18_dense/no_eta_cost_only/seed_04/stage18_ppo.history.json,DENSE,seed_04,4,last,-0.00410182517953217,-0.01850669621489942,0.03727884797262959,0.42345539340749383,2000,8000,230,-46.18430476752281,-0.0002501386625226587,0.07389322947710752,0.8578017838299274,77,3,3,-46.18430476752281,-0.8032052516937256,-0.05103820189833641,0.12699218094348907,247.6637383337939
18,results/stage18_dense/no_eta_cost_only/seed_04/warm_start.history.json,DENSE,seed_04,4,first,2.6323505783081056,2.6323505783081056,0.367099934220314,2.6872276210784913,,,,,,,,,,,,,,,
18,results/stage18_dense/no_eta_cost_only/seed_04/warm_start.history.json,DENSE,seed_04,4,last,1.8331323289871215,1.8331323289871215,0.3731332331895828,1.949298734664917,,,,,,,,,,,,,,,
18,results/stage18_dense/no_eta_cost_only/seed_05/stage18_ppo.history.json,DENSE,seed_05,5,first,0.09825324104167521,-0.01597385120112449,0.24179574521258473,0.6670780777931213,1,4,230,-115.2521289812044,0.02495396936137695,0.12467447994276881,1.5257595032453537,78,2,3,-115.2521289812044,-2.004384756088257,-0.05134032666683197,0.0932949110865593,1524.2104442120751
18,results/stage18_dense/no_eta_cost_only/seed_05/stage18_ppo.history.json,DENSE,seed_05,5,last,0.031075048626267483,-0.010570531644459282,0.08584108868879932,0.12749640683510474,2000,8000,222,-41.57437601437802,0.006175854783837816,0.037127976305782795,0.8175285740622452,75,5,3,-41.57437601437802,-0.7490878701210022,-0.054793067276477814,0.14884932339191437,186.90216543910552
18,results/stage18_dense/no_eta_cost_only/seed_05/warm_start.history.json,DENSE,seed_05,5,first,2.6218608379364015,2.6218608379364015,0.6210559630393981,2.6924817943573,,,,,,,,,,,,,,,
18,results/stage18_dense/no_eta_cost_only/seed_05/warm_start.history.json,DENSE,seed_05,5,last,2.1691680669784548,2.1691680669784548,0.5298741769790649,1.6863534545898438,,,,,,,,,,,,,,,
18,results/stage18_dense/no_eta_cost_only/seed_06/stage18_ppo.history.json,DENSE,seed_06,6,first,0.16619319959136192,0.050004157004877925,0.24778073909692466,0.7701327158138156,1,4,226,-84.93284071541252,0.029249940533190966,0.0595703125,1.65444212872535,76,4,3,-84.93284071541252,-1.503236174583435,-0.05324483662843704,0.10102391988039017,797.07550480022
18,results/stage18_dense/no_eta_cost_only/seed_06/stage18_ppo.history.json,DENSE,seed_06,6,last,0.056663694384042174,-0.0028183365939185023,0.1293408719357103,0.5188404174114112,2000,8000,229,-53.31669446661533,-0.019879566963936668,0.05703125009313226,1.8005472654476762,78,2,3,-53.31669446661533,-0.9312959313392639,-0.06614290177822113,0.17045730352401733,198.24809095958977
18,results/stage18_dense/no_eta_cost_only/seed_06/warm_start.history.json,DENSE,seed_06,6,first,2.587236957550049,2.587236957550049,0.4711714768409729,2.6260297966003416,,,,,,,,,,,,,,,
18,results/stage18_dense/no_eta_cost_only/seed_06/warm_start.history.json,DENSE,seed_06,6,last,1.8590048217773438,1.8590048217773438,0.4275119388103485,1.9862979793548583,,,,,,,,,,,,,,,
18,results/stage18_dense/no_eta_cost_only/seed_07/stage18_ppo.history.json,DENSE,seed_07,7,first,0.11043238930869848,-0.02110316854668781,0.27713056467473507,0.7029721774160862,1,4,229,-84.01972641017014,0.027251761886873282,0.07656250009313226,1.8510426450520754,74,6,3,-84.01972641017014,-1.4675935506820679,-0.06320453435182571,0.13715264201164246,539.156849392441
18,results/stage18_dense/no_eta_cost_only/seed_07/stage18_ppo.history.json,DENSE,seed_07,7,last,0.04363038976277624,-0.013664735514404518,0.12670762091875076,0.6058684145765645,2000,8000,220,-52.283273894834444,0.024908595602028072,0.0669642858473318,0.9541006152118955,76,4,3,-52.283273894834444,-0.9506049156188965,-0.06422653049230576,0.16560262441635132,219.06408048633833
18,results/stage18_dense/no_eta_cost_only/seed_07/warm_start.history.json,DENSE,seed_07,7,first,2.650354461669922,2.650354461669922,0.5101934987306594,2.7135903644561767,,,,,,,,,,,,,,,
18,results/stage18_dense/no_eta_cost_only/seed_07/warm_start.history.json,DENSE,seed_07,7,last,1.8738708782196045,1.8738708782196045,0.454415854215622,2.0259274291992186,,,,,,,,,,,,,,,
18,results/stage18_dense/no_eta_cost_only/seed_08/stage18_ppo.history.json,DENSE,seed_08,8,first,0.1415785405843053,-0.02989136945689097,0.3552284944889834,0.6144338063895702,1,4,225,-94.36652006204996,0.026193309924565256,0.0751953125,1.7829866893589497,79,1,3,-94.36652006204996,-1.6776269674301147,-0.062258265912532806,0.13489679992198944,726.1005309295405
18,results/stage18_dense/no_eta_cost_only/seed_08/stage18_ppo.history.json,DENSE,seed_08,8,last,0.016440966931570853,-0.00964362985853638,0.05609533204031842,0.1963068028645856,2000,8000,224,-43.337355479579635,0.042143534985370934,0.07477678571428571,1.0877095833420753,77,3,3,-43.337355479579635,-0.7738813757896423,-0.048751551657915115,0.1276167780160904,251.98336264898583
18,results/stage18_dense/no_eta_cost_only/seed_08/warm_start.history.json,DENSE,seed_08,8,first,2.593883476257324,2.593883476257324,0.48692986607551575,2.6450977897644044,,,,,,,,,,,,,,,
18,results/stage18_dense/no_eta_cost_only/seed_08/warm_start.history.json,DENSE,seed_08,8,last,1.7261357975006104,1.7261357975006104,0.5175121021270752,1.8861462688446045,,,,,,,,,,,,,,,
18,results/stage18_dense/no_eta_cost_only/seed_09/stage18_ppo.history.json,DENSE,seed_09,9,first,0.1510791485197842,0.03193410730455071,0.25174030335620046,0.6725114202126861,1,4,230,-109.75543204314937,0.01236275365226902,0.08593750046566129,1.2892514001578093,77,3,4,-109.75543204314937,-1.908790111541748,-0.05299051105976105,0.10429022461175919,1297.5381585350744
18,results/stage18_dense/no_eta_cost_only/seed_09/stage18_ppo.history.json,DENSE,seed_09,9,last,0.028660512762144208,-0.011271362949628383,0.09256875654682517,0.6352504156529903,2000,8000,229,-61.52538158736667,0.009766798932105303,0.07597656268626451,1.216173205524683,77,3,3,-61.52538158736667,-1.0746791362762451,-0.07154873758554459,0.1562741994857788,225.60754337128535
18,results/stage18_dense/no_eta_cost_only/seed_09/warm_start.history.json,DENSE,seed_09,9,first,2.6224024581909178,2.6224024581909178,0.20928824007511138,2.663210039138794,,,,,,,,,,,,,,,
18,results/stage18_dense/no_eta_cost_only/seed_09/warm_start.history.json,DENSE,seed_09,9,last,1.818565721511841,1.818565721511841,0.23920246094465256,1.9643095302581788,,,,,,,,,,,,,,,
18,results/stage18_dense/no_eta_cost_only/seed_10/stage18_ppo.history.json,DENSE,seed_10,10,first,0.13688067511247937,-0.0030543936882168055,0.29294429160654545,0.6537074903026223,1,4,230,-95.98062206602923,0.07421081251231954,0.10644531296566129,1.4755038814619184,76,4,4,-95.98062206602923,-1.669228196144104,-0.06293521076440811,0.11872432380914688,703.4675265897249
18,results/stage18_dense/no_eta_cost_only/seed_10/stage18_ppo.history.json,DENSE,seed_10,10,last,0.09749434841796756,0.05134832265321165,0.10307832670514472,0.5393137997016311,2000,8000,225,-61.202934278141115,-0.002367988316109404,0.060546875,1.4246350196190178,79,1,3,-61.202934278141115,-1.0880521535873413,-0.07249482721090317,0.16075649857521057,225.26072383445717
18,results/stage18_dense/no_eta_cost_only/seed_10/warm_start.history.json,DENSE,seed_10,10,first,2.5148717880249025,2.5148717880249025,0.5408546185493469,2.57761887550354,,,,,,,,,,,,,,,
18,results/stage18_dense/no_eta_cost_only/seed_10/warm_start.history.json,DENSE,seed_10,10,last,1.7311698341369628,1.7311698341369628,0.4727807879447937,1.688302059173584,,,,,,,,,,,,,,,
18,results/stage18_dense/no_explicit_handover_risk/seed_01/stage18_ppo.history.json,DENSE,seed_01,1,first,0.21429655769316014,0.08087058214005083,0.27041943091899157,0.1783739123493433,1,4,226,-63.5528980757192,0.07634337386116385,0.0673828125,2.1433491595089436,77,3,3,-63.5528980757192,-1.1248301267623901,-0.05425536632537842,0.11550164222717285,429.8217995041326
18,results/stage18_dense/no_explicit_handover_risk/seed_01/stage18_ppo.history.json,DENSE,seed_01,1,last,0.08828155894298106,-0.009259303898683615,0.19968525639602117,0.23017637631190674,2000,8000,223,-17.261758560538674,0.005973213481671077,0.05947580614260265,1.3125137841062886,79,1,3,-17.261758560538674,-0.3096279501914978,-0.03659268468618393,0.20490436255931854,71.59649829290233
18,results/stage18_dense/no_explicit_handover_risk/seed_01/warm_start.history.json,DENSE,seed_01,1,first,2.44234299659729,2.44234299659729,0.3674026581645012,2.6660099601745606,,,,,,,,,,,,,,,
18,results/stage18_dense/no_explicit_handover_risk/seed_01/warm_start.history.json,DENSE,seed_01,1,last,0.24247204452753068,0.24247204452753068,0.36725674748420717,0.3655074167251587,,,,,,,,,,,,,,,
18,results/stage18_dense/no_explicit_handover_risk/seed_02/stage18_ppo.history.json,DENSE,seed_02,2,first,0.196363093535183,0.0021632136777043343,0.3909188496581919,0.12595443218903135,1,4,225,-54.58965004856564,0.009795894533453975,0.041015625,1.6643721666187048,78,2,3,-54.58965004856564,-0.9704827070236206,-0.04761258512735367,0.13359598815441132,415.4626885322182
18,results/stage18_dense/no_explicit_handover_risk/seed_02/stage18_ppo.history.json,DENSE,seed_02,2,last,0.017276962636969984,-0.04060911841224879,0.11988922176533379,0.20585292601026595,2000,8000,227,-8.131760510448323,0.007458570704329759,0.048828125,1.17282809689641,76,4,3,-8.131760510448323,-0.1432909369468689,-0.018355948850512505,0.19770607352256775,60.937361662027534
18,results/stage18_dense/no_explicit_handover_risk/seed_02/warm_start.history.json,DENSE,seed_02,2,first,2.441695384979248,2.441695384979248,0.419945205450058,2.682578001022339,,,,,,,,,,,,,,,
18,results/stage18_dense/no_explicit_handover_risk/seed_02/warm_start.history.json,DENSE,seed_02,2,last,0.21750229120254516,0.21750229120254516,0.5476891815662384,0.3669478452205658,,,,,,,,,,,,,,,
18,results/stage18_dense/no_explicit_handover_risk/seed_03/stage18_ppo.history.json,DENSE,seed_03,3,first,0.16058235372474883,-0.001439376617781818,0.327623785007745,0.17901639372576028,1,4,231,-41.66965850836993,0.02029471924470272,0.060686384327709675,1.499550721142441,75,5,3,-41.66965850836993,-0.7215526103973389,-0.04677329584956169,0.13345344364643097,237.97974896643663
18,results/stage18_dense/no_explicit_handover_risk/seed_03/stage18_ppo.history.json,DENSE,seed_03,3,last,0.07491181266959757,-0.01066129035981638,0.17485789422477996,0.18558439840248703,2000,8000,219,-14.21766205804771,0.010511584388690867,0.06039186513849667,0.7292146767888751,79,1,3,-14.21766205804771,-0.2596833109855652,-0.03234501928091049,0.19026024639606476,64.45747291672956
18,results/stage18_dense/no_explicit_handover_risk/seed_03/warm_start.history.json,DENSE,seed_03,3,first,2.3452453231811523,2.3452453231811523,0.29333933830261233,2.616310749053955,,,,,,,,,,,,,,,
18,results/stage18_dense/no_explicit_handover_risk/seed_03/warm_start.history.json,DENSE,seed_03,3,last,0.1764849430322647,0.1764849430322647,0.2732522866129875,0.33681385159492494,,,,,,,,,,,,,,,
18,results/stage18_dense/no_explicit_handover_risk/seed_04/stage18_ppo.history.json,DENSE,seed_04,4,first,0.22948879559407942,0.011220878281164914,0.43953930400311947,0.15017338877078146,1,4,227,-22.9653396538965,0.1077912490000017,0.05696614645421505,1.6571036577224731,78,2,4,-22.9653396538965,-0.40467560291290283,-0.042073607444763184,0.20576953887939453,92.5112381653359
18,results/stage18_dense/no_explicit_handover_risk/seed_04/stage18_ppo.history.json,DENSE,seed_04,4,last,0.057562681038689334,-0.025410244590602815,0.1705754674039781,0.23148108475852344,2000,8000,228,-12.838389874964712,0.006619149004109204,0.0380859375,1.0550758857280016,77,3,3,-12.838389874964712,-0.22523492574691772,-0.027971729636192322,0.1864011287689209,64.83847466753132
18,results/stage18_dense/no_explicit_handover_risk/seed_04/warm_start.history.json,DENSE,seed_04,4,first,2.4080607414245607,2.4080607414245607,0.3603963702917099,2.6460970497131346,,,,,,,,,,,,,,,
18,results/stage18_dense/no_explicit_handover_risk/seed_04/warm_start.history.json,DENSE,seed_04,4,last,0.20791921496391297,0.20791921496391297,0.3497632804512978,0.35111448407173157,,,,,,,,,,,,,,,
18,results/stage18_dense/no_explicit_handover_risk/seed_05/stage18_ppo.history.json,DENSE,seed_05,5,first,0.21630397927947342,0.03440262388903648,0.3672913364134729,0.17443125465615594,1,4,229,-37.32051766598578,0.05955914192017531,0.06523437518626451,2.0700407762778923,75,5,4,-37.32051766598578,-0.6518867611885071,-0.04328373074531555,0.13711044192314148,226.82713446472573
18,results/stage18_dense/no_explicit_handover_risk/seed_05/stage18_ppo.history.json,DENSE,seed_05,5,last,0.07718744204612449,-0.023256624932400882,0.2067597103305161,0.2935784376313677,2000,8000,227,-22.684502099413436,-0.005261140452944346,0.07649739645421505,1.6397154228761792,75,5,3,-22.684502099413436,-0.39972689747810364,-0.049820803105831146,0.20291084051132202,64.3732363862752
18,results/stage18_dense/no_explicit_handover_risk/seed_05/warm_start.history.json,DENSE,seed_05,5,first,2.3787168502807616,2.3787168502807616,0.4281361126899719,2.645209302902222,,,,,,,,,,,,,,,
18,results/stage18_dense/no_explicit_handover_risk/seed_05/warm_start.history.json,DENSE,seed_05,5,last,0.24816992104053498,0.24816992104053498,0.41185981035232544,0.34402829289436343,,,,,,,,,,,,,,,
18,results/stage18_dense/no_explicit_handover_risk/seed_06/stage18_ppo.history.json,DENSE,seed_06,6,first,0.12512136744044255,-0.04041033718385734,0.33373348182067275,0.133503696432399,1,4,227,-26.675831939880233,0.029135348823331242,0.051432291977107525,1.4714016756042838,76,4,3,-26.675831939880233,-0.4700586795806885,-0.03206716850399971,0.13315226137638092,214.87355650299983
18,results/stage18_dense/no_explicit_handover_risk/seed_06/stage18_ppo.history.json,DENSE,seed_06,6,last,0.011218804906093283,-0.04313191430992447,0.1141584984070505,0.2728527267463505,2000,8000,225,-19.634350950113916,0.0034594195894896984,0.052734375,1.2942057964392006,78,2,3,-19.634350950113916,-0.34905514121055603,-0.043682925403118134,0.21100136637687683,63.850543428771154
18,results/stage18_dense/no_explicit_handover_risk/seed_06/warm_start.history.json,DENSE,seed_06,6,first,2.3566389369964598,2.3566389369964598,0.45170735478401186,2.596491422653198,,,,,,,,,,,,,,,
18,results/stage18_dense/no_explicit_handover_risk/seed_06/warm_start.history.json,DENSE,seed_06,6,last,0.19434076964855193,0.19434076964855193,0.4721845293045044,0.3094837152957916,,,,,,,,,,,,,,,
18,results/stage18_dense/no_explicit_handover_risk/seed_07/stage18_ppo.history.json,DENSE,seed_07,7,first,0.15016567846760154,-0.027067109884228557,0.35716685419902205,0.13506370279260724,1,4,229,-40.75662284042811,0.1177740621205885,0.04628906259313226,1.574379387544468,74,6,3,-40.75662284042811,-0.7119061350822449,-0.051316507160663605,0.16036175191402435,192.45594703529227
18,results/stage18_dense/no_explicit_handover_risk/seed_07/stage18_ppo.history.json,DENSE,seed_07,7,last,0.13655406975885853,-0.042213978013023734,0.363248972047586,0.2856435759471787,2000,8000,226,-21.574191394951807,0.027953495737165213,0.0703125,1.405731757171452,77,3,3,-21.574191394951807,-0.38184410333633423,-0.048004936426877975,0.23819531500339508,63.27037661910714
18,results/stage18_dense/no_explicit_handover_risk/seed_07/warm_start.history.json,DENSE,seed_07,7,first,2.4213661766052246,2.4213661766052246,0.44819211944937704,2.6474919223785403,,,,,,,,,,,,,,,
18,results/stage18_dense/no_explicit_handover_risk/seed_07/warm_start.history.json,DENSE,seed_07,7,last,0.23435284614562987,0.23435284614562987,0.4223791868984699,0.3565886962413788,,,,,,,,,,,,,,,
18,results/stage18_dense/no_explicit_handover_risk/seed_08/stage18_ppo.history.json,DENSE,seed_08,8,first,0.2346284106772925,0.008918063582054206,0.4545095743877547,0.15444374194235674,1,4,224,-47.15257799218236,0.033791613864845464,0.05915178571428571,5.643196155982358,79,1,3,-47.15257799218236,-0.8420103192329407,-0.051869623363018036,0.16367995738983154,263.5170042110717
18,results/stage18_dense/no_explicit_handover_risk/seed_08/stage18_ppo.history.json,DENSE,seed_08,8,last,0.08742143022495188,-0.012661886933658804,0.20453570384000028,0.21845348179340363,2000,8000,224,-25.000240025032593,-0.006009012992892947,0.07254464285714286,1.4320683479309082,78,2,3,-25.000240025032593,-0.44643285870552063,-0.055847883224487305,0.21443337202072144,63.899703208983276
18,results/stage18_dense/no_explicit_handover_risk/seed_08/warm_start.history.json,DENSE,seed_08,8,first,2.404849910736084,2.404849910736084,0.48780467867851257,2.627471446990967,,,,,,,,,,,,,,,
18,results/stage18_dense/no_explicit_handover_risk/seed_08/warm_start.history.json,DENSE,seed_08,8,last,0.17602361857891083,0.17602361857891083,0.5834892439842224,0.3041356921195984,,,,,,,,,,,,,,,
18,results/stage18_dense/no_explicit_handover_risk/seed_09/stage18_ppo.history.json,DENSE,seed_09,9,first,0.1705733490442591,-0.005133362753050668,0.3542083278298378,0.13974516206820095,1,4,224,-36.02179287025898,0.052659509770040004,0.04575892857142857,1.5237676985561848,77,3,3,-36.02179287025898,-0.6432462930679321,-0.05403316020965576,0.17070408165454865,141.72089385205766
18,results/stage18_dense/no_explicit_handover_risk/seed_09/stage18_ppo.history.json,DENSE,seed_09,9,last,0.006036999897332862,-0.0792868915013969,0.17573457927210256,0.2543402598239493,2000,8000,225,-20.10105973798705,0.0062850614776834846,0.0458984375,1.4569531111046672,78,2,3,-20.10105973798705,-0.3573521673679352,-0.04483824968338013,0.21156910061836243,63.51781635485435
18,results/stage18_dense/no_explicit_handover_risk/seed_09/warm_start.history.json,DENSE,seed_09,9,first,2.3365768432617187,2.3365768432617187,0.2139873604476452,2.6096251106262205,,,,,,,,,,,,,,,
18,results/stage18_dense/no_explicit_handover_risk/seed_09/warm_start.history.json,DENSE,seed_09,9,last,0.20578739017248154,0.20578739017248154,0.22342374071478843,0.3420871514081955,,,,,,,,,,,,,,,
18,results/stage18_dense/no_explicit_handover_risk/seed_10/stage18_ppo.history.json,DENSE,seed_10,10,first,0.14823763810896448,-0.004308457885469709,0.3076254885111536,0.12666485831141472,1,4,224,-30.149677013116726,0.008803161925503187,0.04017857142857143,1.3819835356303625,75,5,3,-30.149677013116726,-0.53838711977005,-0.048570506274700165,0.1710253655910492,122.86948659693806
18,results/stage18_dense/no_explicit_handover_risk/seed_10/stage18_ppo.history.json,DENSE,seed_10,10,last,0.15674214606406167,0.009957091882824898,0.2981508928351104,0.22903916821815073,2000,8000,226,-16.601606936785817,-0.01939053368550958,0.060546875,1.6441167620941997,80,0,3,-16.601606936785817,-0.29383376240730286,-0.03643641248345375,0.2131231278181076,65.03274079507051
18,results/stage18_dense/no_explicit_handover_risk/seed_10/warm_start.history.json,DENSE,seed_10,10,first,2.2909357929229737,2.2909357929229737,0.4739959454536438,2.5359127807617186,,,,,,,,,,,,,,,
18,results/stage18_dense/no_explicit_handover_risk/seed_10/warm_start.history.json,DENSE,seed_10,10,last,0.2105381405353546,0.2105381405353546,0.41700161784887313,0.35230733633041383,,,,,,,,,,,,,,,
18,results/stage18_dense/no_explicit_queue_resource/seed_01/stage18_ppo.history.json,DENSE,seed_01,1,first,0.1483962380734738,0.003809323359746486,0.29262907782685943,0.17276227939873934,1,4,225,-64.30892315413034,0.053029093745863065,0.064453125,1.7615778683684766,77,3,4,-64.30892315413034,-1.1432698965072632,-0.054644498974084854,0.11651282757520676,437.72818438876743
18,results/stage18_dense/no_explicit_queue_resource/seed_01/stage18_ppo.history.json,DENSE,seed_01,1,last,0.09168168410542421,0.000668246706482023,0.18935677548870444,0.36649509612470865,2000,8000,226,-14.368858183394144,0.014259355724789202,0.048828125,1.2438732869923115,79,1,3,-14.368858183394144,-0.2543160915374756,-0.03016887605190277,0.18145926296710968,71.0606784890732
18,results/stage18_dense/no_explicit_queue_resource/seed_01/warm_start.history.json,DENSE,seed_01,1,first,2.4357430362701415,2.4357430362701415,0.3244761562347412,2.6614481449127196,,,,,,,,,,,,,,,
18,results/stage18_dense/no_explicit_queue_resource/seed_01/warm_start.history.json,DENSE,seed_01,1,last,0.32109457075595854,0.32109457075595854,0.3205283174663782,0.45260733366012573,,,,,,,,,,,,,,,
18,results/stage18_dense/no_explicit_queue_resource/seed_02/stage18_ppo.history.json,DENSE,seed_02,2,first,0.2065475181734655,-0.0010268484974013908,0.4182094521820545,0.15303610810743912,1,4,224,-54.6563866858329,0.04023867110455675,0.06696428571428571,1.9128112558807646,78,2,3,-54.6563866858329,-0.9760069251060486,-0.047785792499780655,0.13357581198215485,417.16529651652985
18,results/stage18_dense/no_explicit_queue_resource/seed_02/stage18_ppo.history.json,DENSE,seed_02,2,last,0.009446051568374969,-0.02479385689366609,0.07664659101283178,0.40833864896558225,2000,8000,227,-17.912308824133284,0.014419953455217183,0.0419921875,1.1388419596478343,76,4,3,-17.912308824133284,-0.31563541293144226,-0.03937869891524315,0.20290254056453705,64.24637108872989
18,results/stage18_dense/no_explicit_queue_resource/seed_02/warm_start.history.json,DENSE,seed_02,2,first,2.4426809406280516,2.4426809406280516,0.5151465320587159,2.6666690254211427,,,,,,,,,,,,,,,
18,results/stage18_dense/no_explicit_queue_resource/seed_02/warm_start.history.json,DENSE,seed_02,2,last,0.20016705632209777,0.20016705632209777,0.6526872420310974,0.34219563961029054,,,,,,,,,,,,,,,
18,results/stage18_dense/no_explicit_queue_resource/seed_03/stage18_ppo.history.json,DENSE,seed_03,3,first,0.15181859736912884,0.005053929053246975,0.29663173761218786,0.1551200767280534,1,4,231,-48.97589510888773,0.05723387324724172,0.08914620615541935,2.52811099588871,75,5,3,-48.97589510888773,-0.8480674624443054,-0.04839305207133293,0.11957874894142151,307.1106697020264
18,results/stage18_dense/no_explicit_queue_resource/seed_03/stage18_ppo.history.json,DENSE,seed_03,3,last,0.03217648009636572,-0.011903948150575161,0.09539837004350764,0.3618755452334881,2000,8000,224,-15.459466968054759,0.013826946062701089,0.06584821428571429,0.849264031542199,78,2,3,-15.459466968054759,-0.27606192231178284,-0.03258518502116203,0.1730479896068573,71.77492202717556
18,results/stage18_dense/no_explicit_queue_resource/seed_03/warm_start.history.json,DENSE,seed_03,3,first,2.3647332286834715,2.3647332286834715,0.3002099877595901,2.621642789840698,,,,,,,,,,,,,,,
18,results/stage18_dense/no_explicit_queue_resource/seed_03/warm_start.history.json,DENSE,seed_03,3,last,0.17177131414413452,0.17177131414413452,0.30267141103744505,0.3317148780822754,,,,,,,,,,,,,,,
18,results/stage18_dense/no_explicit_queue_resource/seed_04/stage18_ppo.history.json,DENSE,seed_04,4,first,0.2106986109574791,0.0028804802568629384,0.41821296280249953,0.12883539900329838,1,4,226,-27.576586836655977,0.0832194606482517,0.0654296875,2.740013175178319,78,2,4,-27.576586836655977,-0.4880811870098114,-0.04086686298251152,0.17164134979248047,142.64004330669948
18,results/stage18_dense/no_explicit_queue_resource/seed_04/stage18_ppo.history.json,DENSE,seed_04,4,last,0.055186848172784915,-0.007391363132878074,0.13183208661420004,0.333783040621451,2000,8000,223,-11.574667918930036,-0.0036477494618988465,0.03254608277763639,1.0669975360589368,78,2,3,-11.574667918930036,-0.2076173573732376,-0.02443462423980236,0.17171712219715118,72.1964752675115
18,results/stage18_dense/no_explicit_queue_resource/seed_04/warm_start.history.json,DENSE,seed_04,4,first,2.4194212055206297,2.4194212055206297,0.36801300644874574,2.646676712036133,,,,,,,,,,,,,,,
18,results/stage18_dense/no_explicit_queue_resource/seed_04/warm_start.history.json,DENSE,seed_04,4,last,0.25640969812870024,0.25640969812870024,0.3459942176938057,0.3303993546962738,,,,,,,,,,,,,,,
18,results/stage18_dense/no_explicit_queue_resource/seed_05/stage18_ppo.history.json,DENSE,seed_05,5,first,0.2286314150551334,0.04350181168410927,0.3733279686421156,0.1534383044236165,1,4,229,-37.18096209193772,0.026903500518528745,0.05800781259313226,2.2460219534114003,75,5,4,-37.18096209193772,-0.6494491100311279,-0.04319186881184578,0.1370420604944229,226.0925373268302
18,results/stage18_dense/no_explicit_queue_resource/seed_05/stage18_ppo.history.json,DENSE,seed_05,5,last,-0.038848500698804855,-0.09512807242572308,0.12094267082284205,0.4191765203140676,2000,8000,225,-21.471285721888798,0.013925926759839058,0.05859375,1.3049597349017859,75,5,3,-21.471285721888798,-0.3817117512226105,-0.037038709968328476,0.16264507174491882,106.20852445844406
18,results/stage18_dense/no_explicit_queue_resource/seed_05/warm_start.history.json,DENSE,seed_05,5,first,2.3828347396850584,2.3828347396850584,0.4350807976722717,2.6411342811584473,,,,,,,,,,,,,,,
18,results/stage18_dense/no_explicit_queue_resource/seed_05/warm_start.history.json,DENSE,seed_05,5,last,0.19089035630226137,0.19089035630226137,0.596624674797058,0.3302919352054596,,,,,,,,,,,,,,,
18,results/stage18_dense/no_explicit_queue_resource/seed_06/stage18_ppo.history.json,DENSE,seed_06,6,first,0.14111875902744941,-0.026108479971298948,0.33749482478015125,0.15201726007560978,1,4,227,-26.991700539029633,0.010551693771638782,0.0390625,1.9610908071044832,76,4,3,-26.991700539029633,-0.475624680519104,-0.03236726298928261,0.13427820801734924,215.9318759338305
18,results/stage18_dense/no_explicit_queue_resource/seed_06/stage18_ppo.history.json,DENSE,seed_06,6,last,-0.012587041361257434,-0.09684689447749406,0.1744062874931842,0.2943289433605969,2000,8000,225,-20.575116295079283,-0.0005887227598577738,0.0634765625,2.1110827047377825,79,1,3,-20.575116295079283,-0.365779846906662,-0.0431264229118824,0.18967002630233765,71.93704524095472
18,results/stage18_dense/no_explicit_queue_resource/seed_06/warm_start.history.json,DENSE,seed_06,6,first,2.36468186378479,2.36468186378479,0.5153453183174134,2.5928156852722166,,,,,,,,,,,,,,,
18,results/stage18_dense/no_explicit_queue_resource/seed_06/warm_start.history.json,DENSE,seed_06,6,last,0.19467048346996307,0.19467048346996307,0.6793504500389099,0.31562498211860657,,,,,,,,,,,,,,,
18,results/stage18_dense/no_explicit_queue_resource/seed_07/stage18_ppo.history.json,DENSE,seed_07,7,first,0.1397607911421801,-0.024779885192401707,0.33171571453567594,0.13171826012769472,1,4,229,-40.22825821052019,0.03475922573707069,0.028710937593132257,1.7831470328383148,74,6,3,-40.22825821052019,-0.7026770114898682,-0.05174928903579712,0.16027599573135376,184.3753318056522
18,results/stage18_dense/no_explicit_queue_resource/seed_07/stage18_ppo.history.json,DENSE,seed_07,7,last,0.06770435278303921,-0.138712732703425,0.4190973514705547,0.31315910816502635,2000,8000,225,-23.571763570716254,0.009757842868566513,0.048828125,2.107843699865043,78,2,3,-23.571763570716254,-0.4190536141395569,-0.04710812121629715,0.19988186657428741,79.13116032681944
18,results/stage18_dense/no_explicit_queue_resource/seed_07/warm_start.history.json,DENSE,seed_07,7,first,2.408522891998291,2.408522891998291,0.481331552118063,2.649833583831787,,,,,,,,,,,,,,,
18,results/stage18_dense/no_explicit_queue_resource/seed_07/warm_start.history.json,DENSE,seed_07,7,last,0.23924706101417542,0.23924706101417542,0.49322638660669327,0.3189191675186157,,,,,,,,,,,,,,,
18,results/stage18_dense/no_explicit_queue_resource/seed_08/stage18_ppo.history.json,DENSE,seed_08,8,first,0.20734857874257223,0.004306430263178689,0.40943520782249315,0.16754604762952244,1,4,224,-48.66787982354944,0.02821803861297667,0.060267857142857144,2.248293719121388,79,1,3,-48.66787982354944,-0.8690692186355591,-0.053333308547735214,0.15509992837905884,265.5288756942484
18,results/stage18_dense/no_explicit_queue_resource/seed_08/stage18_ppo.history.json,DENSE,seed_08,8,last,0.05104856682009995,-0.015359953162260354,0.14083805005066097,0.40105055505409837,2000,8000,230,-23.110628905913725,0.022368526144418865,0.07421875046566129,1.1477055046707392,78,2,3,-23.110628905913725,-0.4019240140914917,-0.04833569750189781,0.19574816524982452,69.1435770820304
18,results/stage18_dense/no_explicit_queue_resource/seed_08/warm_start.history.json,DENSE,seed_08,8,first,2.3981528759002684,2.3981528759002684,0.41871925711631774,2.607696418762207,,,,,,,,,,,,,,,
18,results/stage18_dense/no_explicit_queue_resource/seed_08/warm_start.history.json,DENSE,seed_08,8,last,0.15960721611976625,0.15960721611976625,0.4639089584350586,0.2848054003715515,,,,,,,,,,,,,,,
18,results/stage18_dense/no_explicit_queue_resource/seed_09/stage18_ppo.history.json,DENSE,seed_09,9,first,0.16411628600742137,-0.005992374382913113,0.34315540375454084,0.14690383956102387,1,4,224,-36.02179287025898,0.06316479747848851,0.03794642857142857,1.413580272346735,77,3,3,-36.02179287025898,-0.6432462930679321,-0.05403316020965576,0.17070408165454865,141.72089385205766
18,results/stage18_dense/no_explicit_queue_resource/seed_09/stage18_ppo.history.json,DENSE,seed_09,9,last,0.10485737008275464,-0.0033249910338781774,0.2248356481140945,0.4235465874808142,2000,8000,225,-18.246676918936465,-0.011307384818792343,0.0791015625,1.3679369986057281,78,2,3,-18.246676918936465,-0.3243853449821472,-0.0374220609664917,0.20118825137615204,75.13929755244855
18,results/stage18_dense/no_explicit_queue_resource/seed_09/warm_start.history.json,DENSE,seed_09,9,first,2.3373323917388915,2.3373323917388915,0.23131011292338371,2.6030834102630616,,,,,,,,,,,,,,,
18,results/stage18_dense/no_explicit_queue_resource/seed_09/warm_start.history.json,DENSE,seed_09,9,last,0.2289014846086502,0.2289014846086502,0.25571853637695313,0.3586652046442032,,,,,,,,,,,,,,,
18,results/stage18_dense/no_explicit_queue_resource/seed_10/stage18_ppo.history.json,DENSE,seed_10,10,first,0.13784855158467377,-0.0037880795342581613,0.28567510364311083,0.12009206527311887,1,4,223,-30.50876325021947,0.07162408855011952,0.039206509079251974,1.6252456988607134,75,5,3,-30.50876325021947,-0.5472424030303955,-0.049665872007608414,0.16765518486499786,121.40688266173059
18,results/stage18_dense/no_explicit_queue_resource/seed_10/stage18_ppo.history.json,DENSE,seed_10,10,last,0.10014886572025716,-0.005462039902340621,0.21856344758998603,0.3670820076513337,2000,8000,226,-22.647183376598456,0.011186106479726732,0.064453125,1.3934870697557926,80,0,3,-22.647183376598456,-0.4008350968360901,-0.04690839722752571,0.2033209204673767,73.01806291583668
18,results/stage18_dense/no_explicit_queue_resource/seed_10/warm_start.history.json,DENSE,seed_10,10,first,2.2998839473724364,2.2998839473724364,0.5344667649269104,2.5390467262268066,,,,,,,,,,,,,,,
18,results/stage18_dense/no_explicit_queue_resource/seed_10/warm_start.history.json,DENSE,seed_10,10,last,0.21831762790679932,0.21831762790679932,0.6707023715972901,0.35835066318511966,,,,,,,,,,,,,,,
18,results/stage18_dense/no_handover_cues/seed_01/stage18_ppo.history.json,DENSE,seed_01,1,first,0.21429655769316014,0.08087058214005083,0.27041943091899157,0.1783739123493433,1,4,226,-63.5528980757192,0.07634337386116385,0.0673828125,2.1433491595089436,77,3,3,-63.5528980757192,-1.1248301267623901,-0.05425536632537842,0.11550164222717285,429.8217995041326
18,results/stage18_dense/no_handover_cues/seed_01/stage18_ppo.history.json,DENSE,seed_01,1,last,0.08828155894298106,-0.009259303898683615,0.19968525639602117,0.23017637631190674,2000,8000,223,-17.261758560538674,0.005973213481671077,0.05947580614260265,1.3125137841062886,79,1,3,-17.261758560538674,-0.3096279501914978,-0.03659268468618393,0.20490436255931854,71.59649829290233
18,results/stage18_dense/no_handover_cues/seed_01/warm_start.history.json,DENSE,seed_01,1,first,2.44234299659729,2.44234299659729,0.3674026581645012,2.6660099601745606,,,,,,,,,,,,,,,
18,results/stage18_dense/no_handover_cues/seed_01/warm_start.history.json,DENSE,seed_01,1,last,0.24247204452753068,0.24247204452753068,0.36725674748420717,0.3655074167251587,,,,,,,,,,,,,,,
18,results/stage18_dense/no_handover_cues/seed_02/stage18_ppo.history.json,DENSE,seed_02,2,first,0.196363093535183,0.0021632136777043343,0.3909188496581919,0.12595443218903135,1,4,225,-54.58965004856564,0.009795894533453975,0.041015625,1.6643721666187048,78,2,3,-54.58965004856564,-0.9704827070236206,-0.04761258512735367,0.13359598815441132,415.4626885322182
18,results/stage18_dense/no_handover_cues/seed_02/stage18_ppo.history.json,DENSE,seed_02,2,last,0.017276962636969984,-0.04060911841224879,0.11988922176533379,0.20585292601026595,2000,8000,227,-8.131760510448323,0.007458570704329759,0.048828125,1.17282809689641,76,4,3,-8.131760510448323,-0.1432909369468689,-0.018355948850512505,0.19770607352256775,60.937361662027534
18,results/stage18_dense/no_handover_cues/seed_02/warm_start.history.json,DENSE,seed_02,2,first,2.441695384979248,2.441695384979248,0.419945205450058,2.682578001022339,,,,,,,,,,,,,,,
18,results/stage18_dense/no_handover_cues/seed_02/warm_start.history.json,DENSE,seed_02,2,last,0.21750229120254516,0.21750229120254516,0.5476891815662384,0.3669478452205658,,,,,,,,,,,,,,,
18,results/stage18_dense/no_handover_cues/seed_03/stage18_ppo.history.json,DENSE,seed_03,3,first,0.16058235372474883,-0.001439376617781818,0.327623785007745,0.17901639372576028,1,4,231,-41.66965850836993,0.02029471924470272,0.060686384327709675,1.499550721142441,75,5,3,-41.66965850836993,-0.7215526103973389,-0.04677329584956169,0.13345344364643097,237.97974896643663
18,results/stage18_dense/no_handover_cues/seed_03/stage18_ppo.history.json,DENSE,seed_03,3,last,0.07491181266959757,-0.01066129035981638,0.17485789422477996,0.18558439840248703,2000,8000,219,-14.21766205804771,0.010511584388690867,0.06039186513849667,0.7292146767888751,79,1,3,-14.21766205804771,-0.2596833109855652,-0.03234501928091049,0.19026024639606476,64.45747291672956
18,results/stage18_dense/no_handover_cues/seed_03/warm_start.history.json,DENSE,seed_03,3,first,2.3452453231811523,2.3452453231811523,0.29333933830261233,2.616310749053955,,,,,,,,,,,,,,,
18,results/stage18_dense/no_handover_cues/seed_03/warm_start.history.json,DENSE,seed_03,3,last,0.1764849430322647,0.1764849430322647,0.2732522866129875,0.33681385159492494,,,,,,,,,,,,,,,
18,results/stage18_dense/no_handover_cues/seed_04/stage18_ppo.history.json,DENSE,seed_04,4,first,0.22948879559407942,0.011220878281164914,0.43953930400311947,0.15017338877078146,1,4,227,-22.9653396538965,0.1077912490000017,0.05696614645421505,1.6571036577224731,78,2,4,-22.9653396538965,-0.40467560291290283,-0.042073607444763184,0.20576953887939453,92.5112381653359
18,results/stage18_dense/no_handover_cues/seed_04/stage18_ppo.history.json,DENSE,seed_04,4,last,0.057562681038689334,-0.025410244590602815,0.1705754674039781,0.23148108475852344,2000,8000,228,-12.838389874964712,0.006619149004109204,0.0380859375,1.0550758857280016,77,3,3,-12.838389874964712,-0.22523492574691772,-0.027971729636192322,0.1864011287689209,64.83847466753132
18,results/stage18_dense/no_handover_cues/seed_04/warm_start.history.json,DENSE,seed_04,4,first,2.4080607414245607,2.4080607414245607,0.3603963702917099,2.6460970497131346,,,,,,,,,,,,,,,
18,results/stage18_dense/no_handover_cues/seed_04/warm_start.history.json,DENSE,seed_04,4,last,0.20791921496391297,0.20791921496391297,0.3497632804512978,0.35111448407173157,,,,,,,,,,,,,,,
18,results/stage18_dense/no_handover_cues/seed_05/stage18_ppo.history.json,DENSE,seed_05,5,first,0.21630397927947342,0.03440262388903648,0.3672913364134729,0.17443125465615594,1,4,229,-37.32051766598578,0.05955914192017531,0.06523437518626451,2.0700407762778923,75,5,4,-37.32051766598578,-0.6518867611885071,-0.04328373074531555,0.13711044192314148,226.82713446472573
18,results/stage18_dense/no_handover_cues/seed_05/stage18_ppo.history.json,DENSE,seed_05,5,last,0.07718744204612449,-0.023256624932400882,0.2067597103305161,0.2935784376313677,2000,8000,227,-22.684502099413436,-0.005261140452944346,0.07649739645421505,1.6397154228761792,75,5,3,-22.684502099413436,-0.39972689747810364,-0.049820803105831146,0.20291084051132202,64.3732363862752
18,results/stage18_dense/no_handover_cues/seed_05/warm_start.history.json,DENSE,seed_05,5,first,2.3787168502807616,2.3787168502807616,0.4281361126899719,2.645209302902222,,,,,,,,,,,,,,,
18,results/stage18_dense/no_handover_cues/seed_05/warm_start.history.json,DENSE,seed_05,5,last,0.24816992104053498,0.24816992104053498,0.41185981035232544,0.34402829289436343,,,,,,,,,,,,,,,
18,results/stage18_dense/no_handover_cues/seed_06/stage18_ppo.history.json,DENSE,seed_06,6,first,0.12512136744044255,-0.04041033718385734,0.33373348182067275,0.133503696432399,1,4,227,-26.675831939880233,0.029135348823331242,0.051432291977107525,1.4714016756042838,76,4,3,-26.675831939880233,-0.4700586795806885,-0.03206716850399971,0.13315226137638092,214.87355650299983
18,results/stage18_dense/no_handover_cues/seed_06/stage18_ppo.history.json,DENSE,seed_06,6,last,0.011218804906093283,-0.04313191430992447,0.1141584984070505,0.2728527267463505,2000,8000,225,-19.634350950113916,0.0034594195894896984,0.052734375,1.2942057964392006,78,2,3,-19.634350950113916,-0.34905514121055603,-0.043682925403118134,0.21100136637687683,63.850543428771154
18,results/stage18_dense/no_handover_cues/seed_06/warm_start.history.json,DENSE,seed_06,6,first,2.3566389369964598,2.3566389369964598,0.45170735478401186,2.596491422653198,,,,,,,,,,,,,,,
18,results/stage18_dense/no_handover_cues/seed_06/warm_start.history.json,DENSE,seed_06,6,last,0.19434076964855193,0.19434076964855193,0.4721845293045044,0.3094837152957916,,,,,,,,,,,,,,,
18,results/stage18_dense/no_handover_cues/seed_07/stage18_ppo.history.json,DENSE,seed_07,7,first,0.15016567846760154,-0.027067109884228557,0.35716685419902205,0.13506370279260724,1,4,229,-40.75662284042811,0.1177740621205885,0.04628906259313226,1.574379387544468,74,6,3,-40.75662284042811,-0.7119061350822449,-0.051316507160663605,0.16036175191402435,192.45594703529227
18,results/stage18_dense/no_handover_cues/seed_07/stage18_ppo.history.json,DENSE,seed_07,7,last,0.13655406975885853,-0.042213978013023734,0.363248972047586,0.2856435759471787,2000,8000,226,-21.574191394951807,0.027953495737165213,0.0703125,1.405731757171452,77,3,3,-21.574191394951807,-0.38184410333633423,-0.048004936426877975,0.23819531500339508,63.27037661910714
18,results/stage18_dense/no_handover_cues/seed_07/warm_start.history.json,DENSE,seed_07,7,first,2.4213661766052246,2.4213661766052246,0.44819211944937704,2.6474919223785403,,,,,,,,,,,,,,,
18,results/stage18_dense/no_handover_cues/seed_07/warm_start.history.json,DENSE,seed_07,7,last,0.23435284614562987,0.23435284614562987,0.4223791868984699,0.3565886962413788,,,,,,,,,,,,,,,
18,results/stage18_dense/no_handover_cues/seed_08/stage18_ppo.history.json,DENSE,seed_08,8,first,0.2346284106772925,0.008918063582054206,0.4545095743877547,0.15444374194235674,1,4,224,-47.15257799218236,0.033791613864845464,0.05915178571428571,5.643196155982358,79,1,3,-47.15257799218236,-0.8420103192329407,-0.051869623363018036,0.16367995738983154,263.5170042110717
18,results/stage18_dense/no_handover_cues/seed_08/stage18_ppo.history.json,DENSE,seed_08,8,last,0.08742143022495188,-0.012661886933658804,0.20453570384000028,0.21845348179340363,2000,8000,224,-25.000240025032593,-0.006009012992892947,0.07254464285714286,1.4320683479309082,78,2,3,-25.000240025032593,-0.44643285870552063,-0.055847883224487305,0.21443337202072144,63.899703208983276
18,results/stage18_dense/no_handover_cues/seed_08/warm_start.history.json,DENSE,seed_08,8,first,2.404849910736084,2.404849910736084,0.48780467867851257,2.627471446990967,,,,,,,,,,,,,,,
18,results/stage18_dense/no_handover_cues/seed_08/warm_start.history.json,DENSE,seed_08,8,last,0.17602361857891083,0.17602361857891083,0.5834892439842224,0.3041356921195984,,,,,,,,,,,,,,,
18,results/stage18_dense/no_handover_cues/seed_09/stage18_ppo.history.json,DENSE,seed_09,9,first,0.1705733490442591,-0.005133362753050668,0.3542083278298378,0.13974516206820095,1,4,224,-36.02179287025898,0.052659509770040004,0.04575892857142857,1.5237676985561848,77,3,3,-36.02179287025898,-0.6432462930679321,-0.05403316020965576,0.17070408165454865,141.72089385205766
18,results/stage18_dense/no_handover_cues/seed_09/stage18_ppo.history.json,DENSE,seed_09,9,last,0.006036999897332862,-0.0792868915013969,0.17573457927210256,0.2543402598239493,2000,8000,225,-20.10105973798705,0.0062850614776834846,0.0458984375,1.4569531111046672,78,2,3,-20.10105973798705,-0.3573521673679352,-0.04483824968338013,0.21156910061836243,63.51781635485435
18,results/stage18_dense/no_handover_cues/seed_09/warm_start.history.json,DENSE,seed_09,9,first,2.3365768432617187,2.3365768432617187,0.2139873604476452,2.6096251106262205,,,,,,,,,,,,,,,
18,results/stage18_dense/no_handover_cues/seed_09/warm_start.history.json,DENSE,seed_09,9,last,0.20578739017248154,0.20578739017248154,0.22342374071478843,0.3420871514081955,,,,,,,,,,,,,,,
18,results/stage18_dense/no_handover_cues/seed_10/stage18_ppo.history.json,DENSE,seed_10,10,first,0.14823763810896448,-0.004308457885469709,0.3076254885111536,0.12666485831141472,1,4,224,-30.149677013116726,0.008803161925503187,0.04017857142857143,1.3819835356303625,75,5,3,-30.149677013116726,-0.53838711977005,-0.048570506274700165,0.1710253655910492,122.86948659693806
18,results/stage18_dense/no_handover_cues/seed_10/stage18_ppo.history.json,DENSE,seed_10,10,last,0.15674214606406167,0.009957091882824898,0.2981508928351104,0.22903916821815073,2000,8000,226,-16.601606936785817,-0.01939053368550958,0.060546875,1.6441167620941997,80,0,3,-16.601606936785817,-0.29383376240730286,-0.03643641248345375,0.2131231278181076,65.03274079507051
18,results/stage18_dense/no_handover_cues/seed_10/warm_start.history.json,DENSE,seed_10,10,first,2.2909357929229737,2.2909357929229737,0.4739959454536438,2.5359127807617186,,,,,,,,,,,,,,,
18,results/stage18_dense/no_handover_cues/seed_10/warm_start.history.json,DENSE,seed_10,10,last,0.2105381405353546,0.2105381405353546,0.41700161784887313,0.35230733633041383,,,,,,,,,,,,,,,
18,results/stage18_dense/no_history_only/seed_01/stage18_ppo.history.json,DENSE,seed_01,1,first,0.1295583361165232,-0.009727129779223884,0.28161304124764036,0.15210542495229415,1,4,224,-63.56717707149995,0.21684760201190198,0.0625,1.758798393287829,77,3,3,-63.56717707149995,-1.1351282596588135,-0.054576873779296875,0.11531171202659607,432.5860069668495
18,results/stage18_dense/no_history_only/seed_01/stage18_ppo.history.json,DENSE,seed_01,1,last,0.1138104825679745,-0.006336660257407597,0.2461072195853506,0.29064648864524706,2000,8000,223,-18.273390226058286,0.014216385324419076,0.051447292523724694,0.9774445572069713,79,1,3,-18.273390226058286,-0.3277738094329834,-0.0391470342874527,0.2099122256040573,70.10530270172764
18,results/stage18_dense/no_history_only/seed_01/warm_start.history.json,DENSE,seed_01,1,first,2.4356764793395995,2.4356764793395995,0.3419870172441006,2.660978202819824,,,,,,,,,,,,,,,
18,results/stage18_dense/no_history_only/seed_01/warm_start.history.json,DENSE,seed_01,1,last,0.3058286422491074,0.3058286422491074,0.3723645702004433,0.4152837586402893,,,,,,,,,,,,,,,
18,results/stage18_dense/no_history_only/seed_02/stage18_ppo.history.json,DENSE,seed_02,2,first,0.20098510044044815,0.005406758049502969,0.39366488944142475,0.12541027760073167,1,4,225,-54.58965004856564,0.013240235595731065,0.0439453125,1.9136829981580377,78,2,3,-54.58965004856564,-0.9704827070236206,-0.04761258512735367,0.13359598815441132,415.4626885322182
18,results/stage18_dense/no_history_only/seed_02/stage18_ppo.history.json,DENSE,seed_02,2,last,0.03177723292901646,-0.0353318986017257,0.14132155192783102,0.35516382451169193,2000,8000,226,-12.386254999946107,-0.009898188232909888,0.0849609375,1.6458146572113037,76,4,3,-12.386254999946107,-0.21922576427459717,-0.0276071447879076,0.20532087981700897,63.05799799198061
18,results/stage18_dense/no_history_only/seed_02/warm_start.history.json,DENSE,seed_02,2,first,2.4413422966003417,2.4413422966003417,0.45239250659942626,2.665916700363159,,,,,,,,,,,,,,,
18,results/stage18_dense/no_history_only/seed_02/warm_start.history.json,DENSE,seed_02,2,last,0.20844813883304597,0.20844813883304597,0.49298004984855653,0.33912551641464234,,,,,,,,,,,,,,,
18,results/stage18_dense/no_history_only/seed_03/stage18_ppo.history.json,DENSE,seed_03,3,first,0.14848357188748196,0.001631977123906836,0.29771944554522634,0.20081270595255774,1,4,231,-48.97589510888773,0.06454064186436881,0.09109933115541935,1.8815371105447412,75,5,3,-48.97589510888773,-0.8480674624443054,-0.04839305207133293,0.11957874894142151,307.1106697020264
18,results/stage18_dense/no_history_only/seed_03/stage18_ppo.history.json,DENSE,seed_03,3,last,0.08214821462752298,0.020980103232432157,0.12502635776763782,0.13450681185349822,2000,8000,225,-15.254592051134637,0.014903581177350134,0.0673828125,1.237285572104156,79,1,3,-15.254592051134637,-0.2711927592754364,-0.03270317614078522,0.18209759891033173,68.76640798518402
18,results/stage18_dense/no_history_only/seed_03/warm_start.history.json,DENSE,seed_03,3,first,2.3600545597076414,2.3600545597076414,0.3026957428455353,2.6192141914367677,,,,,,,,,,,,,,,
18,results/stage18_dense/no_history_only/seed_03/warm_start.history.json,DENSE,seed_03,3,last,0.17703280627727508,0.17703280627727508,0.2814577341079712,0.3304788339138031,,,,,,,,,,,,,,,
18,results/stage18_dense/no_history_only/seed_04/stage18_ppo.history.json,DENSE,seed_04,4,first,0.23871955237700604,0.04786696285009384,0.3852372992550954,0.1766062737389968,1,4,226,-25.12598115739268,0.054323989839758724,0.0966796875,2.6777948602102697,78,2,4,-25.12598115739268,-0.4447076618671417,-0.04317886382341385,0.18736335635185242,106.07347391127178
18,results/stage18_dense/no_history_only/seed_04/stage18_ppo.history.json,DENSE,seed_04,4,last,0.06740458918336246,-0.004228550408567701,0.14957556261547975,0.31546420737036635,2000,8000,224,-15.700809104432983,0.00827105702566249,0.03571428571428571,0.8184347887124334,78,2,3,-15.700809104432983,-0.2803715765476227,-0.032328009605407715,0.17787770926952362,75.21596941185044
18,results/stage18_dense/no_history_only/seed_04/warm_start.history.json,DENSE,seed_04,4,first,2.4148750495910645,2.4148750495910645,0.38856380999088286,2.6450944137573242,,,,,,,,,,,,,,,
18,results/stage18_dense/no_history_only/seed_04/warm_start.history.json,DENSE,seed_04,4,last,0.1930340713262558,0.1930340713262558,0.3453733018040657,0.3419169980287552,,,,,,,,,,,,,,,
18,results/stage18_dense/no_history_only/seed_05/stage18_ppo.history.json,DENSE,seed_05,5,first,0.21904913475736976,0.05401947005884722,0.3352057496085763,0.2573214831063524,1,4,229,-37.85546218779464,0.11504302409593947,0.13046875037252903,1.4519714964553714,75,5,4,-37.85546218779464,-0.661230742931366,-0.043413735926151276,0.13769184052944183,231.98061819641438
18,results/stage18_dense/no_history_only/seed_05/stage18_ppo.history.json,DENSE,seed_05,5,last,0.07378950791566499,-0.008322537477527345,0.16913984582892486,0.24578780361584254,2000,8000,224,-20.953984921844057,0.011012784404946225,0.060267857142857144,0.9337579309940338,75,5,3,-20.953984921844057,-0.37417832016944885,-0.041318826377391815,0.18518514931201935,82.00895273141934
18,results/stage18_dense/no_history_only/seed_05/warm_start.history.json,DENSE,seed_05,5,first,2.379862470626831,2.379862470626831,0.39244332671165466,2.637327861785889,,,,,,,,,,,,,,,
18,results/stage18_dense/no_history_only/seed_05/warm_start.history.json,DENSE,seed_05,5,last,0.20206206738948823,0.20206206738948823,0.36821452975273133,0.32101443767547605,,,,,,,,,,,,,,,
18,results/stage18_dense/no_history_only/seed_06/stage18_ppo.history.json,DENSE,seed_06,6,first,0.13715999701526016,-0.03199099318590015,0.34250208106823266,0.21000495603948366,1,4,227,-26.972560793728224,0.07548445999645992,0.08365885447710752,1.6256609847769141,76,4,3,-26.972560793728224,-0.47528740763664246,-0.032300304621458054,0.1337394416332245,216.52069017855052
18,results/stage18_dense/no_history_only/seed_06/stage18_ppo.history.json,DENSE,seed_06,6,last,0.0983616167546383,-0.004080909836505141,0.20993702033800737,0.2525982987135649,2000,8000,223,-18.486596541446104,0.014376372905514603,0.03701036849192211,1.0398065043347222,78,2,3,-18.486596541446104,-0.331598162651062,-0.04226313531398773,0.2128019481897354,61.56031042356774
18,results/stage18_dense/no_history_only/seed_06/warm_start.history.json,DENSE,seed_06,6,first,2.366689529418945,2.366689529418945,0.5853594064712524,2.5933558750152588,,,,,,,,,,,,,,,
18,results/stage18_dense/no_history_only/seed_06/warm_start.history.json,DENSE,seed_06,6,last,0.19220505118370057,0.19220505118370057,0.86454665184021,0.36617536067962647,,,,,,,,,,,,,,,
18,results/stage18_dense/no_history_only/seed_07/stage18_ppo.history.json,DENSE,seed_07,7,first,0.14097042207140476,-0.026723006449174136,0.3378511732444167,0.12321573253421494,1,4,229,-40.63550789739,0.03835894655785532,0.02734375,1.3959180548554286,74,6,3,-40.63550789739,-0.7097905874252319,-0.05118996277451515,0.15973518788814545,192.26081251579575
18,results/stage18_dense/no_history_only/seed_07/stage18_ppo.history.json,DENSE,seed_07,7,last,0.2811417411576258,-0.04091143945697695,0.6501624174416065,0.3028026695828885,2000,8000,227,-23.471481690398512,0.011800444355230866,0.06770833395421505,2.099044879898429,77,3,3,-23.471481690398512,-0.41359439492225647,-0.05252291262149811,0.2471131980419159,62.0085569297093
18,results/stage18_dense/no_history_only/seed_07/warm_start.history.json,DENSE,seed_07,7,first,2.4059315013885496,2.4059315013885496,0.4759120972454548,2.647239761352539,,,,,,,,,,,,,,,
18,results/stage18_dense/no_history_only/seed_07/warm_start.history.json,DENSE,seed_07,7,last,0.19420281708240508,0.19420281708240508,0.4841352939605713,0.31593239307403564,,,,,,,,,,,,,,,
18,results/stage18_dense/no_history_only/seed_08/stage18_ppo.history.json,DENSE,seed_08,8,first,0.19993373987381347,-0.015202622045762837,0.4335322016850114,0.1629737006405776,1,4,226,-44.03204385870259,0.07032058382174,0.0703125,2.363894668407738,79,1,3,-44.03204385870259,-0.7793282270431519,-0.04835428670048714,0.16058096289634705,259.7591169518616
18,results/stage18_dense/no_history_only/seed_08/stage18_ppo.history.json,DENSE,seed_08,8,last,0.09955387731315568,-0.010188282554736361,0.22415678924880922,0.23362344928318635,2000,8000,225,-21.50358185941631,0.01071363379014656,0.064453125,2.6667877486906946,78,2,3,-21.50358185941631,-0.3822858929634094,-0.04851619154214859,0.2117863893508911,62.087350056206105
18,results/stage18_dense/no_history_only/seed_08/warm_start.history.json,DENSE,seed_08,8,first,2.400028257369995,2.400028257369995,0.42806331992149355,2.6097069358825684,,,,,,,,,,,,,,,
18,results/stage18_dense/no_history_only/seed_08/warm_start.history.json,DENSE,seed_08,8,last,0.21659203708171845,0.21659203708171845,0.4590015387535095,0.36146883010864256,,,,,,,,,,,,,,,
18,results/stage18_dense/no_history_only/seed_09/stage18_ppo.history.json,DENSE,seed_09,9,first,0.1259112432890106,-0.03941941395169124,0.3328365688212216,0.10876265887066977,1,4,226,-35.38439072757289,0.05138206356787123,0.0400390625,1.623457359150052,77,3,3,-35.38439072757289,-0.626272439956665,-0.05177341029047966,0.1720026731491089,146.32312343446912
18,results/stage18_dense/no_history_only/seed_09/stage18_ppo.history.json,DENSE,seed_09,9,last,0.012913619459141046,-0.057873410754837096,0.14642006629594562,0.2423004056327045,2000,8000,225,-15.279574533510601,0.0023276620195247233,0.06640625,1.205916814156808,78,2,3,-15.279574533510601,-0.27163687348365784,-0.03399777412414551,0.19424420595169067,63.83760204282208
18,results/stage18_dense/no_history_only/seed_09/warm_start.history.json,DENSE,seed_09,9,first,2.334223594665527,2.334223594665527,0.2204293528944254,2.6002050018310547,,,,,,,,,,,,,,,
18,results/stage18_dense/no_history_only/seed_09/warm_start.history.json,DENSE,seed_09,9,last,0.21599428474903107,0.21599428474903107,0.22485797367990018,0.33069530725479124,,,,,,,,,,,,,,,
18,results/stage18_dense/no_history_only/seed_10/stage18_ppo.history.json,DENSE,seed_10,10,first,0.1405094878323975,-0.004614311935646194,0.29341370718819754,0.15830539552760975,1,4,223,-27.568337861488473,0.057655023069985746,0.07744095580918449,1.3471044726403696,75,5,3,-27.568337861488473,-0.4944993853569031,-0.04806312546133995,0.17235404253005981,105.85402591386328
18,results/stage18_dense/no_history_only/seed_10/stage18_ppo.history.json,DENSE,seed_10,10,last,0.19205425752859032,-0.012563228474131652,0.4162499319229807,0.35074838330703123,2000,8000,223,-20.14060166332114,0.0022512132252034333,0.06271601361887795,1.422068076474326,80,0,3,-20.14060166332114,-0.3612664043903351,-0.04425213485956192,0.22107836604118347,66.64791674868223
18,results/stage18_dense/no_history_only/seed_10/warm_start.history.json,DENSE,seed_10,10,first,2.300081911087036,2.300081911087036,0.5184330213069915,2.540061798095703,,,,,,,,,,,,,,,
18,results/stage18_dense/no_history_only/seed_10/warm_start.history.json,DENSE,seed_10,10,last,0.1629091727733612,0.1629091727733612,0.4766059184074402,0.30238713264465333,,,,,,,,,,,,,,,
18,results/stage18_dense/no_persistent_position/seed_01/stage18_ppo.history.json,DENSE,seed_01,1,first,0.10489480345859192,-0.013742534443736076,0.25205464160535485,0.7389982137829065,1,4,229,-157.2705581018611,0.03794162401391077,0.08417968777939677,1.3907529064454138,77,3,3,-157.2705581018611,-2.747083902359009,-0.058525994420051575,0.1026429682970047,2203.1611937359794
18,results/stage18_dense/no_persistent_position/seed_01/stage18_ppo.history.json,DENSE,seed_01,1,last,-0.022995503444690257,-0.053393186477478594,0.07082929892931134,0.5016966266557574,2000,8000,226,-48.614808419865874,-0.010919421911239624,0.08203125,0.909281647298485,79,1,3,-48.614808419865874,-0.8604390621185303,-0.058261312544345856,0.16551019251346588,218.11207515572568
18,results/stage18_dense/no_persistent_position/seed_01/warm_start.history.json,DENSE,seed_01,1,first,2.6272354793548582,2.6272354793548582,0.3343979048728943,2.6934416770935057,,,,,,,,,,,,,,,
18,results/stage18_dense/no_persistent_position/seed_01/warm_start.history.json,DENSE,seed_01,1,last,1.8648744583129884,1.8648744583129884,0.44594832479953767,1.9168217754364014,,,,,,,,,,,,,,,
18,results/stage18_dense/no_persistent_position/seed_02/stage18_ppo.history.json,DENSE,seed_02,2,first,0.16677874192828313,0.03359677264234051,0.2814697569119744,0.7552908968646079,1,4,230,-135.6702179782342,0.0008335133825312369,0.052408854477107525,1.4969926625490189,78,2,3,-135.6702179782342,-2.3594822883605957,-0.05419151112437248,0.11531002074480057,1895.705557757263
18,results/stage18_dense/no_persistent_position/seed_02/stage18_ppo.history.json,DENSE,seed_02,2,last,-0.00025390968325414827,-0.023052403503762826,0.053084369615784714,0.37436914976154057,2000,8000,224,-50.52531767983676,0.005781489025269236,0.11607142857142858,1.3253315250788416,76,4,3,-50.52531767983676,-0.9022378325462341,-0.05448969826102257,0.14340536296367645,274.16573416021765
18,results/stage18_dense/no_persistent_position/seed_02/warm_start.history.json,DENSE,seed_02,2,first,2.6613816165924074,2.6613816165924074,0.2757085877656937,2.728931465148926,,,,,,,,,,,,,,,
18,results/stage18_dense/no_persistent_position/seed_02/warm_start.history.json,DENSE,seed_02,2,last,1.9176736640930176,1.9176736640930176,0.26056002110242843,2.0260507106781005,,,,,,,,,,,,,,,
18,results/stage18_dense/no_persistent_position/seed_03/stage18_ppo.history.json,DENSE,seed_03,3,first,0.11134636880888138,-0.016267513390630484,0.2682517438661307,0.6511989454738796,1,4,234,-109.57624758748484,0.03914493293268606,0.08027343754656613,1.4434074573218822,76,4,3,-109.57624758748484,-1.8730982542037964,-0.06875975430011749,0.13718253374099731,742.082826263184
18,results/stage18_dense/no_persistent_position/seed_03/stage18_ppo.history.json,DENSE,seed_03,3,last,-0.0005952651263214648,-0.03910154936602339,0.08032223167538177,0.1654833301436156,2000,8000,226,-34.11241595554304,0.020481928600929677,0.0517578125,0.8338195802643895,76,4,3,-34.11241595554304,-0.6037595868110657,-0.04074138402938843,0.13546788692474365,219.6122186243864
18,results/stage18_dense/no_persistent_position/seed_03/warm_start.history.json,DENSE,seed_03,3,first,2.586523666381836,2.586523666381836,0.33812171936035157,2.6621412563323976,,,,,,,,,,,,,,,
18,results/stage18_dense/no_persistent_position/seed_03/warm_start.history.json,DENSE,seed_03,3,last,1.8357840490341186,1.8357840490341186,0.2918434876203537,1.8594298267364502,,,,,,,,,,,,,,,
18,results/stage18_dense/no_persistent_position/seed_04/stage18_ppo.history.json,DENSE,seed_04,4,first,0.13115269457921386,0.008439399767667055,0.26031858124770224,0.7445992939174175,1,4,230,-77.00814633219721,0.03082073270343244,0.10514322947710752,1.471639678813517,80,0,3,-77.00814633219721,-1.339272141456604,-0.05938280001282692,0.12238068133592606,508.6467125600167
18,results/stage18_dense/no_persistent_position/seed_04/stage18_ppo.history.json,DENSE,seed_04,4,last,0.06408855550398584,0.029298651148565114,0.07562759003485553,0.302389324145679,2000,8000,230,-52.17906175869234,0.014579803251159262,0.04231770848855376,0.9649077542126179,77,3,3,-52.17906175869234,-0.907461941242218,-0.05967959389090538,0.14736472070217133,231.2092341361215
18,results/stage18_dense/no_persistent_position/seed_04/warm_start.history.json,DENSE,seed_04,4,first,2.633569431304932,2.633569431304932,0.42713934421539307,2.69299898147583,,,,,,,,,,,,,,,
18,results/stage18_dense/no_persistent_position/seed_04/warm_start.history.json,DENSE,seed_04,4,last,1.899732036590576,1.899732036590576,0.3888432347774506,1.9615129470825194,,,,,,,,,,,,,,,
18,results/stage18_dense/no_persistent_position/seed_05/stage18_ppo.history.json,DENSE,seed_05,5,first,0.1597734206879977,0.0029128602473065257,0.3262546246405691,0.6266751824878156,1,4,228,-107.32351619080909,0.03287531767273322,0.09375,1.50676953420043,76,4,4,-107.32351619080909,-1.882868766784668,-0.062001507729291916,0.12056918442249298,922.2221866481975
18,results/stage18_dense/no_persistent_position/seed_05/stage18_ppo.history.json,DENSE,seed_05,5,last,0.04853415081743151,0.001158525119535625,0.09778476937208325,0.1516755930497311,2000,8000,227,-46.628457673859714,-0.006181470074807294,0.0498046875,0.9083018815144897,75,5,3,-46.628457673859714,-0.8216468095779419,-0.05933019518852234,0.1518273502588272,191.78682037619777
18,results/stage18_dense/no_persistent_position/seed_05/warm_start.history.json,DENSE,seed_05,5,first,2.6216102027893067,2.6216102027893067,0.5622195482254029,2.693924503326416,,,,,,,,,,,,,,,
18,results/stage18_dense/no_persistent_position/seed_05/warm_start.history.json,DENSE,seed_05,5,last,1.9130008983612061,1.9130008983612061,0.385777006149292,1.9837720727920531,,,,,,,,,,,,,,,
18,results/stage18_dense/no_persistent_position/seed_06/stage18_ppo.history.json,DENSE,seed_06,6,first,0.1386915528710233,0.014151784736895934,0.26346903247758746,0.7194750553462654,1,4,230,-87.57481128334034,0.02552374000333657,0.09700520848855376,1.5514473849907517,76,4,3,-87.57481128334034,-1.5230402946472168,-0.058968644589185715,0.11829625815153122,667.0839862731681
18,results/stage18_dense/no_persistent_position/seed_06/stage18_ppo.history.json,DENSE,seed_06,6,last,0.04269876420897033,-0.015676969130124365,0.1239819425557341,0.3615236793245588,2000,8000,224,-54.284400175124205,-0.0012798793613910675,0.07366071428571429,0.8756704160145351,78,2,3,-54.284400175124205,-0.9693642854690552,-0.06681361794471741,0.15846242010593414,210.49610173002378
18,results/stage18_dense/no_persistent_position/seed_06/warm_start.history.json,DENSE,seed_06,6,first,2.5889700508117675,2.5889700508117675,0.5028052604198456,2.629508399963379,,,,,,,,,,,,,,,
18,results/stage18_dense/no_persistent_position/seed_06/warm_start.history.json,DENSE,seed_06,6,last,1.805109405517578,1.805109405517578,0.5089153957366943,1.9877059841156006,,,,,,,,,,,,,,,
18,results/stage18_dense/no_persistent_position/seed_07/stage18_ppo.history.json,DENSE,seed_07,7,first,0.12302239284326788,0.00767626753076911,0.24496936541981995,0.713855748064816,1,4,232,-88.1196166756933,0.024152619182132185,0.08203125,1.640355423092842,74,6,3,-88.1196166756933,-1.5193036794662476,-0.059653688222169876,0.1308560073375702,648.6562298996565
18,results/stage18_dense/no_persistent_position/seed_07/stage18_ppo.history.json,DENSE,seed_07,7,last,0.06422534927592746,-0.010690425256533282,0.15377282218209334,0.1970634955380644,2000,8000,224,-38.81489031642308,0.014450542994641833,0.049107142857142856,1.2033252801213945,76,4,3,-38.81489031642308,-0.6931230425834656,-0.043535150587558746,0.13501861691474915,253.4782010330255
18,results/stage18_dense/no_persistent_position/seed_07/warm_start.history.json,DENSE,seed_07,7,first,2.6476128101348877,2.6476128101348877,0.46910608023405076,2.7154451179504395,,,,,,,,,,,,,,,
18,results/stage18_dense/no_persistent_position/seed_07/warm_start.history.json,DENSE,seed_07,7,last,1.876108922958374,1.876108922958374,0.4353134733438492,1.9877205228805541,,,,,,,,,,,,,,,
18,results/stage18_dense/no_persistent_position/seed_08/stage18_ppo.history.json,DENSE,seed_08,8,first,0.09889902116265148,-0.04601153780822642,0.30233377148397267,0.6256326208822429,1,4,225,-103.243185630607,0.011488994816318154,0.0634765625,1.7972375266253948,79,1,3,-103.243185630607,-1.8354344367980957,-0.06213725730776787,0.13195641338825226,872.5162772663996
18,results/stage18_dense/no_persistent_position/seed_08/stage18_ppo.history.json,DENSE,seed_08,8,last,0.01084501773584634,-0.043665791978128254,0.11672000057296827,0.3849191777590022,2000,8000,227,-61.05507627013193,-0.00037964811781421304,0.049479166977107525,1.4146580775268376,77,3,3,-61.05507627013193,-1.0758603811264038,-0.07263711839914322,0.15500251948833466,219.37872810439367
18,results/stage18_dense/no_persistent_position/seed_08/warm_start.history.json,DENSE,seed_08,8,first,2.5946881008148193,2.5946881008148193,0.46820115208625795,2.6442728519439695,,,,,,,,,,,,,,,
18,results/stage18_dense/no_persistent_position/seed_08/warm_start.history.json,DENSE,seed_08,8,last,1.7846825408935547,1.7846825408935547,0.4805275249481201,1.9255580282211304,,,,,,,,,,,,,,,
18,results/stage18_dense/no_persistent_position/seed_09/stage18_ppo.history.json,DENSE,seed_09,9,first,0.15377787849865854,0.016541258723009378,0.2887937141349539,0.7160237496718764,1,4,230,-99.46868469867255,0.030804495443589985,0.1279296879656613,1.681472331052646,77,3,3,-99.46868469867255,-1.72989022731781,-0.062069121748209,0.12303746491670609,776.7582028477583
18,results/stage18_dense/no_persistent_position/seed_09/stage18_ppo.history.json,DENSE,seed_09,9,last,0.0347044838043595,-0.011035721416452102,0.0997407262080482,0.4130158780940941,2000,8000,224,-46.66292922165742,0.008894794753619603,0.0546875,1.3404556534120016,77,3,3,-46.66292922165742,-0.8332666158676147,-0.05426577851176262,0.1489095389842987,235.7848260378132
18,results/stage18_dense/no_persistent_position/seed_09/warm_start.history.json,DENSE,seed_09,9,first,2.6225129985809326,2.6225129985809326,0.21096568658947945,2.6627663707733156,,,,,,,,,,,,,,,
18,results/stage18_dense/no_persistent_position/seed_09/warm_start.history.json,DENSE,seed_09,9,last,1.7699779796600341,1.7699779796600341,0.22894839569926262,1.894333734512329,,,,,,,,,,,,,,,
18,results/stage18_dense/no_persistent_position/seed_10/stage18_ppo.history.json,DENSE,seed_10,10,first,0.15007061487995088,0.003064215212361887,0.30643748212605715,0.6212341440841556,1,4,231,-105.60550031849044,-0.012506770843174309,0.09123884048312902,1.528585884720087,76,4,4,-105.60550031849044,-1.8286666870117188,-0.060880210250616074,0.1237986758351326,902.2290573230348
18,results/stage18_dense/no_persistent_position/seed_10/stage18_ppo.history.json,DENSE,seed_10,10,last,0.06671374281203109,-0.01458710159308144,0.16823435122413294,0.28163309767842293,2000,8000,221,-49.914160193154075,0.004878923612912851,0.054148707006658824,1.270992562174797,79,1,3,-49.914160193154075,-0.9034236669540405,-0.06432418525218964,0.16312262415885925,197.25786701964455
18,results/stage18_dense/no_persistent_position/seed_10/warm_start.history.json,DENSE,seed_10,10,first,2.5129307746887206,2.5129307746887206,0.5124305295944214,2.581224021911621,,,,,,,,,,,,,,,
18,results/stage18_dense/no_persistent_position/seed_10/warm_start.history.json,DENSE,seed_10,10,last,1.6949743938446045,1.6949743938446045,0.4803424549102783,1.781425151824951,,,,,,,,,,,,,,,
18,results/stage18_dense/no_position_only/seed_01/stage18_ppo.history.json,DENSE,seed_01,1,first,0.14466297555190977,0.019756664463784546,0.2541405070805922,0.21639419556595385,1,4,228,-63.11174095096902,0.032380574572016485,0.0673828125,4.104245636612177,77,3,3,-63.11174095096902,-1.1072235107421875,-0.05386873334646225,0.1192670464515686,422.47108927935403
18,results/stage18_dense/no_position_only/seed_01/stage18_ppo.history.json,DENSE,seed_01,1,last,0.07594024639443628,-0.004642922564276627,0.16539421038968222,0.21139363385736942,2000,8000,223,-13.554225183304155,-0.002617665013531223,0.042590725634779246,0.8850930067045348,79,1,3,-13.554225183304155,-0.2431250959634781,-0.030465835705399513,0.21836483478546143,63.684449130207426
18,results/stage18_dense/no_position_only/seed_01/warm_start.history.json,DENSE,seed_01,1,first,2.429790802001953,2.429790802001953,0.35785409301519394,2.6596093463897703,,,,,,,,,,,,,,,
18,results/stage18_dense/no_position_only/seed_01/warm_start.history.json,DENSE,seed_01,1,last,0.20850873947143556,0.20850873947143556,0.39273073732852937,0.3687570059299469,,,,,,,,,,,,,,,
18,results/stage18_dense/no_position_only/seed_02/stage18_ppo.history.json,DENSE,seed_02,2,first,0.18704266112763435,-0.0030262808182409833,0.3826390914618969,0.1250606028895293,1,4,224,-61.23090739370368,0.023137250782123635,0.060267857142857144,1.9877548696739333,78,2,3,-61.23090739370368,-1.0934091806411743,-0.05287562683224678,0.14013628661632538,427.61635391790594
18,results/stage18_dense/no_position_only/seed_02/stage18_ppo.history.json,DENSE,seed_02,2,last,0.07691562650143169,0.0247210479574278,0.11211245454614982,0.38616508478298783,2000,8000,228,-15.751412452181489,-0.009563770145177841,0.0615234375,1.246035504154861,76,4,3,-15.751412452181489,-0.2763405442237854,-0.035291705280542374,0.2080933302640915,61.31180338035913
18,results/stage18_dense/no_position_only/seed_02/warm_start.history.json,DENSE,seed_02,2,first,2.4439750289916993,2.4439750289916993,0.3788793909549713,2.666256866455078,,,,,,,,,,,,,,,
18,results/stage18_dense/no_position_only/seed_02/warm_start.history.json,DENSE,seed_02,2,last,0.16855188012123107,0.16855188012123107,0.4895816731452942,0.3061548638343811,,,,,,,,,,,,,,,
18,results/stage18_dense/no_position_only/seed_03/stage18_ppo.history.json,DENSE,seed_03,3,first,0.11774159094784409,-0.029744229861535132,0.2997486707754433,0.23885159310884774,1,4,232,-44.427318166093244,0.05413674021838233,0.091796875,1.6267638178542256,75,5,3,-44.427318166093244,-0.7659882307052612,-0.04712500795722008,0.12557198107242584,264.20524341325427
18,results/stage18_dense/no_position_only/seed_03/stage18_ppo.history.json,DENSE,seed_03,3,last,0.034554374362674674,-0.009983979032507964,0.09409024420061282,0.2506767963724477,2000,8000,224,-14.819730629464608,0.007488041717026915,0.04241071428571429,1.43448855727911,79,1,3,-14.819730629464608,-0.2646380364894867,-0.029493477195501328,0.1688029021024704,80.51051290121463
18,results/stage18_dense/no_position_only/seed_03/warm_start.history.json,DENSE,seed_03,3,first,2.366937828063965,2.366937828063965,0.2665229457616806,2.6187964057922364,,,,,,,,,,,,,,,
18,results/stage18_dense/no_position_only/seed_03/warm_start.history.json,DENSE,seed_03,3,last,0.15088290214538574,0.15088290214538574,0.2697712826728821,0.30431015491485597,,,,,,,,,,,,,,,
18,results/stage18_dense/no_position_only/seed_04/stage18_ppo.history.json,DENSE,seed_04,4,first,0.22583985672099516,0.017390071297995746,0.4194815522932913,0.1290989952580185,1,4,226,-25.00809332185806,0.028107181773521006,0.0673828125,2.794303896953352,78,2,4,-25.00809332185806,-0.4426211416721344,-0.04304524511098862,0.18654009699821472,105.73381244021208
18,results/stage18_dense/no_position_only/seed_04/stage18_ppo.history.json,DENSE,seed_04,4,last,0.08156641535294641,-0.009695216614220823,0.18880772324545042,0.31422300689986776,2000,8000,222,-14.36650501041984,-0.0067033499861801306,0.050669643229671886,1.0996489939945084,77,3,3,-14.36650501041984,-0.2588559091091156,-0.03341466560959816,0.1951591521501541,60.01255801013029
18,results/stage18_dense/no_position_only/seed_04/warm_start.history.json,DENSE,seed_04,4,first,2.437235107421875,2.437235107421875,0.4695390105247498,2.653387861251831,,,,,,,,,,,,,,,
18,results/stage18_dense/no_position_only/seed_04/warm_start.history.json,DENSE,seed_04,4,last,0.19490498542785645,0.19490498542785645,0.471920964717865,0.3301061165332794,,,,,,,,,,,,,,,
18,results/stage18_dense/no_position_only/seed_05/stage18_ppo.history.json,DENSE,seed_05,5,first,0.24658589391037822,0.06334349419921637,0.37118253437802196,0.2348868115223013,1,4,229,-37.18813007835422,0.09269146526639815,0.08906250027939677,3.6551170647144318,75,5,4,-37.18813007835422,-0.6495743989944458,-0.04318809509277344,0.137075275182724,226.21926900391207
18,results/stage18_dense/no_position_only/seed_05/stage18_ppo.history.json,DENSE,seed_05,5,last,0.12109135558421258,0.0036589227383956313,0.23996512638404965,0.25501297134906054,2000,8000,228,-23.285372048815585,0.014399088337086141,0.0625,1.4033454544842243,75,5,3,-23.285372048815585,-0.4085153043270111,-0.05301083251833916,0.20140425860881805,59.386451165390355
18,results/stage18_dense/no_position_only/seed_05/warm_start.history.json,DENSE,seed_05,5,first,2.377625198364258,2.377625198364258,0.4110099983215332,2.6505609226226805,,,,,,,,,,,,,,,
18,results/stage18_dense/no_position_only/seed_05/warm_start.history.json,DENSE,seed_05,5,last,0.20275584876537323,0.20275584876537323,0.5333480858802795,0.33267804741859436,,,,,,,,,,,,,,,
18,results/stage18_dense/no_position_only/seed_06/stage18_ppo.history.json,DENSE,seed_06,6,first,0.13882867066422477,-0.030033836199436337,0.3402793910354376,0.12771862582030735,1,4,227,-26.991700539029633,0.08459152768818967,0.050455729477107525,1.5825123144313693,76,4,3,-26.991700539029633,-0.475624680519104,-0.03236657381057739,0.13414651155471802,215.94111955253857
18,results/stage18_dense/no_position_only/seed_06/stage18_ppo.history.json,DENSE,seed_06,6,last,0.09955132902333778,-0.011444255842694215,0.22589910349675588,0.19539682247809,2000,8000,223,-24.386696720658286,0.03387376920519663,0.05961981522185462,1.6660981880767005,78,2,3,-24.386696720658286,-0.4374295175075531,-0.056237950921058655,0.22641350328922272,60.50025427362307
18,results/stage18_dense/no_position_only/seed_06/warm_start.history.json,DENSE,seed_06,6,first,2.3811113929748533,2.3811113929748533,0.5398813533782959,2.596369161605835,,,,,,,,,,,,,,,
18,results/stage18_dense/no_position_only/seed_06/warm_start.history.json,DENSE,seed_06,6,last,0.209940265417099,0.209940265417099,0.6661575317382813,0.33138083696365356,,,,,,,,,,,,,,,
18,results/stage18_dense/no_position_only/seed_07/stage18_ppo.history.json,DENSE,seed_07,7,first,0.16112547015654854,-0.025335261540021747,0.37616245029494166,0.16204951246374133,1,4,228,-41.175451352420446,0.025833036699623335,0.0458984375,1.5841924524866045,74,6,3,-41.175451352420446,-0.7223763465881348,-0.05171437934041023,0.1596539169549942,195.12117595569268
18,results/stage18_dense/no_position_only/seed_07/stage18_ppo.history.json,DENSE,seed_07,7,last,0.06501094833947718,-0.051888634567148983,0.23883977952209534,0.2520307016093284,2000,8000,225,-15.402724372063293,0.0055502355098724365,0.0390625,1.54852435272187,77,3,3,-15.402724372063293,-0.2738262116909027,-0.0352645143866539,0.22587546706199646,60.29402114710419
18,results/stage18_dense/no_position_only/seed_07/warm_start.history.json,DENSE,seed_07,7,first,2.432106304168701,2.432106304168701,0.4222410172224045,2.6649981117248536,,,,,,,,,,,,,,,
18,results/stage18_dense/no_position_only/seed_07/warm_start.history.json,DENSE,seed_07,7,last,0.2015742516517639,0.2015742516517639,0.46250732749700546,0.3307795345783234,,,,,,,,,,,,,,,
18,results/stage18_dense/no_position_only/seed_08/stage18_ppo.history.json,DENSE,seed_08,8,first,0.18367132102139294,-0.02403055870672688,0.41957776295021176,0.20870024943724275,1,4,225,-45.954480070610884,0.04235753187094815,0.0556640625,2.306294391863048,79,1,3,-45.954480070610884,-0.816968560218811,-0.0523395799100399,0.16131842136383057,243.64096129406522
18,results/stage18_dense/no_position_only/seed_08/stage18_ppo.history.json,DENSE,seed_08,8,last,0.0884958392520535,-0.0006272920540400914,0.1817419563553163,0.17478457266198738,2000,8000,224,-20.274150265686465,0.011561769459928786,0.04575892857142857,1.0380452796816826,78,2,3,-20.274150265686465,-0.36203840374946594,-0.04655842110514641,0.20810464024543762,60.466210702569285
18,results/stage18_dense/no_position_only/seed_08/warm_start.history.json,DENSE,seed_08,8,first,2.40608229637146,2.40608229637146,0.4426679491996765,2.6085891723632812,,,,,,,,,,,,,,,
18,results/stage18_dense/no_position_only/seed_08/warm_start.history.json,DENSE,seed_08,8,last,0.1754473352432251,0.1754473352432251,0.49583000898361207,0.3021281898021698,,,,,,,,,,,,,,,
18,results/stage18_dense/no_position_only/seed_09/stage18_ppo.history.json,DENSE,seed_09,9,first,0.12771069598238682,-0.04003862326499075,0.33797989948652685,0.12406298173417094,1,4,226,-35.30827750165624,0.009818553982768208,0.0439453125,1.5626670233905315,77,3,3,-35.30827750165624,-0.6249252557754517,-0.05183679610490799,0.17126259207725525,145.3382379817294
18,results/stage18_dense/no_position_only/seed_09/stage18_ppo.history.json,DENSE,seed_09,9,last,0.09131936059566215,0.016964401118457317,0.15373338537756354,0.25117335212416947,2000,8000,226,-17.077431058133786,0.009335975220892578,0.03125,1.2693022023886442,78,2,4,-17.077431058133786,-0.30225542187690735,-0.03697315230965614,0.1984912008047104,66.8305736637487
18,results/stage18_dense/no_position_only/seed_09/warm_start.history.json,DENSE,seed_09,9,first,2.3570705604553224,2.3570705604553224,0.2196866925060749,2.6207349586486814,,,,,,,,,,,,,,,
18,results/stage18_dense/no_position_only/seed_09/warm_start.history.json,DENSE,seed_09,9,last,0.1876505881547928,0.1876505881547928,0.2180181385576725,0.32041859269142153,,,,,,,,,,,,,,,
18,results/stage18_dense/no_position_only/seed_10/stage18_ppo.history.json,DENSE,seed_10,10,first,0.16244970800887262,0.003988179594411382,0.3186391815543175,0.0858061398778643,1,4,223,-34.38892406020774,0.03495645717859069,0.03697436622210911,2.3104344170008386,75,5,3,-34.38892406020774,-0.616841733455658,-0.054829247295856476,0.17888011038303375,126.56768567304954
18,results/stage18_dense/no_position_only/seed_10/stage18_ppo.history.json,DENSE,seed_10,10,last,0.29186867387034,0.06994035001844168,0.4503709739074111,0.32571678308078433,2000,8000,228,-20.53172566818467,-0.00020786735694855452,0.0595703125,2.0765933953225613,80,0,3,-20.53172566818467,-0.3602057099342346,-0.046074602752923965,0.2407025247812271,61.119248325093416
18,results/stage18_dense/no_position_only/seed_10/warm_start.history.json,DENSE,seed_10,10,first,2.329357500076294,2.329357500076294,0.4364527577161789,2.551196355819702,,,,,,,,,,,,,,,
18,results/stage18_dense/no_position_only/seed_10/warm_start.history.json,DENSE,seed_10,10,last,0.171058269739151,0.171058269739151,0.4253655171394348,0.27151488661766054,,,,,,,,,,,,,,,
18,results/stage18_dense/no_queue_resource/seed_01/stage18_ppo.history.json,DENSE,seed_01,1,first,0.1483962380734738,0.003809323359746486,0.29262907782685943,0.17276227939873934,1,4,225,-64.30892315413034,0.053029093745863065,0.064453125,1.7615778683684766,77,3,4,-64.30892315413034,-1.1432698965072632,-0.054644498974084854,0.11651282757520676,437.72818438876743
18,results/stage18_dense/no_queue_resource/seed_01/stage18_ppo.history.json,DENSE,seed_01,1,last,0.09168168410542421,0.000668246706482023,0.18935677548870444,0.36649509612470865,2000,8000,226,-14.368858183394144,0.014259355724789202,0.048828125,1.2438732869923115,79,1,3,-14.368858183394144,-0.2543160915374756,-0.03016887605190277,0.18145926296710968,71.0606784890732
18,results/stage18_dense/no_queue_resource/seed_01/warm_start.history.json,DENSE,seed_01,1,first,2.4357430362701415,2.4357430362701415,0.3244761562347412,2.6614481449127196,,,,,,,,,,,,,,,
18,results/stage18_dense/no_queue_resource/seed_01/warm_start.history.json,DENSE,seed_01,1,last,0.32109457075595854,0.32109457075595854,0.3205283174663782,0.45260733366012573,,,,,,,,,,,,,,,
18,results/stage18_dense/no_queue_resource/seed_02/stage18_ppo.history.json,DENSE,seed_02,2,first,0.2065475181734655,-0.0010268484974013908,0.4182094521820545,0.15303610810743912,1,4,224,-54.6563866858329,0.04023867110455675,0.06696428571428571,1.9128112558807646,78,2,3,-54.6563866858329,-0.9760069251060486,-0.047785792499780655,0.13357581198215485,417.16529651652985
18,results/stage18_dense/no_queue_resource/seed_02/stage18_ppo.history.json,DENSE,seed_02,2,last,0.009446051568374969,-0.02479385689366609,0.07664659101283178,0.40833864896558225,2000,8000,227,-17.912308824133284,0.014419953455217183,0.0419921875,1.1388419596478343,76,4,3,-17.912308824133284,-0.31563541293144226,-0.03937869891524315,0.20290254056453705,64.24637108872989
18,results/stage18_dense/no_queue_resource/seed_02/warm_start.history.json,DENSE,seed_02,2,first,2.4426809406280516,2.4426809406280516,0.5151465320587159,2.6666690254211427,,,,,,,,,,,,,,,
18,results/stage18_dense/no_queue_resource/seed_02/warm_start.history.json,DENSE,seed_02,2,last,0.20016705632209777,0.20016705632209777,0.6526872420310974,0.34219563961029054,,,,,,,,,,,,,,,
18,results/stage18_dense/no_queue_resource/seed_03/stage18_ppo.history.json,DENSE,seed_03,3,first,0.15181859736912884,0.005053929053246975,0.29663173761218786,0.1551200767280534,1,4,231,-48.97589510888773,0.05723387324724172,0.08914620615541935,2.52811099588871,75,5,3,-48.97589510888773,-0.8480674624443054,-0.04839305207133293,0.11957874894142151,307.1106697020264
18,results/stage18_dense/no_queue_resource/seed_03/stage18_ppo.history.json,DENSE,seed_03,3,last,0.03217648009636572,-0.011903948150575161,0.09539837004350764,0.3618755452334881,2000,8000,224,-15.459466968054759,0.013826946062701089,0.06584821428571429,0.849264031542199,78,2,3,-15.459466968054759,-0.27606192231178284,-0.03258518502116203,0.1730479896068573,71.77492202717556
18,results/stage18_dense/no_queue_resource/seed_03/warm_start.history.json,DENSE,seed_03,3,first,2.3647332286834715,2.3647332286834715,0.3002099877595901,2.621642789840698,,,,,,,,,,,,,,,
18,results/stage18_dense/no_queue_resource/seed_03/warm_start.history.json,DENSE,seed_03,3,last,0.17177131414413452,0.17177131414413452,0.30267141103744505,0.3317148780822754,,,,,,,,,,,,,,,
18,results/stage18_dense/no_queue_resource/seed_04/stage18_ppo.history.json,DENSE,seed_04,4,first,0.2106986109574791,0.0028804802568629384,0.41821296280249953,0.12883539900329838,1,4,226,-27.576586836655977,0.0832194606482517,0.0654296875,2.740013175178319,78,2,4,-27.576586836655977,-0.4880811870098114,-0.04086686298251152,0.17164134979248047,142.64004330669948
18,results/stage18_dense/no_queue_resource/seed_04/stage18_ppo.history.json,DENSE,seed_04,4,last,0.055186848172784915,-0.007391363132878074,0.13183208661420004,0.333783040621451,2000,8000,223,-11.574667918930036,-0.0036477494618988465,0.03254608277763639,1.0669975360589368,78,2,3,-11.574667918930036,-0.2076173573732376,-0.02443462423980236,0.17171712219715118,72.1964752675115
18,results/stage18_dense/no_queue_resource/seed_04/warm_start.history.json,DENSE,seed_04,4,first,2.4194212055206297,2.4194212055206297,0.36801300644874574,2.646676712036133,,,,,,,,,,,,,,,
18,results/stage18_dense/no_queue_resource/seed_04/warm_start.history.json,DENSE,seed_04,4,last,0.25640969812870024,0.25640969812870024,0.3459942176938057,0.3303993546962738,,,,,,,,,,,,,,,
18,results/stage18_dense/no_queue_resource/seed_05/stage18_ppo.history.json,DENSE,seed_05,5,first,0.2286314150551334,0.04350181168410927,0.3733279686421156,0.1534383044236165,1,4,229,-37.18096209193772,0.026903500518528745,0.05800781259313226,2.2460219534114003,75,5,4,-37.18096209193772,-0.6494491100311279,-0.04319186881184578,0.1370420604944229,226.0925373268302
18,results/stage18_dense/no_queue_resource/seed_05/stage18_ppo.history.json,DENSE,seed_05,5,last,-0.038848500698804855,-0.09512807242572308,0.12094267082284205,0.4191765203140676,2000,8000,225,-21.471285721888798,0.013925926759839058,0.05859375,1.3049597349017859,75,5,3,-21.471285721888798,-0.3817117512226105,-0.037038709968328476,0.16264507174491882,106.20852445844406
18,results/stage18_dense/no_queue_resource/seed_05/warm_start.history.json,DENSE,seed_05,5,first,2.3828347396850584,2.3828347396850584,0.4350807976722717,2.6411342811584473,,,,,,,,,,,,,,,
18,results/stage18_dense/no_queue_resource/seed_05/warm_start.history.json,DENSE,seed_05,5,last,0.19089035630226137,0.19089035630226137,0.596624674797058,0.3302919352054596,,,,,,,,,,,,,,,
18,results/stage18_dense/no_queue_resource/seed_06/stage18_ppo.history.json,DENSE,seed_06,6,first,0.14111875902744941,-0.026108479971298948,0.33749482478015125,0.15201726007560978,1,4,227,-26.991700539029633,0.010551693771638782,0.0390625,1.9610908071044832,76,4,3,-26.991700539029633,-0.475624680519104,-0.03236726298928261,0.13427820801734924,215.9318759338305
18,results/stage18_dense/no_queue_resource/seed_06/stage18_ppo.history.json,DENSE,seed_06,6,last,-0.012587041361257434,-0.09684689447749406,0.1744062874931842,0.2943289433605969,2000,8000,225,-20.575116295079283,-0.0005887227598577738,0.0634765625,2.1110827047377825,79,1,3,-20.575116295079283,-0.365779846906662,-0.0431264229118824,0.18967002630233765,71.93704524095472
18,results/stage18_dense/no_queue_resource/seed_06/warm_start.history.json,DENSE,seed_06,6,first,2.36468186378479,2.36468186378479,0.5153453183174134,2.5928156852722166,,,,,,,,,,,,,,,
18,results/stage18_dense/no_queue_resource/seed_06/warm_start.history.json,DENSE,seed_06,6,last,0.19467048346996307,0.19467048346996307,0.6793504500389099,0.31562498211860657,,,,,,,,,,,,,,,
18,results/stage18_dense/no_queue_resource/seed_07/stage18_ppo.history.json,DENSE,seed_07,7,first,0.1397607911421801,-0.024779885192401707,0.33171571453567594,0.13171826012769472,1,4,229,-40.22825821052019,0.03475922573707069,0.028710937593132257,1.7831470328383148,74,6,3,-40.22825821052019,-0.7026770114898682,-0.05174928903579712,0.16027599573135376,184.3753318056522
18,results/stage18_dense/no_queue_resource/seed_07/stage18_ppo.history.json,DENSE,seed_07,7,last,0.06770435278303921,-0.138712732703425,0.4190973514705547,0.31315910816502635,2000,8000,225,-23.571763570716254,0.009757842868566513,0.048828125,2.107843699865043,78,2,3,-23.571763570716254,-0.4190536141395569,-0.04710812121629715,0.19988186657428741,79.13116032681944
18,results/stage18_dense/no_queue_resource/seed_07/warm_start.history.json,DENSE,seed_07,7,first,2.408522891998291,2.408522891998291,0.481331552118063,2.649833583831787,,,,,,,,,,,,,,,
18,results/stage18_dense/no_queue_resource/seed_07/warm_start.history.json,DENSE,seed_07,7,last,0.23924706101417542,0.23924706101417542,0.49322638660669327,0.3189191675186157,,,,,,,,,,,,,,,
18,results/stage18_dense/no_queue_resource/seed_08/stage18_ppo.history.json,DENSE,seed_08,8,first,0.20734857874257223,0.004306430263178689,0.40943520782249315,0.16754604762952244,1,4,224,-48.66787982354944,0.02821803861297667,0.060267857142857144,2.248293719121388,79,1,3,-48.66787982354944,-0.8690692186355591,-0.053333308547735214,0.15509992837905884,265.5288756942484
18,results/stage18_dense/no_queue_resource/seed_08/stage18_ppo.history.json,DENSE,seed_08,8,last,0.05104856682009995,-0.015359953162260354,0.14083805005066097,0.40105055505409837,2000,8000,230,-23.110628905913725,0.022368526144418865,0.07421875046566129,1.1477055046707392,78,2,3,-23.110628905913725,-0.4019240140914917,-0.04833569750189781,0.19574816524982452,69.1435770820304
18,results/stage18_dense/no_queue_resource/seed_08/warm_start.history.json,DENSE,seed_08,8,first,2.3981528759002684,2.3981528759002684,0.41871925711631774,2.607696418762207,,,,,,,,,,,,,,,
18,results/stage18_dense/no_queue_resource/seed_08/warm_start.history.json,DENSE,seed_08,8,last,0.15960721611976625,0.15960721611976625,0.4639089584350586,0.2848054003715515,,,,,,,,,,,,,,,
18,results/stage18_dense/no_queue_resource/seed_09/stage18_ppo.history.json,DENSE,seed_09,9,first,0.16411628600742137,-0.005992374382913113,0.34315540375454084,0.14690383956102387,1,4,224,-36.02179287025898,0.06316479747848851,0.03794642857142857,1.413580272346735,77,3,3,-36.02179287025898,-0.6432462930679321,-0.05403316020965576,0.17070408165454865,141.72089385205766
18,results/stage18_dense/no_queue_resource/seed_09/stage18_ppo.history.json,DENSE,seed_09,9,last,0.10485737008275464,-0.0033249910338781774,0.2248356481140945,0.4235465874808142,2000,8000,225,-18.246676918936465,-0.011307384818792343,0.0791015625,1.3679369986057281,78,2,3,-18.246676918936465,-0.3243853449821472,-0.0374220609664917,0.20118825137615204,75.13929755244855
18,results/stage18_dense/no_queue_resource/seed_09/warm_start.history.json,DENSE,seed_09,9,first,2.3373323917388915,2.3373323917388915,0.23131011292338371,2.6030834102630616,,,,,,,,,,,,,,,
18,results/stage18_dense/no_queue_resource/seed_09/warm_start.history.json,DENSE,seed_09,9,last,0.2289014846086502,0.2289014846086502,0.25571853637695313,0.3586652046442032,,,,,,,,,,,,,,,
18,results/stage18_dense/no_queue_resource/seed_10/stage18_ppo.history.json,DENSE,seed_10,10,first,0.13784855158467377,-0.0037880795342581613,0.28567510364311083,0.12009206527311887,1,4,223,-30.50876325021947,0.07162408855011952,0.039206509079251974,1.6252456988607134,75,5,3,-30.50876325021947,-0.5472424030303955,-0.049665872007608414,0.16765518486499786,121.40688266173059
18,results/stage18_dense/no_queue_resource/seed_10/stage18_ppo.history.json,DENSE,seed_10,10,last,0.10014886572025716,-0.005462039902340621,0.21856344758998603,0.3670820076513337,2000,8000,226,-22.647183376598456,0.011186106479726732,0.064453125,1.3934870697557926,80,0,3,-22.647183376598456,-0.4008350968360901,-0.04690839722752571,0.2033209204673767,73.01806291583668
18,results/stage18_dense/no_queue_resource/seed_10/warm_start.history.json,DENSE,seed_10,10,first,2.2998839473724364,2.2998839473724364,0.5344667649269104,2.5390467262268066,,,,,,,,,,,,,,,
18,results/stage18_dense/no_queue_resource/seed_10/warm_start.history.json,DENSE,seed_10,10,last,0.21831762790679932,0.21831762790679932,0.6707023715972901,0.35835066318511966,,,,,,,,,,,,,,,
18,results/stage18_repair_archive/stage18/no_persistent_position/seed_02_resumed_legacy/stage18_ppo.history.json,,seed_02_resumed_legacy,2,first,0.08252338637248613,0.002949989808257669,0.17067116708494723,0.5762185393832624,1051,4204,233,9.617726970414315,0.0010000803615639597,0.0595703125,1.0217964998446405,79,1,2,9.617726970414315,0.1651112139225006,0.03873579576611519,0.2881549596786499,18.168876435173313
18,results/stage18_repair_archive/stage18/no_persistent_position/seed_02_resumed_legacy/stage18_ppo.history.json,,seed_02_resumed_legacy,2,last,0.1688388823531568,-0.016321815259288996,0.38138681882992387,0.5532713863067329,2000,8000,236,4.75892512190038,0.01841924004111206,0.08430989598855376,1.8102783970534801,76,4,2,4.75892512190038,0.08065976202487946,0.019214056432247162,0.31617119908332825,17.622823967921388
18,results/stage18_repair_archive/stage18/no_persistent_position/seed_02_resumed_legacy/warm_start.history.json,,seed_02_resumed_legacy,2,first,2.609149694442749,2.609149694442749,0.08378501236438751,2.7142474174499513,,,,,,,,,,,,,,,
18,results/stage18_repair_archive/stage18/no_persistent_position/seed_02_resumed_legacy/warm_start.history.json,,seed_02_resumed_legacy,2,last,2.3418385410308837,2.3418385410308837,0.06453383300453425,2.34895450592041,,,,,,,,,,,,,,,
18,results/stage18_repair_archive/stage18_dense/full_context_v2/seed_02_resumed_legacy/stage18_ppo.history.json,DENSE,seed_02_resumed_legacy,2,first,0.10912883840501308,-0.007350611500442028,0.23877679396952903,0.29089485348335337,1301,5204,217,-26.780045151980936,-0.00443408675866002,0.04955357126891613,1.7666142795767104,72,8,3,-26.780045151980936,-0.49364134669303894,-0.06208992004394531,0.22530077397823334,63.209299661226005
18,results/stage18_repair_archive/stage18_dense/full_context_v2/seed_02_resumed_legacy/stage18_ppo.history.json,DENSE,seed_02_resumed_legacy,2,last,-0.032276428246404976,-0.08112517627887428,0.10422917071264237,0.3265836958307773,2000,8000,225,-13.877709877172794,-0.005760859348811209,0.083984375,1.5740294940769672,76,4,3,-13.877709877172794,-0.24671484529972076,-0.03174480423331261,0.2169809490442276,60.40114797234478
18,results/stage18_repair_archive/stage18_dense/full_context_v2/seed_02_resumed_legacy/warm_start.history.json,DENSE,seed_02_resumed_legacy,2,first,2.4430617332458495,2.4430617332458495,0.47590099334716796,2.668582582473755,,,,,,,,,,,,,,,
18,results/stage18_repair_archive/stage18_dense/full_context_v2/seed_02_resumed_legacy/warm_start.history.json,DENSE,seed_02_resumed_legacy,2,last,0.21324887216091157,0.21324887216091157,0.3670180356502533,0.3226346457004547,,,,,,,,,,,,,,,
20,results/stage20_mixed_curriculum/long/seed_01/stage20_ppo.history.json,MIXED_CURRICULUM,seed_01,1,first,0.028361930552035057,-0.005131842424001159,0.07013484886205144,0.15736511614472717,1,4,903,-313.8187594829568,0.05569698972148813,0.07681650257316129,1.4412128534168005,315,5,4,-313.8187594829568,-1.3901164531707764,-0.015077339485287666,0.042985666543245316,8500.663392475795
20,results/stage20_mixed_curriculum/long/seed_01/stage20_ppo.history.json,MIXED_CURRICULUM,seed_01,1,last,-0.00046737639410100105,-0.006617245970871942,0.025306978138516945,0.6503619537528219,2000,8000,920,-669.5950389242034,0.010559009901922324,0.08755387940668855,0.7057086894738263,309,11,4,-669.5950389242034,-2.911282777786255,-0.017739128321409225,0.048596691340208054,26934.210866635043
20,results/stage20_mixed_curriculum/long/seed_01/warm_start.history.json,MIXED_CURRICULUM,seed_01,1,first,0.8821421110630036,0.8821421110630036,1.4233181393146515,1.3375184082984923,,,,,,,,,,,,,,,
20,results/stage20_mixed_curriculum/long/seed_01/warm_start.history.json,MIXED_CURRICULUM,seed_01,1,last,0.3186734437942505,0.3186734437942505,1.50959896966815,0.38685279548168183,,,,,,,,,,,,,,,
20,results/stage20_mixed_curriculum/long/seed_02/stage20_ppo.history.json,MIXED_CURRICULUM,seed_02,2,first,0.04695080388096515,0.0037447577984682447,0.08881239181962507,0.1200149566585455,1,4,906,-201.69667250094798,0.07035929732705097,0.07068965519810545,1.2944866467010359,313,7,4,-201.69667250094798,-0.8904930353164673,-0.015263397246599197,0.054275039583444595,3403.757200476239
20,results/stage20_mixed_curriculum/long/seed_02/stage20_ppo.history.json,MIXED_CURRICULUM,seed_02,2,last,0.0007530215019681331,-0.0076113394782717884,0.032844381378803016,0.8057829668295795,2000,8000,928,-659.4401147992244,0.01269994830263072,0.08378232758620689,0.7824801622793592,304,16,4,-659.4401147992244,-2.842414379119873,-0.017436308786273003,0.04428752884268761,26574.53242673541
20,results/stage20_mixed_curriculum/long/seed_02/warm_start.history.json,MIXED_CURRICULUM,seed_02,2,first,1.0344624495506287,1.0344624495506287,0.7504085124656558,1.5489862442016602,,,,,,,,,,,,,,,
20,results/stage20_mixed_curriculum/long/seed_02/warm_start.history.json,MIXED_CURRICULUM,seed_02,2,last,0.08661415535956621,0.08661415535956621,0.685808723848313,0.17851702578365802,,,,,,,,,,,,,,,
20,results/stage20_mixed_curriculum/long/seed_03/stage20_ppo.history.json,MIXED_CURRICULUM,seed_03,3,first,0.037941485927400084,0.005630930203237924,0.06653547478069005,0.0957182295528112,1,4,915,-489.97718619417117,0.11711832905059745,0.07042593014394415,1.6380065542099804,308,12,4,-489.97718619417117,-2.141976833343506,-0.012457198463380337,0.03774384781718254,29565.745776092073
20,results/stage20_mixed_curriculum/long/seed_03/stage20_ppo.history.json,MIXED_CURRICULUM,seed_03,3,last,0.010950770413759968,-0.001130084667740197,0.038022388025700786,0.6930339550920601,2000,8000,919,-426.26007564319286,0.021238078997502553,0.11059314092813895,0.872265360864072,308,12,4,-426.26007564319286,-1.8553212881088257,-0.012614144943654537,0.03977736830711365,21633.28780988933
20,results/stage20_mixed_curriculum/long/seed_03/warm_start.history.json,MIXED_CURRICULUM,seed_03,3,first,1.0071190047264098,1.0071190047264098,1.1147716367617249,1.5521242570877076,,,,,,,,,,,,,,,
20,results/stage20_mixed_curriculum/long/seed_03/warm_start.history.json,MIXED_CURRICULUM,seed_03,3,last,0.2503722523897886,0.2503722523897886,1.0682061867043375,0.15908081956207754,,,,,,,,,,,,,,,
20,results/stage20_mixed_curriculum/long/seed_04/stage20_ppo.history.json,MIXED_CURRICULUM,seed_04,4,first,0.0381067515198334,0.0028729155651646956,0.07273121017577319,0.11317686634218513,1,4,911,-328.6616685983406,0.0685186224250958,0.06314655181405873,1.2803695610049983,311,9,3,-328.6616685983406,-1.4430809020996094,-0.012542719021439552,0.04637013375759125,13237.256959259095
20,results/stage20_mixed_curriculum/long/seed_04/stage20_ppo.history.json,MIXED_CURRICULUM,seed_04,4,last,0.007322594033682655,-0.0023817887031954937,0.03458411020130433,0.7587670604216641,2000,8000,926,-518.5880834038344,0.014753464440783036,0.07235991389587007,0.7444377601917448,302,18,4,-518.5880834038344,-2.240121603012085,-0.015426221303641796,0.0418509803712368,21087.44077628814
20,results/stage20_mixed_curriculum/long/seed_04/warm_start.history.json,MIXED_CURRICULUM,seed_04,4,first,0.8802094078063964,0.8802094078063964,1.5027879577875138,1.2860401904582976,,,,,,,,,,,,,,,
20,results/stage20_mixed_curriculum/long/seed_04/warm_start.history.json,MIXED_CURRICULUM,seed_04,4,last,0.2533819196000695,0.2533819196000695,1.4223182103037835,0.15481023654341697,,,,,,,,,,,,,,,
20,results/stage20_mixed_curriculum/long/seed_05/stage20_ppo.history.json,MIXED_CURRICULUM,seed_05,5,first,0.038281988565296195,0.003908201016421462,0.0708725633709852,0.10624948445265231,1,4,910,-542.0517706621966,0.2044607872657221,0.06992764783830478,2.0495883711966973,311,9,4,-542.0517706621966,-2.3826451301574707,-0.014438195154070854,0.04542752355337143,27232.834434574877
20,results/stage20_mixed_curriculum/long/seed_05/stage20_ppo.history.json,MIXED_CURRICULUM,seed_05,5,last,0.00176047850881928,-0.0024848806446996228,0.022788575364694256,0.7148927968589525,2000,8000,919,-304.1066480891109,0.05223276463220827,0.11203382684495942,0.7702756599234096,305,15,4,-304.1066480891109,-1.3236414194107056,-0.00803939439356327,0.023811668157577515,27107.79074027731
20,results/stage20_mixed_curriculum/long/seed_05/warm_start.history.json,MIXED_CURRICULUM,seed_05,5,first,1.0387221431732179,1.0387221431732179,0.9845657453685999,1.48105890750885,,,,,,,,,,,,,,,
20,results/stage20_mixed_curriculum/long/seed_05/warm_start.history.json,MIXED_CURRICULUM,seed_05,5,last,0.07303840755484999,0.07303840755484999,0.991558911013417,0.14657703103497624,,,,,,,,,,,,,,,
20,results/stage20_mixed_curriculum/long/seed_06/stage20_ppo.history.json,MIXED_CURRICULUM,seed_06,6,first,0.04964579200645074,0.00226393290634813,0.09792977585938983,0.15830289635100755,1,4,912,-366.8576720469299,0.08772142634502259,0.07354525862068965,1.3494814874540115,309,11,3,-366.8576720469299,-1.6090248823165894,-0.013135003857314587,0.04332853481173515,15006.006381126033
20,results/stage20_mixed_curriculum/long/seed_06/stage20_ppo.history.json,MIXED_CURRICULUM,seed_06,6,last,-0.010481597125080639,-0.011517872086501327,0.012173856792224828,0.5050652904279433,2000,8000,906,-212.89966468383247,0.04654782807521205,0.1168103448661237,1.0381264980111657,306,14,4,-212.89966468383247,-0.939954400062561,-0.006698315963149071,0.023095211014151573,19691.660252790243
20,results/stage20_mixed_curriculum/long/seed_06/warm_start.history.json,MIXED_CURRICULUM,seed_06,6,first,0.9790388238430023,0.9790388238430023,1.4439777399599552,1.472015519142151,,,,,,,,,,,,,,,
20,results/stage20_mixed_curriculum/long/seed_06/warm_start.history.json,MIXED_CURRICULUM,seed_06,6,last,0.09875688279047608,0.09875688279047608,1.4235152116417884,0.17078759342432023,,,,,,,,,,,,,,,
20,results/stage20_mixed_curriculum/long/seed_07/stage20_ppo.history.json,MIXED_CURRICULUM,seed_07,7,first,0.04437191484913487,0.003922426438858283,0.08293738718754773,0.10192040582551429,1,4,910,-369.5959034205532,0.1240690484639564,0.07062038188350611,1.1744633260793214,313,7,3,-369.5959034205532,-1.6245973110198975,-0.013833942823112011,0.048315394669771194,13791.118943751777
20,results/stage20_mixed_curriculum/long/seed_07/stage20_ppo.history.json,MIXED_CURRICULUM,seed_07,7,last,0.008654485729619348,-0.0018355230527833618,0.03375833581306104,0.6389160770280607,2000,8000,909,-446.7689110022225,0.026052584767277384,0.10976873344645419,0.9899806301912357,310,10,4,-446.7689110022225,-1.965979814529419,-0.012201751582324505,0.03501967340707779,25960.541364540153
20,results/stage20_mixed_curriculum/long/seed_07/warm_start.history.json,MIXED_CURRICULUM,seed_07,7,first,0.9150235140323639,0.9150235140323639,1.662484953403473,1.3348281168937683,,,,,,,,,,,,,,,
20,results/stage20_mixed_curriculum/long/seed_07/warm_start.history.json,MIXED_CURRICULUM,seed_07,7,last,0.15540068097412585,0.15540068097412585,1.697654896080494,0.14208324573934078,,,,,,,,,,,,,,,
20,results/stage20_mixed_curriculum/long/seed_08/stage20_ppo.history.json,MIXED_CURRICULUM,seed_08,8,first,0.03623210611062702,0.005195666329357131,0.0638245460737882,0.08758327261929136,1,4,916,-381.71404587649056,0.07973369590512573,0.043750000025691654,1.3300258785743138,312,8,4,-381.71404587649056,-1.666873574256897,-0.01596326008439064,0.05168784409761429,10903.404518556137
20,results/stage20_mixed_curriculum/long/seed_08/stage20_ppo.history.json,MIXED_CURRICULUM,seed_08,8,last,0.011451722580361468,-0.004962279092006642,0.050015887454280566,0.8593943219246536,2000,8000,909,-580.6204788140999,0.013429557398796595,0.08117125343916745,0.8305841049757497,301,19,4,-580.6204788140999,-2.554985523223877,-0.016646146774291992,0.04118897393345833,23558.601423720338
20,results/stage20_mixed_curriculum/long/seed_08/warm_start.history.json,MIXED_CURRICULUM,seed_08,8,first,1.0449264693260192,1.0449264693260192,1.1985871493816376,1.569968192577362,,,,,,,,,,,,,,,
20,results/stage20_mixed_curriculum/long/seed_08/warm_start.history.json,MIXED_CURRICULUM,seed_08,8,last,0.10178951237350703,0.10178951237350703,1.2298083042353392,0.14821645967662334,,,,,,,,,,,,,,,
20,results/stage20_mixed_curriculum/long/seed_09/stage20_ppo.history.json,MIXED_CURRICULUM,seed_09,9,first,0.034956391398485845,-0.00676054366189858,0.08511272236576368,0.08394250267181257,1,4,917,-436.2602658371426,0.11057373207937606,0.06403940900004115,1.2315171160574616,307,13,3,-436.2602658371426,-1.902989149093628,-0.01600838266313076,0.05018094554543495,14131.155793636617
20,results/stage20_mixed_curriculum/long/seed_09/stage20_ppo.history.json,MIXED_CURRICULUM,seed_09,9,last,0.0011833149875546325,-0.005584543366145728,0.0295918063212443,0.8028045093704914,2000,8000,919,-777.9010800369016,0.0005402979280414252,0.057744565227165305,0.6253764753968551,307,13,4,-777.9010800369016,-3.3858590126037598,-0.020940210670232773,0.052796900272369385,26144.21227406004
20,results/stage20_mixed_curriculum/long/seed_09/warm_start.history.json,MIXED_CURRICULUM,seed_09,9,first,1.013539788722992,1.013539788722992,0.9015644378215074,1.4039966011047362,,,,,,,,,,,,,,,
20,results/stage20_mixed_curriculum/long/seed_09/warm_start.history.json,MIXED_CURRICULUM,seed_09,9,last,0.05931091781705618,0.05931091781705618,0.9637417151033878,0.13599571973085403,,,,,,,,,,,,,,,
20,results/stage20_mixed_curriculum/long/seed_10/stage20_ppo.history.json,MIXED_CURRICULUM,seed_10,10,first,0.04695321486134821,0.014840582883435077,0.06628741091117263,0.10310741013080557,1,4,902,-502.2761428907464,0.0572678731726322,0.06537356330402966,1.8979402929544449,309,11,4,-502.2761428907464,-2.227388620376587,-0.01380233559757471,0.04407825320959091,26042.744716092468
20,results/stage20_mixed_curriculum/long/seed_10/stage20_ppo.history.json,MIXED_CURRICULUM,seed_10,10,last,0.008876439416781068,0.002551509420676478,0.028216057354664623,0.77830989324841,2000,8000,904,-985.9675715015073,0.004707750446837524,0.08728448275862069,1.2643774896860123,306,14,4,-985.9675715015073,-4.3626885414123535,-0.027617013081908226,0.06770112365484238,24954.85132663651
20,results/stage20_mixed_curriculum/long/seed_10/warm_start.history.json,MIXED_CURRICULUM,seed_10,10,first,1.0773856961727142,1.0773856961727142,0.7101885740575381,1.5735326981544495,,,,,,,,,,,,,,,
20,results/stage20_mixed_curriculum/long/seed_10/warm_start.history.json,MIXED_CURRICULUM,seed_10,10,last,0.21802158009260894,0.21802158009260894,0.7708893472561613,0.13393346324563027,,,,,,,,,,,,,,,
20,results/stage20_mixed_curriculum/short_gate/seed_01/stage20_ppo.history.json,MIXED_CURRICULUM,seed_01,1,first,0.15487694588955492,-0.03528762987116352,0.387107165530324,0.3389006797224283,1,1,228,-257.78827395099165,0.06683336602873169,0.0498046875,1.9687142735347152,79,1,4,-257.78827395099165,-1.130650281906128,-0.033314432948827744,0.09487888962030411,1151.83875754314
20,results/stage20_mixed_curriculum/short_gate/seed_01/stage20_ppo.history.json,MIXED_CURRICULUM,seed_01,1,last,0.18660384748363867,0.02797009504865855,0.3256321279332042,0.41823136305902153,3,3,226,-252.78301295460366,0.04752047616057098,0.087890625,2.7051413292065263,79,1,4,-252.78301295460366,-1.1185089349746704,-0.02846781350672245,0.08168249577283859,1543.7276825804222
20,results/stage20_mixed_curriculum/short_gate/seed_01/warm_start.history.json,MIXED_CURRICULUM,seed_01,1,first,2.489456262588501,2.489456262588501,0.9568327938579023,2.679223747253418,,,,,,,,,,,,,,,
20,results/stage20_mixed_curriculum/short_gate/seed_01/warm_start.history.json,MIXED_CURRICULUM,seed_01,1,last,0.5139590239524842,0.5139590239524842,1.1475643947720529,0.8051968836784362,,,,,,,,,,,,,,,
20,results/stage20_mixed_curriculum/short_gate/seed_02/stage20_ppo.history.json,MIXED_CURRICULUM,seed_02,2,first,0.14269313623663038,-0.023323683999478817,0.3372915415093303,0.2628952466213832,1,1,230,-448.2281647412626,0.028114011661578786,0.07649739598855376,1.388773502316326,77,3,3,-448.2281647412626,-1.9488180875778198,-0.036613378673791885,0.08270540088415146,2833.107669696526
20,results/stage20_mixed_curriculum/short_gate/seed_02/stage20_ppo.history.json,MIXED_CURRICULUM,seed_02,2,last,0.05989047352341004,0.035533179237972945,0.053837914078030735,0.2561664219766615,2,2,228,-23.08809703838968,0.019560445347451605,0.0556640625,0.8801407744176686,78,2,3,-23.08809703838968,-0.10126359015703201,-0.0014471178874373436,0.02658006362617016,4896.64805864272
20,results/stage20_mixed_curriculum/short_gate/seed_02/warm_start.history.json,MIXED_CURRICULUM,seed_02,2,first,2.5834620666503905,2.5834620666503905,0.8342363196611404,2.7742858123779297,,,,,,,,,,,,,,,
20,results/stage20_mixed_curriculum/short_gate/seed_02/warm_start.history.json,MIXED_CURRICULUM,seed_02,2,last,0.46513527393341064,0.46513527393341064,0.7576064854860306,0.6559698939323425,,,,,,,,,,,,,,,
20,results/stage20_mixed_curriculum/short_gate/seed_03/stage20_ppo.history.json,MIXED_CURRICULUM,seed_03,3,first,0.1257014297589194,-0.022600171389058232,0.3016319393645972,0.25143689286051085,1,1,229,-135.67489086306057,0.06573113218618687,0.05312500009313226,1.4478708980605006,78,2,3,-135.67489086306057,-0.5924667716026306,-0.025431068614125252,0.09134437143802643,542.7487225592212
20,results/stage20_mixed_curriculum/short_gate/seed_03/stage20_ppo.history.json,MIXED_CURRICULUM,seed_03,3,last,0.17471953615313396,0.0007209909963421524,0.35361192002892494,0.28074152633780614,2,2,229,-142.4015735555078,0.004727016261313111,0.05019531259313226,1.427000092342496,77,3,3,-142.4015735555078,-0.6218408942222595,-0.019852520897984505,0.08358019590377808,981.1318101020019
20,results/stage20_mixed_curriculum/short_gate/seed_03/warm_start.history.json,MIXED_CURRICULUM,seed_03,3,first,2.5531405448913573,2.5531405448913573,1.596555488705635,2.7471841526031495,,,,,,,,,,,,,,,
20,results/stage20_mixed_curriculum/short_gate/seed_03/warm_start.history.json,MIXED_CURRICULUM,seed_03,3,last,0.4539214038848877,0.4539214038848877,1.4541498693823813,0.6685200262069703,,,,,,,,,,,,,,,
22,results/stage22_algorithm_ablation/long/fixed_gamma/seed_01/stage22_ppo.history.json,,seed_01,1,first,0.03421940103450244,-0.003324172740545252,0.07844079262576997,0.1676821883784064,1,4,903,-313.8187594829568,0.07979683870256975,0.08447506163140824,1.1235517849824552,315,5,4,-313.8187594829568,-1.3901164531707764,-0.015842625871300697,0.04516750946640968,7699.242086530737
22,results/stage22_algorithm_ablation/long/fixed_gamma/seed_01/stage22_ppo.history.json,,seed_01,1,last,0.008468184150466374,0.0011139974511902907,0.027932632325120783,0.6612128690527431,2000,8000,913,-673.7672285258614,0.0014736876533976916,0.09143635903581462,0.9792038367996956,309,11,4,-673.7672285258614,-2.9518826007843018,-0.018626293167471886,0.04728975519537926,25115.70177692487
22,results/stage22_algorithm_ablation/long/fixed_gamma/seed_01/warm_start.history.json,,seed_01,1,first,0.8821421110630036,0.8821421110630036,1.4233181393146515,1.3375184082984923,,,,,,,,,,,,,,,
22,results/stage22_algorithm_ablation/long/fixed_gamma/seed_01/warm_start.history.json,,seed_01,1,last,0.3186734437942505,0.3186734437942505,1.50959896966815,0.38685279548168183,,,,,,,,,,,,,,,
22,results/stage22_algorithm_ablation/long/fixed_gamma/seed_02/stage22_ppo.history.json,,seed_02,2,first,0.032234658049580096,-0.0005806863853900597,0.06824584918674724,0.13075793707883443,1,4,906,-201.69667250094798,0.0925612767323338,0.0814116380723386,1.2541641427268242,313,7,4,-201.69667250094798,-0.8904930353164673,-0.013558715581893921,0.04821337014436722,4313.441078904855
22,results/stage22_algorithm_ablation/long/fixed_gamma/seed_02/stage22_ppo.history.json,,seed_02,2,last,-0.0031452634741134687,-0.009357233852918806,0.027237863898084594,0.7406961830525562,2000,8000,909,-633.6476109089177,0.00968581487842161,0.10096153854553042,0.7186079424131533,303,17,4,-633.6476109089177,-2.788328170776367,-0.017499905079603195,0.04442199692130089,25387.295464533945
22,results/stage22_algorithm_ablation/long/fixed_gamma/seed_02/warm_start.history.json,,seed_02,2,first,1.0344624495506287,1.0344624495506287,0.7504085124656558,1.5489862442016602,,,,,,,,,,,,,,,
22,results/stage22_algorithm_ablation/long/fixed_gamma/seed_02/warm_start.history.json,,seed_02,2,last,0.08661415535956621,0.08661415535956621,0.685808723848313,0.17851702578365802,,,,,,,,,,,,,,,
22,results/stage22_algorithm_ablation/long/fixed_gamma/seed_03/stage22_ppo.history.json,,seed_03,3,first,0.03555233544064886,0.005395974048638138,0.06207056007556746,0.08789189333113208,1,4,915,-489.97718619417117,0.09446919959222654,0.06458427859791394,1.50507303552124,308,12,4,-489.97718619417117,-2.141976833343506,-0.011529767885804176,0.034933846443891525,34513.4494285171
22,results/stage22_algorithm_ablation/long/fixed_gamma/seed_03/stage22_ppo.history.json,,seed_03,3,last,0.005874160958197096,-0.0015433460538243425,0.027454351066964967,0.6309668799412662,2000,8000,918,-458.8876114532142,0.025473959001327127,0.0845905173698376,0.7991253588477085,305,15,4,-458.8876114532142,-1.9995102882385254,-0.01188037171959877,0.038929764181375504,28326.134961600103
22,results/stage22_algorithm_ablation/long/fixed_gamma/seed_03/warm_start.history.json,,seed_03,3,first,1.0071190047264098,1.0071190047264098,1.1147716367617249,1.5521242570877076,,,,,,,,,,,,,,,
22,results/stage22_algorithm_ablation/long/fixed_gamma/seed_03/warm_start.history.json,,seed_03,3,last,0.2503722523897886,0.2503722523897886,1.0682061867043375,0.15908081956207754,,,,,,,,,,,,,,,
22,results/stage22_algorithm_ablation/long/fixed_gamma/seed_04/stage22_ppo.history.json,,seed_04,4,first,0.041380271869551004,0.0036247030045066415,0.07788001326844096,0.11844375316085744,1,4,911,-328.6616685983406,0.07353412134348061,0.06752873571782277,1.2427026726433943,311,9,3,-328.6616685983406,-1.4430809020996094,-0.012070958502590656,0.04462604969739914,14292.157330802644
22,results/stage22_algorithm_ablation/long/fixed_gamma/seed_04/stage22_ppo.history.json,,seed_04,4,last,0.0022116912737617203,-0.007671720613243765,0.031005735681713397,0.5619455673571291,2000,8000,923,-560.5234535050189,0.007217552605213533,0.11849457218215384,0.9831792290868431,302,18,4,-560.5234535050189,-2.4291372299194336,-0.015971295535564423,0.04079198092222214,23132.565763471015
22,results/stage22_algorithm_ablation/long/fixed_gamma/seed_04/warm_start.history.json,,seed_04,4,first,0.8802094078063964,0.8802094078063964,1.5027879577875138,1.2860401904582976,,,,,,,,,,,,,,,
22,results/stage22_algorithm_ablation/long/fixed_gamma/seed_04/warm_start.history.json,,seed_04,4,last,0.2533819196000695,0.2533819196000695,1.4223182103037835,0.15481023654341697,,,,,,,,,,,,,,,
22,results/stage22_algorithm_ablation/long/fixed_gamma/seed_05/stage22_ppo.history.json,,seed_05,5,first,0.030432012638655203,-0.0028918991106209055,0.06813908717595041,0.07456319884182323,1,4,910,-542.0517706621966,0.16298879528867788,0.06084513555056062,1.2962784340669369,311,9,4,-542.0517706621966,-2.3826451301574707,-0.013380027376115322,0.042098164558410645,31710.617404866436
22,results/stage22_algorithm_ablation/long/fixed_gamma/seed_05/stage22_ppo.history.json,,seed_05,5,last,0.0007117894189111117,0.0001448256220540096,0.012548366242393466,0.5707218130922009,2000,8000,907,-246.22709060652653,0.029517392370978307,0.10844435748355143,1.1867093095748589,305,15,4,-246.22709060652653,-1.0858967304229736,-0.007025572005659342,0.02314738743007183,23889.86482814409
22,results/stage22_algorithm_ablation/long/fixed_gamma/seed_05/warm_start.history.json,,seed_05,5,first,1.0387221431732179,1.0387221431732179,0.9845657453685999,1.48105890750885,,,,,,,,,,,,,,,
22,results/stage22_algorithm_ablation/long/fixed_gamma/seed_05/warm_start.history.json,,seed_05,5,last,0.07303840755484999,0.07303840755484999,0.991558911013417,0.14657703103497624,,,,,,,,,,,,,,,
22,results/stage22_algorithm_ablation/long/fixed_gamma/seed_06/stage22_ppo.history.json,,seed_06,6,first,0.046682007592733436,0.003050293050834845,0.08986807633833639,0.13023237698081205,1,4,912,-366.8576720469299,0.09742995314219774,0.06573275862068965,1.4545499469185699,309,11,3,-366.8576720469299,-1.6090248823165894,-0.011889087967574596,0.03921861946582794,18315.9115242413
22,results/stage22_algorithm_ablation/long/fixed_gamma/seed_06/stage22_ppo.history.json,,seed_06,6,last,-0.008478886724835068,-0.006965709167757425,0.010410271870004463,0.6718313949632233,2000,8000,920,-332.94551770340706,0.06689314117077096,0.13945761499605303,0.9571558854960162,303,17,4,-332.94551770340706,-1.4475892782211304,-0.009664801880717278,0.03114652819931507,22433.895526322634
22,results/stage22_algorithm_ablation/long/fixed_gamma/seed_06/warm_start.history.json,,seed_06,6,first,0.9790388238430023,0.9790388238430023,1.4439777399599552,1.472015519142151,,,,,,,,,,,,,,,
22,results/stage22_algorithm_ablation/long/fixed_gamma/seed_06/warm_start.history.json,,seed_06,6,last,0.09875688279047608,0.09875688279047608,1.4235152116417884,0.17078759342432023,,,,,,,,,,,,,,,
22,results/stage22_algorithm_ablation/long/fixed_gamma/seed_07/stage22_ppo.history.json,,seed_07,7,first,0.05704887449974194,0.014745871664891982,0.08676554394307835,0.10797693775083612,1,4,910,-369.5959034205532,0.12446871000354114,0.07781711830918131,2.065100218458422,313,7,3,-369.5959034205532,-1.6245973110198975,-0.013564877212047577,0.04737567529082298,14343.65062639725
22,results/stage22_algorithm_ablation/long/fixed_gamma/seed_07/stage22_ppo.history.json,,seed_07,7,last,0.018003182879103154,0.007696278778643444,0.03668244693283763,0.8034319756873722,2000,8000,903,-523.8966597824682,0.022029842778935965,0.10298645342218465,1.026982921978523,311,9,4,-523.8966597824682,-2.3206939697265625,-0.014381117187440395,0.039412595331668854,26040.57011694553
22,results/stage22_algorithm_ablation/long/fixed_gamma/seed_07/warm_start.history.json,,seed_07,7,first,0.9150235140323639,0.9150235140323639,1.662484953403473,1.3348281168937683,,,,,,,,,,,,,,,
22,results/stage22_algorithm_ablation/long/fixed_gamma/seed_07/warm_start.history.json,,seed_07,7,last,0.15540068097412585,0.15540068097412585,1.697654896080494,0.14208324573934078,,,,,,,,,,,,,,,
22,results/stage22_algorithm_ablation/long/fixed_gamma/seed_08/stage22_ppo.history.json,,seed_08,8,first,0.036162732419927186,0.0027998521570758573,0.06852981905003303,0.09020295566545522,1,4,916,-381.71404587649056,0.09517823201845046,0.046443965542933036,1.2360911559441994,312,8,4,-381.71404587649056,-1.666873574256897,-0.016389433294534683,0.053067754954099655,10343.738297127882
22,results/stage22_algorithm_ablation/long/fixed_gamma/seed_08/stage22_ppo.history.json,,seed_08,8,last,0.011638740286359498,0.0021646016454002982,0.03392821753493928,0.7489970371384045,2000,8000,917,-554.5311388376248,0.04828824632769001,0.1390727628343578,1.0907773773731857,301,19,4,-554.5311388376248,-2.4188926219940186,-0.016349563375115395,0.038521260023117065,21888.74610479592
22,results/stage22_algorithm_ablation/long/fixed_gamma/seed_08/warm_start.history.json,,seed_08,8,first,1.0449264693260192,1.0449264693260192,1.1985871493816376,1.569968192577362,,,,,,,,,,,,,,,
22,results/stage22_algorithm_ablation/long/fixed_gamma/seed_08/warm_start.history.json,,seed_08,8,last,0.10178951237350703,0.10178951237350703,1.2298083042353392,0.14821645967662334,,,,,,,,,,,,,,,
22,results/stage22_algorithm_ablation/long/fixed_gamma/seed_09/stage22_ppo.history.json,,seed_09,9,first,0.032169560249493426,-0.00731485009450337,0.08058347810734191,0.08073293332739107,1,4,917,-436.2602658371426,0.10287678855118053,0.06795207314707082,1.2591549797818578,307,13,3,-436.2602658371426,-1.902989149093628,-0.014767046086490154,0.04628976061940193,16606.778072463298
22,results/stage22_algorithm_ablation/long/fixed_gamma/seed_09/stage22_ppo.history.json,,seed_09,9,last,-0.0021210068812722274,-0.007398964323360345,0.023464221583582974,0.6454152891348148,2000,8000,921,-711.3598319352645,0.005765875560584767,0.08573275855902968,0.6257705652508242,308,12,4,-711.3598319352645,-3.089510917663574,-0.019771629944443703,0.05026797577738762,24417.11868258379
22,results/stage22_algorithm_ablation/long/fixed_gamma/seed_09/warm_start.history.json,,seed_09,9,first,1.013539788722992,1.013539788722992,0.9015644378215074,1.4039966011047362,,,,,,,,,,,,,,,
22,results/stage22_algorithm_ablation/long/fixed_gamma/seed_09/warm_start.history.json,,seed_09,9,last,0.05931091781705618,0.05931091781705618,0.9637417151033878,0.13599571973085403,,,,,,,,,,,,,,,
22,results/stage22_algorithm_ablation/long/fixed_gamma/seed_10/stage22_ppo.history.json,,seed_10,10,first,0.0412008263730717,0.010320731406581813,0.06376155172394396,0.10006813569266856,1,4,902,-502.2761428907464,0.07621081969259179,0.06160201157989173,1.5999536930487073,309,11,4,-502.2761428907464,-2.227388620376587,-0.012799364514648914,0.040875229984521866,30284.1354979106
22,results/stage22_algorithm_ablation/long/fixed_gamma/seed_10/stage22_ppo.history.json,,seed_10,10,last,0.011721560583000296,0.003730015122684939,0.029356278575442988,0.6686595054022197,2000,8000,903,-904.2821309520589,0.0010028553660959005,0.088015702135604,1.1232761519736256,309,11,4,-904.2821309520589,-4.005679130554199,-0.02612287923693657,0.06268094480037689,23513.120117978902
22,results/stage22_algorithm_ablation/long/fixed_gamma/seed_10/warm_start.history.json,,seed_10,10,first,1.0773856961727142,1.0773856961727142,0.7101885740575381,1.5735326981544495,,,,,,,,,,,,,,,
22,results/stage22_algorithm_ablation/long/fixed_gamma/seed_10/warm_start.history.json,,seed_10,10,last,0.21802158009260894,0.21802158009260894,0.7708893472561613,0.13393346324563027,,,,,,,,,,,,,,,
22,results/stage22_algorithm_ablation/long/no_context_interaction/seed_01/stage22_ppo.history.json,,seed_01,1,first,0.014579537925752008,0.0008989559839768656,0.029593856949038034,0.11163456991700263,1,4,908,-320.1111626938122,0.1299789251798788,0.0635775862711257,1.2816026310982376,315,5,4,-320.1111626938122,-1.4101812839508057,-0.014592746272683144,0.041357725858688354,9338.47297713062
22,results/stage22_algorithm_ablation/long/no_context_interaction/seed_01/stage22_ppo.history.json,,seed_01,1,last,0.014134406473423386,0.006818149335168559,0.028424756424822683,0.6896121120401497,2000,8000,906,-596.8427501401748,-0.0027942591696046293,0.09364224141784783,0.5210134369032137,309,11,4,-596.8427501401748,-2.6350674629211426,-0.019224874675273895,0.05533652380108833,18786.951167529813
22,results/stage22_algorithm_ablation/long/no_context_interaction/seed_01/warm_start.history.json,,seed_01,1,first,1.1108857572078705,1.1108857572078705,1.2769365946948528,1.6669445371627807,,,,,,,,,,,,,,,
22,results/stage22_algorithm_ablation/long/no_context_interaction/seed_01/warm_start.history.json,,seed_01,1,last,0.08439911173656583,0.08439911173656583,1.1970640827948227,0.1293162350356579,,,,,,,,,,,,,,,
22,results/stage22_algorithm_ablation/long/no_context_interaction/seed_02/stage22_ppo.history.json,,seed_02,2,first,0.020020577482525902,-0.0002664040035471834,0.042563663117170074,0.09948503633093989,1,4,909,-201.45031431131,0.05694831157873931,0.047745358134652006,1.054359710678972,313,7,4,-201.45031431131,-0.8864700198173523,-0.015175270847976208,0.05375378206372261,3412.363050232321
22,results/stage22_algorithm_ablation/long/no_context_interaction/seed_02/stage22_ppo.history.json,,seed_02,2,last,0.0028070300428100444,-0.008387146646092677,0.02932968393273266,0.3470664979761531,2000,8000,919,-390.09424645841614,0.012835956463622379,0.07616894679336712,0.774865815223291,313,7,4,-390.09424645841614,-1.697907567024231,-0.013440529815852642,0.04530114680528641,15958.617344223543
22,results/stage22_algorithm_ablation/long/no_context_interaction/seed_02/warm_start.history.json,,seed_02,2,first,1.2842468571662904,1.2842468571662904,0.9574595634796423,1.9158222341537476,,,,,,,,,,,,,,,
22,results/stage22_algorithm_ablation/long/no_context_interaction/seed_02/warm_start.history.json,,seed_02,2,last,0.057113219555467366,0.057113219555467366,1.1702799786883407,0.12466952815651894,,,,,,,,,,,,,,,
22,results/stage22_algorithm_ablation/long/no_context_interaction/seed_03/stage22_ppo.history.json,,seed_03,3,first,0.028822780944555516,0.00982840200243839,0.03983544987016197,0.09233467962274657,1,4,908,-509.1585797287902,0.11744305686543471,0.06474497130718725,0.8438071081864422,308,12,4,-509.1585797287902,-2.2429893016815186,-0.012202674522995949,0.03905352205038071,33786.59929757982
22,results/stage22_algorithm_ablation/long/no_context_interaction/seed_03/stage22_ppo.history.json,,seed_03,3,last,-0.0012634198285703514,-0.006510750575248024,0.025418563958674926,0.7461951028170257,2000,8000,917,-362.9473531850939,0.02915815858407235,0.11821377270951353,0.7089956567205232,307,13,4,-362.9473531850939,-1.5831944942474365,-0.010931963101029396,0.03474180027842522,20973.569901069546
22,results/stage22_algorithm_ablation/long/no_context_interaction/seed_03/warm_start.history.json,,seed_03,3,first,1.2378206980228423,1.2378206980228423,0.9419661744008772,1.7734435534477233,,,,,,,,,,,,,,,
22,results/stage22_algorithm_ablation/long/no_context_interaction/seed_03/warm_start.history.json,,seed_03,3,last,0.09483595103025437,0.09483595103025437,0.8910405686870218,0.13426839329302312,,,,,,,,,,,,,,,
22,results/stage22_algorithm_ablation/long/no_context_interaction/seed_04/stage22_ppo.history.json,,seed_04,4,first,0.03667988334702135,0.01491103279564915,0.044990922922493314,0.07266110465689994,1,4,915,-383.568464809991,0.10138776439948585,0.04204004084498718,2.7918425452221056,311,9,4,-383.568464809991,-1.676802158355713,-0.013345018029212952,0.04641774296760559,15787.930587732215
22,results/stage22_algorithm_ablation/long/no_context_interaction/seed_04/stage22_ppo.history.json,,seed_04,4,last,0.00452392655103628,-0.008947063927891952,0.035218211400707994,0.41381160266183575,2000,8000,918,-353.59683477365184,0.006198275681777761,0.08236187311082051,1.0395106877489337,300,20,4,-353.59683477365184,-1.540726900100708,-0.012895605526864529,0.04138869792222977,14274.72877737859
22,results/stage22_algorithm_ablation/long/no_context_interaction/seed_04/warm_start.history.json,,seed_04,4,first,1.2315615808963776,1.2315615808963776,1.0286619901144878,1.6534616804122926,,,,,,,,,,,,,,,
22,results/stage22_algorithm_ablation/long/no_context_interaction/seed_04/warm_start.history.json,,seed_04,4,last,0.19727894775569438,0.19727894775569438,1.0663533873111009,0.1405553662031889,,,,,,,,,,,,,,,
22,results/stage22_algorithm_ablation/long/no_context_interaction/seed_05/stage22_ppo.history.json,,seed_05,5,first,0.018678656060666102,0.00024315241146190413,0.04156121388398882,0.23451048253778498,1,4,914,-515.2386295043008,0.12327216030901363,0.10701029699552676,1.2411441637909617,311,9,4,-515.2386295043008,-2.254873752593994,-0.014336138032376766,0.046347204595804214,24738.882101269584
22,results/stage22_algorithm_ablation/long/no_context_interaction/seed_05/stage22_ppo.history.json,,seed_05,5,last,-0.0006576451424766203,-0.005592989767419881,0.018999993400688378,0.45646518545931786,2000,8000,903,-180.76550515270984,0.009858555634152787,0.08878540645899444,1.0053896030475353,305,15,3,-180.76550515270984,-0.8007330298423767,-0.0064683048985898495,0.029646966606378555,15324.791987656907
22,results/stage22_algorithm_ablation/long/no_context_interaction/seed_05/warm_start.history.json,,seed_05,5,first,1.2272570157051086,1.2272570157051086,1.0442807666794396,1.7241804504394531,,,,,,,,,,,,,,,
22,results/stage22_algorithm_ablation/long/no_context_interaction/seed_05/warm_start.history.json,,seed_05,5,last,0.11810289047658444,0.11810289047658444,0.9591727555543185,0.14651673927903175,,,,,,,,,,,,,,,
22,results/stage22_algorithm_ablation/long/no_context_interaction/seed_06/stage22_ppo.history.json,,seed_06,6,first,0.011694792750419984,-0.0055137329799090995,0.03655546947968481,0.10692080947297529,1,4,911,-368.1999613513722,0.19061224125646825,0.07068965526233459,1.1803496743969877,309,11,3,-368.1999613513722,-1.6166847944259644,-0.013199872337281704,0.04393503814935684,15000.690131509848
22,results/stage22_algorithm_ablation/long/no_context_interaction/seed_06/stage22_ppo.history.json,,seed_06,6,last,-0.0014716118236939456,0.0006460874052397136,0.012776761616837105,0.850608103491109,2000,8000,909,-277.73991426259533,0.033179314068422235,0.1134366712950427,1.0135482145023758,304,16,4,-277.73991426259533,-1.2221778631210327,-0.008221062831580639,0.02757265977561474,22101.049507145286
22,results/stage22_algorithm_ablation/long/no_context_interaction/seed_06/warm_start.history.json,,seed_06,6,first,1.1438261353969574,1.1438261353969574,1.1587111810594797,1.6625968098640442,,,,,,,,,,,,,,,
22,results/stage22_algorithm_ablation/long/no_context_interaction/seed_06/warm_start.history.json,,seed_06,6,last,0.04956829806789756,0.04956829806789756,1.0623800736293196,0.11312725901603699,,,,,,,,,,,,,,,
22,results/stage22_algorithm_ablation/long/no_context_interaction/seed_07/stage22_ppo.history.json,,seed_07,7,first,0.016456288894726733,-0.0003391650087874511,0.03539344609377842,0.0901269203785542,1,4,914,-391.800398948769,0.08595641263848941,0.0673790708954992,1.006505699153861,313,7,4,-391.800398948769,-1.7146625518798828,-0.013240720145404339,0.043163977563381195,16770.042350846576
22,results/stage22_algorithm_ablation/long/no_context_interaction/seed_07/stage22_ppo.history.json,,seed_07,7,last,0.006540511180807291,-0.003231249251884633,0.03235169869430106,0.6404088603910701,2000,8000,911,-518.6966226483902,0.009782049255967462,0.060686063278338004,0.5357638221105625,312,8,4,-518.6966226483902,-2.277482271194458,-0.015304632484912872,0.04912089183926582,22144.41935687165
22,results/stage22_algorithm_ablation/long/no_context_interaction/seed_07/warm_start.history.json,,seed_07,7,first,1.0985261189937592,1.0985261189937592,1.1365303789079189,1.5810309028625489,,,,,,,,,,,,,,,
22,results/stage22_algorithm_ablation/long/no_context_interaction/seed_07/warm_start.history.json,,seed_07,7,last,0.16722162671387195,0.16722162671387195,1.1943868321180344,0.1851311220228672,,,,,,,,,,,,,,,
22,results/stage22_algorithm_ablation/long/no_context_interaction/seed_08/stage22_ppo.history.json,,seed_08,8,first,0.02047974238942923,0.001322341713540513,0.03954258100691669,0.06138905227152377,1,4,916,-380.2816005479669,0.2047116652147138,0.041217672445907676,0.8689721432867749,312,8,4,-380.2816005479669,-1.6606184244155884,-0.015784088522195816,0.050421763211488724,11068.803880502019
22,results/stage22_algorithm_ablation/long/no_context_interaction/seed_08/stage22_ppo.history.json,,seed_08,8,last,0.007902697961103043,-0.007221680455680551,0.037847925740262044,0.3799584725357849,2000,8000,905,-322.553217216761,0.018267053685247385,0.08896072799789495,1.129603809709179,308,12,3,-322.553217216761,-1.425649642944336,-0.011933215893805027,0.03462338075041771,14272.84560189482
22,results/stage22_algorithm_ablation/long/no_context_interaction/seed_08/warm_start.history.json,,seed_08,8,first,1.2454319846630098,1.2454319846630098,1.1068292580009438,1.7449177193641663,,,,,,,,,,,,,,,
22,results/stage22_algorithm_ablation/long/no_context_interaction/seed_08/warm_start.history.json,,seed_08,8,last,0.08132625292986631,0.08132625292986631,1.0671161403669975,0.13205890059471131,,,,,,,,,,,,,,,
22,results/stage22_algorithm_ablation/long/no_context_interaction/seed_09/stage22_ppo.history.json,,seed_09,9,first,0.03024088852268098,0.005087231671244934,0.05224594297208663,0.09693146112840623,1,4,915,-428.5528054667181,0.0930414922366818,0.06557679221290967,1.1261780565154964,306,14,4,-428.5528054667181,-1.8734548091888428,-0.015804428607225418,0.05255426838994026,14051.70203373416
22,results/stage22_algorithm_ablation/long/no_context_interaction/seed_09/stage22_ppo.history.json,,seed_09,9,last,0.004023779709502284,-0.003560703344129283,0.030951864222578448,0.7891448797850773,2000,8000,913,-687.0287828741438,0.007689838570638977,0.07871133368462324,0.716542482119182,306,14,4,-687.0287828741438,-3.009983539581299,-0.02037903666496277,0.0565180629491806,21815.288550258538
22,results/stage22_algorithm_ablation/long/no_context_interaction/seed_09/warm_start.history.json,,seed_09,9,first,1.1908857798576356,1.1908857798576356,0.6857738385593984,1.6775880765914917,,,,,,,,,,,,,,,
22,results/stage22_algorithm_ablation/long/no_context_interaction/seed_09/warm_start.history.json,,seed_09,9,last,0.11798868469893932,0.11798868469893932,0.931632449068129,0.23155934989452362,,,,,,,,,,,,,,,
22,results/stage22_algorithm_ablation/long/no_context_interaction/seed_10/stage22_ppo.history.json,,seed_10,10,first,0.010581268089951882,-0.0024855419800713144,0.0280128023346308,0.09395912923179728,1,4,900,-487.25082338872573,0.0332403567535321,0.04552801724137931,1.2699423680595796,309,11,4,-487.25082338872573,-2.1655592918395996,-0.013652030378580093,0.041315708309412,25162.027998683785
22,results/stage22_algorithm_ablation/long/no_context_interaction/seed_10/stage22_ppo.history.json,,seed_10,10,last,0.0006516429250417598,-0.002432667867055741,0.02176658023983754,0.7798979902832672,2000,8000,908,-891.8923721370902,0.00670852844507016,0.07462284489181535,0.7424052150855804,305,15,4,-891.8923721370902,-3.9290411472320557,-0.02495613321661949,0.05678078532218933,24786.69257940391
22,results/stage22_algorithm_ablation/long/no_context_interaction/seed_10/warm_start.history.json,,seed_10,10,first,1.3852284598350524,1.3852284598350524,0.7664150670741219,1.8961508989334106,,,,,,,,,,,,,,,
22,results/stage22_algorithm_ablation/long/no_context_interaction/seed_10/warm_start.history.json,,seed_10,10,last,0.10571338187903166,0.10571338187903166,0.9169871893059462,0.14856541842222215,,,,,,,,,,,,,,,
22,results/stage22_algorithm_ablation/long/no_relay/seed_01/stage22_ppo.history.json,,seed_01,1,first,0.01337530971143459,-0.003293245693604494,0.03535677280662389,0.10098316892529918,1,4,918,-414.7455412680203,0.06027375588821777,0.0669817790902894,0.42571999957977696,320,0,4,-414.7455412680203,-1.8071703910827637,-0.016374221071600914,0.043883342295885086,12180.829242963366
22,results/stage22_algorithm_ablation/long/no_relay/seed_01/stage22_ppo.history.json,,seed_01,1,last,0.005947114530436951,-0.0027649237067791923,0.02615018437841329,0.43630543428248375,2000,8000,921,-1002.712259796697,-0.002136557204407993,0.05748922409939355,0.7227002307772636,320,0,4,-1002.712259796697,-4.354884624481201,-0.02154342085123062,0.053984444588422775,40862.41827870705
22,results/stage22_algorithm_ablation/long/no_relay/seed_01/warm_start.history.json,,seed_01,1,first,0.48396979361772535,0.48396979361772535,1.2211707057716559,0.6601400369405747,,,,,,,,,,,,,,,
22,results/stage22_algorithm_ablation/long/no_relay/seed_01/warm_start.history.json,,seed_01,1,last,0.03943776380969211,0.03943776380969211,1.328908714670688,0.07788158778101206,,,,,,,,,,,,,,,
22,results/stage22_algorithm_ablation/long/no_relay/seed_02/stage22_ppo.history.json,,seed_02,2,first,0.02266840522322033,-0.001929442815739533,0.05018385984645835,0.04940811960160028,1,4,907,-256.58486146343176,0.019604804506123966,0.029878526669124078,0.3898985583720536,320,0,4,-256.58486146343176,-1.1315759420394897,-0.015673471614718437,0.05501479282975197,5212.391873871596
22,results/stage22_algorithm_ablation/long/no_relay/seed_02/stage22_ppo.history.json,,seed_02,2,last,0.009271872472740582,-0.0074927091181021315,0.04037654402681851,0.3423690338586939,2000,8000,928,-635.9416947792781,0.03629964918444126,0.11314655172413793,1.060908994091482,320,0,4,-635.9416947792781,-2.7411279678344727,-0.015157041139900684,0.04471372067928314,32706.178780915863
22,results/stage22_algorithm_ablation/long/no_relay/seed_02/warm_start.history.json,,seed_02,2,first,0.4664796873927116,0.4664796873927116,0.779428872987628,0.696226858496666,,,,,,,,,,,,,,,
22,results/stage22_algorithm_ablation/long/no_relay/seed_02/warm_start.history.json,,seed_02,2,last,0.03776267073582858,0.03776267073582858,0.8868031079694628,0.06647853595204652,,,,,,,,,,,,,,,
22,results/stage22_algorithm_ablation/long/no_relay/seed_03/stage22_ppo.history.json,,seed_03,3,first,0.025719936820678413,0.00028544057417532494,0.05164274016941159,0.038687416318837146,1,4,918,-646.892405133698,0.015444149220801874,0.021943573679389625,0.498773204226946,320,0,3,-646.892405133698,-2.8187031745910645,-0.01281263493001461,0.03831544518470764,48397.3786195718
22,results/stage22_algorithm_ablation/long/no_relay/seed_03/stage22_ppo.history.json,,seed_03,3,last,0.004466104112437059,-0.0035049732938079677,0.022184287800036114,0.31210655099230594,2000,8000,915,-586.6091111011503,0.01886372291482985,0.10248411973488741,0.959087734592372,320,0,4,-586.6091111011503,-2.5644114017486572,-0.014793633483350277,0.04602738097310066,30048.697666659788
22,results/stage22_algorithm_ablation/long/no_relay/seed_03/warm_start.history.json,,seed_03,3,first,0.4619134700298309,0.4619134700298309,1.344893823042512,0.7128536319732666,,,,,,,,,,,,,,,
22,results/stage22_algorithm_ablation/long/no_relay/seed_03/warm_start.history.json,,seed_03,3,last,0.043257013568654655,0.043257013568654655,1.2086952126026154,0.07784240391105414,,,,,,,,,,,,,,,
22,results/stage22_algorithm_ablation/long/no_relay/seed_04/stage22_ppo.history.json,,seed_04,4,first,0.01838427103437676,-0.0038941570653997616,0.046160188310875976,0.08016666276194757,1,4,915,-491.3237775259734,0.06428508456908809,0.04151542645333142,0.4276096732837373,320,0,4,-491.3237775259734,-2.1478633880615234,-0.014226925559341908,0.04806402698159218,22792.458360285742
22,results/stage22_algorithm_ablation/long/no_relay/seed_04/stage22_ppo.history.json,,seed_04,4,last,0.011935408888772751,-0.001953256595879793,0.034931030439474854,0.35768495715456083,2000,8000,929,-747.1646212564575,0.010181319061666727,0.06354166666666666,0.6517997401456038,320,0,4,-747.1646212564575,-3.2170703411102295,-0.018451346084475517,0.05209711939096451,30399.401975536646
22,results/stage22_algorithm_ablation/long/no_relay/seed_04/warm_start.history.json,,seed_04,4,first,0.45666838705539703,0.45666838705539703,2.2392954909801484,0.7235594248771667,,,,,,,,,,,,,,,
22,results/stage22_algorithm_ablation/long/no_relay/seed_04/warm_start.history.json,,seed_04,4,last,0.02980571551976027,0.02980571551976027,1.5045658764243126,0.0579293122026138,,,,,,,,,,,,,,,
22,results/stage22_algorithm_ablation/long/no_relay/seed_05/stage22_ppo.history.json,,seed_05,5,first,0.013933856319234675,-0.0019625112382245474,0.03352393432729075,0.08655982846665147,1,4,920,-618.9563522200301,0.12309866180595268,0.05657327589418354,0.3913087233066045,320,0,4,-618.9563522200301,-2.691114664077759,-0.014756339602172375,0.045374467968940735,33258.83990946977
22,results/stage22_algorithm_ablation/long/no_relay/seed_05/stage22_ppo.history.json,,seed_05,5,last,-0.0013280356812676222,-0.008508789802676645,0.019834328858294236,0.27364097721874714,2000,8000,914,-379.9934372198762,0.03978115670254518,0.1279932951940031,1.2556093802739834,320,0,4,-379.9934372198762,-1.6629908084869385,-0.009701638482511044,0.030462410300970078,29382.559622085668
22,results/stage22_algorithm_ablation/long/no_relay/seed_05/warm_start.history.json,,seed_05,5,first,0.5090872848033905,0.5090872848033905,1.5841169452667236,0.7583271706104279,,,,,,,,,,,,,,,
22,results/stage22_algorithm_ablation/long/no_relay/seed_05/warm_start.history.json,,seed_05,5,last,0.04023270007222891,0.04023270007222891,1.5400745131820441,0.07594189677387476,,,,,,,,,,,,,,,
22,results/stage22_algorithm_ablation/long/no_relay/seed_06/stage22_ppo.history.json,,seed_06,6,first,0.01729418639422812,-0.0024320427007202446,0.0404491075234295,0.04983234636552754,1,4,919,-432.1291355543772,0.026131141571513267,0.03134370319031436,0.4280769221870036,320,0,4,-432.1291355543772,-1.8808666467666626,-0.01404957752674818,0.04676717892289162,17922.12360044638
22,results/stage22_algorithm_ablation/long/no_relay/seed_06/stage22_ppo.history.json,,seed_06,6,last,-0.005338513599467817,-0.006165911788763157,0.009924955684129662,0.41350800055882025,2000,8000,909,-417.02734955007156,0.09158522885188396,0.14781581578326636,0.8948554038230715,320,0,4,-417.02734955007156,-1.8351038694381714,-0.009725401178002357,0.033148400485515594,35604.61446790401
22,results/stage22_algorithm_ablation/long/no_relay/seed_06/warm_start.history.json,,seed_06,6,first,0.4843304717540741,0.4843304717540741,1.5375078268349172,0.7489885306358337,,,,,,,,,,,,,,,
22,results/stage22_algorithm_ablation/long/no_relay/seed_06/warm_start.history.json,,seed_06,6,last,0.038766211261972786,0.038766211261972786,1.4167846861481665,0.07465853879228235,,,,,,,,,,,,,,,
22,results/stage22_algorithm_ablation/long/no_relay/seed_07/stage22_ppo.history.json,,seed_07,7,first,0.022768386803238234,0.000616821926087141,0.046026049687623465,0.08614600904016258,1,4,905,-454.2538144497549,0.04471636915319511,0.058758381240326785,0.37412414719061604,320,0,3,-454.2538144497549,-2.007751703262329,-0.014802052639424801,0.04679170623421669,18398.233529027137
22,results/stage22_algorithm_ablation/long/no_relay/seed_07/stage22_ppo.history.json,,seed_07,7,last,0.02060890180492324,-0.0001907529196990975,0.04649568660634345,0.24481876798231025,2000,8000,910,-516.3354770118975,0.04194494161216927,0.1227293721046941,1.683401900118795,320,0,4,-516.3354770118975,-2.269606351852417,-0.01341694314032793,0.040370844304561615,28615.012785002116
22,results/stage22_algorithm_ablation/long/no_relay/seed_07/warm_start.history.json,,seed_07,7,first,0.46822289675474166,0.46822289675474166,1.4883856515586376,0.7278341042995453,,,,,,,,,,,,,,,
22,results/stage22_algorithm_ablation/long/no_relay/seed_07/warm_start.history.json,,seed_07,7,last,0.036238250555470586,0.036238250555470586,1.391601796746254,0.07585005183704198,,,,,,,,,,,,,,,
22,results/stage22_algorithm_ablation/long/no_relay/seed_08/stage22_ppo.history.json,,seed_08,8,first,0.02408489198945784,-0.0008345309098989799,0.050997219522130384,0.05791859677992761,1,4,907,-433.55919313589817,0.038828896848356415,0.0452096395451447,0.4401459685558903,320,0,4,-433.55919313589817,-1.9120582342147827,-0.016808325424790382,0.05538574978709221,12940.567693020063
22,results/stage22_algorithm_ablation/long/no_relay/seed_08/stage22_ppo.history.json,,seed_08,8,last,0.017250012875341905,-0.005186314493867344,0.05359281109774421,0.4360078686912512,2000,8000,923,-745.330268847916,0.025379135760133443,0.09660360782310881,0.9321890740559019,320,0,4,-745.330268847916,-3.2300333976745605,-0.018719587475061417,0.04514475539326668,29772.924722959648
22,results/stage22_algorithm_ablation/long/no_relay/seed_08/warm_start.history.json,,seed_08,8,first,0.4612907856702805,0.4612907856702805,1.2780261393170804,0.7115180730819702,,,,,,,,,,,,,,,
22,results/stage22_algorithm_ablation/long/no_relay/seed_08/warm_start.history.json,,seed_08,8,last,0.03412750694405986,0.03412750694405986,1.2740984544157983,0.06646974480943754,,,,,,,,,,,,,,,
22,results/stage22_algorithm_ablation/long/no_relay/seed_09/stage22_ppo.history.json,,seed_09,9,first,0.02806532277488792,-0.00694770147574359,0.0710422978696317,0.05081251711712619,1,4,901,-520.0786461963294,0.01424322638395724,0.020743534482758622,0.44904682615065367,320,0,3,-520.0786461963294,-2.3088951110839844,-0.017415763810276985,0.052278973162174225,17576.136014073767
22,results/stage22_algorithm_ablation/long/no_relay/seed_09/stage22_ppo.history.json,,seed_09,9,last,0.008314694968405468,-0.0037590153033620326,0.030927713771736056,0.3390147236400637,2000,8000,921,-903.9118233749545,-0.006854074289580679,0.09619612066910185,1.0586953838837558,320,0,4,-903.9118233749545,-3.925784111022949,-0.0212128683924675,0.05717882886528969,34249.48663306284
22,results/stage22_algorithm_ablation/long/no_relay/seed_09/warm_start.history.json,,seed_09,9,first,0.5056879186630249,0.5056879186630249,0.6919613306224346,0.7547530591487884,,,,,,,,,,,,,,,
22,results/stage22_algorithm_ablation/long/no_relay/seed_09/warm_start.history.json,,seed_09,9,last,0.035665743579156695,0.035665743579156695,0.706181109175086,0.07462843606248498,,,,,,,,,,,,,,,
22,results/stage22_algorithm_ablation/long/no_relay/seed_10/stage22_ppo.history.json,,seed_10,10,first,0.007959020183550129,-0.013537807887869662,0.044456761081478204,0.07315527120979447,1,4,908,-598.352306926376,0.13224709256359474,0.05378951151566259,0.5035276291570787,320,0,4,-598.352306926376,-2.635913133621216,-0.014511429704725742,0.04420226067304611,32994.51973672237
22,results/stage22_algorithm_ablation/long/no_relay/seed_10/stage22_ppo.history.json,,seed_10,10,last,0.011059186882981709,0.00020906432724461472,0.031100372412514968,0.47000644266091546,2000,8000,911,-1263.2188096810892,0.017246844383470458,0.08453663804664693,1.0694565752456928,320,0,4,-1263.2188096810892,-5.546514987945557,-0.029240358620882034,0.06885379552841187,35981.14951732486
22,results/stage22_algorithm_ablation/long/no_relay/seed_10/warm_start.history.json,,seed_10,10,first,0.49801569104194643,0.49801569104194643,0.6513276244699955,0.7895762956142426,,,,,,,,,,,,,,,
22,results/stage22_algorithm_ablation/long/no_relay/seed_10/warm_start.history.json,,seed_10,10,last,0.03313922671368345,0.03313922671368345,0.7835399354994297,0.06235629961825907,,,,,,,,,,,,,,,
22,results/stage22_algorithm_ablation/long/no_warm_start/seed_01/stage22_ppo.history.json,,seed_01,1,first,0.004890921786588071,-0.003789712177139932,0.036996871265101025,0.9817802140424992,1,4,912,-590.6373772453921,0.0016947209931396205,0.03151939655172414,0.1856678391903125,313,7,4,-590.6373772453921,-2.590514898300171,-0.016580838710069656,0.04057110473513603,24409.51826493649
22,results/stage22_algorithm_ablation/long/no_warm_start/seed_01/stage22_ppo.history.json,,seed_01,1,last,-0.004706509680294528,-0.014549997603071147,0.03283714256971946,0.6575083542486717,2000,8000,915,-647.7106141084475,-6.617453944837225e-05,0.1473173775292676,1.0516418498651734,308,12,4,-647.7106141084475,-2.831521511077881,-0.01794450357556343,0.04966314882040024,24898.718017242343
22,results/stage22_algorithm_ablation/long/no_warm_start/seed_02/stage22_ppo.history.json,,seed_02,2,first,0.004683044979926841,-0.004168815830529764,0.03746049801802969,0.987838784425423,1,4,915,-365.26377097834023,0.0047791603499027936,0.03343352996583643,0.1699849657778596,312,8,4,-365.26377097834023,-1.5967814922332764,-0.020412301644682884,0.053839802742004395,6119.374575488703
22,results/stage22_algorithm_ablation/long/no_warm_start/seed_02/stage22_ppo.history.json,,seed_02,2,last,0.0022358858098821908,-0.007727203970967695,0.03370371337674943,0.6888766651009691,2000,8000,918,-574.8336508240648,0.019300621797748167,0.1379065440389617,1.1684155749349758,308,12,4,-574.8336508240648,-2.5047216415405273,-0.01587875932455063,0.04297679662704468,24882.03907456071
22,results/stage22_algorithm_ablation/long/no_warm_start/seed_03/stage22_ppo.history.json,,seed_03,3,first,0.0027428485838503673,-0.004349334968318199,0.03456024052414658,1.0187937273033734,1,4,925,-872.7851159637954,0.00359227604901113,0.010237068965517241,0.17043603609862,306,14,4,-872.7851159637954,-3.7742059230804443,-0.014721901156008244,0.04099174961447716,65723.91543332105
22,results/stage22_algorithm_ablation/long/no_warm_start/seed_03/stage22_ppo.history.json,,seed_03,3,last,0.0110346180595586,0.0019118701717976865,0.03237013398782061,0.706231938225442,2000,8000,912,-377.9972952419157,0.017996763513455617,0.11072198275862069,0.9902739343715126,306,14,4,-377.9972952419157,-1.6578829288482666,-0.011689120903611183,0.04120981693267822,20116.106667384567
22,results/stage22_algorithm_ablation/long/no_warm_start/seed_04/stage22_ppo.history.json,,seed_04,4,first,0.003291874570001302,-0.0024754474067996287,0.031501820909084176,0.9983588773114928,1,4,924,-593.0759322197317,0.0012944981732791096,0.02301416260286652,0.16773730426512914,309,11,4,-593.0759322197317,-2.5674283504486084,-0.016286619007587433,0.04765310883522034,24850.48209824317
22,results/stage22_algorithm_ablation/long/no_warm_start/seed_04/stage22_ppo.history.json,,seed_04,4,last,0.0018333045781814847,-0.00574320840552963,0.027210282238103962,0.6028628389126268,2000,8000,911,-387.1118873544192,0.02909954214179567,0.1260955462168003,1.21789171893535,301,19,4,-387.1118873544192,-1.6997228860855103,-0.012277916073799133,0.03746780753135681,19164.914849493056
22,results/stage22_algorithm_ablation/long/no_warm_start/seed_05/stage22_ppo.history.json,,seed_05,5,first,0.003578018377021212,-0.003118925117726984,0.03404849525219921,1.0327305056411644,1,4,918,-940.4794091810024,0.00010576602151810096,0.005510384024217211,0.18255350841530438,306,14,4,-940.4794091810024,-4.097949504852295,-0.015877801924943924,0.04405055567622185,66611.99638486326
22,results/stage22_algorithm_ablation/long/no_warm_start/seed_05/stage22_ppo.history.json,,seed_05,5,last,-0.0009930956233613964,-0.003960498536390991,0.02152606895883921,0.7795632545804155,2000,8000,914,-217.8024214579167,0.03579405239975915,0.14568366871440205,1.5666837697399074,305,15,4,-217.8024214579167,-0.9531834125518799,-0.006444371771067381,0.026420464739203453,21877.201921629858
22,results/stage22_algorithm_ablation/long/no_warm_start/seed_06/stage22_ppo.history.json,,seed_06,6,first,0.005707582105593434,-0.0003649376750249287,0.03278972448957763,1.0322343072500721,1,4,915,-583.6858695344779,0.0005768873138706489,0.00180070327016814,0.19369595668053832,304,16,3,-583.6858695344779,-2.5516324043273926,-0.016705892980098724,0.04917605593800545,23329.034806817675
22,results/stage22_algorithm_ablation/long/no_warm_start/seed_06/stage22_ppo.history.json,,seed_06,6,last,-0.007677361060030244,-0.009712942940150869,0.016325513796142208,0.6127175308507065,2000,8000,923,-350.26028230350585,0.05568758884830208,0.1512711525991045,1.2094561718083148,306,14,4,-350.26028230350585,-1.5179210901260376,-0.010008275508880615,0.03294672071933746,23002.760866664215
22,results/stage22_algorithm_ablation/long/no_warm_start/seed_07/stage22_ppo.history.json,,seed_07,7,first,0.004539441682623121,-0.0013233132435586945,0.03206864039108542,1.0171564699246967,1,4,921,-638.2975870313521,-0.000832596647373505,0.0,0.15987301900469023,310,10,4,-638.2975870313521,-2.772193670272827,-0.01727783866226673,0.04520804435014725,25743.540688393245
22,results/stage22_algorithm_ablation/long/no_warm_start/seed_07/stage22_ppo.history.json,,seed_07,7,last,0.006014464969008133,-0.007492010345168668,0.042059564746209775,0.7523307518969322,2000,8000,912,-505.844222757564,0.020987642551611722,0.09105603448275862,0.8166940826280363,310,10,4,-505.844222757564,-2.2186150550842285,-0.014715636149048805,0.043731022626161575,22730.33487204845
22,results/stage22_algorithm_ablation/long/no_warm_start/seed_08/stage22_ppo.history.json,,seed_08,8,first,0.005892243312575437,-0.0032600104038057656,0.03843896072117034,1.006722696896257,1,4,919,-608.4002048553141,0.002234960312087988,0.009967672413793104,0.19285571841715737,311,9,4,-608.4002048553141,-2.6480965614318848,-0.01981409452855587,0.0520341582596302,17861.55365244979
22,results/stage22_algorithm_ablation/long/no_warm_start/seed_08/stage22_ppo.history.json,,seed_08,8,last,0.0031748956655441173,-0.009192646063607314,0.03888767320213133,0.7076294047051462,2000,8000,917,-460.59163515652295,0.04620052783364623,0.15526221275072674,1.3825223442038586,301,19,4,-460.59163515652295,-2.0091238021850586,-0.013716521672904491,0.036285411566495895,21454.845987846307
22,results/stage22_algorithm_ablation/long/no_warm_start/seed_09/stage22_ppo.history.json,,seed_09,9,first,0.012902192113086068,-0.001661265557952996,0.04899182987945347,0.9932458046181448,1,4,921,-691.3532809621651,0.0013501081467156523,0.004310344827586207,0.2097654185932258,305,15,4,-691.3532809621651,-3.002619981765747,-0.019424179568886757,0.05313711240887642,23895.46113647265
22,results/stage22_algorithm_ablation/long/no_warm_start/seed_09/stage22_ppo.history.json,,seed_09,9,last,0.0057362399208519994,-0.003233575462845379,0.03339517194625183,0.7727770684608097,2000,8000,910,-666.3073074353285,0.0056665835918152125,0.08736145342218465,0.8053395358909821,310,10,4,-666.3073074353285,-2.928823709487915,-0.01981864683330059,0.05273383483290672,21839.27886430634
22,results/stage22_algorithm_ablation/long/no_warm_start/seed_10/stage22_ppo.history.json,,seed_10,10,first,0.00041266306753045526,-0.004183032421459411,0.029581900589681905,1.019525481452202,1,4,915,-853.6081111594134,0.0028243448170291357,0.01096018602878883,0.14995747608742838,307,13,4,-853.6081111594134,-3.7316203117370605,-0.01732020266354084,0.04460470378398895,46418.26926413825
22,results/stage22_algorithm_ablation/long/no_warm_start/seed_10/stage22_ppo.history.json,,seed_10,10,last,0.005591625171103354,-0.0033957124848304123,0.03059236025678572,0.6308842659767332,2000,8000,918,-861.9654612132642,0.009047115775094174,0.1315389890866033,1.6076860675780937,306,14,4,-861.9654612132642,-3.75584077835083,-0.024878637865185738,0.05689472332596779,22790.884014346837
22,results/stage22_algorithm_ablation/short_gate/fixed_gamma/seed_01/stage22_ppo.history.json,,seed_01,1,first,0.14466155672146538,-0.007156014184667063,0.30901727665747913,0.2691068018653563,1,1,222,-252.20716104626348,0.005188133866925325,0.062053571987364976,1.6285750136843749,79,1,3,-252.20716104626348,-1.1360682249069214,-0.021870862692594528,0.08441588282585144,2698.2178547149756
22,results/stage22_algorithm_ablation/short_gate/fixed_gamma/seed_01/stage22_ppo.history.json,,seed_01,1,last,0.1200061731506139,-0.014557832852005959,0.27618021343369037,0.3526097289286554,2,2,231,-317.77482010513376,0.002204446156611084,0.050920759327709675,2.6528321597725153,75,5,4,-317.77482010513376,-1.3756484985351562,-0.02046779729425907,0.07445985078811646,4517.235804287657
22,results/stage22_algorithm_ablation/short_gate/fixed_gamma/seed_01/warm_start.history.json,,seed_01,1,first,2.5899924278259276,2.5899924278259276,1.873414945602417,2.7866188526153564,,,,,,,,,,,,,,,
22,results/stage22_algorithm_ablation/short_gate/fixed_gamma/seed_01/warm_start.history.json,,seed_01,1,last,0.5771721303462982,0.5771721303462982,2.2234475684165953,0.7783266282081605,,,,,,,,,,,,,,,
22,results/stage22_algorithm_ablation/short_gate/no_context_interaction/seed_01/stage22_ppo.history.json,,seed_01,1,first,0.06612752965884283,-0.0051795012051505706,0.14788615357662951,0.26360473063375267,1,1,223,-265.90837366810086,0.0058433127498054615,0.040286578238010406,1.0267652257212572,79,1,3,-265.90837366810086,-1.1924141645431519,-0.019947607070207596,0.07486725598573685,3573.3262710870836
22,results/stage22_algorithm_ablation/short_gate/no_context_interaction/seed_01/stage22_ppo.history.json,,seed_01,1,last,0.06192066890071146,-0.01763506469433196,0.16551854030694813,0.3203534868080169,2,2,230,-355.0085230062575,0.004083083626937878,0.080078125,1.1522862017154694,75,5,4,-355.0085230062575,-1.5435153245925903,-0.021761586889624596,0.07197606563568115,5030.843487993688
22,results/stage22_algorithm_ablation/short_gate/no_context_interaction/seed_01/warm_start.history.json,,seed_01,1,first,2.7014202785491945,2.7014202785491945,1.2965959958732127,2.8810701751708985,,,,,,,,,,,,,,,
22,results/stage22_algorithm_ablation/short_gate/no_context_interaction/seed_01/warm_start.history.json,,seed_01,1,last,0.5684863328933716,0.5684863328933716,1.3247450651228427,0.7357532095909118,,,,,,,,,,,,,,,
22,results/stage22_algorithm_ablation/short_gate/no_relay/seed_01/stage22_ppo.history.json,,seed_01,1,first,0.08783979996639703,-0.008813832171394356,0.19661186555666582,0.16523005121520587,1,1,222,-340.6345375307105,0.013264801419739212,0.048809524226401536,1.0983694408621107,80,0,3,-340.6345375307105,-1.534389853477478,-0.021254045888781548,0.07261320948600769,5211.805435708487
22,results/stage22_algorithm_ablation/short_gate/no_relay/seed_01/stage22_ppo.history.json,,seed_01,1,last,0.07758049049880356,-0.005180844338610768,0.16848930399282835,0.1483316997764632,2,2,228,-353.4752947157936,0.0028127284995207447,0.0234375,0.9166801474057138,80,0,4,-353.4752947157936,-1.5503301620483398,-0.018918480724096298,0.06534621864557266,6715.4631727759825
22,results/stage22_algorithm_ablation/short_gate/no_relay/seed_01/warm_start.history.json,,seed_01,1,first,1.716181411743164,1.716181411743164,2.2788415753841402,1.9194672060012818,,,,,,,,,,,,,,,
22,results/stage22_algorithm_ablation/short_gate/no_relay/seed_01/warm_start.history.json,,seed_01,1,last,0.29958491563796996,0.29958491563796996,2.6635499238967895,0.4680343949794769,,,,,,,,,,,,,,,
22,results/stage22_algorithm_ablation/short_gate/no_warm_start/seed_01/stage22_ppo.history.json,,seed_01,1,first,0.34309513404150493,0.26916319935116917,0.16652931366115808,0.9332717070356011,1,1,225,-543.4267889930073,-0.0003103127237409353,0.0,0.6091067958623171,77,3,4,-543.4267889930073,-2.4152300357818604,-0.025247031822800636,0.07154671847820282,9151.586304386024
22,results/stage22_algorithm_ablation/short_gate/no_warm_start/seed_01/stage22_ppo.history.json,,seed_01,1,last,0.04150951933115721,-0.00725306267850101,0.11706336519273464,0.9769100081175566,2,2,231,-518.4077924190975,-0.00019630986935226247,0.0,0.4963917634449899,72,8,4,-518.4077924190975,-2.244189500808716,-0.02203366532921791,0.06536043435335159,10373.985517542522
23,results/stage23_continuous_time_contract/smoke/stage23_contract_smoke.history.json,,stage23_contract_smoke,,first,0.14525217772461474,0.09964284393936396,0.10866156313568354,0.8721443936228752,1,1,228,-666.6639960158116,0.0005589991342276335,0.0,0.34140714816749096,74,6,4,-666.6639960158116,-2.923964738845825,-0.020552996546030045,0.04805934429168701,20239.22827360095
23,results/stage23_continuous_time_contract/smoke/stage23_contract_smoke.history.json,,stage23_contract_smoke,,last,0.05910200485959649,0.03853209828957915,0.05917899310588837,0.9019590318202972,2,2,229,-564.716107422462,0.00017496966756880283,0.0,0.29669986199587584,75,5,3,-564.716107422462,-2.4660093784332275,-0.02184728905558586,0.0419071763753891,12740.727074971148
23,results/stage23_markov_continuous/long/seed_01/stage23_ppo.history.json,,seed_01,1,first,0.045155895007814376,0.0026564809718522533,0.08654126686702386,0.07712184351697911,1,4,923,-320.39907839538773,0.0529706739009647,0.05025742337878408,1.0492138720663458,309,11,3,-320.39907839538773,-1.3885115385055542,-0.014432699419558048,0.04281757399439812,9255.585275627125
23,results/stage23_markov_continuous/long/seed_01/stage23_ppo.history.json,,seed_01,1,last,-0.009241662112642723,-0.005914404169367305,0.007328536170775649,0.699152600405545,2000,8000,914,-808.69970836153,0.016892518944524485,0.04388170503079891,0.42869532127575627,305,15,4,-808.69970836153,-3.5391671657562256,-0.02017458900809288,0.05387955904006958,30774.62913737262
23,results/stage23_markov_continuous/long/seed_01/warm_start.history.json,,seed_01,1,first,1.009891757965088,1.009891757965088,0.8538155029341579,1.3793822062015533,,,,,,,,,,,,,,,
23,results/stage23_markov_continuous/long/seed_01/warm_start.history.json,,seed_01,1,last,0.0861804142780602,0.0861804142780602,0.8893623588792979,0.16894567236304284,,,,,,,,,,,,,,,
23,results/stage23_markov_continuous/long/seed_02/stage23_ppo.history.json,,seed_02,2,first,0.04995336634275536,0.02491970053584925,0.059474090403267024,0.470337920533172,1,4,907,-542.9403431494516,0.0692519787498268,0.11302409886286177,3.7564675775196017,306,14,4,-542.9403431494516,-2.394444465637207,-0.014283767901360989,0.04293977841734886,28101.14940051812
23,results/stage23_markov_continuous/long/seed_02/stage23_ppo.history.json,,seed_02,2,last,-0.0069390971028920395,-0.003665633082132915,0.006370693647928922,0.6458810866521351,2000,8000,923,-627.8229727147399,0.011367991622858521,0.05685265009002439,0.5374671585922097,310,10,4,-627.8229727147399,-2.7207930088043213,-0.015941197052598,0.04206195846199989,29130.580330892994
23,results/stage23_markov_continuous/long/seed_02/warm_start.history.json,,seed_02,2,first,1.041401504278183,1.041401504278183,1.4024367459118365,1.5185400986671447,,,,,,,,,,,,,,,
23,results/stage23_markov_continuous/long/seed_02/warm_start.history.json,,seed_02,2,last,0.8143673026561737,0.8143673026561737,1.339645532220602,0.7735411757230759,,,,,,,,,,,,,,,
23,results/stage23_markov_continuous/long/seed_03/stage23_ppo.history.json,,seed_03,3,first,0.027180255910558306,0.0016840127264631205,0.05256092130078067,0.07842172290096541,1,4,914,-594.5165892239187,0.13030120200509654,0.06160201154777716,1.3700788958833134,312,8,4,-594.5165892239187,-2.601823091506958,-0.013362624682486057,0.03721260279417038,37911.58752574041
23,results/stage23_markov_continuous/long/seed_03/stage23_ppo.history.json,,seed_03,3,last,-0.002463455504641451,0.0004300230568082168,0.007636059769067977,0.6711508392773825,2000,8000,915,-551.8681183501824,0.017611276390480584,0.049483892925340556,0.47407782414992305,306,14,4,-551.8681183501824,-2.412538528442383,-0.013520066626369953,0.03469553962349892,31841.29612138692
23,results/stage23_markov_continuous/long/seed_03/warm_start.history.json,,seed_03,3,first,1.0518485760688783,1.0518485760688783,1.5240710708498955,1.6276601910591126,,,,,,,,,,,,,,,
23,results/stage23_markov_continuous/long/seed_03/warm_start.history.json,,seed_03,3,last,0.14858613826334477,0.14858613826334477,1.4474596977233887,0.12756535600870847,,,,,,,,,,,,,,,
23,results/stage23_markov_continuous/long/seed_04/stage23_ppo.history.json,,seed_04,4,first,0.03525509490583349,0.0008481043904762844,0.07135468087126982,0.12703495152728184,1,4,907,-283.94912541008443,0.09913627060826723,0.0675205721937377,1.2181368827305992,305,15,3,-283.94912541008443,-1.2522563934326172,-0.013300279155373573,0.04451505094766617,8864.71857084049
23,results/stage23_markov_continuous/long/seed_04/stage23_ppo.history.json,,seed_04,4,last,-0.008066935151622727,-0.0037665020369378657,0.005423000101441646,0.7011933459996663,2000,8000,913,-708.3879784197972,0.0059888363888101846,0.0401083924968181,0.343500805280075,302,18,4,-708.3879784197972,-3.1035616397857666,-0.017915824428200722,0.04144028201699257,30008.712881494852
23,results/stage23_markov_continuous/long/seed_04/warm_start.history.json,,seed_04,4,first,1.002081391811371,1.002081391811371,0.9815601833164692,1.4296049404144286,,,,,,,,,,,,,,,
23,results/stage23_markov_continuous/long/seed_04/warm_start.history.json,,seed_04,4,last,0.07632961340248584,0.07632961340248584,1.0599110016971827,0.14267159946262836,,,,,,,,,,,,,,,
23,results/stage23_markov_continuous/long/seed_05/stage23_ppo.history.json,,seed_05,5,first,0.0634706732676493,-0.002842630211520812,0.13504113586507097,0.12072644954329509,1,4,914,-235.08891521820127,0.10694216245560553,0.09288194448012731,0.9856959413094767,311,9,3,-235.08891521820127,-1.0288355350494385,-0.015162440948188305,0.056906525045633316,4604.195150844846
23,results/stage23_markov_continuous/long/seed_05/stage23_ppo.history.json,,seed_05,5,last,-0.0052864972485935895,-0.0019634093382749065,0.007629510936536023,0.7137843177750193,2000,8000,921,-833.4588491878912,-0.0018320999425386303,0.029396551693307942,0.3201812383365528,311,9,4,-833.4588491878912,-3.6197996139526367,-0.02242308296263218,0.05963660031557083,26060.240273572294
23,results/stage23_markov_continuous/long/seed_05/warm_start.history.json,,seed_05,5,first,1.0415942537784577,1.0415942537784577,0.6169611836224794,1.587877116203308,,,,,,,,,,,,,,,
23,results/stage23_markov_continuous/long/seed_05/warm_start.history.json,,seed_05,5,last,0.16259291909635068,0.16259291909635068,0.6009310664236546,0.27763790771365165,,,,,,,,,,,,,,,
23,results/stage23_markov_continuous/long/seed_06/stage23_ppo.history.json,,seed_06,6,first,0.02935281719767553,0.0025311363058100485,0.05513595558044597,0.07462979145977669,1,4,925,-358.5352420652649,0.11740994722188997,0.05170555884853519,1.2294685860517724,316,4,4,-358.5352420652649,-1.5504225492477417,-0.012532667256891727,0.04459618031978607,15304.29120409923
23,results/stage23_markov_continuous/long/seed_06/stage23_ppo.history.json,,seed_06,6,last,-0.008924125244134459,-0.006360162499135938,0.008317259643106433,0.6722592744223675,2000,8000,904,-467.19545170658233,0.03649658032147021,0.060075431034482756,0.4410639263946435,310,10,4,-467.19545170658233,-2.0672364234924316,-0.012508856132626534,0.03626801073551178,27311.47348704005
23,results/stage23_markov_continuous/long/seed_06/warm_start.history.json,,seed_06,6,first,0.9922706770896912,0.9922706770896912,1.3615553455241025,1.5562028121948241,,,,,,,,,,,,,,,
23,results/stage23_markov_continuous/long/seed_06/warm_start.history.json,,seed_06,6,last,0.1795187298953533,0.1795187298953533,1.4256810516491532,0.18406389743089677,,,,,,,,,,,,,,,
23,results/stage23_markov_continuous/long/seed_07/stage23_ppo.history.json,,seed_07,7,first,0.025947905388451983,0.0004503415126738877,0.052626590597732316,0.0815731774983478,1,4,917,-319.91220612647794,0.05846659076432216,0.04704176936427067,1.1198156897363991,315,5,3,-319.91220612647794,-1.3954732418060303,-0.011186829768121243,0.0392882339656353,15560.69124241683
23,results/stage23_markov_continuous/long/seed_07/stage23_ppo.history.json,,seed_07,7,last,-0.01618757953562228,-0.011759379541437173,0.005445368204226694,0.7150884489746069,2000,8000,898,-761.7480034189516,0.010923211205879161,0.015625,0.260776078874438,302,18,4,-761.7480034189516,-3.393087148666382,-0.01911909691989422,0.045042164623737335,31495.98768612635
23,results/stage23_markov_continuous/long/seed_07/warm_start.history.json,,seed_07,7,first,0.9969235777854919,0.9969235777854919,1.0124512155354024,1.522041952610016,,,,,,,,,,,,,,,
23,results/stage23_markov_continuous/long/seed_07/warm_start.history.json,,seed_07,7,last,0.07730232134461403,0.07730232134461403,0.9798768700100482,0.14139107055962086,,,,,,,,,,,,,,,
23,results/stage23_markov_continuous/long/seed_08/stage23_ppo.history.json,,seed_08,8,first,0.03714911954613916,0.01746443973789955,0.04238878990170257,0.15097165601488588,1,4,909,-489.46799993670845,0.19543224702396528,0.09555288481301275,2.546280275516469,309,11,4,-489.46799993670845,-2.153874635696411,-0.013393263332545757,0.03672725334763527,25862.346024656086
23,results/stage23_markov_continuous/long/seed_08/stage23_ppo.history.json,,seed_08,8,last,-0.007723625207416199,-0.005397091724042748,0.009441150809991462,0.7047109207266877,2000,8000,906,-705.0973512475913,0.00030023667656270593,0.04450431035767342,0.5391367348232146,305,15,4,-705.0973512475913,-3.1130125522613525,-0.01870732195675373,0.04817447066307068,27690.99236248428
23,results/stage23_markov_continuous/long/seed_08/warm_start.history.json,,seed_08,8,first,1.0535375320911406,1.0535375320911406,1.9025737315416336,1.6431277561187745,,,,,,,,,,,,,,,
23,results/stage23_markov_continuous/long/seed_08/warm_start.history.json,,seed_08,8,last,0.2141111197322607,0.2141111197322607,1.9184714880585672,0.27471933245658875,,,,,,,,,,,,,,,
23,results/stage23_markov_continuous/long/seed_09/stage23_ppo.history.json,,seed_09,9,first,0.02735702601434053,-0.002971929433787691,0.06372767820119343,0.15348828625704708,1,4,906,-293.2953987757768,0.4416337345469871,0.09078663799526362,1.3780236139508157,314,6,4,-293.2953987757768,-1.2949024438858032,-0.010209567844867706,0.04230344295501709,16086.417986021337
23,results/stage23_markov_continuous/long/seed_09/stage23_ppo.history.json,,seed_09,9,last,-0.008914552600893738,-0.004983529962342361,0.005631683883056494,0.6746864335547234,2000,8000,919,-695.8483411953969,0.03892698110852005,0.05828335836272815,0.5362492555045876,307,13,4,-695.8483411953969,-3.028719663619995,-0.017721563577651978,0.04540348798036575,29208.82472312475
23,results/stage23_markov_continuous/long/seed_09/warm_start.history.json,,seed_09,9,first,0.9927889549732208,0.9927889549732208,1.078265545964241,1.5388996481895447,,,,,,,,,,,,,,,
23,results/stage23_markov_continuous/long/seed_09/warm_start.history.json,,seed_09,9,last,0.17558220475912095,0.17558220475912095,1.1147360665351151,0.36909844070672987,,,,,,,,,,,,,,,
23,results/stage23_markov_continuous/long/seed_10/stage23_ppo.history.json,,seed_10,10,first,0.029262776631091177,0.007198235389359039,0.0469769427075115,0.1423929622002508,1,4,917,-429.90744230406324,0.2044923361408039,0.08516779561238043,1.2097963934186204,311,9,3,-429.90744230406324,-1.8752778768539429,-0.012285801582038403,0.03883165493607521,23298.30079328786
23,results/stage23_markov_continuous/long/seed_10/stage23_ppo.history.json,,seed_10,10,last,-0.007186804777653566,-0.0031833091975543007,0.007161654436615585,0.7584323122583586,2000,8000,910,-694.4713837610834,0.005471247471648204,0.027016625643290323,0.35723958777841824,309,11,4,-694.4713837610834,-3.052621364593506,-0.016789408400654793,0.04306395351886749,33057.88703755701
23,results/stage23_markov_continuous/long/seed_10/warm_start.history.json,,seed_10,10,first,1.06005340218544,1.06005340218544,0.9539996402517136,1.5148613882064819,,,,,,,,,,,,,,,
23,results/stage23_markov_continuous/long/seed_10/warm_start.history.json,,seed_10,10,last,0.24129071727395057,0.24129071727395057,0.9207307545625372,0.28662969917058945,,,,,,,,,,,,,,,
23,results/stage23_markov_continuous/pilot/seed_01/stage23_ppo.history.json,,seed_01,1,first,0.040077855494538586,-0.0027178418157356127,0.0899686813021877,0.2188643272300916,1,2,446,-578.8036864470649,0.014802046991202846,0.0538318453888808,1.1847019818212305,154,6,4,-578.8036864470649,-2.595532178878784,-0.015449113212525845,0.03534545749425888,28225.761652619607
23,results/stage23_markov_continuous/pilot/seed_01/stage23_ppo.history.json,,seed_01,1,last,-0.011505566715883712,-0.013406098478784163,0.016875912342220543,0.6537425588273132,50,100,458,-435.9630790889571,0.0027017420072904014,0.016666666666666666,0.6352252952754498,149,11,4,-435.9630790889571,-1.9037688970565796,-0.01321333460509777,0.041367705911397934,20758.866636502356
23,results/stage23_markov_continuous/pilot/seed_01/warm_start.history.json,,seed_01,1,first,2.237627160549164,2.237627160549164,0.641770341526717,2.4730759084224703,,,,,,,,,,,,,,,
23,results/stage23_markov_continuous/pilot/seed_01/warm_start.history.json,,seed_01,1,last,0.3713890366256237,0.3713890366256237,0.6015783738344908,0.572277769446373,,,,,,,,,,,,,,,
23,results/stage23_markov_continuous/pilot/seed_02/stage23_ppo.history.json,,seed_02,2,first,0.017194459156598896,-0.008863847392300764,0.057569774938747285,0.2726579770351236,1,2,458,-410.0775781788027,0.031574570247903465,0.06895833338300388,1.0044026752312978,154,6,3,-410.0775781788027,-1.7907317876815796,-0.011548968032002449,0.03888604789972305,24042.228613521995
23,results/stage23_markov_continuous/pilot/seed_02/stage23_ppo.history.json,,seed_02,2,last,0.011823712390226622,0.013070609389493863,0.006702618165096889,0.4598207123267154,50,100,452,-124.64924843151672,0.017512741638347505,0.050520833333333334,0.8681750024358431,156,4,3,-124.64924843151672,-0.5515453219413757,-0.004238476045429707,0.01901722513139248,16933.35533596286
23,results/stage23_markov_continuous/pilot/seed_02/warm_start.history.json,,seed_02,2,first,2.375456428527832,2.375456428527832,1.4451439417898655,2.4843979239463807,,,,,,,,,,,,,,,
23,results/stage23_markov_continuous/pilot/seed_02/warm_start.history.json,,seed_02,2,last,0.37296971306204796,0.37296971306204796,1.5915938161313534,0.6127366662025452,,,,,,,,,,,,,,,
23,results/stage23_markov_continuous/pilot/seed_03/stage23_ppo.history.json,,seed_03,3,first,0.06724124120082706,-0.0035157712176442147,0.1461993359029293,0.23426570935795704,1,2,461,-383.2472774870945,0.037851183023303744,0.08157051317393779,0.9395929634571075,156,4,4,-383.2472774870945,-1.6626778841018677,-0.013153121806681156,0.04650256782770157,15979.331462901768
23,results/stage23_markov_continuous/pilot/seed_03/stage23_ppo.history.json,,seed_03,3,last,-0.004683819674288056,-0.010018922687907304,0.024172153207473457,0.6750973311385938,50,100,448,-902.1999689239555,-0.0045342321474371216,0.04408482142857143,0.729644645803741,154,6,3,-902.1999689239555,-4.027678489685059,-0.03108128532767296,0.07349874079227448,16792.356572856082
23,results/stage23_markov_continuous/pilot/seed_03/warm_start.history.json,,seed_03,3,first,2.2244654536247253,2.2244654536247253,0.8709125235211104,2.542752993106842,,,,,,,,,,,,,,,
23,results/stage23_markov_continuous/pilot/seed_03/warm_start.history.json,,seed_03,3,last,0.3812242060899734,0.3812242060899734,0.9299115628004074,0.5207701057195664,,,,,,,,,,,,,,,
23,results/stage23_markov_continuous/resume_equivalence/split.history.json,,resume_equivalence,,first,0.04282180918380618,-0.018744016299024224,0.12794368201866746,0.2406014468288049,1,1,230,-648.7335716440573,0.14723628672072664,0.09049479197710752,1.3487864015623927,74,6,3,-648.7335716440573,-2.8205807209014893,-0.01900048926472664,0.049862515181303024,22036.74410766407
23,results/stage23_markov_continuous/resume_equivalence/split.history.json,,resume_equivalence,,last,0.04525733971968293,0.04010713146999478,0.015028148314740974,0.23638675127585884,4,4,228,-82.98177558775498,-0.006892012141179293,0.03125,0.9779915567487478,79,1,3,-82.98177558775498,-0.36395516991615295,-0.003026141319423914,0.017185350880026817,14464.961450300912
23,results/stage23_markov_continuous/resume_equivalence/uninterrupted.history.json,,resume_equivalence,,first,0.04282180918380618,-0.018744016299024224,0.12794368201866746,0.2406014468288049,1,1,230,-648.7335716440573,0.14723628672072664,0.09049479197710752,1.3487864015623927,74,6,3,-648.7335716440573,-2.8205807209014893,-0.01900048926472664,0.049862515181303024,22036.74410766407
23,results/stage23_markov_continuous/resume_equivalence/uninterrupted.history.json,,resume_equivalence,,last,0.04525733971968293,0.04010713146999478,0.015028148314740974,0.23638675127585884,4,4,228,-82.98177558775498,-0.006892012141179293,0.03125,0.9779915567487478,79,1,3,-82.98177558775498,-0.36395516991615295,-0.003026141319423914,0.017185350880026817,14464.961450300912
23,results/stage23_markov_continuous/smoke/stage23_markov_v3_smoke.history.json,,stage23_markov_v3_smoke,,first,0.02924551663454622,-0.0015385672450065613,0.08083527395501733,0.9633556306362152,1,1,233,-1060.4177070164178,0.000329144015267957,0.0,0.519225150346756,74,6,4,-1060.4177070164178,-4.551148891448975,-0.01920202001929283,0.046961937099695206,56175.671353019934
23,results/stage23_markov_continuous/smoke/stage23_markov_v3_smoke.history.json,,stage23_markov_v3_smoke,,last,0.008014759048819542,-0.00893256301060319,0.05313317524269223,0.961926156654954,2,2,235,-658.1891102484913,0.00016993667668430135,0.0,0.6528048776090145,79,1,3,-658.1891102484913,-2.800804853439331,-0.012315599247813225,0.03423977643251419,51719.526779736945
23,results/stage23_markov_continuous/smoke/stage23_markov_v3_warm_ppo_smoke.history.json,,stage23_markov_v3_warm_ppo_smoke,,first,0.09726950025651604,0.01012592064216733,0.17991182021796703,0.2812332008033991,1,1,231,-476.6411740034065,0.006791198567952961,0.04296875,1.5436387211084366,79,1,4,-476.6411740034065,-2.0633816719055176,-0.015558391809463501,0.04549838602542877,17588.540672111318
23,results/stage23_markov_continuous/smoke/stage23_markov_v3_warm_ppo_smoke.history.json,,stage23_markov_v3_warm_ppo_smoke,,last,-0.0074313117656856775,-0.014297115849331021,0.018590194085845724,0.24292908143252134,2,2,234,-88.65422908844103,0.0024066377081908286,0.0390625,1.3114868998527527,79,1,3,-88.65422908844103,-0.37886422872543335,-0.0031339898705482483,0.013943713158369064,14614.099791160657
23,results/stage23_markov_continuous/smoke/stage23_markov_v3_warm_start.history.json,,stage23_markov_v3_warm_start,,first,2.594677042961121,2.594677042961121,0.428582476079464,2.747531032562256,,,,,,,,,,,,,,,
23,results/stage23_markov_continuous/smoke/stage23_markov_v3_warm_start.history.json,,stage23_markov_v3_warm_start,,last,0.5297823131084443,0.5297823131084443,0.41645781844854357,0.689881545305252,,,,,,,,,,,,,,,
25,results/stage25_causal_online/long/seed_01/stage25_causal_ppo.history.json,,seed_01,1,first,-0.0037636422704712584,-0.002363471426712028,0.017085978454219754,0.9943160085842527,1,4,915,-564.8783590454652,0.0025143327576846912,0.03592899274723283,0.13411708389697918,306,14,4,-564.8783590454652,-2.4694132804870605,-0.015911109745502472,0.041377224028110504,24087.224257521113
25,results/stage25_causal_online/long/seed_01/stage25_causal_ppo.history.json,,seed_01,1,last,0.005508454954091074,-0.01004175777579176,0.04340492137948629,0.6152248864286932,2000,8000,906,-433.90163086880057,0.06601544076592886,0.15005387937457398,1.193753298757405,305,15,4,-433.90163086880057,-1.9156805276870728,-0.013023998588323593,0.04125893488526344,21635.029283148222
25,results/stage25_causal_online/resume_gate/stage25_resume.history.json,,resume_gate,,first,0.03154124851737704,0.0005185787699052266,0.08191565690296036,0.9935158150536674,1,1,224,-520.643738272866,-0.000386868736573628,0.0,0.38324482313224245,78,2,4,-520.643738272866,-2.3243024349212646,-0.017861219123005867,0.041652023792266846,16934.132723880473
25,results/stage25_causal_online/resume_gate/stage25_resume.history.json,,resume_gate,,last,0.06783657358027995,0.05571402329951525,0.04801349760964513,1.1884198039770126,2,2,230,-390.2274064894772,-0.0005952961801085621,0.0,0.2969947140663862,73,7,3,-390.2274064894772,-1.696640968322754,-0.01687018945813179,0.03757242485880852,10114.399096158606
25,results/stage25_causal_online/smoke/stage25_causal_smoke.history.json,,stage25_causal_smoke,,first,0.02264661677181721,-0.003845787172516187,0.07288614300390085,0.9950668513774872,1,2,456,-469.6464143650111,0.00045257695019245147,0.0,0.29738353615005814,154,6,4,-469.6464143650111,-2.0598528385162354,-0.020621519535779953,0.056109342724084854,9977.713648775745
25,results/stage25_causal_online/smoke/stage25_causal_smoke.history.json,,stage25_causal_smoke,,last,0.01782374574492375,0.0016230617960294087,0.05343765479822953,1.051814501484235,2,4,456,-1282.152367851701,0.0023868336031834286,0.009375,0.3684635649124781,153,7,4,-1282.152367851701,-5.623475074768066,-0.024443428963422775,0.054093681275844574,52927.98316751599
25,results/stage25_causal_online/smoke_v2_task_keyed/stage25_causal_smoke.history.json,,smoke_v2_task_keyed,,first,0.015121298966308434,-0.010353933771451313,0.070172079714636,0.9610806872447332,1,2,460,-291.4134495109166,0.00027401091065257786,0.0,0.21946748966972032,155,5,3,-291.4134495109166,-1.267014980316162,-0.01969442330300808,0.06372897326946259,4138.823314519774
25,results/stage25_causal_online/smoke_v2_task_keyed/stage25_causal_smoke.history.json,,smoke_v2_task_keyed,,last,0.023760513650874296,-0.004201144228378932,0.0756451018154621,0.9860894620418549,2,4,467,-522.7804115018182,-0.0001477421416590611,0.0,0.36226355557640394,156,4,4,-522.7804115018182,-2.2388882637023926,-0.019206952303647995,0.050732746720314026,13587.762514210246
