method,training_profile,training_seed,phase,phase_fraction,mean_queue_length,mean_active_tasks,test_episode_count,source_scope
PPO,MEDIUM,1,NORMAL,0.0,0.0,1.0,100,/Users/lab4099/Desktop/Mujoco/work/results/stage19_mixed_recovery/locked_test_v1/medium/seed_01.json
PPO,MEDIUM,1,NORMAL,0.025,0.0,0.27,100,/Users/lab4099/Desktop/Mujoco/work/results/stage19_mixed_recovery/locked_test_v1/medium/seed_01.json
PPO,MEDIUM,1,NORMAL,0.05,0.0,0.37,100,/Users/lab4099/Desktop/Mujoco/work/results/stage19_mixed_recovery/locked_test_v1/medium/seed_01.json
PPO,MEDIUM,1,NORMAL,0.07500000000000001,0.0,0.31,100,/Users/lab4099/Desktop/Mujoco/work/results/stage19_mixed_recovery/locked_test_v1/medium/seed_01.json
PPO,MEDIUM,1,NORMAL,0.1,0.0,0.32,100,/Users/lab4099/Desktop/Mujoco/work/results/stage19_mixed_recovery/locked_test_v1/medium/seed_01.json
PPO,MEDIUM,1,NORMAL,0.125,0.0,0.51,100,/Users/lab4099/Desktop/Mujoco/work/results/stage19_mixed_recovery/locked_test_v1/medium/seed_01.json
PPO,MEDIUM,1,NORMAL,0.15000000000000002,0.0,0.27,100,/Users/lab4099/Desktop/Mujoco/work/results/stage19_mixed_recovery/locked_test_v1/medium/seed_01.json
PPO,MEDIUM,1,NORMAL,0.17500000000000002,0.0,0.45,100,/Users/lab4099/Desktop/Mujoco/work/results/stage19_mixed_recovery/locked_test_v1/medium/seed_01.json
PPO,MEDIUM,1,NORMAL,0.2,0.0,0.24,100,/Users/lab4099/Desktop/Mujoco/work/results/stage19_mixed_recovery/locked_test_v1/medium/seed_01.json
PPO,MEDIUM,1,NORMAL,0.225,0.0,0.55,100,/Users/lab4099/Desktop/Mujoco/work/results/stage19_mixed_recovery/locked_test_v1/medium/seed_01.json
PPO,MEDIUM,1,NORMAL,0.25,0.0,0.19,100,/Users/lab4099/Desktop/Mujoco/work/results/stage19_mixed_recovery/locked_test_v1/medium/seed_01.json
PPO,MEDIUM,1,NORMAL,0.275,0.0,0.53,100,/Users/lab4099/Desktop/Mujoco/work/results/stage19_mixed_recovery/locked_test_v1/medium/seed_01.json
PPO,MEDIUM,1,NORMAL,0.30000000000000004,0.0,0.27,100,/Users/lab4099/Desktop/Mujoco/work/results/stage19_mixed_recovery/locked_test_v1/medium/seed_01.json
PPO,MEDIUM,1,NORMAL,0.325,0.0,0.56,100,/Users/lab4099/Desktop/Mujoco/work/results/stage19_mixed_recovery/locked_test_v1/medium/seed_01.json
PPO,MEDIUM,1,NORMAL,0.35000000000000003,0.0,0.29,100,/Users/lab4099/Desktop/Mujoco/work/results/stage19_mixed_recovery/locked_test_v1/medium/seed_01.json
PPO,MEDIUM,1,NORMAL,0.375,0.0,0.62,100,/Users/lab4099/Desktop/Mujoco/work/results/stage19_mixed_recovery/locked_test_v1/medium/seed_01.json
PPO,MEDIUM,1,NORMAL,0.4,0.0,0.37,100,/Users/lab4099/Desktop/Mujoco/work/results/stage19_mixed_recovery/locked_test_v1/medium/seed_01.json
PPO,MEDIUM,1,NORMAL,0.42500000000000004,0.0,0.57,100,/Users/lab4099/Desktop/Mujoco/work/results/stage19_mixed_recovery/locked_test_v1/medium/seed_01.json
PPO,MEDIUM,1,NORMAL,0.45,0.0,0.29,100,/Users/lab4099/Desktop/Mujoco/work/results/stage19_mixed_recovery/locked_test_v1/medium/seed_01.json
PPO,MEDIUM,1,NORMAL,0.47500000000000003,0.0,0.67,100,/Users/lab4099/Desktop/Mujoco/work/results/stage19_mixed_recovery/locked_test_v1/medium/seed_01.json
PPO,MEDIUM,1,NORMAL,0.5,0.0,0.43,100,/Users/lab4099/Desktop/Mujoco/work/results/stage19_mixed_recovery/locked_test_v1/medium/seed_01.json
PPO,MEDIUM,1,NORMAL,0.525,0.0,0.67,100,/Users/lab4099/Desktop/Mujoco/work/results/stage19_mixed_recovery/locked_test_v1/medium/seed_01.json
PPO,MEDIUM,1,NORMAL,0.55,0.0,0.53,100,/Users/lab4099/Desktop/Mujoco/work/results/stage19_mixed_recovery/locked_test_v1/medium/seed_01.json
PPO,MEDIUM,1,NORMAL,0.5750000000000001,0.01,0.59,100,/Users/lab4099/Desktop/Mujoco/work/results/stage19_mixed_recovery/locked_test_v1/medium/seed_01.json
PPO,MEDIUM,1,NORMAL,0.6000000000000001,0.0,0.5,100,/Users/lab4099/Desktop/Mujoco/work/results/stage19_mixed_recovery/locked_test_v1/medium/seed_01.json
PPO,MEDIUM,1,NORMAL,0.625,0.0,0.56,100,/Users/lab4099/Desktop/Mujoco/work/results/stage19_mixed_recovery/locked_test_v1/medium/seed_01.json
PPO,MEDIUM,1,NORMAL,0.65,0.0,0.39,100,/Users/lab4099/Desktop/Mujoco/work/results/stage19_mixed_recovery/locked_test_v1/medium/seed_01.json
PPO,MEDIUM,1,NORMAL,0.675,0.0,0.34,100,/Users/lab4099/Desktop/Mujoco/work/results/stage19_mixed_recovery/locked_test_v1/medium/seed_01.json
PPO,MEDIUM,1,NORMAL,0.7000000000000001,0.0,0.42,100,/Users/lab4099/Desktop/Mujoco/work/results/stage19_mixed_recovery/locked_test_v1/medium/seed_01.json
PPO,MEDIUM,1,NORMAL,0.7250000000000001,0.01,0.32,100,/Users/lab4099/Desktop/Mujoco/work/results/stage19_mixed_recovery/locked_test_v1/medium/seed_01.json
PPO,MEDIUM,1,NORMAL,0.75,0.0,0.51,100,/Users/lab4099/Desktop/Mujoco/work/results/stage19_mixed_recovery/locked_test_v1/medium/seed_01.json
PPO,MEDIUM,1,NORMAL,0.775,0.0,0.36,100,/Users/lab4099/Desktop/Mujoco/work/results/stage19_mixed_recovery/locked_test_v1/medium/seed_01.json
PPO,MEDIUM,1,NORMAL,0.8,0.0,0.54,100,/Users/lab4099/Desktop/Mujoco/work/results/stage19_mixed_recovery/locked_test_v1/medium/seed_01.json
PPO,MEDIUM,1,NORMAL,0.8250000000000001,0.0,0.25,100,/Users/lab4099/Desktop/Mujoco/work/results/stage19_mixed_recovery/locked_test_v1/medium/seed_01.json
PPO,MEDIUM,1,NORMAL,0.8500000000000001,0.0,0.5,100,/Users/lab4099/Desktop/Mujoco/work/results/stage19_mixed_recovery/locked_test_v1/medium/seed_01.json
PPO,MEDIUM,1,NORMAL,0.875,0.0,0.26,100,/Users/lab4099/Desktop/Mujoco/work/results/stage19_mixed_recovery/locked_test_v1/medium/seed_01.json
PPO,MEDIUM,1,NORMAL,0.9,0.0,0.53,100,/Users/lab4099/Desktop/Mujoco/work/results/stage19_mixed_recovery/locked_test_v1/medium/seed_01.json
PPO,MEDIUM,1,NORMAL,0.925,0.0,0.32,100,/Users/lab4099/Desktop/Mujoco/work/results/stage19_mixed_recovery/locked_test_v1/medium/seed_01.json
PPO,MEDIUM,1,NORMAL,0.9500000000000001,0.0,0.61,100,/Users/lab4099/Desktop/Mujoco/work/results/stage19_mixed_recovery/locked_test_v1/medium/seed_01.json
PPO,MEDIUM,1,NORMAL,0.9750000000000001,0.0,0.35,100,/Users/lab4099/Desktop/Mujoco/work/results/stage19_mixed_recovery/locked_test_v1/medium/seed_01.json
PPO,MEDIUM,1,NORMAL,1.0,0.31,1.31,100,/Users/lab4099/Desktop/Mujoco/work/results/stage19_mixed_recovery/locked_test_v1/medium/seed_01.json
PPO,MEDIUM,1,DENSE,0.0,0.31,1.31,100,/Users/lab4099/Desktop/Mujoco/work/results/stage19_mixed_recovery/locked_test_v1/medium/seed_01.json
PPO,MEDIUM,1,DENSE,0.025,0.29,0.99,100,/Users/lab4099/Desktop/Mujoco/work/results/stage19_mixed_recovery/locked_test_v1/medium/seed_01.json
PPO,MEDIUM,1,DENSE,0.05,0.56,1.05,100,/Users/lab4099/Desktop/Mujoco/work/results/stage19_mixed_recovery/locked_test_v1/medium/seed_01.json
PPO,MEDIUM,1,DENSE,0.07500000000000001,0.85,1.2,100,/Users/lab4099/Desktop/Mujoco/work/results/stage19_mixed_recovery/locked_test_v1/medium/seed_01.json
PPO,MEDIUM,1,DENSE,0.1,1.02,1.19,100,/Users/lab4099/Desktop/Mujoco/work/results/stage19_mixed_recovery/locked_test_v1/medium/seed_01.json
PPO,MEDIUM,1,DENSE,0.125,1.45,1.3,100,/Users/lab4099/Desktop/Mujoco/work/results/stage19_mixed_recovery/locked_test_v1/medium/seed_01.json
PPO,MEDIUM,1,DENSE,0.15000000000000002,1.49,1.27,100,/Users/lab4099/Desktop/Mujoco/work/results/stage19_mixed_recovery/locked_test_v1/medium/seed_01.json
PPO,MEDIUM,1,DENSE,0.17500000000000002,1.6,1.36,100,/Users/lab4099/Desktop/Mujoco/work/results/stage19_mixed_recovery/locked_test_v1/medium/seed_01.json
PPO,MEDIUM,1,DENSE,0.2,1.59,1.32,100,/Users/lab4099/Desktop/Mujoco/work/results/stage19_mixed_recovery/locked_test_v1/medium/seed_01.json
PPO,MEDIUM,1,DENSE,0.225,1.8,1.4,100,/Users/lab4099/Desktop/Mujoco/work/results/stage19_mixed_recovery/locked_test_v1/medium/seed_01.json
PPO,MEDIUM,1,DENSE,0.25,1.74,1.43,100,/Users/lab4099/Desktop/Mujoco/work/results/stage19_mixed_recovery/locked_test_v1/medium/seed_01.json
PPO,MEDIUM,1,DENSE,0.275,1.91,1.49,100,/Users/lab4099/Desktop/Mujoco/work/results/stage19_mixed_recovery/locked_test_v1/medium/seed_01.json
PPO,MEDIUM,1,DENSE,0.30000000000000004,1.99,1.54,100,/Users/lab4099/Desktop/Mujoco/work/results/stage19_mixed_recovery/locked_test_v1/medium/seed_01.json
PPO,MEDIUM,1,DENSE,0.325,2.14,1.54,100,/Users/lab4099/Desktop/Mujoco/work/results/stage19_mixed_recovery/locked_test_v1/medium/seed_01.json
PPO,MEDIUM,1,DENSE,0.35000000000000003,2.27,1.57,100,/Users/lab4099/Desktop/Mujoco/work/results/stage19_mixed_recovery/locked_test_v1/medium/seed_01.json
PPO,MEDIUM,1,DENSE,0.375,2.36,1.62,100,/Users/lab4099/Desktop/Mujoco/work/results/stage19_mixed_recovery/locked_test_v1/medium/seed_01.json
PPO,MEDIUM,1,DENSE,0.4,2.44,1.69,100,/Users/lab4099/Desktop/Mujoco/work/results/stage19_mixed_recovery/locked_test_v1/medium/seed_01.json
PPO,MEDIUM,1,DENSE,0.42500000000000004,2.73,1.65,100,/Users/lab4099/Desktop/Mujoco/work/results/stage19_mixed_recovery/locked_test_v1/medium/seed_01.json
PPO,MEDIUM,1,DENSE,0.45,2.79,1.6,100,/Users/lab4099/Desktop/Mujoco/work/results/stage19_mixed_recovery/locked_test_v1/medium/seed_01.json
PPO,MEDIUM,1,DENSE,0.47500000000000003,2.89,1.68,100,/Users/lab4099/Desktop/Mujoco/work/results/stage19_mixed_recovery/locked_test_v1/medium/seed_01.json
PPO,MEDIUM,1,DENSE,0.5,3.08,1.73,100,/Users/lab4099/Desktop/Mujoco/work/results/stage19_mixed_recovery/locked_test_v1/medium/seed_01.json
PPO,MEDIUM,1,DENSE,0.525,3.16,1.71,100,/Users/lab4099/Desktop/Mujoco/work/results/stage19_mixed_recovery/locked_test_v1/medium/seed_01.json
PPO,MEDIUM,1,DENSE,0.55,3.42,1.64,100,/Users/lab4099/Desktop/Mujoco/work/results/stage19_mixed_recovery/locked_test_v1/medium/seed_01.json
PPO,MEDIUM,1,DENSE,0.5750000000000001,3.43,1.66,100,/Users/lab4099/Desktop/Mujoco/work/results/stage19_mixed_recovery/locked_test_v1/medium/seed_01.json
PPO,MEDIUM,1,DENSE,0.6000000000000001,3.65,1.59,100,/Users/lab4099/Desktop/Mujoco/work/results/stage19_mixed_recovery/locked_test_v1/medium/seed_01.json
PPO,MEDIUM,1,DENSE,0.625,3.7,1.6,100,/Users/lab4099/Desktop/Mujoco/work/results/stage19_mixed_recovery/locked_test_v1/medium/seed_01.json
PPO,MEDIUM,1,DENSE,0.65,3.85,1.67,100,/Users/lab4099/Desktop/Mujoco/work/results/stage19_mixed_recovery/locked_test_v1/medium/seed_01.json
PPO,MEDIUM,1,DENSE,0.675,3.77,1.62,100,/Users/lab4099/Desktop/Mujoco/work/results/stage19_mixed_recovery/locked_test_v1/medium/seed_01.json
PPO,MEDIUM,1,DENSE,0.7000000000000001,3.95,1.66,100,/Users/lab4099/Desktop/Mujoco/work/results/stage19_mixed_recovery/locked_test_v1/medium/seed_01.json
PPO,MEDIUM,1,DENSE,0.7250000000000001,3.88,1.68,100,/Users/lab4099/Desktop/Mujoco/work/results/stage19_mixed_recovery/locked_test_v1/medium/seed_01.json
PPO,MEDIUM,1,DENSE,0.75,3.95,1.78,100,/Users/lab4099/Desktop/Mujoco/work/results/stage19_mixed_recovery/locked_test_v1/medium/seed_01.json
PPO,MEDIUM,1,DENSE,0.775,4.04,1.7,100,/Users/lab4099/Desktop/Mujoco/work/results/stage19_mixed_recovery/locked_test_v1/medium/seed_01.json
PPO,MEDIUM,1,DENSE,0.8,4.17,1.84,100,/Users/lab4099/Desktop/Mujoco/work/results/stage19_mixed_recovery/locked_test_v1/medium/seed_01.json
PPO,MEDIUM,1,DENSE,0.8250000000000001,4.08,1.78,100,/Users/lab4099/Desktop/Mujoco/work/results/stage19_mixed_recovery/locked_test_v1/medium/seed_01.json
PPO,MEDIUM,1,DENSE,0.8500000000000001,4.27,1.8,100,/Users/lab4099/Desktop/Mujoco/work/results/stage19_mixed_recovery/locked_test_v1/medium/seed_01.json
PPO,MEDIUM,1,DENSE,0.875,4.33,1.76,100,/Users/lab4099/Desktop/Mujoco/work/results/stage19_mixed_recovery/locked_test_v1/medium/seed_01.json
PPO,MEDIUM,1,DENSE,0.9,4.54,1.92,100,/Users/lab4099/Desktop/Mujoco/work/results/stage19_mixed_recovery/locked_test_v1/medium/seed_01.json
PPO,MEDIUM,1,DENSE,0.925,4.51,1.8,100,/Users/lab4099/Desktop/Mujoco/work/results/stage19_mixed_recovery/locked_test_v1/medium/seed_01.json
PPO,MEDIUM,1,DENSE,0.9500000000000001,4.76,1.91,100,/Users/lab4099/Desktop/Mujoco/work/results/stage19_mixed_recovery/locked_test_v1/medium/seed_01.json
PPO,MEDIUM,1,DENSE,0.9750000000000001,4.54,1.81,100,/Users/lab4099/Desktop/Mujoco/work/results/stage19_mixed_recovery/locked_test_v1/medium/seed_01.json
PPO,MEDIUM,1,DENSE,1.0,5.95,2.07,100,/Users/lab4099/Desktop/Mujoco/work/results/stage19_mixed_recovery/locked_test_v1/medium/seed_01.json
PPO,MEDIUM,1,BURST,0.0,5.95,2.07,100,/Users/lab4099/Desktop/Mujoco/work/results/stage19_mixed_recovery/locked_test_v1/medium/seed_01.json
PPO,MEDIUM,1,BURST,0.025,6.92,2.23,100,/Users/lab4099/Desktop/Mujoco/work/results/stage19_mixed_recovery/locked_test_v1/medium/seed_01.json
PPO,MEDIUM,1,BURST,0.05,8.21,2.37,100,/Users/lab4099/Desktop/Mujoco/work/results/stage19_mixed_recovery/locked_test_v1/medium/seed_01.json
PPO,MEDIUM,1,BURST,0.07500000000000001,9.42,2.32,100,/Users/lab4099/Desktop/Mujoco/work/results/stage19_mixed_recovery/locked_test_v1/medium/seed_01.json
PPO,MEDIUM,1,BURST,0.1,10.81,2.36,100,/Users/lab4099/Desktop/Mujoco/work/results/stage19_mixed_recovery/locked_test_v1/medium/seed_01.json
PPO,MEDIUM,1,BURST,0.125,12.26,2.32,100,/Users/lab4099/Desktop/Mujoco/work/results/stage19_mixed_recovery/locked_test_v1/medium/seed_01.json
PPO,MEDIUM,1,BURST,0.15000000000000002,13.74,2.26,100,/Users/lab4099/Desktop/Mujoco/work/results/stage19_mixed_recovery/locked_test_v1/medium/seed_01.json
PPO,MEDIUM,1,BURST,0.17500000000000002,15.2,2.13,100,/Users/lab4099/Desktop/Mujoco/work/results/stage19_mixed_recovery/locked_test_v1/medium/seed_01.json
PPO,MEDIUM,1,BURST,0.2,16.75,2.11,100,/Users/lab4099/Desktop/Mujoco/work/results/stage19_mixed_recovery/locked_test_v1/medium/seed_01.json
PPO,MEDIUM,1,BURST,0.225,18.18,2.06,100,/Users/lab4099/Desktop/Mujoco/work/results/stage19_mixed_recovery/locked_test_v1/medium/seed_01.json
PPO,MEDIUM,1,BURST,0.25,19.85,2.04,100,/Users/lab4099/Desktop/Mujoco/work/results/stage19_mixed_recovery/locked_test_v1/medium/seed_01.json
PPO,MEDIUM,1,BURST,0.275,21.38,1.99,100,/Users/lab4099/Desktop/Mujoco/work/results/stage19_mixed_recovery/locked_test_v1/medium/seed_01.json
PPO,MEDIUM,1,BURST,0.30000000000000004,22.77,1.97,100,/Users/lab4099/Desktop/Mujoco/work/results/stage19_mixed_recovery/locked_test_v1/medium/seed_01.json
PPO,MEDIUM,1,BURST,0.325,23.07,1.95,100,/Users/lab4099/Desktop/Mujoco/work/results/stage19_mixed_recovery/locked_test_v1/medium/seed_01.json
PPO,MEDIUM,1,BURST,0.35000000000000003,23.0,1.95,100,/Users/lab4099/Desktop/Mujoco/work/results/stage19_mixed_recovery/locked_test_v1/medium/seed_01.json
PPO,MEDIUM,1,BURST,0.375,22.93,1.95,100,/Users/lab4099/Desktop/Mujoco/work/results/stage19_mixed_recovery/locked_test_v1/medium/seed_01.json
PPO,MEDIUM,1,BURST,0.4,22.86,1.95,100,/Users/lab4099/Desktop/Mujoco/work/results/stage19_mixed_recovery/locked_test_v1/medium/seed_01.json
PPO,MEDIUM,1,BURST,0.42500000000000004,22.83,1.95,100,/Users/lab4099/Desktop/Mujoco/work/results/stage19_mixed_recovery/locked_test_v1/medium/seed_01.json
PPO,MEDIUM,1,BURST,0.45,22.74,1.95,100,/Users/lab4099/Desktop/Mujoco/work/results/stage19_mixed_recovery/locked_test_v1/medium/seed_01.json
PPO,MEDIUM,1,BURST,0.47500000000000003,22.65,1.94,100,/Users/lab4099/Desktop/Mujoco/work/results/stage19_mixed_recovery/locked_test_v1/medium/seed_01.json
PPO,MEDIUM,1,BURST,0.5,22.55,1.95,100,/Users/lab4099/Desktop/Mujoco/work/results/stage19_mixed_recovery/locked_test_v1/medium/seed_01.json
PPO,MEDIUM,1,BURST,0.525,22.44,1.95,100,/Users/lab4099/Desktop/Mujoco/work/results/stage19_mixed_recovery/locked_test_v1/medium/seed_01.json
PPO,MEDIUM,1,BURST,0.55,22.38,1.94,100,/Users/lab4099/Desktop/Mujoco/work/results/stage19_mixed_recovery/locked_test_v1/medium/seed_01.json
PPO,MEDIUM,1,BURST,0.5750000000000001,22.32,1.92,100,/Users/lab4099/Desktop/Mujoco/work/results/stage19_mixed_recovery/locked_test_v1/medium/seed_01.json
PPO,MEDIUM,1,BURST,0.6000000000000001,22.26,1.92,100,/Users/lab4099/Desktop/Mujoco/work/results/stage19_mixed_recovery/locked_test_v1/medium/seed_01.json
PPO,MEDIUM,1,BURST,0.625,22.14,1.91,100,/Users/lab4099/Desktop/Mujoco/work/results/stage19_mixed_recovery/locked_test_v1/medium/seed_01.json
PPO,MEDIUM,1,BURST,0.65,22.09,1.92,100,/Users/lab4099/Desktop/Mujoco/work/results/stage19_mixed_recovery/locked_test_v1/medium/seed_01.json
PPO,MEDIUM,1,BURST,0.675,21.96,1.92,100,/Users/lab4099/Desktop/Mujoco/work/results/stage19_mixed_recovery/locked_test_v1/medium/seed_01.json
PPO,MEDIUM,1,BURST,0.7000000000000001,21.86,1.92,100,/Users/lab4099/Desktop/Mujoco/work/results/stage19_mixed_recovery/locked_test_v1/medium/seed_01.json
PPO,MEDIUM,1,BURST,0.7250000000000001,21.75,1.92,100,/Users/lab4099/Desktop/Mujoco/work/results/stage19_mixed_recovery/locked_test_v1/medium/seed_01.json
PPO,MEDIUM,1,BURST,0.75,21.64,1.92,100,/Users/lab4099/Desktop/Mujoco/work/results/stage19_mixed_recovery/locked_test_v1/medium/seed_01.json
PPO,MEDIUM,1,BURST,0.775,21.61,1.9,100,/Users/lab4099/Desktop/Mujoco/work/results/stage19_mixed_recovery/locked_test_v1/medium/seed_01.json
PPO,MEDIUM,1,BURST,0.8,21.57,1.9,100,/Users/lab4099/Desktop/Mujoco/work/results/stage19_mixed_recovery/locked_test_v1/medium/seed_01.json
PPO,MEDIUM,1,BURST,0.8250000000000001,21.48,1.9,100,/Users/lab4099/Desktop/Mujoco/work/results/stage19_mixed_recovery/locked_test_v1/medium/seed_01.json
PPO,MEDIUM,1,BURST,0.8500000000000001,21.39,1.9,100,/Users/lab4099/Desktop/Mujoco/work/results/stage19_mixed_recovery/locked_test_v1/medium/seed_01.json
PPO,MEDIUM,1,BURST,0.875,21.33,1.9,100,/Users/lab4099/Desktop/Mujoco/work/results/stage19_mixed_recovery/locked_test_v1/medium/seed_01.json
PPO,MEDIUM,1,BURST,0.9,21.27,1.9,100,/Users/lab4099/Desktop/Mujoco/work/results/stage19_mixed_recovery/locked_test_v1/medium/seed_01.json
PPO,MEDIUM,1,BURST,0.925,21.15,1.91,100,/Users/lab4099/Desktop/Mujoco/work/results/stage19_mixed_recovery/locked_test_v1/medium/seed_01.json
PPO,MEDIUM,1,BURST,0.9500000000000001,21.11,1.92,100,/Users/lab4099/Desktop/Mujoco/work/results/stage19_mixed_recovery/locked_test_v1/medium/seed_01.json
PPO,MEDIUM,1,BURST,0.9750000000000001,21.02,1.93,100,/Users/lab4099/Desktop/Mujoco/work/results/stage19_mixed_recovery/locked_test_v1/medium/seed_01.json
PPO,MEDIUM,1,BURST,1.0,21.9,1.92,100,/Users/lab4099/Desktop/Mujoco/work/results/stage19_mixed_recovery/locked_test_v1/medium/seed_01.json
PPO,MEDIUM,1,RECOVERY,0.0,21.9,1.92,100,/Users/lab4099/Desktop/Mujoco/work/results/stage19_mixed_recovery/locked_test_v1/medium/seed_01.json
PPO,MEDIUM,1,RECOVERY,0.025,20.8,1.94,100,/Users/lab4099/Desktop/Mujoco/work/results/stage19_mixed_recovery/locked_test_v1/medium/seed_01.json
PPO,MEDIUM,1,RECOVERY,0.05,19.97,1.93,100,/Users/lab4099/Desktop/Mujoco/work/results/stage19_mixed_recovery/locked_test_v1/medium/seed_01.json
PPO,MEDIUM,1,RECOVERY,0.07500000000000001,19.5,1.92,100,/Users/lab4099/Desktop/Mujoco/work/results/stage19_mixed_recovery/locked_test_v1/medium/seed_01.json
PPO,MEDIUM,1,RECOVERY,0.1,18.34,1.94,100,/Users/lab4099/Desktop/Mujoco/work/results/stage19_mixed_recovery/locked_test_v1/medium/seed_01.json
PPO,MEDIUM,1,RECOVERY,0.125,17.6,1.97,100,/Users/lab4099/Desktop/Mujoco/work/results/stage19_mixed_recovery/locked_test_v1/medium/seed_01.json
PPO,MEDIUM,1,RECOVERY,0.15000000000000002,15.91,1.95,100,/Users/lab4099/Desktop/Mujoco/work/results/stage19_mixed_recovery/locked_test_v1/medium/seed_01.json
PPO,MEDIUM,1,RECOVERY,0.17500000000000002,14.5,2.05,100,/Users/lab4099/Desktop/Mujoco/work/results/stage19_mixed_recovery/locked_test_v1/medium/seed_01.json
PPO,MEDIUM,1,RECOVERY,0.2,12.14,2.01,100,/Users/lab4099/Desktop/Mujoco/work/results/stage19_mixed_recovery/locked_test_v1/medium/seed_01.json
PPO,MEDIUM,1,RECOVERY,0.225,10.62,1.89,100,/Users/lab4099/Desktop/Mujoco/work/results/stage19_mixed_recovery/locked_test_v1/medium/seed_01.json
PPO,MEDIUM,1,RECOVERY,0.25,8.23,1.87,100,/Users/lab4099/Desktop/Mujoco/work/results/stage19_mixed_recovery/locked_test_v1/medium/seed_01.json
PPO,MEDIUM,1,RECOVERY,0.275,6.82,1.79,100,/Users/lab4099/Desktop/Mujoco/work/results/stage19_mixed_recovery/locked_test_v1/medium/seed_01.json
PPO,MEDIUM,1,RECOVERY,0.30000000000000004,5.43,1.64,100,/Users/lab4099/Desktop/Mujoco/work/results/stage19_mixed_recovery/locked_test_v1/medium/seed_01.json
PPO,MEDIUM,1,RECOVERY,0.325,4.48,1.48,100,/Users/lab4099/Desktop/Mujoco/work/results/stage19_mixed_recovery/locked_test_v1/medium/seed_01.json
PPO,MEDIUM,1,RECOVERY,0.35000000000000003,3.51,1.37,100,/Users/lab4099/Desktop/Mujoco/work/results/stage19_mixed_recovery/locked_test_v1/medium/seed_01.json
PPO,MEDIUM,1,RECOVERY,0.375,2.9,1.37,100,/Users/lab4099/Desktop/Mujoco/work/results/stage19_mixed_recovery/locked_test_v1/medium/seed_01.json
PPO,MEDIUM,1,RECOVERY,0.4,2.25,1.2,100,/Users/lab4099/Desktop/Mujoco/work/results/stage19_mixed_recovery/locked_test_v1/medium/seed_01.json
PPO,MEDIUM,1,RECOVERY,0.42500000000000004,1.84,1.17,100,/Users/lab4099/Desktop/Mujoco/work/results/stage19_mixed_recovery/locked_test_v1/medium/seed_01.json
PPO,MEDIUM,1,RECOVERY,0.45,1.31,1.13,100,/Users/lab4099/Desktop/Mujoco/work/results/stage19_mixed_recovery/locked_test_v1/medium/seed_01.json
PPO,MEDIUM,1,RECOVERY,0.47500000000000003,1.03,0.99,100,/Users/lab4099/Desktop/Mujoco/work/results/stage19_mixed_recovery/locked_test_v1/medium/seed_01.json
PPO,MEDIUM,1,RECOVERY,0.5,0.68,0.9,100,/Users/lab4099/Desktop/Mujoco/work/results/stage19_mixed_recovery/locked_test_v1/medium/seed_01.json
PPO,MEDIUM,1,RECOVERY,0.525,0.54,0.75,100,/Users/lab4099/Desktop/Mujoco/work/results/stage19_mixed_recovery/locked_test_v1/medium/seed_01.json
PPO,MEDIUM,1,RECOVERY,0.55,0.37,0.66,100,/Users/lab4099/Desktop/Mujoco/work/results/stage19_mixed_recovery/locked_test_v1/medium/seed_01.json
PPO,MEDIUM,1,RECOVERY,0.5750000000000001,0.3,0.69,100,/Users/lab4099/Desktop/Mujoco/work/results/stage19_mixed_recovery/locked_test_v1/medium/seed_01.json
PPO,MEDIUM,1,RECOVERY,0.6000000000000001,0.11,0.64,100,/Users/lab4099/Desktop/Mujoco/work/results/stage19_mixed_recovery/locked_test_v1/medium/seed_01.json
PPO,MEDIUM,1,RECOVERY,0.625,0.1,0.46,100,/Users/lab4099/Desktop/Mujoco/work/results/stage19_mixed_recovery/locked_test_v1/medium/seed_01.json
PPO,MEDIUM,1,RECOVERY,0.65,0.02,0.52,100,/Users/lab4099/Desktop/Mujoco/work/results/stage19_mixed_recovery/locked_test_v1/medium/seed_01.json
PPO,MEDIUM,1,RECOVERY,0.675,0.0,0.59,100,/Users/lab4099/Desktop/Mujoco/work/results/stage19_mixed_recovery/locked_test_v1/medium/seed_01.json
PPO,MEDIUM,1,RECOVERY,0.7000000000000001,0.02,0.55,100,/Users/lab4099/Desktop/Mujoco/work/results/stage19_mixed_recovery/locked_test_v1/medium/seed_01.json
PPO,MEDIUM,1,RECOVERY,0.7250000000000001,0.0,0.48,100,/Users/lab4099/Desktop/Mujoco/work/results/stage19_mixed_recovery/locked_test_v1/medium/seed_01.json
PPO,MEDIUM,1,RECOVERY,0.75,0.01,0.56,100,/Users/lab4099/Desktop/Mujoco/work/results/stage19_mixed_recovery/locked_test_v1/medium/seed_01.json
PPO,MEDIUM,1,RECOVERY,0.775,0.0,0.39,100,/Users/lab4099/Desktop/Mujoco/work/results/stage19_mixed_recovery/locked_test_v1/medium/seed_01.json
PPO,MEDIUM,1,RECOVERY,0.8,0.01,0.56,100,/Users/lab4099/Desktop/Mujoco/work/results/stage19_mixed_recovery/locked_test_v1/medium/seed_01.json
PPO,MEDIUM,1,RECOVERY,0.8250000000000001,0.0,0.46,100,/Users/lab4099/Desktop/Mujoco/work/results/stage19_mixed_recovery/locked_test_v1/medium/seed_01.json
PPO,MEDIUM,1,RECOVERY,0.8500000000000001,0.01,0.56,100,/Users/lab4099/Desktop/Mujoco/work/results/stage19_mixed_recovery/locked_test_v1/medium/seed_01.json
PPO,MEDIUM,1,RECOVERY,0.875,0.0,0.46,100,/Users/lab4099/Desktop/Mujoco/work/results/stage19_mixed_recovery/locked_test_v1/medium/seed_01.json
PPO,MEDIUM,1,RECOVERY,0.9,0.03,0.6,100,/Users/lab4099/Desktop/Mujoco/work/results/stage19_mixed_recovery/locked_test_v1/medium/seed_01.json
PPO,MEDIUM,1,RECOVERY,0.925,0.0,0.46,100,/Users/lab4099/Desktop/Mujoco/work/results/stage19_mixed_recovery/locked_test_v1/medium/seed_01.json
PPO,MEDIUM,1,RECOVERY,0.9500000000000001,0.02,0.56,100,/Users/lab4099/Desktop/Mujoco/work/results/stage19_mixed_recovery/locked_test_v1/medium/seed_01.json
PPO,MEDIUM,1,RECOVERY,0.9750000000000001,0.0,0.77,100,/Users/lab4099/Desktop/Mujoco/work/results/stage19_mixed_recovery/locked_test_v1/medium/seed_01.json
PPO,MEDIUM,1,RECOVERY,1.0,0.0,0.0,100,/Users/lab4099/Desktop/Mujoco/work/results/stage19_mixed_recovery/locked_test_v1/medium/seed_01.json
PPO,MEDIUM,2,NORMAL,0.0,0.0,1.0,100,/Users/lab4099/Desktop/Mujoco/work/results/stage19_mixed_recovery/locked_test_v1/medium/seed_02.json
PPO,MEDIUM,2,NORMAL,0.025,0.0,0.27,100,/Users/lab4099/Desktop/Mujoco/work/results/stage19_mixed_recovery/locked_test_v1/medium/seed_02.json
PPO,MEDIUM,2,NORMAL,0.05,0.0,0.37,100,/Users/lab4099/Desktop/Mujoco/work/results/stage19_mixed_recovery/locked_test_v1/medium/seed_02.json
PPO,MEDIUM,2,NORMAL,0.07500000000000001,0.0,0.31,100,/Users/lab4099/Desktop/Mujoco/work/results/stage19_mixed_recovery/locked_test_v1/medium/seed_02.json
PPO,MEDIUM,2,NORMAL,0.1,0.0,0.3,100,/Users/lab4099/Desktop/Mujoco/work/results/stage19_mixed_recovery/locked_test_v1/medium/seed_02.json
PPO,MEDIUM,2,NORMAL,0.125,0.0,0.51,100,/Users/lab4099/Desktop/Mujoco/work/results/stage19_mixed_recovery/locked_test_v1/medium/seed_02.json
PPO,MEDIUM,2,NORMAL,0.15000000000000002,0.0,0.27,100,/Users/lab4099/Desktop/Mujoco/work/results/stage19_mixed_recovery/locked_test_v1/medium/seed_02.json
PPO,MEDIUM,2,NORMAL,0.17500000000000002,0.0,0.45,100,/Users/lab4099/Desktop/Mujoco/work/results/stage19_mixed_recovery/locked_test_v1/medium/seed_02.json
PPO,MEDIUM,2,NORMAL,0.2,0.0,0.25,100,/Users/lab4099/Desktop/Mujoco/work/results/stage19_mixed_recovery/locked_test_v1/medium/seed_02.json
PPO,MEDIUM,2,NORMAL,0.225,0.0,0.55,100,/Users/lab4099/Desktop/Mujoco/work/results/stage19_mixed_recovery/locked_test_v1/medium/seed_02.json
PPO,MEDIUM,2,NORMAL,0.25,0.0,0.19,100,/Users/lab4099/Desktop/Mujoco/work/results/stage19_mixed_recovery/locked_test_v1/medium/seed_02.json
PPO,MEDIUM,2,NORMAL,0.275,0.0,0.52,100,/Users/lab4099/Desktop/Mujoco/work/results/stage19_mixed_recovery/locked_test_v1/medium/seed_02.json
PPO,MEDIUM,2,NORMAL,0.30000000000000004,0.0,0.25,100,/Users/lab4099/Desktop/Mujoco/work/results/stage19_mixed_recovery/locked_test_v1/medium/seed_02.json
PPO,MEDIUM,2,NORMAL,0.325,0.0,0.56,100,/Users/lab4099/Desktop/Mujoco/work/results/stage19_mixed_recovery/locked_test_v1/medium/seed_02.json
PPO,MEDIUM,2,NORMAL,0.35000000000000003,0.0,0.28,100,/Users/lab4099/Desktop/Mujoco/work/results/stage19_mixed_recovery/locked_test_v1/medium/seed_02.json
PPO,MEDIUM,2,NORMAL,0.375,0.0,0.61,100,/Users/lab4099/Desktop/Mujoco/work/results/stage19_mixed_recovery/locked_test_v1/medium/seed_02.json
PPO,MEDIUM,2,NORMAL,0.4,0.0,0.36,100,/Users/lab4099/Desktop/Mujoco/work/results/stage19_mixed_recovery/locked_test_v1/medium/seed_02.json
PPO,MEDIUM,2,NORMAL,0.42500000000000004,0.0,0.55,100,/Users/lab4099/Desktop/Mujoco/work/results/stage19_mixed_recovery/locked_test_v1/medium/seed_02.json
PPO,MEDIUM,2,NORMAL,0.45,0.0,0.3,100,/Users/lab4099/Desktop/Mujoco/work/results/stage19_mixed_recovery/locked_test_v1/medium/seed_02.json
PPO,MEDIUM,2,NORMAL,0.47500000000000003,0.0,0.67,100,/Users/lab4099/Desktop/Mujoco/work/results/stage19_mixed_recovery/locked_test_v1/medium/seed_02.json
PPO,MEDIUM,2,NORMAL,0.5,0.0,0.43,100,/Users/lab4099/Desktop/Mujoco/work/results/stage19_mixed_recovery/locked_test_v1/medium/seed_02.json
PPO,MEDIUM,2,NORMAL,0.525,0.0,0.66,100,/Users/lab4099/Desktop/Mujoco/work/results/stage19_mixed_recovery/locked_test_v1/medium/seed_02.json
PPO,MEDIUM,2,NORMAL,0.55,0.0,0.53,100,/Users/lab4099/Desktop/Mujoco/work/results/stage19_mixed_recovery/locked_test_v1/medium/seed_02.json
PPO,MEDIUM,2,NORMAL,0.5750000000000001,0.0,0.59,100,/Users/lab4099/Desktop/Mujoco/work/results/stage19_mixed_recovery/locked_test_v1/medium/seed_02.json
PPO,MEDIUM,2,NORMAL,0.6000000000000001,0.0,0.49,100,/Users/lab4099/Desktop/Mujoco/work/results/stage19_mixed_recovery/locked_test_v1/medium/seed_02.json
PPO,MEDIUM,2,NORMAL,0.625,0.01,0.57,100,/Users/lab4099/Desktop/Mujoco/work/results/stage19_mixed_recovery/locked_test_v1/medium/seed_02.json
PPO,MEDIUM,2,NORMAL,0.65,0.0,0.37,100,/Users/lab4099/Desktop/Mujoco/work/results/stage19_mixed_recovery/locked_test_v1/medium/seed_02.json
PPO,MEDIUM,2,NORMAL,0.675,0.0,0.35,100,/Users/lab4099/Desktop/Mujoco/work/results/stage19_mixed_recovery/locked_test_v1/medium/seed_02.json
PPO,MEDIUM,2,NORMAL,0.7000000000000001,0.0,0.42,100,/Users/lab4099/Desktop/Mujoco/work/results/stage19_mixed_recovery/locked_test_v1/medium/seed_02.json
PPO,MEDIUM,2,NORMAL,0.7250000000000001,0.01,0.31,100,/Users/lab4099/Desktop/Mujoco/work/results/stage19_mixed_recovery/locked_test_v1/medium/seed_02.json
PPO,MEDIUM,2,NORMAL,0.75,0.0,0.52,100,/Users/lab4099/Desktop/Mujoco/work/results/stage19_mixed_recovery/locked_test_v1/medium/seed_02.json
PPO,MEDIUM,2,NORMAL,0.775,0.0,0.36,100,/Users/lab4099/Desktop/Mujoco/work/results/stage19_mixed_recovery/locked_test_v1/medium/seed_02.json
PPO,MEDIUM,2,NORMAL,0.8,0.0,0.54,100,/Users/lab4099/Desktop/Mujoco/work/results/stage19_mixed_recovery/locked_test_v1/medium/seed_02.json
PPO,MEDIUM,2,NORMAL,0.8250000000000001,0.0,0.24,100,/Users/lab4099/Desktop/Mujoco/work/results/stage19_mixed_recovery/locked_test_v1/medium/seed_02.json
PPO,MEDIUM,2,NORMAL,0.8500000000000001,0.0,0.49,100,/Users/lab4099/Desktop/Mujoco/work/results/stage19_mixed_recovery/locked_test_v1/medium/seed_02.json
PPO,MEDIUM,2,NORMAL,0.875,0.0,0.27,100,/Users/lab4099/Desktop/Mujoco/work/results/stage19_mixed_recovery/locked_test_v1/medium/seed_02.json
PPO,MEDIUM,2,NORMAL,0.9,0.0,0.52,100,/Users/lab4099/Desktop/Mujoco/work/results/stage19_mixed_recovery/locked_test_v1/medium/seed_02.json
PPO,MEDIUM,2,NORMAL,0.925,0.0,0.32,100,/Users/lab4099/Desktop/Mujoco/work/results/stage19_mixed_recovery/locked_test_v1/medium/seed_02.json
PPO,MEDIUM,2,NORMAL,0.9500000000000001,0.0,0.62,100,/Users/lab4099/Desktop/Mujoco/work/results/stage19_mixed_recovery/locked_test_v1/medium/seed_02.json
PPO,MEDIUM,2,NORMAL,0.9750000000000001,0.0,0.37,100,/Users/lab4099/Desktop/Mujoco/work/results/stage19_mixed_recovery/locked_test_v1/medium/seed_02.json
PPO,MEDIUM,2,NORMAL,1.0,0.3,1.31,100,/Users/lab4099/Desktop/Mujoco/work/results/stage19_mixed_recovery/locked_test_v1/medium/seed_02.json
PPO,MEDIUM,2,DENSE,0.0,0.3,1.31,100,/Users/lab4099/Desktop/Mujoco/work/results/stage19_mixed_recovery/locked_test_v1/medium/seed_02.json
PPO,MEDIUM,2,DENSE,0.025,0.29,1.01,100,/Users/lab4099/Desktop/Mujoco/work/results/stage19_mixed_recovery/locked_test_v1/medium/seed_02.json
PPO,MEDIUM,2,DENSE,0.05,0.56,1.04,100,/Users/lab4099/Desktop/Mujoco/work/results/stage19_mixed_recovery/locked_test_v1/medium/seed_02.json
PPO,MEDIUM,2,DENSE,0.07500000000000001,0.84,1.21,100,/Users/lab4099/Desktop/Mujoco/work/results/stage19_mixed_recovery/locked_test_v1/medium/seed_02.json
PPO,MEDIUM,2,DENSE,0.1,1.02,1.19,100,/Users/lab4099/Desktop/Mujoco/work/results/stage19_mixed_recovery/locked_test_v1/medium/seed_02.json
PPO,MEDIUM,2,DENSE,0.125,1.45,1.31,100,/Users/lab4099/Desktop/Mujoco/work/results/stage19_mixed_recovery/locked_test_v1/medium/seed_02.json
PPO,MEDIUM,2,DENSE,0.15000000000000002,1.48,1.27,100,/Users/lab4099/Desktop/Mujoco/work/results/stage19_mixed_recovery/locked_test_v1/medium/seed_02.json
PPO,MEDIUM,2,DENSE,0.17500000000000002,1.59,1.36,100,/Users/lab4099/Desktop/Mujoco/work/results/stage19_mixed_recovery/locked_test_v1/medium/seed_02.json
PPO,MEDIUM,2,DENSE,0.2,1.52,1.33,100,/Users/lab4099/Desktop/Mujoco/work/results/stage19_mixed_recovery/locked_test_v1/medium/seed_02.json
PPO,MEDIUM,2,DENSE,0.225,1.68,1.4,100,/Users/lab4099/Desktop/Mujoco/work/results/stage19_mixed_recovery/locked_test_v1/medium/seed_02.json
PPO,MEDIUM,2,DENSE,0.25,1.64,1.44,100,/Users/lab4099/Desktop/Mujoco/work/results/stage19_mixed_recovery/locked_test_v1/medium/seed_02.json
PPO,MEDIUM,2,DENSE,0.275,1.85,1.5,100,/Users/lab4099/Desktop/Mujoco/work/results/stage19_mixed_recovery/locked_test_v1/medium/seed_02.json
PPO,MEDIUM,2,DENSE,0.30000000000000004,1.89,1.55,100,/Users/lab4099/Desktop/Mujoco/work/results/stage19_mixed_recovery/locked_test_v1/medium/seed_02.json
PPO,MEDIUM,2,DENSE,0.325,2.04,1.51,100,/Users/lab4099/Desktop/Mujoco/work/results/stage19_mixed_recovery/locked_test_v1/medium/seed_02.json
PPO,MEDIUM,2,DENSE,0.35000000000000003,2.17,1.56,100,/Users/lab4099/Desktop/Mujoco/work/results/stage19_mixed_recovery/locked_test_v1/medium/seed_02.json
PPO,MEDIUM,2,DENSE,0.375,2.23,1.59,100,/Users/lab4099/Desktop/Mujoco/work/results/stage19_mixed_recovery/locked_test_v1/medium/seed_02.json
PPO,MEDIUM,2,DENSE,0.4,2.26,1.67,100,/Users/lab4099/Desktop/Mujoco/work/results/stage19_mixed_recovery/locked_test_v1/medium/seed_02.json
PPO,MEDIUM,2,DENSE,0.42500000000000004,2.4,1.72,100,/Users/lab4099/Desktop/Mujoco/work/results/stage19_mixed_recovery/locked_test_v1/medium/seed_02.json
PPO,MEDIUM,2,DENSE,0.45,2.41,1.62,100,/Users/lab4099/Desktop/Mujoco/work/results/stage19_mixed_recovery/locked_test_v1/medium/seed_02.json
PPO,MEDIUM,2,DENSE,0.47500000000000003,2.41,1.67,100,/Users/lab4099/Desktop/Mujoco/work/results/stage19_mixed_recovery/locked_test_v1/medium/seed_02.json
PPO,MEDIUM,2,DENSE,0.5,2.6,1.68,100,/Users/lab4099/Desktop/Mujoco/work/results/stage19_mixed_recovery/locked_test_v1/medium/seed_02.json
PPO,MEDIUM,2,DENSE,0.525,2.75,1.61,100,/Users/lab4099/Desktop/Mujoco/work/results/stage19_mixed_recovery/locked_test_v1/medium/seed_02.json
PPO,MEDIUM,2,DENSE,0.55,2.89,1.68,100,/Users/lab4099/Desktop/Mujoco/work/results/stage19_mixed_recovery/locked_test_v1/medium/seed_02.json
PPO,MEDIUM,2,DENSE,0.5750000000000001,2.92,1.68,100,/Users/lab4099/Desktop/Mujoco/work/results/stage19_mixed_recovery/locked_test_v1/medium/seed_02.json
PPO,MEDIUM,2,DENSE,0.6000000000000001,3.08,1.62,100,/Users/lab4099/Desktop/Mujoco/work/results/stage19_mixed_recovery/locked_test_v1/medium/seed_02.json
PPO,MEDIUM,2,DENSE,0.625,3.08,1.62,100,/Users/lab4099/Desktop/Mujoco/work/results/stage19_mixed_recovery/locked_test_v1/medium/seed_02.json
PPO,MEDIUM,2,DENSE,0.65,3.32,1.64,100,/Users/lab4099/Desktop/Mujoco/work/results/stage19_mixed_recovery/locked_test_v1/medium/seed_02.json
PPO,MEDIUM,2,DENSE,0.675,3.24,1.64,100,/Users/lab4099/Desktop/Mujoco/work/results/stage19_mixed_recovery/locked_test_v1/medium/seed_02.json
PPO,MEDIUM,2,DENSE,0.7000000000000001,3.25,1.7,100,/Users/lab4099/Desktop/Mujoco/work/results/stage19_mixed_recovery/locked_test_v1/medium/seed_02.json
PPO,MEDIUM,2,DENSE,0.7250000000000001,3.17,1.76,100,/Users/lab4099/Desktop/Mujoco/work/results/stage19_mixed_recovery/locked_test_v1/medium/seed_02.json
PPO,MEDIUM,2,DENSE,0.75,3.36,1.78,100,/Users/lab4099/Desktop/Mujoco/work/results/stage19_mixed_recovery/locked_test_v1/medium/seed_02.json
PPO,MEDIUM,2,DENSE,0.775,3.28,1.8,100,/Users/lab4099/Desktop/Mujoco/work/results/stage19_mixed_recovery/locked_test_v1/medium/seed_02.json
PPO,MEDIUM,2,DENSE,0.8,3.5,1.82,100,/Users/lab4099/Desktop/Mujoco/work/results/stage19_mixed_recovery/locked_test_v1/medium/seed_02.json
PPO,MEDIUM,2,DENSE,0.8250000000000001,3.34,1.82,100,/Users/lab4099/Desktop/Mujoco/work/results/stage19_mixed_recovery/locked_test_v1/medium/seed_02.json
PPO,MEDIUM,2,DENSE,0.8500000000000001,3.56,1.79,100,/Users/lab4099/Desktop/Mujoco/work/results/stage19_mixed_recovery/locked_test_v1/medium/seed_02.json
PPO,MEDIUM,2,DENSE,0.875,3.53,1.8,100,/Users/lab4099/Desktop/Mujoco/work/results/stage19_mixed_recovery/locked_test_v1/medium/seed_02.json
PPO,MEDIUM,2,DENSE,0.9,3.63,1.94,100,/Users/lab4099/Desktop/Mujoco/work/results/stage19_mixed_recovery/locked_test_v1/medium/seed_02.json
PPO,MEDIUM,2,DENSE,0.925,3.42,1.85,100,/Users/lab4099/Desktop/Mujoco/work/results/stage19_mixed_recovery/locked_test_v1/medium/seed_02.json
PPO,MEDIUM,2,DENSE,0.9500000000000001,3.87,1.9,100,/Users/lab4099/Desktop/Mujoco/work/results/stage19_mixed_recovery/locked_test_v1/medium/seed_02.json
PPO,MEDIUM,2,DENSE,0.9750000000000001,3.74,1.78,100,/Users/lab4099/Desktop/Mujoco/work/results/stage19_mixed_recovery/locked_test_v1/medium/seed_02.json
PPO,MEDIUM,2,DENSE,1.0,5.24,2.01,100,/Users/lab4099/Desktop/Mujoco/work/results/stage19_mixed_recovery/locked_test_v1/medium/seed_02.json
PPO,MEDIUM,2,BURST,0.0,5.24,2.01,100,/Users/lab4099/Desktop/Mujoco/work/results/stage19_mixed_recovery/locked_test_v1/medium/seed_02.json
PPO,MEDIUM,2,BURST,0.025,6.21,2.18,100,/Users/lab4099/Desktop/Mujoco/work/results/stage19_mixed_recovery/locked_test_v1/medium/seed_02.json
PPO,MEDIUM,2,BURST,0.05,7.53,2.29,100,/Users/lab4099/Desktop/Mujoco/work/results/stage19_mixed_recovery/locked_test_v1/medium/seed_02.json
PPO,MEDIUM,2,BURST,0.07500000000000001,8.7,2.24,100,/Users/lab4099/Desktop/Mujoco/work/results/stage19_mixed_recovery/locked_test_v1/medium/seed_02.json
PPO,MEDIUM,2,BURST,0.1,10.09,2.25,100,/Users/lab4099/Desktop/Mujoco/work/results/stage19_mixed_recovery/locked_test_v1/medium/seed_02.json
PPO,MEDIUM,2,BURST,0.125,11.42,2.26,100,/Users/lab4099/Desktop/Mujoco/work/results/stage19_mixed_recovery/locked_test_v1/medium/seed_02.json
PPO,MEDIUM,2,BURST,0.15000000000000002,12.89,2.17,100,/Users/lab4099/Desktop/Mujoco/work/results/stage19_mixed_recovery/locked_test_v1/medium/seed_02.json
PPO,MEDIUM,2,BURST,0.17500000000000002,14.35,2.1,100,/Users/lab4099/Desktop/Mujoco/work/results/stage19_mixed_recovery/locked_test_v1/medium/seed_02.json
PPO,MEDIUM,2,BURST,0.2,15.89,2.04,100,/Users/lab4099/Desktop/Mujoco/work/results/stage19_mixed_recovery/locked_test_v1/medium/seed_02.json
PPO,MEDIUM,2,BURST,0.225,17.33,2.01,100,/Users/lab4099/Desktop/Mujoco/work/results/stage19_mixed_recovery/locked_test_v1/medium/seed_02.json
PPO,MEDIUM,2,BURST,0.25,18.96,1.99,100,/Users/lab4099/Desktop/Mujoco/work/results/stage19_mixed_recovery/locked_test_v1/medium/seed_02.json
PPO,MEDIUM,2,BURST,0.275,20.43,1.95,100,/Users/lab4099/Desktop/Mujoco/work/results/stage19_mixed_recovery/locked_test_v1/medium/seed_02.json
PPO,MEDIUM,2,BURST,0.30000000000000004,21.8,1.94,100,/Users/lab4099/Desktop/Mujoco/work/results/stage19_mixed_recovery/locked_test_v1/medium/seed_02.json
PPO,MEDIUM,2,BURST,0.325,22.1,1.95,100,/Users/lab4099/Desktop/Mujoco/work/results/stage19_mixed_recovery/locked_test_v1/medium/seed_02.json
PPO,MEDIUM,2,BURST,0.35000000000000003,22.08,1.95,100,/Users/lab4099/Desktop/Mujoco/work/results/stage19_mixed_recovery/locked_test_v1/medium/seed_02.json
PPO,MEDIUM,2,BURST,0.375,21.99,1.92,100,/Users/lab4099/Desktop/Mujoco/work/results/stage19_mixed_recovery/locked_test_v1/medium/seed_02.json
PPO,MEDIUM,2,BURST,0.4,21.93,1.92,100,/Users/lab4099/Desktop/Mujoco/work/results/stage19_mixed_recovery/locked_test_v1/medium/seed_02.json
PPO,MEDIUM,2,BURST,0.42500000000000004,21.82,1.92,100,/Users/lab4099/Desktop/Mujoco/work/results/stage19_mixed_recovery/locked_test_v1/medium/seed_02.json
PPO,MEDIUM,2,BURST,0.45,21.77,1.91,100,/Users/lab4099/Desktop/Mujoco/work/results/stage19_mixed_recovery/locked_test_v1/medium/seed_02.json
PPO,MEDIUM,2,BURST,0.47500000000000003,21.7,1.91,100,/Users/lab4099/Desktop/Mujoco/work/results/stage19_mixed_recovery/locked_test_v1/medium/seed_02.json
PPO,MEDIUM,2,BURST,0.5,21.59,1.91,100,/Users/lab4099/Desktop/Mujoco/work/results/stage19_mixed_recovery/locked_test_v1/medium/seed_02.json
PPO,MEDIUM,2,BURST,0.525,21.51,1.91,100,/Users/lab4099/Desktop/Mujoco/work/results/stage19_mixed_recovery/locked_test_v1/medium/seed_02.json
PPO,MEDIUM,2,BURST,0.55,21.42,1.9,100,/Users/lab4099/Desktop/Mujoco/work/results/stage19_mixed_recovery/locked_test_v1/medium/seed_02.json
PPO,MEDIUM,2,BURST,0.5750000000000001,21.38,1.9,100,/Users/lab4099/Desktop/Mujoco/work/results/stage19_mixed_recovery/locked_test_v1/medium/seed_02.json
PPO,MEDIUM,2,BURST,0.6000000000000001,21.33,1.9,100,/Users/lab4099/Desktop/Mujoco/work/results/stage19_mixed_recovery/locked_test_v1/medium/seed_02.json
PPO,MEDIUM,2,BURST,0.625,21.28,1.9,100,/Users/lab4099/Desktop/Mujoco/work/results/stage19_mixed_recovery/locked_test_v1/medium/seed_02.json
PPO,MEDIUM,2,BURST,0.65,21.16,1.89,100,/Users/lab4099/Desktop/Mujoco/work/results/stage19_mixed_recovery/locked_test_v1/medium/seed_02.json
PPO,MEDIUM,2,BURST,0.675,21.06,1.9,100,/Users/lab4099/Desktop/Mujoco/work/results/stage19_mixed_recovery/locked_test_v1/medium/seed_02.json
PPO,MEDIUM,2,BURST,0.7000000000000001,20.99,1.91,100,/Users/lab4099/Desktop/Mujoco/work/results/stage19_mixed_recovery/locked_test_v1/medium/seed_02.json
PPO,MEDIUM,2,BURST,0.7250000000000001,20.88,1.91,100,/Users/lab4099/Desktop/Mujoco/work/results/stage19_mixed_recovery/locked_test_v1/medium/seed_02.json
PPO,MEDIUM,2,BURST,0.75,20.82,1.9,100,/Users/lab4099/Desktop/Mujoco/work/results/stage19_mixed_recovery/locked_test_v1/medium/seed_02.json
PPO,MEDIUM,2,BURST,0.775,20.72,1.89,100,/Users/lab4099/Desktop/Mujoco/work/results/stage19_mixed_recovery/locked_test_v1/medium/seed_02.json
PPO,MEDIUM,2,BURST,0.8,20.65,1.88,100,/Users/lab4099/Desktop/Mujoco/work/results/stage19_mixed_recovery/locked_test_v1/medium/seed_02.json
PPO,MEDIUM,2,BURST,0.8250000000000001,20.55,1.89,100,/Users/lab4099/Desktop/Mujoco/work/results/stage19_mixed_recovery/locked_test_v1/medium/seed_02.json
PPO,MEDIUM,2,BURST,0.8500000000000001,20.48,1.9,100,/Users/lab4099/Desktop/Mujoco/work/results/stage19_mixed_recovery/locked_test_v1/medium/seed_02.json
PPO,MEDIUM,2,BURST,0.875,20.39,1.91,100,/Users/lab4099/Desktop/Mujoco/work/results/stage19_mixed_recovery/locked_test_v1/medium/seed_02.json
PPO,MEDIUM,2,BURST,0.9,20.34,1.9,100,/Users/lab4099/Desktop/Mujoco/work/results/stage19_mixed_recovery/locked_test_v1/medium/seed_02.json
PPO,MEDIUM,2,BURST,0.925,20.18,1.91,100,/Users/lab4099/Desktop/Mujoco/work/results/stage19_mixed_recovery/locked_test_v1/medium/seed_02.json
PPO,MEDIUM,2,BURST,0.9500000000000001,20.14,1.91,100,/Users/lab4099/Desktop/Mujoco/work/results/stage19_mixed_recovery/locked_test_v1/medium/seed_02.json
PPO,MEDIUM,2,BURST,0.9750000000000001,20.04,1.89,100,/Users/lab4099/Desktop/Mujoco/work/results/stage19_mixed_recovery/locked_test_v1/medium/seed_02.json
PPO,MEDIUM,2,BURST,1.0,20.96,1.91,100,/Users/lab4099/Desktop/Mujoco/work/results/stage19_mixed_recovery/locked_test_v1/medium/seed_02.json
PPO,MEDIUM,2,RECOVERY,0.0,20.96,1.91,100,/Users/lab4099/Desktop/Mujoco/work/results/stage19_mixed_recovery/locked_test_v1/medium/seed_02.json
PPO,MEDIUM,2,RECOVERY,0.025,19.93,1.88,100,/Users/lab4099/Desktop/Mujoco/work/results/stage19_mixed_recovery/locked_test_v1/medium/seed_02.json
PPO,MEDIUM,2,RECOVERY,0.05,19.15,1.89,100,/Users/lab4099/Desktop/Mujoco/work/results/stage19_mixed_recovery/locked_test_v1/medium/seed_02.json
PPO,MEDIUM,2,RECOVERY,0.07500000000000001,18.42,1.95,100,/Users/lab4099/Desktop/Mujoco/work/results/stage19_mixed_recovery/locked_test_v1/medium/seed_02.json
PPO,MEDIUM,2,RECOVERY,0.1,17.11,1.98,100,/Users/lab4099/Desktop/Mujoco/work/results/stage19_mixed_recovery/locked_test_v1/medium/seed_02.json
PPO,MEDIUM,2,RECOVERY,0.125,15.87,2.03,100,/Users/lab4099/Desktop/Mujoco/work/results/stage19_mixed_recovery/locked_test_v1/medium/seed_02.json
PPO,MEDIUM,2,RECOVERY,0.15000000000000002,14.1,2.02,100,/Users/lab4099/Desktop/Mujoco/work/results/stage19_mixed_recovery/locked_test_v1/medium/seed_02.json
PPO,MEDIUM,2,RECOVERY,0.17500000000000002,11.94,2.32,100,/Users/lab4099/Desktop/Mujoco/work/results/stage19_mixed_recovery/locked_test_v1/medium/seed_02.json
PPO,MEDIUM,2,RECOVERY,0.2,9.66,2.02,100,/Users/lab4099/Desktop/Mujoco/work/results/stage19_mixed_recovery/locked_test_v1/medium/seed_02.json
PPO,MEDIUM,2,RECOVERY,0.225,7.94,2.02,100,/Users/lab4099/Desktop/Mujoco/work/results/stage19_mixed_recovery/locked_test_v1/medium/seed_02.json
PPO,MEDIUM,2,RECOVERY,0.25,5.98,1.76,100,/Users/lab4099/Desktop/Mujoco/work/results/stage19_mixed_recovery/locked_test_v1/medium/seed_02.json
PPO,MEDIUM,2,RECOVERY,0.275,5.05,1.64,100,/Users/lab4099/Desktop/Mujoco/work/results/stage19_mixed_recovery/locked_test_v1/medium/seed_02.json
PPO,MEDIUM,2,RECOVERY,0.30000000000000004,3.75,1.51,100,/Users/lab4099/Desktop/Mujoco/work/results/stage19_mixed_recovery/locked_test_v1/medium/seed_02.json
PPO,MEDIUM,2,RECOVERY,0.325,3.1,1.39,100,/Users/lab4099/Desktop/Mujoco/work/results/stage19_mixed_recovery/locked_test_v1/medium/seed_02.json
PPO,MEDIUM,2,RECOVERY,0.35000000000000003,2.36,1.39,100,/Users/lab4099/Desktop/Mujoco/work/results/stage19_mixed_recovery/locked_test_v1/medium/seed_02.json
PPO,MEDIUM,2,RECOVERY,0.375,2.1,1.34,100,/Users/lab4099/Desktop/Mujoco/work/results/stage19_mixed_recovery/locked_test_v1/medium/seed_02.json
PPO,MEDIUM,2,RECOVERY,0.4,1.43,1.14,100,/Users/lab4099/Desktop/Mujoco/work/results/stage19_mixed_recovery/locked_test_v1/medium/seed_02.json
PPO,MEDIUM,2,RECOVERY,0.42500000000000004,1.2,1.2,100,/Users/lab4099/Desktop/Mujoco/work/results/stage19_mixed_recovery/locked_test_v1/medium/seed_02.json
PPO,MEDIUM,2,RECOVERY,0.45,0.82,1.09,100,/Users/lab4099/Desktop/Mujoco/work/results/stage19_mixed_recovery/locked_test_v1/medium/seed_02.json
PPO,MEDIUM,2,RECOVERY,0.47500000000000003,0.7,0.96,100,/Users/lab4099/Desktop/Mujoco/work/results/stage19_mixed_recovery/locked_test_v1/medium/seed_02.json
PPO,MEDIUM,2,RECOVERY,0.5,0.43,0.85,100,/Users/lab4099/Desktop/Mujoco/work/results/stage19_mixed_recovery/locked_test_v1/medium/seed_02.json
PPO,MEDIUM,2,RECOVERY,0.525,0.42,0.71,100,/Users/lab4099/Desktop/Mujoco/work/results/stage19_mixed_recovery/locked_test_v1/medium/seed_02.json
PPO,MEDIUM,2,RECOVERY,0.55,0.2,0.66,100,/Users/lab4099/Desktop/Mujoco/work/results/stage19_mixed_recovery/locked_test_v1/medium/seed_02.json
PPO,MEDIUM,2,RECOVERY,0.5750000000000001,0.16,0.66,100,/Users/lab4099/Desktop/Mujoco/work/results/stage19_mixed_recovery/locked_test_v1/medium/seed_02.json
PPO,MEDIUM,2,RECOVERY,0.6000000000000001,0.07,0.61,100,/Users/lab4099/Desktop/Mujoco/work/results/stage19_mixed_recovery/locked_test_v1/medium/seed_02.json
PPO,MEDIUM,2,RECOVERY,0.625,0.06,0.46,100,/Users/lab4099/Desktop/Mujoco/work/results/stage19_mixed_recovery/locked_test_v1/medium/seed_02.json
PPO,MEDIUM,2,RECOVERY,0.65,0.02,0.51,100,/Users/lab4099/Desktop/Mujoco/work/results/stage19_mixed_recovery/locked_test_v1/medium/seed_02.json
PPO,MEDIUM,2,RECOVERY,0.675,0.0,0.57,100,/Users/lab4099/Desktop/Mujoco/work/results/stage19_mixed_recovery/locked_test_v1/medium/seed_02.json
PPO,MEDIUM,2,RECOVERY,0.7000000000000001,0.02,0.56,100,/Users/lab4099/Desktop/Mujoco/work/results/stage19_mixed_recovery/locked_test_v1/medium/seed_02.json
PPO,MEDIUM,2,RECOVERY,0.7250000000000001,0.0,0.47,100,/Users/lab4099/Desktop/Mujoco/work/results/stage19_mixed_recovery/locked_test_v1/medium/seed_02.json
PPO,MEDIUM,2,RECOVERY,0.75,0.01,0.56,100,/Users/lab4099/Desktop/Mujoco/work/results/stage19_mixed_recovery/locked_test_v1/medium/seed_02.json
PPO,MEDIUM,2,RECOVERY,0.775,0.0,0.37,100,/Users/lab4099/Desktop/Mujoco/work/results/stage19_mixed_recovery/locked_test_v1/medium/seed_02.json
PPO,MEDIUM,2,RECOVERY,0.8,0.01,0.56,100,/Users/lab4099/Desktop/Mujoco/work/results/stage19_mixed_recovery/locked_test_v1/medium/seed_02.json
PPO,MEDIUM,2,RECOVERY,0.8250000000000001,0.0,0.46,100,/Users/lab4099/Desktop/Mujoco/work/results/stage19_mixed_recovery/locked_test_v1/medium/seed_02.json
PPO,MEDIUM,2,RECOVERY,0.8500000000000001,0.0,0.55,100,/Users/lab4099/Desktop/Mujoco/work/results/stage19_mixed_recovery/locked_test_v1/medium/seed_02.json
PPO,MEDIUM,2,RECOVERY,0.875,0.0,0.45,100,/Users/lab4099/Desktop/Mujoco/work/results/stage19_mixed_recovery/locked_test_v1/medium/seed_02.json
PPO,MEDIUM,2,RECOVERY,0.9,0.01,0.59,100,/Users/lab4099/Desktop/Mujoco/work/results/stage19_mixed_recovery/locked_test_v1/medium/seed_02.json
PPO,MEDIUM,2,RECOVERY,0.925,0.0,0.46,100,/Users/lab4099/Desktop/Mujoco/work/results/stage19_mixed_recovery/locked_test_v1/medium/seed_02.json
PPO,MEDIUM,2,RECOVERY,0.9500000000000001,0.02,0.56,100,/Users/lab4099/Desktop/Mujoco/work/results/stage19_mixed_recovery/locked_test_v1/medium/seed_02.json
PPO,MEDIUM,2,RECOVERY,0.9750000000000001,0.0,0.77,100,/Users/lab4099/Desktop/Mujoco/work/results/stage19_mixed_recovery/locked_test_v1/medium/seed_02.json
PPO,MEDIUM,2,RECOVERY,1.0,0.0,0.0,100,/Users/lab4099/Desktop/Mujoco/work/results/stage19_mixed_recovery/locked_test_v1/medium/seed_02.json
PPO,MEDIUM,3,NORMAL,0.0,0.0,1.0,100,/Users/lab4099/Desktop/Mujoco/work/results/stage19_mixed_recovery/locked_test_v1/medium/seed_03.json
PPO,MEDIUM,3,NORMAL,0.025,0.0,0.27,100,/Users/lab4099/Desktop/Mujoco/work/results/stage19_mixed_recovery/locked_test_v1/medium/seed_03.json
PPO,MEDIUM,3,NORMAL,0.05,0.0,0.37,100,/Users/lab4099/Desktop/Mujoco/work/results/stage19_mixed_recovery/locked_test_v1/medium/seed_03.json
PPO,MEDIUM,3,NORMAL,0.07500000000000001,0.0,0.31,100,/Users/lab4099/Desktop/Mujoco/work/results/stage19_mixed_recovery/locked_test_v1/medium/seed_03.json
PPO,MEDIUM,3,NORMAL,0.1,0.0,0.29,100,/Users/lab4099/Desktop/Mujoco/work/results/stage19_mixed_recovery/locked_test_v1/medium/seed_03.json
PPO,MEDIUM,3,NORMAL,0.125,0.0,0.51,100,/Users/lab4099/Desktop/Mujoco/work/results/stage19_mixed_recovery/locked_test_v1/medium/seed_03.json
PPO,MEDIUM,3,NORMAL,0.15000000000000002,0.01,0.29,100,/Users/lab4099/Desktop/Mujoco/work/results/stage19_mixed_recovery/locked_test_v1/medium/seed_03.json
PPO,MEDIUM,3,NORMAL,0.17500000000000002,0.0,0.45,100,/Users/lab4099/Desktop/Mujoco/work/results/stage19_mixed_recovery/locked_test_v1/medium/seed_03.json
PPO,MEDIUM,3,NORMAL,0.2,0.0,0.24,100,/Users/lab4099/Desktop/Mujoco/work/results/stage19_mixed_recovery/locked_test_v1/medium/seed_03.json
PPO,MEDIUM,3,NORMAL,0.225,0.0,0.54,100,/Users/lab4099/Desktop/Mujoco/work/results/stage19_mixed_recovery/locked_test_v1/medium/seed_03.json
PPO,MEDIUM,3,NORMAL,0.25,0.0,0.18,100,/Users/lab4099/Desktop/Mujoco/work/results/stage19_mixed_recovery/locked_test_v1/medium/seed_03.json
PPO,MEDIUM,3,NORMAL,0.275,0.0,0.51,100,/Users/lab4099/Desktop/Mujoco/work/results/stage19_mixed_recovery/locked_test_v1/medium/seed_03.json
PPO,MEDIUM,3,NORMAL,0.30000000000000004,0.0,0.26,100,/Users/lab4099/Desktop/Mujoco/work/results/stage19_mixed_recovery/locked_test_v1/medium/seed_03.json
PPO,MEDIUM,3,NORMAL,0.325,0.0,0.57,100,/Users/lab4099/Desktop/Mujoco/work/results/stage19_mixed_recovery/locked_test_v1/medium/seed_03.json
PPO,MEDIUM,3,NORMAL,0.35000000000000003,0.0,0.28,100,/Users/lab4099/Desktop/Mujoco/work/results/stage19_mixed_recovery/locked_test_v1/medium/seed_03.json
PPO,MEDIUM,3,NORMAL,0.375,0.0,0.63,100,/Users/lab4099/Desktop/Mujoco/work/results/stage19_mixed_recovery/locked_test_v1/medium/seed_03.json
PPO,MEDIUM,3,NORMAL,0.4,0.0,0.37,100,/Users/lab4099/Desktop/Mujoco/work/results/stage19_mixed_recovery/locked_test_v1/medium/seed_03.json
PPO,MEDIUM,3,NORMAL,0.42500000000000004,0.0,0.55,100,/Users/lab4099/Desktop/Mujoco/work/results/stage19_mixed_recovery/locked_test_v1/medium/seed_03.json
PPO,MEDIUM,3,NORMAL,0.45,0.0,0.29,100,/Users/lab4099/Desktop/Mujoco/work/results/stage19_mixed_recovery/locked_test_v1/medium/seed_03.json
PPO,MEDIUM,3,NORMAL,0.47500000000000003,0.0,0.68,100,/Users/lab4099/Desktop/Mujoco/work/results/stage19_mixed_recovery/locked_test_v1/medium/seed_03.json
PPO,MEDIUM,3,NORMAL,0.5,0.0,0.43,100,/Users/lab4099/Desktop/Mujoco/work/results/stage19_mixed_recovery/locked_test_v1/medium/seed_03.json
PPO,MEDIUM,3,NORMAL,0.525,0.01,0.64,100,/Users/lab4099/Desktop/Mujoco/work/results/stage19_mixed_recovery/locked_test_v1/medium/seed_03.json
PPO,MEDIUM,3,NORMAL,0.55,0.0,0.53,100,/Users/lab4099/Desktop/Mujoco/work/results/stage19_mixed_recovery/locked_test_v1/medium/seed_03.json
PPO,MEDIUM,3,NORMAL,0.5750000000000001,0.01,0.61,100,/Users/lab4099/Desktop/Mujoco/work/results/stage19_mixed_recovery/locked_test_v1/medium/seed_03.json
PPO,MEDIUM,3,NORMAL,0.6000000000000001,0.0,0.49,100,/Users/lab4099/Desktop/Mujoco/work/results/stage19_mixed_recovery/locked_test_v1/medium/seed_03.json
PPO,MEDIUM,3,NORMAL,0.625,0.01,0.56,100,/Users/lab4099/Desktop/Mujoco/work/results/stage19_mixed_recovery/locked_test_v1/medium/seed_03.json
PPO,MEDIUM,3,NORMAL,0.65,0.0,0.37,100,/Users/lab4099/Desktop/Mujoco/work/results/stage19_mixed_recovery/locked_test_v1/medium/seed_03.json
PPO,MEDIUM,3,NORMAL,0.675,0.0,0.35,100,/Users/lab4099/Desktop/Mujoco/work/results/stage19_mixed_recovery/locked_test_v1/medium/seed_03.json
PPO,MEDIUM,3,NORMAL,0.7000000000000001,0.0,0.4,100,/Users/lab4099/Desktop/Mujoco/work/results/stage19_mixed_recovery/locked_test_v1/medium/seed_03.json
PPO,MEDIUM,3,NORMAL,0.7250000000000001,0.0,0.32,100,/Users/lab4099/Desktop/Mujoco/work/results/stage19_mixed_recovery/locked_test_v1/medium/seed_03.json
PPO,MEDIUM,3,NORMAL,0.75,0.0,0.51,100,/Users/lab4099/Desktop/Mujoco/work/results/stage19_mixed_recovery/locked_test_v1/medium/seed_03.json
PPO,MEDIUM,3,NORMAL,0.775,0.01,0.34,100,/Users/lab4099/Desktop/Mujoco/work/results/stage19_mixed_recovery/locked_test_v1/medium/seed_03.json
PPO,MEDIUM,3,NORMAL,0.8,0.0,0.55,100,/Users/lab4099/Desktop/Mujoco/work/results/stage19_mixed_recovery/locked_test_v1/medium/seed_03.json
PPO,MEDIUM,3,NORMAL,0.8250000000000001,0.0,0.24,100,/Users/lab4099/Desktop/Mujoco/work/results/stage19_mixed_recovery/locked_test_v1/medium/seed_03.json
PPO,MEDIUM,3,NORMAL,0.8500000000000001,0.0,0.49,100,/Users/lab4099/Desktop/Mujoco/work/results/stage19_mixed_recovery/locked_test_v1/medium/seed_03.json
PPO,MEDIUM,3,NORMAL,0.875,0.0,0.24,100,/Users/lab4099/Desktop/Mujoco/work/results/stage19_mixed_recovery/locked_test_v1/medium/seed_03.json
PPO,MEDIUM,3,NORMAL,0.9,0.0,0.53,100,/Users/lab4099/Desktop/Mujoco/work/results/stage19_mixed_recovery/locked_test_v1/medium/seed_03.json
PPO,MEDIUM,3,NORMAL,0.925,0.0,0.34,100,/Users/lab4099/Desktop/Mujoco/work/results/stage19_mixed_recovery/locked_test_v1/medium/seed_03.json
PPO,MEDIUM,3,NORMAL,0.9500000000000001,0.0,0.62,100,/Users/lab4099/Desktop/Mujoco/work/results/stage19_mixed_recovery/locked_test_v1/medium/seed_03.json
PPO,MEDIUM,3,NORMAL,0.9750000000000001,0.0,0.36,100,/Users/lab4099/Desktop/Mujoco/work/results/stage19_mixed_recovery/locked_test_v1/medium/seed_03.json
PPO,MEDIUM,3,NORMAL,1.0,0.3,1.31,100,/Users/lab4099/Desktop/Mujoco/work/results/stage19_mixed_recovery/locked_test_v1/medium/seed_03.json
PPO,MEDIUM,3,DENSE,0.0,0.3,1.31,100,/Users/lab4099/Desktop/Mujoco/work/results/stage19_mixed_recovery/locked_test_v1/medium/seed_03.json
PPO,MEDIUM,3,DENSE,0.025,0.29,1.02,100,/Users/lab4099/Desktop/Mujoco/work/results/stage19_mixed_recovery/locked_test_v1/medium/seed_03.json
PPO,MEDIUM,3,DENSE,0.05,0.56,1.04,100,/Users/lab4099/Desktop/Mujoco/work/results/stage19_mixed_recovery/locked_test_v1/medium/seed_03.json
PPO,MEDIUM,3,DENSE,0.07500000000000001,0.85,1.21,100,/Users/lab4099/Desktop/Mujoco/work/results/stage19_mixed_recovery/locked_test_v1/medium/seed_03.json
PPO,MEDIUM,3,DENSE,0.1,1.02,1.2,100,/Users/lab4099/Desktop/Mujoco/work/results/stage19_mixed_recovery/locked_test_v1/medium/seed_03.json
PPO,MEDIUM,3,DENSE,0.125,1.47,1.31,100,/Users/lab4099/Desktop/Mujoco/work/results/stage19_mixed_recovery/locked_test_v1/medium/seed_03.json
PPO,MEDIUM,3,DENSE,0.15000000000000002,1.52,1.26,100,/Users/lab4099/Desktop/Mujoco/work/results/stage19_mixed_recovery/locked_test_v1/medium/seed_03.json
PPO,MEDIUM,3,DENSE,0.17500000000000002,1.66,1.35,100,/Users/lab4099/Desktop/Mujoco/work/results/stage19_mixed_recovery/locked_test_v1/medium/seed_03.json
PPO,MEDIUM,3,DENSE,0.2,1.65,1.32,100,/Users/lab4099/Desktop/Mujoco/work/results/stage19_mixed_recovery/locked_test_v1/medium/seed_03.json
PPO,MEDIUM,3,DENSE,0.225,1.85,1.41,100,/Users/lab4099/Desktop/Mujoco/work/results/stage19_mixed_recovery/locked_test_v1/medium/seed_03.json
PPO,MEDIUM,3,DENSE,0.25,1.88,1.45,100,/Users/lab4099/Desktop/Mujoco/work/results/stage19_mixed_recovery/locked_test_v1/medium/seed_03.json
PPO,MEDIUM,3,DENSE,0.275,2.17,1.53,100,/Users/lab4099/Desktop/Mujoco/work/results/stage19_mixed_recovery/locked_test_v1/medium/seed_03.json
PPO,MEDIUM,3,DENSE,0.30000000000000004,2.28,1.58,100,/Users/lab4099/Desktop/Mujoco/work/results/stage19_mixed_recovery/locked_test_v1/medium/seed_03.json
PPO,MEDIUM,3,DENSE,0.325,2.46,1.54,100,/Users/lab4099/Desktop/Mujoco/work/results/stage19_mixed_recovery/locked_test_v1/medium/seed_03.json
PPO,MEDIUM,3,DENSE,0.35000000000000003,2.6,1.56,100,/Users/lab4099/Desktop/Mujoco/work/results/stage19_mixed_recovery/locked_test_v1/medium/seed_03.json
PPO,MEDIUM,3,DENSE,0.375,2.67,1.62,100,/Users/lab4099/Desktop/Mujoco/work/results/stage19_mixed_recovery/locked_test_v1/medium/seed_03.json
PPO,MEDIUM,3,DENSE,0.4,2.81,1.66,100,/Users/lab4099/Desktop/Mujoco/work/results/stage19_mixed_recovery/locked_test_v1/medium/seed_03.json
PPO,MEDIUM,3,DENSE,0.42500000000000004,2.94,1.66,100,/Users/lab4099/Desktop/Mujoco/work/results/stage19_mixed_recovery/locked_test_v1/medium/seed_03.json
PPO,MEDIUM,3,DENSE,0.45,2.99,1.64,100,/Users/lab4099/Desktop/Mujoco/work/results/stage19_mixed_recovery/locked_test_v1/medium/seed_03.json
PPO,MEDIUM,3,DENSE,0.47500000000000003,3.19,1.62,100,/Users/lab4099/Desktop/Mujoco/work/results/stage19_mixed_recovery/locked_test_v1/medium/seed_03.json
PPO,MEDIUM,3,DENSE,0.5,3.43,1.63,100,/Users/lab4099/Desktop/Mujoco/work/results/stage19_mixed_recovery/locked_test_v1/medium/seed_03.json
PPO,MEDIUM,3,DENSE,0.525,3.56,1.61,100,/Users/lab4099/Desktop/Mujoco/work/results/stage19_mixed_recovery/locked_test_v1/medium/seed_03.json
PPO,MEDIUM,3,DENSE,0.55,3.79,1.63,100,/Users/lab4099/Desktop/Mujoco/work/results/stage19_mixed_recovery/locked_test_v1/medium/seed_03.json
PPO,MEDIUM,3,DENSE,0.5750000000000001,3.82,1.61,100,/Users/lab4099/Desktop/Mujoco/work/results/stage19_mixed_recovery/locked_test_v1/medium/seed_03.json
PPO,MEDIUM,3,DENSE,0.6000000000000001,3.9,1.62,100,/Users/lab4099/Desktop/Mujoco/work/results/stage19_mixed_recovery/locked_test_v1/medium/seed_03.json
PPO,MEDIUM,3,DENSE,0.625,3.91,1.61,100,/Users/lab4099/Desktop/Mujoco/work/results/stage19_mixed_recovery/locked_test_v1/medium/seed_03.json
PPO,MEDIUM,3,DENSE,0.65,4.12,1.64,100,/Users/lab4099/Desktop/Mujoco/work/results/stage19_mixed_recovery/locked_test_v1/medium/seed_03.json
PPO,MEDIUM,3,DENSE,0.675,4.1,1.6,100,/Users/lab4099/Desktop/Mujoco/work/results/stage19_mixed_recovery/locked_test_v1/medium/seed_03.json
PPO,MEDIUM,3,DENSE,0.7000000000000001,4.33,1.61,100,/Users/lab4099/Desktop/Mujoco/work/results/stage19_mixed_recovery/locked_test_v1/medium/seed_03.json
PPO,MEDIUM,3,DENSE,0.7250000000000001,4.37,1.62,100,/Users/lab4099/Desktop/Mujoco/work/results/stage19_mixed_recovery/locked_test_v1/medium/seed_03.json
PPO,MEDIUM,3,DENSE,0.75,4.58,1.66,100,/Users/lab4099/Desktop/Mujoco/work/results/stage19_mixed_recovery/locked_test_v1/medium/seed_03.json
PPO,MEDIUM,3,DENSE,0.775,4.59,1.64,100,/Users/lab4099/Desktop/Mujoco/work/results/stage19_mixed_recovery/locked_test_v1/medium/seed_03.json
PPO,MEDIUM,3,DENSE,0.8,4.89,1.69,100,/Users/lab4099/Desktop/Mujoco/work/results/stage19_mixed_recovery/locked_test_v1/medium/seed_03.json
PPO,MEDIUM,3,DENSE,0.8250000000000001,4.82,1.69,100,/Users/lab4099/Desktop/Mujoco/work/results/stage19_mixed_recovery/locked_test_v1/medium/seed_03.json
PPO,MEDIUM,3,DENSE,0.8500000000000001,5.03,1.71,100,/Users/lab4099/Desktop/Mujoco/work/results/stage19_mixed_recovery/locked_test_v1/medium/seed_03.json
PPO,MEDIUM,3,DENSE,0.875,5.13,1.72,100,/Users/lab4099/Desktop/Mujoco/work/results/stage19_mixed_recovery/locked_test_v1/medium/seed_03.json
PPO,MEDIUM,3,DENSE,0.9,5.28,1.88,100,/Users/lab4099/Desktop/Mujoco/work/results/stage19_mixed_recovery/locked_test_v1/medium/seed_03.json
PPO,MEDIUM,3,DENSE,0.925,5.16,1.77,100,/Users/lab4099/Desktop/Mujoco/work/results/stage19_mixed_recovery/locked_test_v1/medium/seed_03.json
PPO,MEDIUM,3,DENSE,0.9500000000000001,5.48,1.93,100,/Users/lab4099/Desktop/Mujoco/work/results/stage19_mixed_recovery/locked_test_v1/medium/seed_03.json
PPO,MEDIUM,3,DENSE,0.9750000000000001,5.28,1.9,100,/Users/lab4099/Desktop/Mujoco/work/results/stage19_mixed_recovery/locked_test_v1/medium/seed_03.json
PPO,MEDIUM,3,DENSE,1.0,6.78,2.02,100,/Users/lab4099/Desktop/Mujoco/work/results/stage19_mixed_recovery/locked_test_v1/medium/seed_03.json
PPO,MEDIUM,3,BURST,0.0,6.78,2.02,100,/Users/lab4099/Desktop/Mujoco/work/results/stage19_mixed_recovery/locked_test_v1/medium/seed_03.json
PPO,MEDIUM,3,BURST,0.025,7.87,2.11,100,/Users/lab4099/Desktop/Mujoco/work/results/stage19_mixed_recovery/locked_test_v1/medium/seed_03.json
PPO,MEDIUM,3,BURST,0.05,9.26,2.18,100,/Users/lab4099/Desktop/Mujoco/work/results/stage19_mixed_recovery/locked_test_v1/medium/seed_03.json
PPO,MEDIUM,3,BURST,0.07500000000000001,10.57,2.2,100,/Users/lab4099/Desktop/Mujoco/work/results/stage19_mixed_recovery/locked_test_v1/medium/seed_03.json
PPO,MEDIUM,3,BURST,0.1,12.08,2.14,100,/Users/lab4099/Desktop/Mujoco/work/results/stage19_mixed_recovery/locked_test_v1/medium/seed_03.json
PPO,MEDIUM,3,BURST,0.125,13.56,2.11,100,/Users/lab4099/Desktop/Mujoco/work/results/stage19_mixed_recovery/locked_test_v1/medium/seed_03.json
PPO,MEDIUM,3,BURST,0.15000000000000002,15.11,2.04,100,/Users/lab4099/Desktop/Mujoco/work/results/stage19_mixed_recovery/locked_test_v1/medium/seed_03.json
PPO,MEDIUM,3,BURST,0.17500000000000002,16.57,2.02,100,/Users/lab4099/Desktop/Mujoco/work/results/stage19_mixed_recovery/locked_test_v1/medium/seed_03.json
PPO,MEDIUM,3,BURST,0.2,18.06,2.04,100,/Users/lab4099/Desktop/Mujoco/work/results/stage19_mixed_recovery/locked_test_v1/medium/seed_03.json
PPO,MEDIUM,3,BURST,0.225,19.51,1.99,100,/Users/lab4099/Desktop/Mujoco/work/results/stage19_mixed_recovery/locked_test_v1/medium/seed_03.json
PPO,MEDIUM,3,BURST,0.25,21.11,2.0,100,/Users/lab4099/Desktop/Mujoco/work/results/stage19_mixed_recovery/locked_test_v1/medium/seed_03.json
PPO,MEDIUM,3,BURST,0.275,22.62,1.99,100,/Users/lab4099/Desktop/Mujoco/work/results/stage19_mixed_recovery/locked_test_v1/medium/seed_03.json
PPO,MEDIUM,3,BURST,0.30000000000000004,23.98,1.97,100,/Users/lab4099/Desktop/Mujoco/work/results/stage19_mixed_recovery/locked_test_v1/medium/seed_03.json
PPO,MEDIUM,3,BURST,0.325,24.31,1.96,100,/Users/lab4099/Desktop/Mujoco/work/results/stage19_mixed_recovery/locked_test_v1/medium/seed_03.json
PPO,MEDIUM,3,BURST,0.35000000000000003,24.26,1.95,100,/Users/lab4099/Desktop/Mujoco/work/results/stage19_mixed_recovery/locked_test_v1/medium/seed_03.json
PPO,MEDIUM,3,BURST,0.375,24.13,1.94,100,/Users/lab4099/Desktop/Mujoco/work/results/stage19_mixed_recovery/locked_test_v1/medium/seed_03.json
PPO,MEDIUM,3,BURST,0.4,24.02,1.94,100,/Users/lab4099/Desktop/Mujoco/work/results/stage19_mixed_recovery/locked_test_v1/medium/seed_03.json
PPO,MEDIUM,3,BURST,0.42500000000000004,23.95,1.94,100,/Users/lab4099/Desktop/Mujoco/work/results/stage19_mixed_recovery/locked_test_v1/medium/seed_03.json
PPO,MEDIUM,3,BURST,0.45,23.91,1.94,100,/Users/lab4099/Desktop/Mujoco/work/results/stage19_mixed_recovery/locked_test_v1/medium/seed_03.json
PPO,MEDIUM,3,BURST,0.47500000000000003,23.83,1.94,100,/Users/lab4099/Desktop/Mujoco/work/results/stage19_mixed_recovery/locked_test_v1/medium/seed_03.json
PPO,MEDIUM,3,BURST,0.5,23.74,1.94,100,/Users/lab4099/Desktop/Mujoco/work/results/stage19_mixed_recovery/locked_test_v1/medium/seed_03.json
PPO,MEDIUM,3,BURST,0.525,23.68,1.92,100,/Users/lab4099/Desktop/Mujoco/work/results/stage19_mixed_recovery/locked_test_v1/medium/seed_03.json
PPO,MEDIUM,3,BURST,0.55,23.58,1.92,100,/Users/lab4099/Desktop/Mujoco/work/results/stage19_mixed_recovery/locked_test_v1/medium/seed_03.json
PPO,MEDIUM,3,BURST,0.5750000000000001,23.5,1.93,100,/Users/lab4099/Desktop/Mujoco/work/results/stage19_mixed_recovery/locked_test_v1/medium/seed_03.json
PPO,MEDIUM,3,BURST,0.6000000000000001,23.44,1.93,100,/Users/lab4099/Desktop/Mujoco/work/results/stage19_mixed_recovery/locked_test_v1/medium/seed_03.json
PPO,MEDIUM,3,BURST,0.625,23.37,1.93,100,/Users/lab4099/Desktop/Mujoco/work/results/stage19_mixed_recovery/locked_test_v1/medium/seed_03.json
PPO,MEDIUM,3,BURST,0.65,23.29,1.93,100,/Users/lab4099/Desktop/Mujoco/work/results/stage19_mixed_recovery/locked_test_v1/medium/seed_03.json
PPO,MEDIUM,3,BURST,0.675,23.2,1.92,100,/Users/lab4099/Desktop/Mujoco/work/results/stage19_mixed_recovery/locked_test_v1/medium/seed_03.json
PPO,MEDIUM,3,BURST,0.7000000000000001,23.1,1.92,100,/Users/lab4099/Desktop/Mujoco/work/results/stage19_mixed_recovery/locked_test_v1/medium/seed_03.json
PPO,MEDIUM,3,BURST,0.7250000000000001,23.01,1.92,100,/Users/lab4099/Desktop/Mujoco/work/results/stage19_mixed_recovery/locked_test_v1/medium/seed_03.json
PPO,MEDIUM,3,BURST,0.75,22.92,1.92,100,/Users/lab4099/Desktop/Mujoco/work/results/stage19_mixed_recovery/locked_test_v1/medium/seed_03.json
PPO,MEDIUM,3,BURST,0.775,22.85,1.92,100,/Users/lab4099/Desktop/Mujoco/work/results/stage19_mixed_recovery/locked_test_v1/medium/seed_03.json
PPO,MEDIUM,3,BURST,0.8,22.81,1.91,100,/Users/lab4099/Desktop/Mujoco/work/results/stage19_mixed_recovery/locked_test_v1/medium/seed_03.json
PPO,MEDIUM,3,BURST,0.8250000000000001,22.72,1.9,100,/Users/lab4099/Desktop/Mujoco/work/results/stage19_mixed_recovery/locked_test_v1/medium/seed_03.json
PPO,MEDIUM,3,BURST,0.8500000000000001,22.67,1.9,100,/Users/lab4099/Desktop/Mujoco/work/results/stage19_mixed_recovery/locked_test_v1/medium/seed_03.json
PPO,MEDIUM,3,BURST,0.875,22.56,1.9,100,/Users/lab4099/Desktop/Mujoco/work/results/stage19_mixed_recovery/locked_test_v1/medium/seed_03.json
PPO,MEDIUM,3,BURST,0.9,22.49,1.89,100,/Users/lab4099/Desktop/Mujoco/work/results/stage19_mixed_recovery/locked_test_v1/medium/seed_03.json
PPO,MEDIUM,3,BURST,0.925,22.41,1.89,100,/Users/lab4099/Desktop/Mujoco/work/results/stage19_mixed_recovery/locked_test_v1/medium/seed_03.json
PPO,MEDIUM,3,BURST,0.9500000000000001,22.33,1.88,100,/Users/lab4099/Desktop/Mujoco/work/results/stage19_mixed_recovery/locked_test_v1/medium/seed_03.json
PPO,MEDIUM,3,BURST,0.9750000000000001,22.29,1.87,100,/Users/lab4099/Desktop/Mujoco/work/results/stage19_mixed_recovery/locked_test_v1/medium/seed_03.json
PPO,MEDIUM,3,BURST,1.0,23.22,1.87,100,/Users/lab4099/Desktop/Mujoco/work/results/stage19_mixed_recovery/locked_test_v1/medium/seed_03.json
PPO,MEDIUM,3,RECOVERY,0.0,23.22,1.87,100,/Users/lab4099/Desktop/Mujoco/work/results/stage19_mixed_recovery/locked_test_v1/medium/seed_03.json
PPO,MEDIUM,3,RECOVERY,0.025,22.12,1.86,100,/Users/lab4099/Desktop/Mujoco/work/results/stage19_mixed_recovery/locked_test_v1/medium/seed_03.json
PPO,MEDIUM,3,RECOVERY,0.05,21.3,1.85,100,/Users/lab4099/Desktop/Mujoco/work/results/stage19_mixed_recovery/locked_test_v1/medium/seed_03.json
PPO,MEDIUM,3,RECOVERY,0.07500000000000001,20.94,1.84,100,/Users/lab4099/Desktop/Mujoco/work/results/stage19_mixed_recovery/locked_test_v1/medium/seed_03.json
PPO,MEDIUM,3,RECOVERY,0.1,19.77,1.91,100,/Users/lab4099/Desktop/Mujoco/work/results/stage19_mixed_recovery/locked_test_v1/medium/seed_03.json
PPO,MEDIUM,3,RECOVERY,0.125,18.99,1.94,100,/Users/lab4099/Desktop/Mujoco/work/results/stage19_mixed_recovery/locked_test_v1/medium/seed_03.json
PPO,MEDIUM,3,RECOVERY,0.15000000000000002,17.43,1.91,100,/Users/lab4099/Desktop/Mujoco/work/results/stage19_mixed_recovery/locked_test_v1/medium/seed_03.json
PPO,MEDIUM,3,RECOVERY,0.17500000000000002,16.42,1.92,100,/Users/lab4099/Desktop/Mujoco/work/results/stage19_mixed_recovery/locked_test_v1/medium/seed_03.json
PPO,MEDIUM,3,RECOVERY,0.2,14.19,2.01,100,/Users/lab4099/Desktop/Mujoco/work/results/stage19_mixed_recovery/locked_test_v1/medium/seed_03.json
PPO,MEDIUM,3,RECOVERY,0.225,12.05,1.94,100,/Users/lab4099/Desktop/Mujoco/work/results/stage19_mixed_recovery/locked_test_v1/medium/seed_03.json
PPO,MEDIUM,3,RECOVERY,0.25,9.85,1.86,100,/Users/lab4099/Desktop/Mujoco/work/results/stage19_mixed_recovery/locked_test_v1/medium/seed_03.json
PPO,MEDIUM,3,RECOVERY,0.275,7.83,1.78,100,/Users/lab4099/Desktop/Mujoco/work/results/stage19_mixed_recovery/locked_test_v1/medium/seed_03.json
PPO,MEDIUM,3,RECOVERY,0.30000000000000004,6.23,1.58,100,/Users/lab4099/Desktop/Mujoco/work/results/stage19_mixed_recovery/locked_test_v1/medium/seed_03.json
PPO,MEDIUM,3,RECOVERY,0.325,4.92,1.51,100,/Users/lab4099/Desktop/Mujoco/work/results/stage19_mixed_recovery/locked_test_v1/medium/seed_03.json
PPO,MEDIUM,3,RECOVERY,0.35000000000000003,3.88,1.37,100,/Users/lab4099/Desktop/Mujoco/work/results/stage19_mixed_recovery/locked_test_v1/medium/seed_03.json
PPO,MEDIUM,3,RECOVERY,0.375,3.02,1.3,100,/Users/lab4099/Desktop/Mujoco/work/results/stage19_mixed_recovery/locked_test_v1/medium/seed_03.json
PPO,MEDIUM,3,RECOVERY,0.4,2.16,1.17,100,/Users/lab4099/Desktop/Mujoco/work/results/stage19_mixed_recovery/locked_test_v1/medium/seed_03.json
PPO,MEDIUM,3,RECOVERY,0.42500000000000004,1.86,1.13,100,/Users/lab4099/Desktop/Mujoco/work/results/stage19_mixed_recovery/locked_test_v1/medium/seed_03.json
PPO,MEDIUM,3,RECOVERY,0.45,1.27,1.03,100,/Users/lab4099/Desktop/Mujoco/work/results/stage19_mixed_recovery/locked_test_v1/medium/seed_03.json
PPO,MEDIUM,3,RECOVERY,0.47500000000000003,1.04,0.97,100,/Users/lab4099/Desktop/Mujoco/work/results/stage19_mixed_recovery/locked_test_v1/medium/seed_03.json
PPO,MEDIUM,3,RECOVERY,0.5,0.72,0.86,100,/Users/lab4099/Desktop/Mujoco/work/results/stage19_mixed_recovery/locked_test_v1/medium/seed_03.json
PPO,MEDIUM,3,RECOVERY,0.525,0.6,0.65,100,/Users/lab4099/Desktop/Mujoco/work/results/stage19_mixed_recovery/locked_test_v1/medium/seed_03.json
PPO,MEDIUM,3,RECOVERY,0.55,0.31,0.66,100,/Users/lab4099/Desktop/Mujoco/work/results/stage19_mixed_recovery/locked_test_v1/medium/seed_03.json
PPO,MEDIUM,3,RECOVERY,0.5750000000000001,0.25,0.62,100,/Users/lab4099/Desktop/Mujoco/work/results/stage19_mixed_recovery/locked_test_v1/medium/seed_03.json
PPO,MEDIUM,3,RECOVERY,0.6000000000000001,0.14,0.59,100,/Users/lab4099/Desktop/Mujoco/work/results/stage19_mixed_recovery/locked_test_v1/medium/seed_03.json
PPO,MEDIUM,3,RECOVERY,0.625,0.07,0.46,100,/Users/lab4099/Desktop/Mujoco/work/results/stage19_mixed_recovery/locked_test_v1/medium/seed_03.json
PPO,MEDIUM,3,RECOVERY,0.65,0.04,0.48,100,/Users/lab4099/Desktop/Mujoco/work/results/stage19_mixed_recovery/locked_test_v1/medium/seed_03.json
PPO,MEDIUM,3,RECOVERY,0.675,0.03,0.52,100,/Users/lab4099/Desktop/Mujoco/work/results/stage19_mixed_recovery/locked_test_v1/medium/seed_03.json
PPO,MEDIUM,3,RECOVERY,0.7000000000000001,0.0,0.52,100,/Users/lab4099/Desktop/Mujoco/work/results/stage19_mixed_recovery/locked_test_v1/medium/seed_03.json
PPO,MEDIUM,3,RECOVERY,0.7250000000000001,0.0,0.46,100,/Users/lab4099/Desktop/Mujoco/work/results/stage19_mixed_recovery/locked_test_v1/medium/seed_03.json
PPO,MEDIUM,3,RECOVERY,0.75,0.0,0.49,100,/Users/lab4099/Desktop/Mujoco/work/results/stage19_mixed_recovery/locked_test_v1/medium/seed_03.json
PPO,MEDIUM,3,RECOVERY,0.775,0.0,0.36,100,/Users/lab4099/Desktop/Mujoco/work/results/stage19_mixed_recovery/locked_test_v1/medium/seed_03.json
PPO,MEDIUM,3,RECOVERY,0.8,0.0,0.49,100,/Users/lab4099/Desktop/Mujoco/work/results/stage19_mixed_recovery/locked_test_v1/medium/seed_03.json
PPO,MEDIUM,3,RECOVERY,0.8250000000000001,0.0,0.41,100,/Users/lab4099/Desktop/Mujoco/work/results/stage19_mixed_recovery/locked_test_v1/medium/seed_03.json
PPO,MEDIUM,3,RECOVERY,0.8500000000000001,0.0,0.5,100,/Users/lab4099/Desktop/Mujoco/work/results/stage19_mixed_recovery/locked_test_v1/medium/seed_03.json
PPO,MEDIUM,3,RECOVERY,0.875,0.0,0.43,100,/Users/lab4099/Desktop/Mujoco/work/results/stage19_mixed_recovery/locked_test_v1/medium/seed_03.json
PPO,MEDIUM,3,RECOVERY,0.9,0.0,0.57,100,/Users/lab4099/Desktop/Mujoco/work/results/stage19_mixed_recovery/locked_test_v1/medium/seed_03.json
PPO,MEDIUM,3,RECOVERY,0.925,0.0,0.46,100,/Users/lab4099/Desktop/Mujoco/work/results/stage19_mixed_recovery/locked_test_v1/medium/seed_03.json
PPO,MEDIUM,3,RECOVERY,0.9500000000000001,0.0,0.49,100,/Users/lab4099/Desktop/Mujoco/work/results/stage19_mixed_recovery/locked_test_v1/medium/seed_03.json
PPO,MEDIUM,3,RECOVERY,0.9750000000000001,0.0,0.77,100,/Users/lab4099/Desktop/Mujoco/work/results/stage19_mixed_recovery/locked_test_v1/medium/seed_03.json
PPO,MEDIUM,3,RECOVERY,1.0,0.0,0.0,100,/Users/lab4099/Desktop/Mujoco/work/results/stage19_mixed_recovery/locked_test_v1/medium/seed_03.json
PPO,MEDIUM,4,NORMAL,0.0,0.0,1.0,100,/Users/lab4099/Desktop/Mujoco/work/results/stage19_mixed_recovery/locked_test_v1/medium/seed_04.json
PPO,MEDIUM,4,NORMAL,0.025,0.0,0.27,100,/Users/lab4099/Desktop/Mujoco/work/results/stage19_mixed_recovery/locked_test_v1/medium/seed_04.json
PPO,MEDIUM,4,NORMAL,0.05,0.0,0.37,100,/Users/lab4099/Desktop/Mujoco/work/results/stage19_mixed_recovery/locked_test_v1/medium/seed_04.json
PPO,MEDIUM,4,NORMAL,0.07500000000000001,0.0,0.31,100,/Users/lab4099/Desktop/Mujoco/work/results/stage19_mixed_recovery/locked_test_v1/medium/seed_04.json
PPO,MEDIUM,4,NORMAL,0.1,0.0,0.29,100,/Users/lab4099/Desktop/Mujoco/work/results/stage19_mixed_recovery/locked_test_v1/medium/seed_04.json
PPO,MEDIUM,4,NORMAL,0.125,0.0,0.51,100,/Users/lab4099/Desktop/Mujoco/work/results/stage19_mixed_recovery/locked_test_v1/medium/seed_04.json
PPO,MEDIUM,4,NORMAL,0.15000000000000002,0.01,0.28,100,/Users/lab4099/Desktop/Mujoco/work/results/stage19_mixed_recovery/locked_test_v1/medium/seed_04.json
PPO,MEDIUM,4,NORMAL,0.17500000000000002,0.0,0.45,100,/Users/lab4099/Desktop/Mujoco/work/results/stage19_mixed_recovery/locked_test_v1/medium/seed_04.json
PPO,MEDIUM,4,NORMAL,0.2,0.0,0.24,100,/Users/lab4099/Desktop/Mujoco/work/results/stage19_mixed_recovery/locked_test_v1/medium/seed_04.json
PPO,MEDIUM,4,NORMAL,0.225,0.0,0.55,100,/Users/lab4099/Desktop/Mujoco/work/results/stage19_mixed_recovery/locked_test_v1/medium/seed_04.json
PPO,MEDIUM,4,NORMAL,0.25,0.0,0.19,100,/Users/lab4099/Desktop/Mujoco/work/results/stage19_mixed_recovery/locked_test_v1/medium/seed_04.json
PPO,MEDIUM,4,NORMAL,0.275,0.0,0.5,100,/Users/lab4099/Desktop/Mujoco/work/results/stage19_mixed_recovery/locked_test_v1/medium/seed_04.json
PPO,MEDIUM,4,NORMAL,0.30000000000000004,0.0,0.27,100,/Users/lab4099/Desktop/Mujoco/work/results/stage19_mixed_recovery/locked_test_v1/medium/seed_04.json
PPO,MEDIUM,4,NORMAL,0.325,0.0,0.56,100,/Users/lab4099/Desktop/Mujoco/work/results/stage19_mixed_recovery/locked_test_v1/medium/seed_04.json
PPO,MEDIUM,4,NORMAL,0.35000000000000003,0.0,0.28,100,/Users/lab4099/Desktop/Mujoco/work/results/stage19_mixed_recovery/locked_test_v1/medium/seed_04.json
PPO,MEDIUM,4,NORMAL,0.375,0.0,0.63,100,/Users/lab4099/Desktop/Mujoco/work/results/stage19_mixed_recovery/locked_test_v1/medium/seed_04.json
PPO,MEDIUM,4,NORMAL,0.4,0.0,0.38,100,/Users/lab4099/Desktop/Mujoco/work/results/stage19_mixed_recovery/locked_test_v1/medium/seed_04.json
PPO,MEDIUM,4,NORMAL,0.42500000000000004,0.0,0.57,100,/Users/lab4099/Desktop/Mujoco/work/results/stage19_mixed_recovery/locked_test_v1/medium/seed_04.json
PPO,MEDIUM,4,NORMAL,0.45,0.0,0.29,100,/Users/lab4099/Desktop/Mujoco/work/results/stage19_mixed_recovery/locked_test_v1/medium/seed_04.json
PPO,MEDIUM,4,NORMAL,0.47500000000000003,0.0,0.67,100,/Users/lab4099/Desktop/Mujoco/work/results/stage19_mixed_recovery/locked_test_v1/medium/seed_04.json
PPO,MEDIUM,4,NORMAL,0.5,0.0,0.42,100,/Users/lab4099/Desktop/Mujoco/work/results/stage19_mixed_recovery/locked_test_v1/medium/seed_04.json
PPO,MEDIUM,4,NORMAL,0.525,0.0,0.65,100,/Users/lab4099/Desktop/Mujoco/work/results/stage19_mixed_recovery/locked_test_v1/medium/seed_04.json
PPO,MEDIUM,4,NORMAL,0.55,0.0,0.53,100,/Users/lab4099/Desktop/Mujoco/work/results/stage19_mixed_recovery/locked_test_v1/medium/seed_04.json
PPO,MEDIUM,4,NORMAL,0.5750000000000001,0.01,0.59,100,/Users/lab4099/Desktop/Mujoco/work/results/stage19_mixed_recovery/locked_test_v1/medium/seed_04.json
PPO,MEDIUM,4,NORMAL,0.6000000000000001,0.0,0.51,100,/Users/lab4099/Desktop/Mujoco/work/results/stage19_mixed_recovery/locked_test_v1/medium/seed_04.json
PPO,MEDIUM,4,NORMAL,0.625,0.01,0.56,100,/Users/lab4099/Desktop/Mujoco/work/results/stage19_mixed_recovery/locked_test_v1/medium/seed_04.json
PPO,MEDIUM,4,NORMAL,0.65,0.0,0.38,100,/Users/lab4099/Desktop/Mujoco/work/results/stage19_mixed_recovery/locked_test_v1/medium/seed_04.json
PPO,MEDIUM,4,NORMAL,0.675,0.0,0.35,100,/Users/lab4099/Desktop/Mujoco/work/results/stage19_mixed_recovery/locked_test_v1/medium/seed_04.json
PPO,MEDIUM,4,NORMAL,0.7000000000000001,0.0,0.41,100,/Users/lab4099/Desktop/Mujoco/work/results/stage19_mixed_recovery/locked_test_v1/medium/seed_04.json
PPO,MEDIUM,4,NORMAL,0.7250000000000001,0.0,0.32,100,/Users/lab4099/Desktop/Mujoco/work/results/stage19_mixed_recovery/locked_test_v1/medium/seed_04.json
PPO,MEDIUM,4,NORMAL,0.75,0.0,0.51,100,/Users/lab4099/Desktop/Mujoco/work/results/stage19_mixed_recovery/locked_test_v1/medium/seed_04.json
PPO,MEDIUM,4,NORMAL,0.775,0.02,0.36,100,/Users/lab4099/Desktop/Mujoco/work/results/stage19_mixed_recovery/locked_test_v1/medium/seed_04.json
PPO,MEDIUM,4,NORMAL,0.8,0.0,0.54,100,/Users/lab4099/Desktop/Mujoco/work/results/stage19_mixed_recovery/locked_test_v1/medium/seed_04.json
PPO,MEDIUM,4,NORMAL,0.8250000000000001,0.0,0.23,100,/Users/lab4099/Desktop/Mujoco/work/results/stage19_mixed_recovery/locked_test_v1/medium/seed_04.json
PPO,MEDIUM,4,NORMAL,0.8500000000000001,0.0,0.49,100,/Users/lab4099/Desktop/Mujoco/work/results/stage19_mixed_recovery/locked_test_v1/medium/seed_04.json
PPO,MEDIUM,4,NORMAL,0.875,0.0,0.27,100,/Users/lab4099/Desktop/Mujoco/work/results/stage19_mixed_recovery/locked_test_v1/medium/seed_04.json
PPO,MEDIUM,4,NORMAL,0.9,0.0,0.52,100,/Users/lab4099/Desktop/Mujoco/work/results/stage19_mixed_recovery/locked_test_v1/medium/seed_04.json
PPO,MEDIUM,4,NORMAL,0.925,0.0,0.34,100,/Users/lab4099/Desktop/Mujoco/work/results/stage19_mixed_recovery/locked_test_v1/medium/seed_04.json
PPO,MEDIUM,4,NORMAL,0.9500000000000001,0.0,0.61,100,/Users/lab4099/Desktop/Mujoco/work/results/stage19_mixed_recovery/locked_test_v1/medium/seed_04.json
PPO,MEDIUM,4,NORMAL,0.9750000000000001,0.0,0.37,100,/Users/lab4099/Desktop/Mujoco/work/results/stage19_mixed_recovery/locked_test_v1/medium/seed_04.json
PPO,MEDIUM,4,NORMAL,1.0,0.3,1.31,100,/Users/lab4099/Desktop/Mujoco/work/results/stage19_mixed_recovery/locked_test_v1/medium/seed_04.json
PPO,MEDIUM,4,DENSE,0.0,0.3,1.31,100,/Users/lab4099/Desktop/Mujoco/work/results/stage19_mixed_recovery/locked_test_v1/medium/seed_04.json
PPO,MEDIUM,4,DENSE,0.025,0.29,1.02,100,/Users/lab4099/Desktop/Mujoco/work/results/stage19_mixed_recovery/locked_test_v1/medium/seed_04.json
PPO,MEDIUM,4,DENSE,0.05,0.56,1.04,100,/Users/lab4099/Desktop/Mujoco/work/results/stage19_mixed_recovery/locked_test_v1/medium/seed_04.json
PPO,MEDIUM,4,DENSE,0.07500000000000001,0.84,1.2,100,/Users/lab4099/Desktop/Mujoco/work/results/stage19_mixed_recovery/locked_test_v1/medium/seed_04.json
PPO,MEDIUM,4,DENSE,0.1,1.03,1.19,100,/Users/lab4099/Desktop/Mujoco/work/results/stage19_mixed_recovery/locked_test_v1/medium/seed_04.json
PPO,MEDIUM,4,DENSE,0.125,1.47,1.31,100,/Users/lab4099/Desktop/Mujoco/work/results/stage19_mixed_recovery/locked_test_v1/medium/seed_04.json
PPO,MEDIUM,4,DENSE,0.15000000000000002,1.53,1.26,100,/Users/lab4099/Desktop/Mujoco/work/results/stage19_mixed_recovery/locked_test_v1/medium/seed_04.json
PPO,MEDIUM,4,DENSE,0.17500000000000002,1.64,1.39,100,/Users/lab4099/Desktop/Mujoco/work/results/stage19_mixed_recovery/locked_test_v1/medium/seed_04.json
PPO,MEDIUM,4,DENSE,0.2,1.66,1.33,100,/Users/lab4099/Desktop/Mujoco/work/results/stage19_mixed_recovery/locked_test_v1/medium/seed_04.json
PPO,MEDIUM,4,DENSE,0.225,1.88,1.38,100,/Users/lab4099/Desktop/Mujoco/work/results/stage19_mixed_recovery/locked_test_v1/medium/seed_04.json
PPO,MEDIUM,4,DENSE,0.25,1.86,1.43,100,/Users/lab4099/Desktop/Mujoco/work/results/stage19_mixed_recovery/locked_test_v1/medium/seed_04.json
PPO,MEDIUM,4,DENSE,0.275,2.16,1.52,100,/Users/lab4099/Desktop/Mujoco/work/results/stage19_mixed_recovery/locked_test_v1/medium/seed_04.json
PPO,MEDIUM,4,DENSE,0.30000000000000004,2.29,1.57,100,/Users/lab4099/Desktop/Mujoco/work/results/stage19_mixed_recovery/locked_test_v1/medium/seed_04.json
PPO,MEDIUM,4,DENSE,0.325,2.48,1.52,100,/Users/lab4099/Desktop/Mujoco/work/results/stage19_mixed_recovery/locked_test_v1/medium/seed_04.json
PPO,MEDIUM,4,DENSE,0.35000000000000003,2.61,1.58,100,/Users/lab4099/Desktop/Mujoco/work/results/stage19_mixed_recovery/locked_test_v1/medium/seed_04.json
PPO,MEDIUM,4,DENSE,0.375,2.66,1.66,100,/Users/lab4099/Desktop/Mujoco/work/results/stage19_mixed_recovery/locked_test_v1/medium/seed_04.json
PPO,MEDIUM,4,DENSE,0.4,2.81,1.66,100,/Users/lab4099/Desktop/Mujoco/work/results/stage19_mixed_recovery/locked_test_v1/medium/seed_04.json
PPO,MEDIUM,4,DENSE,0.42500000000000004,2.98,1.63,100,/Users/lab4099/Desktop/Mujoco/work/results/stage19_mixed_recovery/locked_test_v1/medium/seed_04.json
PPO,MEDIUM,4,DENSE,0.45,3.07,1.62,100,/Users/lab4099/Desktop/Mujoco/work/results/stage19_mixed_recovery/locked_test_v1/medium/seed_04.json
PPO,MEDIUM,4,DENSE,0.47500000000000003,3.23,1.67,100,/Users/lab4099/Desktop/Mujoco/work/results/stage19_mixed_recovery/locked_test_v1/medium/seed_04.json
PPO,MEDIUM,4,DENSE,0.5,3.45,1.65,100,/Users/lab4099/Desktop/Mujoco/work/results/stage19_mixed_recovery/locked_test_v1/medium/seed_04.json
PPO,MEDIUM,4,DENSE,0.525,3.62,1.62,100,/Users/lab4099/Desktop/Mujoco/work/results/stage19_mixed_recovery/locked_test_v1/medium/seed_04.json
PPO,MEDIUM,4,DENSE,0.55,3.84,1.67,100,/Users/lab4099/Desktop/Mujoco/work/results/stage19_mixed_recovery/locked_test_v1/medium/seed_04.json
PPO,MEDIUM,4,DENSE,0.5750000000000001,3.72,1.68,100,/Users/lab4099/Desktop/Mujoco/work/results/stage19_mixed_recovery/locked_test_v1/medium/seed_04.json
PPO,MEDIUM,4,DENSE,0.6000000000000001,3.84,1.64,100,/Users/lab4099/Desktop/Mujoco/work/results/stage19_mixed_recovery/locked_test_v1/medium/seed_04.json
PPO,MEDIUM,4,DENSE,0.625,3.85,1.6,100,/Users/lab4099/Desktop/Mujoco/work/results/stage19_mixed_recovery/locked_test_v1/medium/seed_04.json
PPO,MEDIUM,4,DENSE,0.65,4.05,1.62,100,/Users/lab4099/Desktop/Mujoco/work/results/stage19_mixed_recovery/locked_test_v1/medium/seed_04.json
PPO,MEDIUM,4,DENSE,0.675,4.07,1.59,100,/Users/lab4099/Desktop/Mujoco/work/results/stage19_mixed_recovery/locked_test_v1/medium/seed_04.json
PPO,MEDIUM,4,DENSE,0.7000000000000001,4.37,1.61,100,/Users/lab4099/Desktop/Mujoco/work/results/stage19_mixed_recovery/locked_test_v1/medium/seed_04.json
PPO,MEDIUM,4,DENSE,0.7250000000000001,4.4,1.64,100,/Users/lab4099/Desktop/Mujoco/work/results/stage19_mixed_recovery/locked_test_v1/medium/seed_04.json
PPO,MEDIUM,4,DENSE,0.75,4.63,1.65,100,/Users/lab4099/Desktop/Mujoco/work/results/stage19_mixed_recovery/locked_test_v1/medium/seed_04.json
PPO,MEDIUM,4,DENSE,0.775,4.65,1.63,100,/Users/lab4099/Desktop/Mujoco/work/results/stage19_mixed_recovery/locked_test_v1/medium/seed_04.json
PPO,MEDIUM,4,DENSE,0.8,4.96,1.69,100,/Users/lab4099/Desktop/Mujoco/work/results/stage19_mixed_recovery/locked_test_v1/medium/seed_04.json
PPO,MEDIUM,4,DENSE,0.8250000000000001,4.84,1.7,100,/Users/lab4099/Desktop/Mujoco/work/results/stage19_mixed_recovery/locked_test_v1/medium/seed_04.json
PPO,MEDIUM,4,DENSE,0.8500000000000001,5.06,1.75,100,/Users/lab4099/Desktop/Mujoco/work/results/stage19_mixed_recovery/locked_test_v1/medium/seed_04.json
PPO,MEDIUM,4,DENSE,0.875,5.19,1.73,100,/Users/lab4099/Desktop/Mujoco/work/results/stage19_mixed_recovery/locked_test_v1/medium/seed_04.json
PPO,MEDIUM,4,DENSE,0.9,5.35,1.89,100,/Users/lab4099/Desktop/Mujoco/work/results/stage19_mixed_recovery/locked_test_v1/medium/seed_04.json
PPO,MEDIUM,4,DENSE,0.925,5.24,1.79,100,/Users/lab4099/Desktop/Mujoco/work/results/stage19_mixed_recovery/locked_test_v1/medium/seed_04.json
PPO,MEDIUM,4,DENSE,0.9500000000000001,5.66,1.93,100,/Users/lab4099/Desktop/Mujoco/work/results/stage19_mixed_recovery/locked_test_v1/medium/seed_04.json
PPO,MEDIUM,4,DENSE,0.9750000000000001,5.54,1.88,100,/Users/lab4099/Desktop/Mujoco/work/results/stage19_mixed_recovery/locked_test_v1/medium/seed_04.json
PPO,MEDIUM,4,DENSE,1.0,7.04,2.02,100,/Users/lab4099/Desktop/Mujoco/work/results/stage19_mixed_recovery/locked_test_v1/medium/seed_04.json
PPO,MEDIUM,4,BURST,0.0,7.04,2.02,100,/Users/lab4099/Desktop/Mujoco/work/results/stage19_mixed_recovery/locked_test_v1/medium/seed_04.json
PPO,MEDIUM,4,BURST,0.025,8.04,2.16,100,/Users/lab4099/Desktop/Mujoco/work/results/stage19_mixed_recovery/locked_test_v1/medium/seed_04.json
PPO,MEDIUM,4,BURST,0.05,9.43,2.27,100,/Users/lab4099/Desktop/Mujoco/work/results/stage19_mixed_recovery/locked_test_v1/medium/seed_04.json
PPO,MEDIUM,4,BURST,0.07500000000000001,10.72,2.22,100,/Users/lab4099/Desktop/Mujoco/work/results/stage19_mixed_recovery/locked_test_v1/medium/seed_04.json
PPO,MEDIUM,4,BURST,0.1,12.26,2.15,100,/Users/lab4099/Desktop/Mujoco/work/results/stage19_mixed_recovery/locked_test_v1/medium/seed_04.json
PPO,MEDIUM,4,BURST,0.125,13.73,2.08,100,/Users/lab4099/Desktop/Mujoco/work/results/stage19_mixed_recovery/locked_test_v1/medium/seed_04.json
PPO,MEDIUM,4,BURST,0.15000000000000002,15.21,2.01,100,/Users/lab4099/Desktop/Mujoco/work/results/stage19_mixed_recovery/locked_test_v1/medium/seed_04.json
PPO,MEDIUM,4,BURST,0.17500000000000002,16.67,1.99,100,/Users/lab4099/Desktop/Mujoco/work/results/stage19_mixed_recovery/locked_test_v1/medium/seed_04.json
PPO,MEDIUM,4,BURST,0.2,18.21,2.03,100,/Users/lab4099/Desktop/Mujoco/work/results/stage19_mixed_recovery/locked_test_v1/medium/seed_04.json
PPO,MEDIUM,4,BURST,0.225,19.66,1.99,100,/Users/lab4099/Desktop/Mujoco/work/results/stage19_mixed_recovery/locked_test_v1/medium/seed_04.json
PPO,MEDIUM,4,BURST,0.25,21.25,1.96,100,/Users/lab4099/Desktop/Mujoco/work/results/stage19_mixed_recovery/locked_test_v1/medium/seed_04.json
PPO,MEDIUM,4,BURST,0.275,22.72,1.95,100,/Users/lab4099/Desktop/Mujoco/work/results/stage19_mixed_recovery/locked_test_v1/medium/seed_04.json
PPO,MEDIUM,4,BURST,0.30000000000000004,24.08,1.92,100,/Users/lab4099/Desktop/Mujoco/work/results/stage19_mixed_recovery/locked_test_v1/medium/seed_04.json
PPO,MEDIUM,4,BURST,0.325,24.39,1.92,100,/Users/lab4099/Desktop/Mujoco/work/results/stage19_mixed_recovery/locked_test_v1/medium/seed_04.json
PPO,MEDIUM,4,BURST,0.35000000000000003,24.35,1.9,100,/Users/lab4099/Desktop/Mujoco/work/results/stage19_mixed_recovery/locked_test_v1/medium/seed_04.json
PPO,MEDIUM,4,BURST,0.375,24.27,1.9,100,/Users/lab4099/Desktop/Mujoco/work/results/stage19_mixed_recovery/locked_test_v1/medium/seed_04.json
PPO,MEDIUM,4,BURST,0.4,24.22,1.9,100,/Users/lab4099/Desktop/Mujoco/work/results/stage19_mixed_recovery/locked_test_v1/medium/seed_04.json
PPO,MEDIUM,4,BURST,0.42500000000000004,24.13,1.93,100,/Users/lab4099/Desktop/Mujoco/work/results/stage19_mixed_recovery/locked_test_v1/medium/seed_04.json
PPO,MEDIUM,4,BURST,0.45,24.05,1.91,100,/Users/lab4099/Desktop/Mujoco/work/results/stage19_mixed_recovery/locked_test_v1/medium/seed_04.json
PPO,MEDIUM,4,BURST,0.47500000000000003,23.97,1.92,100,/Users/lab4099/Desktop/Mujoco/work/results/stage19_mixed_recovery/locked_test_v1/medium/seed_04.json
PPO,MEDIUM,4,BURST,0.5,23.87,1.93,100,/Users/lab4099/Desktop/Mujoco/work/results/stage19_mixed_recovery/locked_test_v1/medium/seed_04.json
PPO,MEDIUM,4,BURST,0.525,23.79,1.93,100,/Users/lab4099/Desktop/Mujoco/work/results/stage19_mixed_recovery/locked_test_v1/medium/seed_04.json
PPO,MEDIUM,4,BURST,0.55,23.73,1.92,100,/Users/lab4099/Desktop/Mujoco/work/results/stage19_mixed_recovery/locked_test_v1/medium/seed_04.json
PPO,MEDIUM,4,BURST,0.5750000000000001,23.67,1.91,100,/Users/lab4099/Desktop/Mujoco/work/results/stage19_mixed_recovery/locked_test_v1/medium/seed_04.json
PPO,MEDIUM,4,BURST,0.6000000000000001,23.6,1.93,100,/Users/lab4099/Desktop/Mujoco/work/results/stage19_mixed_recovery/locked_test_v1/medium/seed_04.json
PPO,MEDIUM,4,BURST,0.625,23.51,1.93,100,/Users/lab4099/Desktop/Mujoco/work/results/stage19_mixed_recovery/locked_test_v1/medium/seed_04.json
PPO,MEDIUM,4,BURST,0.65,23.47,1.93,100,/Users/lab4099/Desktop/Mujoco/work/results/stage19_mixed_recovery/locked_test_v1/medium/seed_04.json
PPO,MEDIUM,4,BURST,0.675,23.36,1.92,100,/Users/lab4099/Desktop/Mujoco/work/results/stage19_mixed_recovery/locked_test_v1/medium/seed_04.json
PPO,MEDIUM,4,BURST,0.7000000000000001,23.28,1.9,100,/Users/lab4099/Desktop/Mujoco/work/results/stage19_mixed_recovery/locked_test_v1/medium/seed_04.json
PPO,MEDIUM,4,BURST,0.7250000000000001,23.22,1.88,100,/Users/lab4099/Desktop/Mujoco/work/results/stage19_mixed_recovery/locked_test_v1/medium/seed_04.json
PPO,MEDIUM,4,BURST,0.75,23.14,1.89,100,/Users/lab4099/Desktop/Mujoco/work/results/stage19_mixed_recovery/locked_test_v1/medium/seed_04.json
PPO,MEDIUM,4,BURST,0.775,23.04,1.87,100,/Users/lab4099/Desktop/Mujoco/work/results/stage19_mixed_recovery/locked_test_v1/medium/seed_04.json
PPO,MEDIUM,4,BURST,0.8,22.93,1.89,100,/Users/lab4099/Desktop/Mujoco/work/results/stage19_mixed_recovery/locked_test_v1/medium/seed_04.json
PPO,MEDIUM,4,BURST,0.8250000000000001,22.85,1.89,100,/Users/lab4099/Desktop/Mujoco/work/results/stage19_mixed_recovery/locked_test_v1/medium/seed_04.json
PPO,MEDIUM,4,BURST,0.8500000000000001,22.76,1.9,100,/Users/lab4099/Desktop/Mujoco/work/results/stage19_mixed_recovery/locked_test_v1/medium/seed_04.json
PPO,MEDIUM,4,BURST,0.875,22.65,1.9,100,/Users/lab4099/Desktop/Mujoco/work/results/stage19_mixed_recovery/locked_test_v1/medium/seed_04.json
PPO,MEDIUM,4,BURST,0.9,22.57,1.9,100,/Users/lab4099/Desktop/Mujoco/work/results/stage19_mixed_recovery/locked_test_v1/medium/seed_04.json
PPO,MEDIUM,4,BURST,0.925,22.5,1.92,100,/Users/lab4099/Desktop/Mujoco/work/results/stage19_mixed_recovery/locked_test_v1/medium/seed_04.json
PPO,MEDIUM,4,BURST,0.9500000000000001,22.43,1.91,100,/Users/lab4099/Desktop/Mujoco/work/results/stage19_mixed_recovery/locked_test_v1/medium/seed_04.json
PPO,MEDIUM,4,BURST,0.9750000000000001,22.37,1.9,100,/Users/lab4099/Desktop/Mujoco/work/results/stage19_mixed_recovery/locked_test_v1/medium/seed_04.json
PPO,MEDIUM,4,BURST,1.0,23.33,1.9,100,/Users/lab4099/Desktop/Mujoco/work/results/stage19_mixed_recovery/locked_test_v1/medium/seed_04.json
PPO,MEDIUM,4,RECOVERY,0.0,23.33,1.9,100,/Users/lab4099/Desktop/Mujoco/work/results/stage19_mixed_recovery/locked_test_v1/medium/seed_04.json
PPO,MEDIUM,4,RECOVERY,0.025,22.23,1.9,100,/Users/lab4099/Desktop/Mujoco/work/results/stage19_mixed_recovery/locked_test_v1/medium/seed_04.json
PPO,MEDIUM,4,RECOVERY,0.05,21.47,1.88,100,/Users/lab4099/Desktop/Mujoco/work/results/stage19_mixed_recovery/locked_test_v1/medium/seed_04.json
PPO,MEDIUM,4,RECOVERY,0.07500000000000001,21.0,1.95,100,/Users/lab4099/Desktop/Mujoco/work/results/stage19_mixed_recovery/locked_test_v1/medium/seed_04.json
PPO,MEDIUM,4,RECOVERY,0.1,20.02,1.92,100,/Users/lab4099/Desktop/Mujoco/work/results/stage19_mixed_recovery/locked_test_v1/medium/seed_04.json
PPO,MEDIUM,4,RECOVERY,0.125,19.55,1.92,100,/Users/lab4099/Desktop/Mujoco/work/results/stage19_mixed_recovery/locked_test_v1/medium/seed_04.json
PPO,MEDIUM,4,RECOVERY,0.15000000000000002,18.35,1.97,100,/Users/lab4099/Desktop/Mujoco/work/results/stage19_mixed_recovery/locked_test_v1/medium/seed_04.json
PPO,MEDIUM,4,RECOVERY,0.17500000000000002,17.69,1.92,100,/Users/lab4099/Desktop/Mujoco/work/results/stage19_mixed_recovery/locked_test_v1/medium/seed_04.json
PPO,MEDIUM,4,RECOVERY,0.2,16.11,1.97,100,/Users/lab4099/Desktop/Mujoco/work/results/stage19_mixed_recovery/locked_test_v1/medium/seed_04.json
PPO,MEDIUM,4,RECOVERY,0.225,14.79,1.9,100,/Users/lab4099/Desktop/Mujoco/work/results/stage19_mixed_recovery/locked_test_v1/medium/seed_04.json
PPO,MEDIUM,4,RECOVERY,0.25,12.95,1.74,100,/Users/lab4099/Desktop/Mujoco/work/results/stage19_mixed_recovery/locked_test_v1/medium/seed_04.json
PPO,MEDIUM,4,RECOVERY,0.275,11.81,1.71,100,/Users/lab4099/Desktop/Mujoco/work/results/stage19_mixed_recovery/locked_test_v1/medium/seed_04.json
PPO,MEDIUM,4,RECOVERY,0.30000000000000004,9.78,1.62,100,/Users/lab4099/Desktop/Mujoco/work/results/stage19_mixed_recovery/locked_test_v1/medium/seed_04.json
PPO,MEDIUM,4,RECOVERY,0.325,8.13,1.63,100,/Users/lab4099/Desktop/Mujoco/work/results/stage19_mixed_recovery/locked_test_v1/medium/seed_04.json
PPO,MEDIUM,4,RECOVERY,0.35000000000000003,6.32,1.48,100,/Users/lab4099/Desktop/Mujoco/work/results/stage19_mixed_recovery/locked_test_v1/medium/seed_04.json
PPO,MEDIUM,4,RECOVERY,0.375,5.31,1.43,100,/Users/lab4099/Desktop/Mujoco/work/results/stage19_mixed_recovery/locked_test_v1/medium/seed_04.json
PPO,MEDIUM,4,RECOVERY,0.4,3.81,1.17,100,/Users/lab4099/Desktop/Mujoco/work/results/stage19_mixed_recovery/locked_test_v1/medium/seed_04.json
PPO,MEDIUM,4,RECOVERY,0.42500000000000004,2.98,1.22,100,/Users/lab4099/Desktop/Mujoco/work/results/stage19_mixed_recovery/locked_test_v1/medium/seed_04.json
PPO,MEDIUM,4,RECOVERY,0.45,2.02,1.12,100,/Users/lab4099/Desktop/Mujoco/work/results/stage19_mixed_recovery/locked_test_v1/medium/seed_04.json
PPO,MEDIUM,4,RECOVERY,0.47500000000000003,1.49,1.03,100,/Users/lab4099/Desktop/Mujoco/work/results/stage19_mixed_recovery/locked_test_v1/medium/seed_04.json
PPO,MEDIUM,4,RECOVERY,0.5,0.91,0.92,100,/Users/lab4099/Desktop/Mujoco/work/results/stage19_mixed_recovery/locked_test_v1/medium/seed_04.json
PPO,MEDIUM,4,RECOVERY,0.525,0.76,0.76,100,/Users/lab4099/Desktop/Mujoco/work/results/stage19_mixed_recovery/locked_test_v1/medium/seed_04.json
PPO,MEDIUM,4,RECOVERY,0.55,0.33,0.73,100,/Users/lab4099/Desktop/Mujoco/work/results/stage19_mixed_recovery/locked_test_v1/medium/seed_04.json
PPO,MEDIUM,4,RECOVERY,0.5750000000000001,0.31,0.71,100,/Users/lab4099/Desktop/Mujoco/work/results/stage19_mixed_recovery/locked_test_v1/medium/seed_04.json
PPO,MEDIUM,4,RECOVERY,0.6000000000000001,0.13,0.62,100,/Users/lab4099/Desktop/Mujoco/work/results/stage19_mixed_recovery/locked_test_v1/medium/seed_04.json
PPO,MEDIUM,4,RECOVERY,0.625,0.14,0.45,100,/Users/lab4099/Desktop/Mujoco/work/results/stage19_mixed_recovery/locked_test_v1/medium/seed_04.json
PPO,MEDIUM,4,RECOVERY,0.65,0.03,0.53,100,/Users/lab4099/Desktop/Mujoco/work/results/stage19_mixed_recovery/locked_test_v1/medium/seed_04.json
PPO,MEDIUM,4,RECOVERY,0.675,0.04,0.59,100,/Users/lab4099/Desktop/Mujoco/work/results/stage19_mixed_recovery/locked_test_v1/medium/seed_04.json
PPO,MEDIUM,4,RECOVERY,0.7000000000000001,0.03,0.57,100,/Users/lab4099/Desktop/Mujoco/work/results/stage19_mixed_recovery/locked_test_v1/medium/seed_04.json
PPO,MEDIUM,4,RECOVERY,0.7250000000000001,0.02,0.48,100,/Users/lab4099/Desktop/Mujoco/work/results/stage19_mixed_recovery/locked_test_v1/medium/seed_04.json
PPO,MEDIUM,4,RECOVERY,0.75,0.0,0.57,100,/Users/lab4099/Desktop/Mujoco/work/results/stage19_mixed_recovery/locked_test_v1/medium/seed_04.json
PPO,MEDIUM,4,RECOVERY,0.775,0.0,0.39,100,/Users/lab4099/Desktop/Mujoco/work/results/stage19_mixed_recovery/locked_test_v1/medium/seed_04.json
PPO,MEDIUM,4,RECOVERY,0.8,0.0,0.58,100,/Users/lab4099/Desktop/Mujoco/work/results/stage19_mixed_recovery/locked_test_v1/medium/seed_04.json
PPO,MEDIUM,4,RECOVERY,0.8250000000000001,0.0,0.46,100,/Users/lab4099/Desktop/Mujoco/work/results/stage19_mixed_recovery/locked_test_v1/medium/seed_04.json
PPO,MEDIUM,4,RECOVERY,0.8500000000000001,0.0,0.56,100,/Users/lab4099/Desktop/Mujoco/work/results/stage19_mixed_recovery/locked_test_v1/medium/seed_04.json
PPO,MEDIUM,4,RECOVERY,0.875,0.0,0.45,100,/Users/lab4099/Desktop/Mujoco/work/results/stage19_mixed_recovery/locked_test_v1/medium/seed_04.json
PPO,MEDIUM,4,RECOVERY,0.9,0.02,0.58,100,/Users/lab4099/Desktop/Mujoco/work/results/stage19_mixed_recovery/locked_test_v1/medium/seed_04.json
PPO,MEDIUM,4,RECOVERY,0.925,0.0,0.47,100,/Users/lab4099/Desktop/Mujoco/work/results/stage19_mixed_recovery/locked_test_v1/medium/seed_04.json
PPO,MEDIUM,4,RECOVERY,0.9500000000000001,0.02,0.55,100,/Users/lab4099/Desktop/Mujoco/work/results/stage19_mixed_recovery/locked_test_v1/medium/seed_04.json
PPO,MEDIUM,4,RECOVERY,0.9750000000000001,0.0,0.77,100,/Users/lab4099/Desktop/Mujoco/work/results/stage19_mixed_recovery/locked_test_v1/medium/seed_04.json
PPO,MEDIUM,4,RECOVERY,1.0,0.0,0.0,100,/Users/lab4099/Desktop/Mujoco/work/results/stage19_mixed_recovery/locked_test_v1/medium/seed_04.json
PPO,MEDIUM,5,NORMAL,0.0,0.0,1.0,100,/Users/lab4099/Desktop/Mujoco/work/results/stage19_mixed_recovery/locked_test_v1/medium/seed_05.json
PPO,MEDIUM,5,NORMAL,0.025,0.0,0.27,100,/Users/lab4099/Desktop/Mujoco/work/results/stage19_mixed_recovery/locked_test_v1/medium/seed_05.json
PPO,MEDIUM,5,NORMAL,0.05,0.0,0.37,100,/Users/lab4099/Desktop/Mujoco/work/results/stage19_mixed_recovery/locked_test_v1/medium/seed_05.json
PPO,MEDIUM,5,NORMAL,0.07500000000000001,0.0,0.31,100,/Users/lab4099/Desktop/Mujoco/work/results/stage19_mixed_recovery/locked_test_v1/medium/seed_05.json
PPO,MEDIUM,5,NORMAL,0.1,0.0,0.29,100,/Users/lab4099/Desktop/Mujoco/work/results/stage19_mixed_recovery/locked_test_v1/medium/seed_05.json
PPO,MEDIUM,5,NORMAL,0.125,0.0,0.51,100,/Users/lab4099/Desktop/Mujoco/work/results/stage19_mixed_recovery/locked_test_v1/medium/seed_05.json
PPO,MEDIUM,5,NORMAL,0.15000000000000002,0.0,0.28,100,/Users/lab4099/Desktop/Mujoco/work/results/stage19_mixed_recovery/locked_test_v1/medium/seed_05.json
PPO,MEDIUM,5,NORMAL,0.17500000000000002,0.0,0.45,100,/Users/lab4099/Desktop/Mujoco/work/results/stage19_mixed_recovery/locked_test_v1/medium/seed_05.json
PPO,MEDIUM,5,NORMAL,0.2,0.0,0.25,100,/Users/lab4099/Desktop/Mujoco/work/results/stage19_mixed_recovery/locked_test_v1/medium/seed_05.json
PPO,MEDIUM,5,NORMAL,0.225,0.0,0.55,100,/Users/lab4099/Desktop/Mujoco/work/results/stage19_mixed_recovery/locked_test_v1/medium/seed_05.json
PPO,MEDIUM,5,NORMAL,0.25,0.0,0.2,100,/Users/lab4099/Desktop/Mujoco/work/results/stage19_mixed_recovery/locked_test_v1/medium/seed_05.json
PPO,MEDIUM,5,NORMAL,0.275,0.0,0.51,100,/Users/lab4099/Desktop/Mujoco/work/results/stage19_mixed_recovery/locked_test_v1/medium/seed_05.json
PPO,MEDIUM,5,NORMAL,0.30000000000000004,0.0,0.25,100,/Users/lab4099/Desktop/Mujoco/work/results/stage19_mixed_recovery/locked_test_v1/medium/seed_05.json
PPO,MEDIUM,5,NORMAL,0.325,0.0,0.56,100,/Users/lab4099/Desktop/Mujoco/work/results/stage19_mixed_recovery/locked_test_v1/medium/seed_05.json
PPO,MEDIUM,5,NORMAL,0.35000000000000003,0.0,0.29,100,/Users/lab4099/Desktop/Mujoco/work/results/stage19_mixed_recovery/locked_test_v1/medium/seed_05.json
PPO,MEDIUM,5,NORMAL,0.375,0.0,0.63,100,/Users/lab4099/Desktop/Mujoco/work/results/stage19_mixed_recovery/locked_test_v1/medium/seed_05.json
PPO,MEDIUM,5,NORMAL,0.4,0.0,0.38,100,/Users/lab4099/Desktop/Mujoco/work/results/stage19_mixed_recovery/locked_test_v1/medium/seed_05.json
PPO,MEDIUM,5,NORMAL,0.42500000000000004,0.0,0.55,100,/Users/lab4099/Desktop/Mujoco/work/results/stage19_mixed_recovery/locked_test_v1/medium/seed_05.json
PPO,MEDIUM,5,NORMAL,0.45,0.0,0.3,100,/Users/lab4099/Desktop/Mujoco/work/results/stage19_mixed_recovery/locked_test_v1/medium/seed_05.json
PPO,MEDIUM,5,NORMAL,0.47500000000000003,0.0,0.67,100,/Users/lab4099/Desktop/Mujoco/work/results/stage19_mixed_recovery/locked_test_v1/medium/seed_05.json
PPO,MEDIUM,5,NORMAL,0.5,0.0,0.44,100,/Users/lab4099/Desktop/Mujoco/work/results/stage19_mixed_recovery/locked_test_v1/medium/seed_05.json
PPO,MEDIUM,5,NORMAL,0.525,0.0,0.64,100,/Users/lab4099/Desktop/Mujoco/work/results/stage19_mixed_recovery/locked_test_v1/medium/seed_05.json
PPO,MEDIUM,5,NORMAL,0.55,0.0,0.53,100,/Users/lab4099/Desktop/Mujoco/work/results/stage19_mixed_recovery/locked_test_v1/medium/seed_05.json
PPO,MEDIUM,5,NORMAL,0.5750000000000001,0.02,0.6,100,/Users/lab4099/Desktop/Mujoco/work/results/stage19_mixed_recovery/locked_test_v1/medium/seed_05.json
PPO,MEDIUM,5,NORMAL,0.6000000000000001,0.0,0.49,100,/Users/lab4099/Desktop/Mujoco/work/results/stage19_mixed_recovery/locked_test_v1/medium/seed_05.json
PPO,MEDIUM,5,NORMAL,0.625,0.01,0.57,100,/Users/lab4099/Desktop/Mujoco/work/results/stage19_mixed_recovery/locked_test_v1/medium/seed_05.json
PPO,MEDIUM,5,NORMAL,0.65,0.0,0.37,100,/Users/lab4099/Desktop/Mujoco/work/results/stage19_mixed_recovery/locked_test_v1/medium/seed_05.json
PPO,MEDIUM,5,NORMAL,0.675,0.0,0.36,100,/Users/lab4099/Desktop/Mujoco/work/results/stage19_mixed_recovery/locked_test_v1/medium/seed_05.json
PPO,MEDIUM,5,NORMAL,0.7000000000000001,0.0,0.41,100,/Users/lab4099/Desktop/Mujoco/work/results/stage19_mixed_recovery/locked_test_v1/medium/seed_05.json
PPO,MEDIUM,5,NORMAL,0.7250000000000001,0.01,0.32,100,/Users/lab4099/Desktop/Mujoco/work/results/stage19_mixed_recovery/locked_test_v1/medium/seed_05.json
PPO,MEDIUM,5,NORMAL,0.75,0.0,0.51,100,/Users/lab4099/Desktop/Mujoco/work/results/stage19_mixed_recovery/locked_test_v1/medium/seed_05.json
PPO,MEDIUM,5,NORMAL,0.775,0.01,0.36,100,/Users/lab4099/Desktop/Mujoco/work/results/stage19_mixed_recovery/locked_test_v1/medium/seed_05.json
PPO,MEDIUM,5,NORMAL,0.8,0.0,0.54,100,/Users/lab4099/Desktop/Mujoco/work/results/stage19_mixed_recovery/locked_test_v1/medium/seed_05.json
PPO,MEDIUM,5,NORMAL,0.8250000000000001,0.0,0.23,100,/Users/lab4099/Desktop/Mujoco/work/results/stage19_mixed_recovery/locked_test_v1/medium/seed_05.json
PPO,MEDIUM,5,NORMAL,0.8500000000000001,0.0,0.49,100,/Users/lab4099/Desktop/Mujoco/work/results/stage19_mixed_recovery/locked_test_v1/medium/seed_05.json
PPO,MEDIUM,5,NORMAL,0.875,0.0,0.25,100,/Users/lab4099/Desktop/Mujoco/work/results/stage19_mixed_recovery/locked_test_v1/medium/seed_05.json
PPO,MEDIUM,5,NORMAL,0.9,0.0,0.52,100,/Users/lab4099/Desktop/Mujoco/work/results/stage19_mixed_recovery/locked_test_v1/medium/seed_05.json
PPO,MEDIUM,5,NORMAL,0.925,0.0,0.34,100,/Users/lab4099/Desktop/Mujoco/work/results/stage19_mixed_recovery/locked_test_v1/medium/seed_05.json
PPO,MEDIUM,5,NORMAL,0.9500000000000001,0.0,0.6,100,/Users/lab4099/Desktop/Mujoco/work/results/stage19_mixed_recovery/locked_test_v1/medium/seed_05.json
PPO,MEDIUM,5,NORMAL,0.9750000000000001,0.0,0.35,100,/Users/lab4099/Desktop/Mujoco/work/results/stage19_mixed_recovery/locked_test_v1/medium/seed_05.json
PPO,MEDIUM,5,NORMAL,1.0,0.3,1.31,100,/Users/lab4099/Desktop/Mujoco/work/results/stage19_mixed_recovery/locked_test_v1/medium/seed_05.json
PPO,MEDIUM,5,DENSE,0.0,0.3,1.31,100,/Users/lab4099/Desktop/Mujoco/work/results/stage19_mixed_recovery/locked_test_v1/medium/seed_05.json
PPO,MEDIUM,5,DENSE,0.025,0.29,1.01,100,/Users/lab4099/Desktop/Mujoco/work/results/stage19_mixed_recovery/locked_test_v1/medium/seed_05.json
PPO,MEDIUM,5,DENSE,0.05,0.55,1.04,100,/Users/lab4099/Desktop/Mujoco/work/results/stage19_mixed_recovery/locked_test_v1/medium/seed_05.json
PPO,MEDIUM,5,DENSE,0.07500000000000001,0.85,1.2,100,/Users/lab4099/Desktop/Mujoco/work/results/stage19_mixed_recovery/locked_test_v1/medium/seed_05.json
PPO,MEDIUM,5,DENSE,0.1,1.03,1.19,100,/Users/lab4099/Desktop/Mujoco/work/results/stage19_mixed_recovery/locked_test_v1/medium/seed_05.json
PPO,MEDIUM,5,DENSE,0.125,1.47,1.32,100,/Users/lab4099/Desktop/Mujoco/work/results/stage19_mixed_recovery/locked_test_v1/medium/seed_05.json
PPO,MEDIUM,5,DENSE,0.15000000000000002,1.51,1.27,100,/Users/lab4099/Desktop/Mujoco/work/results/stage19_mixed_recovery/locked_test_v1/medium/seed_05.json
PPO,MEDIUM,5,DENSE,0.17500000000000002,1.61,1.35,100,/Users/lab4099/Desktop/Mujoco/work/results/stage19_mixed_recovery/locked_test_v1/medium/seed_05.json
PPO,MEDIUM,5,DENSE,0.2,1.56,1.34,100,/Users/lab4099/Desktop/Mujoco/work/results/stage19_mixed_recovery/locked_test_v1/medium/seed_05.json
PPO,MEDIUM,5,DENSE,0.225,1.75,1.41,100,/Users/lab4099/Desktop/Mujoco/work/results/stage19_mixed_recovery/locked_test_v1/medium/seed_05.json
PPO,MEDIUM,5,DENSE,0.25,1.79,1.41,100,/Users/lab4099/Desktop/Mujoco/work/results/stage19_mixed_recovery/locked_test_v1/medium/seed_05.json
PPO,MEDIUM,5,DENSE,0.275,2.05,1.51,100,/Users/lab4099/Desktop/Mujoco/work/results/stage19_mixed_recovery/locked_test_v1/medium/seed_05.json
PPO,MEDIUM,5,DENSE,0.30000000000000004,2.19,1.53,100,/Users/lab4099/Desktop/Mujoco/work/results/stage19_mixed_recovery/locked_test_v1/medium/seed_05.json
PPO,MEDIUM,5,DENSE,0.325,2.32,1.55,100,/Users/lab4099/Desktop/Mujoco/work/results/stage19_mixed_recovery/locked_test_v1/medium/seed_05.json
PPO,MEDIUM,5,DENSE,0.35000000000000003,2.5,1.58,100,/Users/lab4099/Desktop/Mujoco/work/results/stage19_mixed_recovery/locked_test_v1/medium/seed_05.json
PPO,MEDIUM,5,DENSE,0.375,2.57,1.59,100,/Users/lab4099/Desktop/Mujoco/work/results/stage19_mixed_recovery/locked_test_v1/medium/seed_05.json
PPO,MEDIUM,5,DENSE,0.4,2.67,1.63,100,/Users/lab4099/Desktop/Mujoco/work/results/stage19_mixed_recovery/locked_test_v1/medium/seed_05.json
PPO,MEDIUM,5,DENSE,0.42500000000000004,2.84,1.66,100,/Users/lab4099/Desktop/Mujoco/work/results/stage19_mixed_recovery/locked_test_v1/medium/seed_05.json
PPO,MEDIUM,5,DENSE,0.45,2.92,1.63,100,/Users/lab4099/Desktop/Mujoco/work/results/stage19_mixed_recovery/locked_test_v1/medium/seed_05.json
PPO,MEDIUM,5,DENSE,0.47500000000000003,3.07,1.65,100,/Users/lab4099/Desktop/Mujoco/work/results/stage19_mixed_recovery/locked_test_v1/medium/seed_05.json
PPO,MEDIUM,5,DENSE,0.5,3.23,1.67,100,/Users/lab4099/Desktop/Mujoco/work/results/stage19_mixed_recovery/locked_test_v1/medium/seed_05.json
PPO,MEDIUM,5,DENSE,0.525,3.39,1.64,100,/Users/lab4099/Desktop/Mujoco/work/results/stage19_mixed_recovery/locked_test_v1/medium/seed_05.json
PPO,MEDIUM,5,DENSE,0.55,3.7,1.63,100,/Users/lab4099/Desktop/Mujoco/work/results/stage19_mixed_recovery/locked_test_v1/medium/seed_05.json
PPO,MEDIUM,5,DENSE,0.5750000000000001,3.62,1.64,100,/Users/lab4099/Desktop/Mujoco/work/results/stage19_mixed_recovery/locked_test_v1/medium/seed_05.json
PPO,MEDIUM,5,DENSE,0.6000000000000001,3.81,1.65,100,/Users/lab4099/Desktop/Mujoco/work/results/stage19_mixed_recovery/locked_test_v1/medium/seed_05.json
PPO,MEDIUM,5,DENSE,0.625,3.81,1.64,100,/Users/lab4099/Desktop/Mujoco/work/results/stage19_mixed_recovery/locked_test_v1/medium/seed_05.json
PPO,MEDIUM,5,DENSE,0.65,3.99,1.67,100,/Users/lab4099/Desktop/Mujoco/work/results/stage19_mixed_recovery/locked_test_v1/medium/seed_05.json
PPO,MEDIUM,5,DENSE,0.675,3.94,1.62,100,/Users/lab4099/Desktop/Mujoco/work/results/stage19_mixed_recovery/locked_test_v1/medium/seed_05.json
PPO,MEDIUM,5,DENSE,0.7000000000000001,4.16,1.63,100,/Users/lab4099/Desktop/Mujoco/work/results/stage19_mixed_recovery/locked_test_v1/medium/seed_05.json
PPO,MEDIUM,5,DENSE,0.7250000000000001,4.08,1.69,100,/Users/lab4099/Desktop/Mujoco/work/results/stage19_mixed_recovery/locked_test_v1/medium/seed_05.json
PPO,MEDIUM,5,DENSE,0.75,4.27,1.75,100,/Users/lab4099/Desktop/Mujoco/work/results/stage19_mixed_recovery/locked_test_v1/medium/seed_05.json
PPO,MEDIUM,5,DENSE,0.775,4.33,1.72,100,/Users/lab4099/Desktop/Mujoco/work/results/stage19_mixed_recovery/locked_test_v1/medium/seed_05.json
PPO,MEDIUM,5,DENSE,0.8,4.61,1.75,100,/Users/lab4099/Desktop/Mujoco/work/results/stage19_mixed_recovery/locked_test_v1/medium/seed_05.json
PPO,MEDIUM,5,DENSE,0.8250000000000001,4.59,1.7,100,/Users/lab4099/Desktop/Mujoco/work/results/stage19_mixed_recovery/locked_test_v1/medium/seed_05.json
PPO,MEDIUM,5,DENSE,0.8500000000000001,4.82,1.73,100,/Users/lab4099/Desktop/Mujoco/work/results/stage19_mixed_recovery/locked_test_v1/medium/seed_05.json
PPO,MEDIUM,5,DENSE,0.875,4.93,1.74,100,/Users/lab4099/Desktop/Mujoco/work/results/stage19_mixed_recovery/locked_test_v1/medium/seed_05.json
PPO,MEDIUM,5,DENSE,0.9,5.0,1.89,100,/Users/lab4099/Desktop/Mujoco/work/results/stage19_mixed_recovery/locked_test_v1/medium/seed_05.json
PPO,MEDIUM,5,DENSE,0.925,4.89,1.81,100,/Users/lab4099/Desktop/Mujoco/work/results/stage19_mixed_recovery/locked_test_v1/medium/seed_05.json
PPO,MEDIUM,5,DENSE,0.9500000000000001,5.27,1.89,100,/Users/lab4099/Desktop/Mujoco/work/results/stage19_mixed_recovery/locked_test_v1/medium/seed_05.json
PPO,MEDIUM,5,DENSE,0.9750000000000001,5.1,1.83,100,/Users/lab4099/Desktop/Mujoco/work/results/stage19_mixed_recovery/locked_test_v1/medium/seed_05.json
PPO,MEDIUM,5,DENSE,1.0,6.62,1.99,100,/Users/lab4099/Desktop/Mujoco/work/results/stage19_mixed_recovery/locked_test_v1/medium/seed_05.json
PPO,MEDIUM,5,BURST,0.0,6.62,1.99,100,/Users/lab4099/Desktop/Mujoco/work/results/stage19_mixed_recovery/locked_test_v1/medium/seed_05.json
PPO,MEDIUM,5,BURST,0.025,7.62,2.17,100,/Users/lab4099/Desktop/Mujoco/work/results/stage19_mixed_recovery/locked_test_v1/medium/seed_05.json
PPO,MEDIUM,5,BURST,0.05,9.0,2.23,100,/Users/lab4099/Desktop/Mujoco/work/results/stage19_mixed_recovery/locked_test_v1/medium/seed_05.json
PPO,MEDIUM,5,BURST,0.07500000000000001,10.29,2.17,100,/Users/lab4099/Desktop/Mujoco/work/results/stage19_mixed_recovery/locked_test_v1/medium/seed_05.json
PPO,MEDIUM,5,BURST,0.1,11.78,2.16,100,/Users/lab4099/Desktop/Mujoco/work/results/stage19_mixed_recovery/locked_test_v1/medium/seed_05.json
PPO,MEDIUM,5,BURST,0.125,13.22,2.11,100,/Users/lab4099/Desktop/Mujoco/work/results/stage19_mixed_recovery/locked_test_v1/medium/seed_05.json
PPO,MEDIUM,5,BURST,0.15000000000000002,14.75,2.03,100,/Users/lab4099/Desktop/Mujoco/work/results/stage19_mixed_recovery/locked_test_v1/medium/seed_05.json
PPO,MEDIUM,5,BURST,0.17500000000000002,16.21,2.0,100,/Users/lab4099/Desktop/Mujoco/work/results/stage19_mixed_recovery/locked_test_v1/medium/seed_05.json
PPO,MEDIUM,5,BURST,0.2,17.77,2.0,100,/Users/lab4099/Desktop/Mujoco/work/results/stage19_mixed_recovery/locked_test_v1/medium/seed_05.json
PPO,MEDIUM,5,BURST,0.225,19.25,1.97,100,/Users/lab4099/Desktop/Mujoco/work/results/stage19_mixed_recovery/locked_test_v1/medium/seed_05.json
PPO,MEDIUM,5,BURST,0.25,20.86,1.98,100,/Users/lab4099/Desktop/Mujoco/work/results/stage19_mixed_recovery/locked_test_v1/medium/seed_05.json
PPO,MEDIUM,5,BURST,0.275,22.39,1.96,100,/Users/lab4099/Desktop/Mujoco/work/results/stage19_mixed_recovery/locked_test_v1/medium/seed_05.json
PPO,MEDIUM,5,BURST,0.30000000000000004,23.69,1.96,100,/Users/lab4099/Desktop/Mujoco/work/results/stage19_mixed_recovery/locked_test_v1/medium/seed_05.json
PPO,MEDIUM,5,BURST,0.325,23.99,1.94,100,/Users/lab4099/Desktop/Mujoco/work/results/stage19_mixed_recovery/locked_test_v1/medium/seed_05.json
PPO,MEDIUM,5,BURST,0.35000000000000003,23.93,1.95,100,/Users/lab4099/Desktop/Mujoco/work/results/stage19_mixed_recovery/locked_test_v1/medium/seed_05.json
PPO,MEDIUM,5,BURST,0.375,23.86,1.93,100,/Users/lab4099/Desktop/Mujoco/work/results/stage19_mixed_recovery/locked_test_v1/medium/seed_05.json
PPO,MEDIUM,5,BURST,0.4,23.76,1.94,100,/Users/lab4099/Desktop/Mujoco/work/results/stage19_mixed_recovery/locked_test_v1/medium/seed_05.json
PPO,MEDIUM,5,BURST,0.42500000000000004,23.72,1.94,100,/Users/lab4099/Desktop/Mujoco/work/results/stage19_mixed_recovery/locked_test_v1/medium/seed_05.json
PPO,MEDIUM,5,BURST,0.45,23.66,1.94,100,/Users/lab4099/Desktop/Mujoco/work/results/stage19_mixed_recovery/locked_test_v1/medium/seed_05.json
PPO,MEDIUM,5,BURST,0.47500000000000003,23.61,1.95,100,/Users/lab4099/Desktop/Mujoco/work/results/stage19_mixed_recovery/locked_test_v1/medium/seed_05.json
PPO,MEDIUM,5,BURST,0.5,23.53,1.95,100,/Users/lab4099/Desktop/Mujoco/work/results/stage19_mixed_recovery/locked_test_v1/medium/seed_05.json
PPO,MEDIUM,5,BURST,0.525,23.46,1.95,100,/Users/lab4099/Desktop/Mujoco/work/results/stage19_mixed_recovery/locked_test_v1/medium/seed_05.json
PPO,MEDIUM,5,BURST,0.55,23.36,1.95,100,/Users/lab4099/Desktop/Mujoco/work/results/stage19_mixed_recovery/locked_test_v1/medium/seed_05.json
PPO,MEDIUM,5,BURST,0.5750000000000001,23.25,1.95,100,/Users/lab4099/Desktop/Mujoco/work/results/stage19_mixed_recovery/locked_test_v1/medium/seed_05.json
PPO,MEDIUM,5,BURST,0.6000000000000001,23.17,1.94,100,/Users/lab4099/Desktop/Mujoco/work/results/stage19_mixed_recovery/locked_test_v1/medium/seed_05.json
PPO,MEDIUM,5,BURST,0.625,23.09,1.95,100,/Users/lab4099/Desktop/Mujoco/work/results/stage19_mixed_recovery/locked_test_v1/medium/seed_05.json
PPO,MEDIUM,5,BURST,0.65,23.06,1.95,100,/Users/lab4099/Desktop/Mujoco/work/results/stage19_mixed_recovery/locked_test_v1/medium/seed_05.json
PPO,MEDIUM,5,BURST,0.675,22.9,1.94,100,/Users/lab4099/Desktop/Mujoco/work/results/stage19_mixed_recovery/locked_test_v1/medium/seed_05.json
PPO,MEDIUM,5,BURST,0.7000000000000001,22.8,1.95,100,/Users/lab4099/Desktop/Mujoco/work/results/stage19_mixed_recovery/locked_test_v1/medium/seed_05.json
PPO,MEDIUM,5,BURST,0.7250000000000001,22.7,1.94,100,/Users/lab4099/Desktop/Mujoco/work/results/stage19_mixed_recovery/locked_test_v1/medium/seed_05.json
PPO,MEDIUM,5,BURST,0.75,22.62,1.94,100,/Users/lab4099/Desktop/Mujoco/work/results/stage19_mixed_recovery/locked_test_v1/medium/seed_05.json
PPO,MEDIUM,5,BURST,0.775,22.53,1.95,100,/Users/lab4099/Desktop/Mujoco/work/results/stage19_mixed_recovery/locked_test_v1/medium/seed_05.json
PPO,MEDIUM,5,BURST,0.8,22.46,1.95,100,/Users/lab4099/Desktop/Mujoco/work/results/stage19_mixed_recovery/locked_test_v1/medium/seed_05.json
PPO,MEDIUM,5,BURST,0.8250000000000001,22.37,1.94,100,/Users/lab4099/Desktop/Mujoco/work/results/stage19_mixed_recovery/locked_test_v1/medium/seed_05.json
PPO,MEDIUM,5,BURST,0.8500000000000001,22.28,1.93,100,/Users/lab4099/Desktop/Mujoco/work/results/stage19_mixed_recovery/locked_test_v1/medium/seed_05.json
PPO,MEDIUM,5,BURST,0.875,22.18,1.93,100,/Users/lab4099/Desktop/Mujoco/work/results/stage19_mixed_recovery/locked_test_v1/medium/seed_05.json
PPO,MEDIUM,5,BURST,0.9,22.11,1.92,100,/Users/lab4099/Desktop/Mujoco/work/results/stage19_mixed_recovery/locked_test_v1/medium/seed_05.json
PPO,MEDIUM,5,BURST,0.925,22.04,1.93,100,/Users/lab4099/Desktop/Mujoco/work/results/stage19_mixed_recovery/locked_test_v1/medium/seed_05.json
PPO,MEDIUM,5,BURST,0.9500000000000001,22.0,1.93,100,/Users/lab4099/Desktop/Mujoco/work/results/stage19_mixed_recovery/locked_test_v1/medium/seed_05.json
PPO,MEDIUM,5,BURST,0.9750000000000001,21.96,1.93,100,/Users/lab4099/Desktop/Mujoco/work/results/stage19_mixed_recovery/locked_test_v1/medium/seed_05.json
PPO,MEDIUM,5,BURST,1.0,22.85,1.91,100,/Users/lab4099/Desktop/Mujoco/work/results/stage19_mixed_recovery/locked_test_v1/medium/seed_05.json
PPO,MEDIUM,5,RECOVERY,0.0,22.85,1.91,100,/Users/lab4099/Desktop/Mujoco/work/results/stage19_mixed_recovery/locked_test_v1/medium/seed_05.json
PPO,MEDIUM,5,RECOVERY,0.025,21.73,1.88,100,/Users/lab4099/Desktop/Mujoco/work/results/stage19_mixed_recovery/locked_test_v1/medium/seed_05.json
PPO,MEDIUM,5,RECOVERY,0.05,20.98,1.85,100,/Users/lab4099/Desktop/Mujoco/work/results/stage19_mixed_recovery/locked_test_v1/medium/seed_05.json
PPO,MEDIUM,5,RECOVERY,0.07500000000000001,20.6,1.84,100,/Users/lab4099/Desktop/Mujoco/work/results/stage19_mixed_recovery/locked_test_v1/medium/seed_05.json
PPO,MEDIUM,5,RECOVERY,0.1,19.54,1.91,100,/Users/lab4099/Desktop/Mujoco/work/results/stage19_mixed_recovery/locked_test_v1/medium/seed_05.json
PPO,MEDIUM,5,RECOVERY,0.125,19.03,1.89,100,/Users/lab4099/Desktop/Mujoco/work/results/stage19_mixed_recovery/locked_test_v1/medium/seed_05.json
PPO,MEDIUM,5,RECOVERY,0.15000000000000002,17.87,1.85,100,/Users/lab4099/Desktop/Mujoco/work/results/stage19_mixed_recovery/locked_test_v1/medium/seed_05.json
PPO,MEDIUM,5,RECOVERY,0.17500000000000002,17.07,2.03,100,/Users/lab4099/Desktop/Mujoco/work/results/stage19_mixed_recovery/locked_test_v1/medium/seed_05.json
PPO,MEDIUM,5,RECOVERY,0.2,15.56,1.83,100,/Users/lab4099/Desktop/Mujoco/work/results/stage19_mixed_recovery/locked_test_v1/medium/seed_05.json
PPO,MEDIUM,5,RECOVERY,0.225,14.36,1.8,100,/Users/lab4099/Desktop/Mujoco/work/results/stage19_mixed_recovery/locked_test_v1/medium/seed_05.json
PPO,MEDIUM,5,RECOVERY,0.25,12.8,1.79,100,/Users/lab4099/Desktop/Mujoco/work/results/stage19_mixed_recovery/locked_test_v1/medium/seed_05.json
PPO,MEDIUM,5,RECOVERY,0.275,11.57,1.66,100,/Users/lab4099/Desktop/Mujoco/work/results/stage19_mixed_recovery/locked_test_v1/medium/seed_05.json
PPO,MEDIUM,5,RECOVERY,0.30000000000000004,9.76,1.69,100,/Users/lab4099/Desktop/Mujoco/work/results/stage19_mixed_recovery/locked_test_v1/medium/seed_05.json
PPO,MEDIUM,5,RECOVERY,0.325,8.55,1.56,100,/Users/lab4099/Desktop/Mujoco/work/results/stage19_mixed_recovery/locked_test_v1/medium/seed_05.json
PPO,MEDIUM,5,RECOVERY,0.35000000000000003,7.05,1.51,100,/Users/lab4099/Desktop/Mujoco/work/results/stage19_mixed_recovery/locked_test_v1/medium/seed_05.json
PPO,MEDIUM,5,RECOVERY,0.375,5.63,1.29,100,/Users/lab4099/Desktop/Mujoco/work/results/stage19_mixed_recovery/locked_test_v1/medium/seed_05.json
PPO,MEDIUM,5,RECOVERY,0.4,4.12,1.17,100,/Users/lab4099/Desktop/Mujoco/work/results/stage19_mixed_recovery/locked_test_v1/medium/seed_05.json
PPO,MEDIUM,5,RECOVERY,0.42500000000000004,3.4,1.2,100,/Users/lab4099/Desktop/Mujoco/work/results/stage19_mixed_recovery/locked_test_v1/medium/seed_05.json
PPO,MEDIUM,5,RECOVERY,0.45,2.51,1.12,100,/Users/lab4099/Desktop/Mujoco/work/results/stage19_mixed_recovery/locked_test_v1/medium/seed_05.json
PPO,MEDIUM,5,RECOVERY,0.47500000000000003,1.89,1.07,100,/Users/lab4099/Desktop/Mujoco/work/results/stage19_mixed_recovery/locked_test_v1/medium/seed_05.json
PPO,MEDIUM,5,RECOVERY,0.5,1.47,0.88,100,/Users/lab4099/Desktop/Mujoco/work/results/stage19_mixed_recovery/locked_test_v1/medium/seed_05.json
PPO,MEDIUM,5,RECOVERY,0.525,1.12,0.65,100,/Users/lab4099/Desktop/Mujoco/work/results/stage19_mixed_recovery/locked_test_v1/medium/seed_05.json
PPO,MEDIUM,5,RECOVERY,0.55,0.66,0.74,100,/Users/lab4099/Desktop/Mujoco/work/results/stage19_mixed_recovery/locked_test_v1/medium/seed_05.json
PPO,MEDIUM,5,RECOVERY,0.5750000000000001,0.44,0.73,100,/Users/lab4099/Desktop/Mujoco/work/results/stage19_mixed_recovery/locked_test_v1/medium/seed_05.json
PPO,MEDIUM,5,RECOVERY,0.6000000000000001,0.37,0.62,100,/Users/lab4099/Desktop/Mujoco/work/results/stage19_mixed_recovery/locked_test_v1/medium/seed_05.json
PPO,MEDIUM,5,RECOVERY,0.625,0.2,0.51,100,/Users/lab4099/Desktop/Mujoco/work/results/stage19_mixed_recovery/locked_test_v1/medium/seed_05.json
PPO,MEDIUM,5,RECOVERY,0.65,0.11,0.53,100,/Users/lab4099/Desktop/Mujoco/work/results/stage19_mixed_recovery/locked_test_v1/medium/seed_05.json
PPO,MEDIUM,5,RECOVERY,0.675,0.06,0.6,100,/Users/lab4099/Desktop/Mujoco/work/results/stage19_mixed_recovery/locked_test_v1/medium/seed_05.json
PPO,MEDIUM,5,RECOVERY,0.7000000000000001,0.06,0.59,100,/Users/lab4099/Desktop/Mujoco/work/results/stage19_mixed_recovery/locked_test_v1/medium/seed_05.json
PPO,MEDIUM,5,RECOVERY,0.7250000000000001,0.01,0.47,100,/Users/lab4099/Desktop/Mujoco/work/results/stage19_mixed_recovery/locked_test_v1/medium/seed_05.json
PPO,MEDIUM,5,RECOVERY,0.75,0.02,0.57,100,/Users/lab4099/Desktop/Mujoco/work/results/stage19_mixed_recovery/locked_test_v1/medium/seed_05.json
PPO,MEDIUM,5,RECOVERY,0.775,0.0,0.39,100,/Users/lab4099/Desktop/Mujoco/work/results/stage19_mixed_recovery/locked_test_v1/medium/seed_05.json
PPO,MEDIUM,5,RECOVERY,0.8,0.0,0.57,100,/Users/lab4099/Desktop/Mujoco/work/results/stage19_mixed_recovery/locked_test_v1/medium/seed_05.json
PPO,MEDIUM,5,RECOVERY,0.8250000000000001,0.0,0.46,100,/Users/lab4099/Desktop/Mujoco/work/results/stage19_mixed_recovery/locked_test_v1/medium/seed_05.json
PPO,MEDIUM,5,RECOVERY,0.8500000000000001,0.01,0.55,100,/Users/lab4099/Desktop/Mujoco/work/results/stage19_mixed_recovery/locked_test_v1/medium/seed_05.json
PPO,MEDIUM,5,RECOVERY,0.875,0.0,0.45,100,/Users/lab4099/Desktop/Mujoco/work/results/stage19_mixed_recovery/locked_test_v1/medium/seed_05.json
PPO,MEDIUM,5,RECOVERY,0.9,0.03,0.6,100,/Users/lab4099/Desktop/Mujoco/work/results/stage19_mixed_recovery/locked_test_v1/medium/seed_05.json
PPO,MEDIUM,5,RECOVERY,0.925,0.0,0.47,100,/Users/lab4099/Desktop/Mujoco/work/results/stage19_mixed_recovery/locked_test_v1/medium/seed_05.json
PPO,MEDIUM,5,RECOVERY,0.9500000000000001,0.02,0.56,100,/Users/lab4099/Desktop/Mujoco/work/results/stage19_mixed_recovery/locked_test_v1/medium/seed_05.json
PPO,MEDIUM,5,RECOVERY,0.9750000000000001,0.0,0.77,100,/Users/lab4099/Desktop/Mujoco/work/results/stage19_mixed_recovery/locked_test_v1/medium/seed_05.json
PPO,MEDIUM,5,RECOVERY,1.0,0.0,0.0,100,/Users/lab4099/Desktop/Mujoco/work/results/stage19_mixed_recovery/locked_test_v1/medium/seed_05.json
PPO,MEDIUM,6,NORMAL,0.0,0.0,1.0,100,/Users/lab4099/Desktop/Mujoco/work/results/stage19_mixed_recovery/locked_test_v1/medium/seed_06.json
PPO,MEDIUM,6,NORMAL,0.025,0.0,0.27,100,/Users/lab4099/Desktop/Mujoco/work/results/stage19_mixed_recovery/locked_test_v1/medium/seed_06.json
PPO,MEDIUM,6,NORMAL,0.05,0.0,0.37,100,/Users/lab4099/Desktop/Mujoco/work/results/stage19_mixed_recovery/locked_test_v1/medium/seed_06.json
PPO,MEDIUM,6,NORMAL,0.07500000000000001,0.0,0.31,100,/Users/lab4099/Desktop/Mujoco/work/results/stage19_mixed_recovery/locked_test_v1/medium/seed_06.json
PPO,MEDIUM,6,NORMAL,0.1,0.0,0.29,100,/Users/lab4099/Desktop/Mujoco/work/results/stage19_mixed_recovery/locked_test_v1/medium/seed_06.json
PPO,MEDIUM,6,NORMAL,0.125,0.0,0.51,100,/Users/lab4099/Desktop/Mujoco/work/results/stage19_mixed_recovery/locked_test_v1/medium/seed_06.json
PPO,MEDIUM,6,NORMAL,0.15000000000000002,0.0,0.29,100,/Users/lab4099/Desktop/Mujoco/work/results/stage19_mixed_recovery/locked_test_v1/medium/seed_06.json
PPO,MEDIUM,6,NORMAL,0.17500000000000002,0.0,0.45,100,/Users/lab4099/Desktop/Mujoco/work/results/stage19_mixed_recovery/locked_test_v1/medium/seed_06.json
PPO,MEDIUM,6,NORMAL,0.2,0.0,0.24,100,/Users/lab4099/Desktop/Mujoco/work/results/stage19_mixed_recovery/locked_test_v1/medium/seed_06.json
PPO,MEDIUM,6,NORMAL,0.225,0.0,0.54,100,/Users/lab4099/Desktop/Mujoco/work/results/stage19_mixed_recovery/locked_test_v1/medium/seed_06.json
PPO,MEDIUM,6,NORMAL,0.25,0.0,0.2,100,/Users/lab4099/Desktop/Mujoco/work/results/stage19_mixed_recovery/locked_test_v1/medium/seed_06.json
PPO,MEDIUM,6,NORMAL,0.275,0.0,0.51,100,/Users/lab4099/Desktop/Mujoco/work/results/stage19_mixed_recovery/locked_test_v1/medium/seed_06.json
PPO,MEDIUM,6,NORMAL,0.30000000000000004,0.0,0.27,100,/Users/lab4099/Desktop/Mujoco/work/results/stage19_mixed_recovery/locked_test_v1/medium/seed_06.json
PPO,MEDIUM,6,NORMAL,0.325,0.0,0.56,100,/Users/lab4099/Desktop/Mujoco/work/results/stage19_mixed_recovery/locked_test_v1/medium/seed_06.json
PPO,MEDIUM,6,NORMAL,0.35000000000000003,0.0,0.28,100,/Users/lab4099/Desktop/Mujoco/work/results/stage19_mixed_recovery/locked_test_v1/medium/seed_06.json
PPO,MEDIUM,6,NORMAL,0.375,0.0,0.63,100,/Users/lab4099/Desktop/Mujoco/work/results/stage19_mixed_recovery/locked_test_v1/medium/seed_06.json
PPO,MEDIUM,6,NORMAL,0.4,0.0,0.37,100,/Users/lab4099/Desktop/Mujoco/work/results/stage19_mixed_recovery/locked_test_v1/medium/seed_06.json
PPO,MEDIUM,6,NORMAL,0.42500000000000004,0.0,0.55,100,/Users/lab4099/Desktop/Mujoco/work/results/stage19_mixed_recovery/locked_test_v1/medium/seed_06.json
PPO,MEDIUM,6,NORMAL,0.45,0.0,0.29,100,/Users/lab4099/Desktop/Mujoco/work/results/stage19_mixed_recovery/locked_test_v1/medium/seed_06.json
PPO,MEDIUM,6,NORMAL,0.47500000000000003,0.0,0.68,100,/Users/lab4099/Desktop/Mujoco/work/results/stage19_mixed_recovery/locked_test_v1/medium/seed_06.json
PPO,MEDIUM,6,NORMAL,0.5,0.0,0.43,100,/Users/lab4099/Desktop/Mujoco/work/results/stage19_mixed_recovery/locked_test_v1/medium/seed_06.json
PPO,MEDIUM,6,NORMAL,0.525,0.0,0.64,100,/Users/lab4099/Desktop/Mujoco/work/results/stage19_mixed_recovery/locked_test_v1/medium/seed_06.json
PPO,MEDIUM,6,NORMAL,0.55,0.0,0.53,100,/Users/lab4099/Desktop/Mujoco/work/results/stage19_mixed_recovery/locked_test_v1/medium/seed_06.json
PPO,MEDIUM,6,NORMAL,0.5750000000000001,0.02,0.6,100,/Users/lab4099/Desktop/Mujoco/work/results/stage19_mixed_recovery/locked_test_v1/medium/seed_06.json
PPO,MEDIUM,6,NORMAL,0.6000000000000001,0.0,0.49,100,/Users/lab4099/Desktop/Mujoco/work/results/stage19_mixed_recovery/locked_test_v1/medium/seed_06.json
PPO,MEDIUM,6,NORMAL,0.625,0.01,0.55,100,/Users/lab4099/Desktop/Mujoco/work/results/stage19_mixed_recovery/locked_test_v1/medium/seed_06.json
PPO,MEDIUM,6,NORMAL,0.65,0.0,0.37,100,/Users/lab4099/Desktop/Mujoco/work/results/stage19_mixed_recovery/locked_test_v1/medium/seed_06.json
PPO,MEDIUM,6,NORMAL,0.675,0.0,0.36,100,/Users/lab4099/Desktop/Mujoco/work/results/stage19_mixed_recovery/locked_test_v1/medium/seed_06.json
PPO,MEDIUM,6,NORMAL,0.7000000000000001,0.0,0.41,100,/Users/lab4099/Desktop/Mujoco/work/results/stage19_mixed_recovery/locked_test_v1/medium/seed_06.json
PPO,MEDIUM,6,NORMAL,0.7250000000000001,0.0,0.3,100,/Users/lab4099/Desktop/Mujoco/work/results/stage19_mixed_recovery/locked_test_v1/medium/seed_06.json
PPO,MEDIUM,6,NORMAL,0.75,0.0,0.51,100,/Users/lab4099/Desktop/Mujoco/work/results/stage19_mixed_recovery/locked_test_v1/medium/seed_06.json
PPO,MEDIUM,6,NORMAL,0.775,0.01,0.32,100,/Users/lab4099/Desktop/Mujoco/work/results/stage19_mixed_recovery/locked_test_v1/medium/seed_06.json
PPO,MEDIUM,6,NORMAL,0.8,0.0,0.55,100,/Users/lab4099/Desktop/Mujoco/work/results/stage19_mixed_recovery/locked_test_v1/medium/seed_06.json
PPO,MEDIUM,6,NORMAL,0.8250000000000001,0.0,0.22,100,/Users/lab4099/Desktop/Mujoco/work/results/stage19_mixed_recovery/locked_test_v1/medium/seed_06.json
PPO,MEDIUM,6,NORMAL,0.8500000000000001,0.0,0.49,100,/Users/lab4099/Desktop/Mujoco/work/results/stage19_mixed_recovery/locked_test_v1/medium/seed_06.json
PPO,MEDIUM,6,NORMAL,0.875,0.0,0.25,100,/Users/lab4099/Desktop/Mujoco/work/results/stage19_mixed_recovery/locked_test_v1/medium/seed_06.json
PPO,MEDIUM,6,NORMAL,0.9,0.0,0.52,100,/Users/lab4099/Desktop/Mujoco/work/results/stage19_mixed_recovery/locked_test_v1/medium/seed_06.json
PPO,MEDIUM,6,NORMAL,0.925,0.0,0.33,100,/Users/lab4099/Desktop/Mujoco/work/results/stage19_mixed_recovery/locked_test_v1/medium/seed_06.json
PPO,MEDIUM,6,NORMAL,0.9500000000000001,0.0,0.61,100,/Users/lab4099/Desktop/Mujoco/work/results/stage19_mixed_recovery/locked_test_v1/medium/seed_06.json
PPO,MEDIUM,6,NORMAL,0.9750000000000001,0.0,0.36,100,/Users/lab4099/Desktop/Mujoco/work/results/stage19_mixed_recovery/locked_test_v1/medium/seed_06.json
PPO,MEDIUM,6,NORMAL,1.0,0.3,1.31,100,/Users/lab4099/Desktop/Mujoco/work/results/stage19_mixed_recovery/locked_test_v1/medium/seed_06.json
PPO,MEDIUM,6,DENSE,0.0,0.3,1.31,100,/Users/lab4099/Desktop/Mujoco/work/results/stage19_mixed_recovery/locked_test_v1/medium/seed_06.json
PPO,MEDIUM,6,DENSE,0.025,0.29,1.0,100,/Users/lab4099/Desktop/Mujoco/work/results/stage19_mixed_recovery/locked_test_v1/medium/seed_06.json
PPO,MEDIUM,6,DENSE,0.05,0.56,1.04,100,/Users/lab4099/Desktop/Mujoco/work/results/stage19_mixed_recovery/locked_test_v1/medium/seed_06.json
PPO,MEDIUM,6,DENSE,0.07500000000000001,0.85,1.21,100,/Users/lab4099/Desktop/Mujoco/work/results/stage19_mixed_recovery/locked_test_v1/medium/seed_06.json
PPO,MEDIUM,6,DENSE,0.1,1.03,1.19,100,/Users/lab4099/Desktop/Mujoco/work/results/stage19_mixed_recovery/locked_test_v1/medium/seed_06.json
PPO,MEDIUM,6,DENSE,0.125,1.46,1.33,100,/Users/lab4099/Desktop/Mujoco/work/results/stage19_mixed_recovery/locked_test_v1/medium/seed_06.json
PPO,MEDIUM,6,DENSE,0.15000000000000002,1.52,1.26,100,/Users/lab4099/Desktop/Mujoco/work/results/stage19_mixed_recovery/locked_test_v1/medium/seed_06.json
PPO,MEDIUM,6,DENSE,0.17500000000000002,1.64,1.37,100,/Users/lab4099/Desktop/Mujoco/work/results/stage19_mixed_recovery/locked_test_v1/medium/seed_06.json
PPO,MEDIUM,6,DENSE,0.2,1.6,1.33,100,/Users/lab4099/Desktop/Mujoco/work/results/stage19_mixed_recovery/locked_test_v1/medium/seed_06.json
PPO,MEDIUM,6,DENSE,0.225,1.8,1.41,100,/Users/lab4099/Desktop/Mujoco/work/results/stage19_mixed_recovery/locked_test_v1/medium/seed_06.json
PPO,MEDIUM,6,DENSE,0.25,1.84,1.42,100,/Users/lab4099/Desktop/Mujoco/work/results/stage19_mixed_recovery/locked_test_v1/medium/seed_06.json
PPO,MEDIUM,6,DENSE,0.275,2.12,1.55,100,/Users/lab4099/Desktop/Mujoco/work/results/stage19_mixed_recovery/locked_test_v1/medium/seed_06.json
PPO,MEDIUM,6,DENSE,0.30000000000000004,2.27,1.54,100,/Users/lab4099/Desktop/Mujoco/work/results/stage19_mixed_recovery/locked_test_v1/medium/seed_06.json
PPO,MEDIUM,6,DENSE,0.325,2.39,1.6,100,/Users/lab4099/Desktop/Mujoco/work/results/stage19_mixed_recovery/locked_test_v1/medium/seed_06.json
PPO,MEDIUM,6,DENSE,0.35000000000000003,2.54,1.59,100,/Users/lab4099/Desktop/Mujoco/work/results/stage19_mixed_recovery/locked_test_v1/medium/seed_06.json
PPO,MEDIUM,6,DENSE,0.375,2.53,1.67,100,/Users/lab4099/Desktop/Mujoco/work/results/stage19_mixed_recovery/locked_test_v1/medium/seed_06.json
PPO,MEDIUM,6,DENSE,0.4,2.66,1.64,100,/Users/lab4099/Desktop/Mujoco/work/results/stage19_mixed_recovery/locked_test_v1/medium/seed_06.json
PPO,MEDIUM,6,DENSE,0.42500000000000004,2.86,1.63,100,/Users/lab4099/Desktop/Mujoco/work/results/stage19_mixed_recovery/locked_test_v1/medium/seed_06.json
PPO,MEDIUM,6,DENSE,0.45,2.99,1.64,100,/Users/lab4099/Desktop/Mujoco/work/results/stage19_mixed_recovery/locked_test_v1/medium/seed_06.json
PPO,MEDIUM,6,DENSE,0.47500000000000003,3.18,1.64,100,/Users/lab4099/Desktop/Mujoco/work/results/stage19_mixed_recovery/locked_test_v1/medium/seed_06.json
PPO,MEDIUM,6,DENSE,0.5,3.37,1.67,100,/Users/lab4099/Desktop/Mujoco/work/results/stage19_mixed_recovery/locked_test_v1/medium/seed_06.json
PPO,MEDIUM,6,DENSE,0.525,3.53,1.66,100,/Users/lab4099/Desktop/Mujoco/work/results/stage19_mixed_recovery/locked_test_v1/medium/seed_06.json
PPO,MEDIUM,6,DENSE,0.55,3.81,1.66,100,/Users/lab4099/Desktop/Mujoco/work/results/stage19_mixed_recovery/locked_test_v1/medium/seed_06.json
PPO,MEDIUM,6,DENSE,0.5750000000000001,3.72,1.67,100,/Users/lab4099/Desktop/Mujoco/work/results/stage19_mixed_recovery/locked_test_v1/medium/seed_06.json
PPO,MEDIUM,6,DENSE,0.6000000000000001,3.81,1.7,100,/Users/lab4099/Desktop/Mujoco/work/results/stage19_mixed_recovery/locked_test_v1/medium/seed_06.json
PPO,MEDIUM,6,DENSE,0.625,3.76,1.74,100,/Users/lab4099/Desktop/Mujoco/work/results/stage19_mixed_recovery/locked_test_v1/medium/seed_06.json
PPO,MEDIUM,6,DENSE,0.65,3.87,1.75,100,/Users/lab4099/Desktop/Mujoco/work/results/stage19_mixed_recovery/locked_test_v1/medium/seed_06.json
PPO,MEDIUM,6,DENSE,0.675,3.97,1.58,100,/Users/lab4099/Desktop/Mujoco/work/results/stage19_mixed_recovery/locked_test_v1/medium/seed_06.json
PPO,MEDIUM,6,DENSE,0.7000000000000001,4.13,1.66,100,/Users/lab4099/Desktop/Mujoco/work/results/stage19_mixed_recovery/locked_test_v1/medium/seed_06.json
PPO,MEDIUM,6,DENSE,0.7250000000000001,4.16,1.65,100,/Users/lab4099/Desktop/Mujoco/work/results/stage19_mixed_recovery/locked_test_v1/medium/seed_06.json
PPO,MEDIUM,6,DENSE,0.75,4.35,1.72,100,/Users/lab4099/Desktop/Mujoco/work/results/stage19_mixed_recovery/locked_test_v1/medium/seed_06.json
PPO,MEDIUM,6,DENSE,0.775,4.37,1.69,100,/Users/lab4099/Desktop/Mujoco/work/results/stage19_mixed_recovery/locked_test_v1/medium/seed_06.json
PPO,MEDIUM,6,DENSE,0.8,4.64,1.77,100,/Users/lab4099/Desktop/Mujoco/work/results/stage19_mixed_recovery/locked_test_v1/medium/seed_06.json
PPO,MEDIUM,6,DENSE,0.8250000000000001,4.56,1.79,100,/Users/lab4099/Desktop/Mujoco/work/results/stage19_mixed_recovery/locked_test_v1/medium/seed_06.json
PPO,MEDIUM,6,DENSE,0.8500000000000001,4.79,1.83,100,/Users/lab4099/Desktop/Mujoco/work/results/stage19_mixed_recovery/locked_test_v1/medium/seed_06.json
PPO,MEDIUM,6,DENSE,0.875,4.87,1.8,100,/Users/lab4099/Desktop/Mujoco/work/results/stage19_mixed_recovery/locked_test_v1/medium/seed_06.json
PPO,MEDIUM,6,DENSE,0.9,5.08,1.97,100,/Users/lab4099/Desktop/Mujoco/work/results/stage19_mixed_recovery/locked_test_v1/medium/seed_06.json
PPO,MEDIUM,6,DENSE,0.925,4.91,1.9,100,/Users/lab4099/Desktop/Mujoco/work/results/stage19_mixed_recovery/locked_test_v1/medium/seed_06.json
PPO,MEDIUM,6,DENSE,0.9500000000000001,5.27,1.99,100,/Users/lab4099/Desktop/Mujoco/work/results/stage19_mixed_recovery/locked_test_v1/medium/seed_06.json
PPO,MEDIUM,6,DENSE,0.9750000000000001,5.13,1.97,100,/Users/lab4099/Desktop/Mujoco/work/results/stage19_mixed_recovery/locked_test_v1/medium/seed_06.json
PPO,MEDIUM,6,DENSE,1.0,6.6,2.13,100,/Users/lab4099/Desktop/Mujoco/work/results/stage19_mixed_recovery/locked_test_v1/medium/seed_06.json
PPO,MEDIUM,6,BURST,0.0,6.6,2.13,100,/Users/lab4099/Desktop/Mujoco/work/results/stage19_mixed_recovery/locked_test_v1/medium/seed_06.json
PPO,MEDIUM,6,BURST,0.025,7.69,2.22,100,/Users/lab4099/Desktop/Mujoco/work/results/stage19_mixed_recovery/locked_test_v1/medium/seed_06.json
PPO,MEDIUM,6,BURST,0.05,9.08,2.29,100,/Users/lab4099/Desktop/Mujoco/work/results/stage19_mixed_recovery/locked_test_v1/medium/seed_06.json
PPO,MEDIUM,6,BURST,0.07500000000000001,10.32,2.26,100,/Users/lab4099/Desktop/Mujoco/work/results/stage19_mixed_recovery/locked_test_v1/medium/seed_06.json
PPO,MEDIUM,6,BURST,0.1,11.76,2.22,100,/Users/lab4099/Desktop/Mujoco/work/results/stage19_mixed_recovery/locked_test_v1/medium/seed_06.json
PPO,MEDIUM,6,BURST,0.125,13.17,2.18,100,/Users/lab4099/Desktop/Mujoco/work/results/stage19_mixed_recovery/locked_test_v1/medium/seed_06.json
PPO,MEDIUM,6,BURST,0.15000000000000002,14.63,2.11,100,/Users/lab4099/Desktop/Mujoco/work/results/stage19_mixed_recovery/locked_test_v1/medium/seed_06.json
PPO,MEDIUM,6,BURST,0.17500000000000002,16.14,2.06,100,/Users/lab4099/Desktop/Mujoco/work/results/stage19_mixed_recovery/locked_test_v1/medium/seed_06.json
PPO,MEDIUM,6,BURST,0.2,17.71,2.05,100,/Users/lab4099/Desktop/Mujoco/work/results/stage19_mixed_recovery/locked_test_v1/medium/seed_06.json
PPO,MEDIUM,6,BURST,0.225,19.17,2.0,100,/Users/lab4099/Desktop/Mujoco/work/results/stage19_mixed_recovery/locked_test_v1/medium/seed_06.json
PPO,MEDIUM,6,BURST,0.25,20.82,1.99,100,/Users/lab4099/Desktop/Mujoco/work/results/stage19_mixed_recovery/locked_test_v1/medium/seed_06.json
PPO,MEDIUM,6,BURST,0.275,22.3,1.97,100,/Users/lab4099/Desktop/Mujoco/work/results/stage19_mixed_recovery/locked_test_v1/medium/seed_06.json
PPO,MEDIUM,6,BURST,0.30000000000000004,23.65,1.97,100,/Users/lab4099/Desktop/Mujoco/work/results/stage19_mixed_recovery/locked_test_v1/medium/seed_06.json
PPO,MEDIUM,6,BURST,0.325,23.97,1.95,100,/Users/lab4099/Desktop/Mujoco/work/results/stage19_mixed_recovery/locked_test_v1/medium/seed_06.json
PPO,MEDIUM,6,BURST,0.35000000000000003,23.92,1.94,100,/Users/lab4099/Desktop/Mujoco/work/results/stage19_mixed_recovery/locked_test_v1/medium/seed_06.json
PPO,MEDIUM,6,BURST,0.375,23.8,1.93,100,/Users/lab4099/Desktop/Mujoco/work/results/stage19_mixed_recovery/locked_test_v1/medium/seed_06.json
PPO,MEDIUM,6,BURST,0.4,23.72,1.93,100,/Users/lab4099/Desktop/Mujoco/work/results/stage19_mixed_recovery/locked_test_v1/medium/seed_06.json
PPO,MEDIUM,6,BURST,0.42500000000000004,23.67,1.92,100,/Users/lab4099/Desktop/Mujoco/work/results/stage19_mixed_recovery/locked_test_v1/medium/seed_06.json
PPO,MEDIUM,6,BURST,0.45,23.65,1.92,100,/Users/lab4099/Desktop/Mujoco/work/results/stage19_mixed_recovery/locked_test_v1/medium/seed_06.json
PPO,MEDIUM,6,BURST,0.47500000000000003,23.51,1.92,100,/Users/lab4099/Desktop/Mujoco/work/results/stage19_mixed_recovery/locked_test_v1/medium/seed_06.json
PPO,MEDIUM,6,BURST,0.5,23.42,1.93,100,/Users/lab4099/Desktop/Mujoco/work/results/stage19_mixed_recovery/locked_test_v1/medium/seed_06.json
PPO,MEDIUM,6,BURST,0.525,23.34,1.93,100,/Users/lab4099/Desktop/Mujoco/work/results/stage19_mixed_recovery/locked_test_v1/medium/seed_06.json
PPO,MEDIUM,6,BURST,0.55,23.26,1.92,100,/Users/lab4099/Desktop/Mujoco/work/results/stage19_mixed_recovery/locked_test_v1/medium/seed_06.json
PPO,MEDIUM,6,BURST,0.5750000000000001,23.21,1.92,100,/Users/lab4099/Desktop/Mujoco/work/results/stage19_mixed_recovery/locked_test_v1/medium/seed_06.json
PPO,MEDIUM,6,BURST,0.6000000000000001,23.15,1.92,100,/Users/lab4099/Desktop/Mujoco/work/results/stage19_mixed_recovery/locked_test_v1/medium/seed_06.json
PPO,MEDIUM,6,BURST,0.625,22.97,1.91,100,/Users/lab4099/Desktop/Mujoco/work/results/stage19_mixed_recovery/locked_test_v1/medium/seed_06.json
PPO,MEDIUM,6,BURST,0.65,22.86,1.92,100,/Users/lab4099/Desktop/Mujoco/work/results/stage19_mixed_recovery/locked_test_v1/medium/seed_06.json
PPO,MEDIUM,6,BURST,0.675,22.77,1.91,100,/Users/lab4099/Desktop/Mujoco/work/results/stage19_mixed_recovery/locked_test_v1/medium/seed_06.json
PPO,MEDIUM,6,BURST,0.7000000000000001,22.64,1.91,100,/Users/lab4099/Desktop/Mujoco/work/results/stage19_mixed_recovery/locked_test_v1/medium/seed_06.json
PPO,MEDIUM,6,BURST,0.7250000000000001,22.5,1.95,100,/Users/lab4099/Desktop/Mujoco/work/results/stage19_mixed_recovery/locked_test_v1/medium/seed_06.json
PPO,MEDIUM,6,BURST,0.75,22.43,1.95,100,/Users/lab4099/Desktop/Mujoco/work/results/stage19_mixed_recovery/locked_test_v1/medium/seed_06.json
PPO,MEDIUM,6,BURST,0.775,22.38,1.95,100,/Users/lab4099/Desktop/Mujoco/work/results/stage19_mixed_recovery/locked_test_v1/medium/seed_06.json
PPO,MEDIUM,6,BURST,0.8,22.29,1.93,100,/Users/lab4099/Desktop/Mujoco/work/results/stage19_mixed_recovery/locked_test_v1/medium/seed_06.json
PPO,MEDIUM,6,BURST,0.8250000000000001,22.25,1.92,100,/Users/lab4099/Desktop/Mujoco/work/results/stage19_mixed_recovery/locked_test_v1/medium/seed_06.json
PPO,MEDIUM,6,BURST,0.8500000000000001,22.18,1.92,100,/Users/lab4099/Desktop/Mujoco/work/results/stage19_mixed_recovery/locked_test_v1/medium/seed_06.json
PPO,MEDIUM,6,BURST,0.875,22.1,1.89,100,/Users/lab4099/Desktop/Mujoco/work/results/stage19_mixed_recovery/locked_test_v1/medium/seed_06.json
PPO,MEDIUM,6,BURST,0.9,22.06,1.9,100,/Users/lab4099/Desktop/Mujoco/work/results/stage19_mixed_recovery/locked_test_v1/medium/seed_06.json
PPO,MEDIUM,6,BURST,0.925,22.0,1.91,100,/Users/lab4099/Desktop/Mujoco/work/results/stage19_mixed_recovery/locked_test_v1/medium/seed_06.json
PPO,MEDIUM,6,BURST,0.9500000000000001,21.97,1.91,100,/Users/lab4099/Desktop/Mujoco/work/results/stage19_mixed_recovery/locked_test_v1/medium/seed_06.json
PPO,MEDIUM,6,BURST,0.9750000000000001,21.9,1.91,100,/Users/lab4099/Desktop/Mujoco/work/results/stage19_mixed_recovery/locked_test_v1/medium/seed_06.json
PPO,MEDIUM,6,BURST,1.0,22.81,1.92,100,/Users/lab4099/Desktop/Mujoco/work/results/stage19_mixed_recovery/locked_test_v1/medium/seed_06.json
PPO,MEDIUM,6,RECOVERY,0.0,22.81,1.92,100,/Users/lab4099/Desktop/Mujoco/work/results/stage19_mixed_recovery/locked_test_v1/medium/seed_06.json
PPO,MEDIUM,6,RECOVERY,0.025,21.51,1.93,100,/Users/lab4099/Desktop/Mujoco/work/results/stage19_mixed_recovery/locked_test_v1/medium/seed_06.json
PPO,MEDIUM,6,RECOVERY,0.05,20.75,1.94,100,/Users/lab4099/Desktop/Mujoco/work/results/stage19_mixed_recovery/locked_test_v1/medium/seed_06.json
PPO,MEDIUM,6,RECOVERY,0.07500000000000001,20.19,1.98,100,/Users/lab4099/Desktop/Mujoco/work/results/stage19_mixed_recovery/locked_test_v1/medium/seed_06.json
PPO,MEDIUM,6,RECOVERY,0.1,19.19,2.01,100,/Users/lab4099/Desktop/Mujoco/work/results/stage19_mixed_recovery/locked_test_v1/medium/seed_06.json
PPO,MEDIUM,6,RECOVERY,0.125,18.7,1.94,100,/Users/lab4099/Desktop/Mujoco/work/results/stage19_mixed_recovery/locked_test_v1/medium/seed_06.json
PPO,MEDIUM,6,RECOVERY,0.15000000000000002,17.26,2.02,100,/Users/lab4099/Desktop/Mujoco/work/results/stage19_mixed_recovery/locked_test_v1/medium/seed_06.json
PPO,MEDIUM,6,RECOVERY,0.17500000000000002,16.43,2.0,100,/Users/lab4099/Desktop/Mujoco/work/results/stage19_mixed_recovery/locked_test_v1/medium/seed_06.json
PPO,MEDIUM,6,RECOVERY,0.2,14.78,1.87,100,/Users/lab4099/Desktop/Mujoco/work/results/stage19_mixed_recovery/locked_test_v1/medium/seed_06.json
PPO,MEDIUM,6,RECOVERY,0.225,13.77,1.9,100,/Users/lab4099/Desktop/Mujoco/work/results/stage19_mixed_recovery/locked_test_v1/medium/seed_06.json
PPO,MEDIUM,6,RECOVERY,0.25,12.07,1.92,100,/Users/lab4099/Desktop/Mujoco/work/results/stage19_mixed_recovery/locked_test_v1/medium/seed_06.json
PPO,MEDIUM,6,RECOVERY,0.275,10.66,1.81,100,/Users/lab4099/Desktop/Mujoco/work/results/stage19_mixed_recovery/locked_test_v1/medium/seed_06.json
PPO,MEDIUM,6,RECOVERY,0.30000000000000004,8.74,1.67,100,/Users/lab4099/Desktop/Mujoco/work/results/stage19_mixed_recovery/locked_test_v1/medium/seed_06.json
PPO,MEDIUM,6,RECOVERY,0.325,7.27,1.41,100,/Users/lab4099/Desktop/Mujoco/work/results/stage19_mixed_recovery/locked_test_v1/medium/seed_06.json
PPO,MEDIUM,6,RECOVERY,0.35000000000000003,5.93,1.35,100,/Users/lab4099/Desktop/Mujoco/work/results/stage19_mixed_recovery/locked_test_v1/medium/seed_06.json
PPO,MEDIUM,6,RECOVERY,0.375,4.97,1.24,100,/Users/lab4099/Desktop/Mujoco/work/results/stage19_mixed_recovery/locked_test_v1/medium/seed_06.json
PPO,MEDIUM,6,RECOVERY,0.4,3.79,1.09,100,/Users/lab4099/Desktop/Mujoco/work/results/stage19_mixed_recovery/locked_test_v1/medium/seed_06.json
PPO,MEDIUM,6,RECOVERY,0.42500000000000004,3.08,1.07,100,/Users/lab4099/Desktop/Mujoco/work/results/stage19_mixed_recovery/locked_test_v1/medium/seed_06.json
PPO,MEDIUM,6,RECOVERY,0.45,2.24,1.02,100,/Users/lab4099/Desktop/Mujoco/work/results/stage19_mixed_recovery/locked_test_v1/medium/seed_06.json
PPO,MEDIUM,6,RECOVERY,0.47500000000000003,1.57,0.98,100,/Users/lab4099/Desktop/Mujoco/work/results/stage19_mixed_recovery/locked_test_v1/medium/seed_06.json
PPO,MEDIUM,6,RECOVERY,0.5,0.99,0.81,100,/Users/lab4099/Desktop/Mujoco/work/results/stage19_mixed_recovery/locked_test_v1/medium/seed_06.json
PPO,MEDIUM,6,RECOVERY,0.525,0.65,0.71,100,/Users/lab4099/Desktop/Mujoco/work/results/stage19_mixed_recovery/locked_test_v1/medium/seed_06.json
PPO,MEDIUM,6,RECOVERY,0.55,0.34,0.65,100,/Users/lab4099/Desktop/Mujoco/work/results/stage19_mixed_recovery/locked_test_v1/medium/seed_06.json
PPO,MEDIUM,6,RECOVERY,0.5750000000000001,0.18,0.61,100,/Users/lab4099/Desktop/Mujoco/work/results/stage19_mixed_recovery/locked_test_v1/medium/seed_06.json
PPO,MEDIUM,6,RECOVERY,0.6000000000000001,0.11,0.58,100,/Users/lab4099/Desktop/Mujoco/work/results/stage19_mixed_recovery/locked_test_v1/medium/seed_06.json
PPO,MEDIUM,6,RECOVERY,0.625,0.03,0.45,100,/Users/lab4099/Desktop/Mujoco/work/results/stage19_mixed_recovery/locked_test_v1/medium/seed_06.json
PPO,MEDIUM,6,RECOVERY,0.65,0.03,0.49,100,/Users/lab4099/Desktop/Mujoco/work/results/stage19_mixed_recovery/locked_test_v1/medium/seed_06.json
PPO,MEDIUM,6,RECOVERY,0.675,0.02,0.54,100,/Users/lab4099/Desktop/Mujoco/work/results/stage19_mixed_recovery/locked_test_v1/medium/seed_06.json
PPO,MEDIUM,6,RECOVERY,0.7000000000000001,0.01,0.55,100,/Users/lab4099/Desktop/Mujoco/work/results/stage19_mixed_recovery/locked_test_v1/medium/seed_06.json
PPO,MEDIUM,6,RECOVERY,0.7250000000000001,0.01,0.5,100,/Users/lab4099/Desktop/Mujoco/work/results/stage19_mixed_recovery/locked_test_v1/medium/seed_06.json
PPO,MEDIUM,6,RECOVERY,0.75,0.0,0.53,100,/Users/lab4099/Desktop/Mujoco/work/results/stage19_mixed_recovery/locked_test_v1/medium/seed_06.json
PPO,MEDIUM,6,RECOVERY,0.775,0.0,0.37,100,/Users/lab4099/Desktop/Mujoco/work/results/stage19_mixed_recovery/locked_test_v1/medium/seed_06.json
PPO,MEDIUM,6,RECOVERY,0.8,0.0,0.55,100,/Users/lab4099/Desktop/Mujoco/work/results/stage19_mixed_recovery/locked_test_v1/medium/seed_06.json
PPO,MEDIUM,6,RECOVERY,0.8250000000000001,0.0,0.45,100,/Users/lab4099/Desktop/Mujoco/work/results/stage19_mixed_recovery/locked_test_v1/medium/seed_06.json
PPO,MEDIUM,6,RECOVERY,0.8500000000000001,0.0,0.51,100,/Users/lab4099/Desktop/Mujoco/work/results/stage19_mixed_recovery/locked_test_v1/medium/seed_06.json
PPO,MEDIUM,6,RECOVERY,0.875,0.0,0.48,100,/Users/lab4099/Desktop/Mujoco/work/results/stage19_mixed_recovery/locked_test_v1/medium/seed_06.json
PPO,MEDIUM,6,RECOVERY,0.9,0.02,0.59,100,/Users/lab4099/Desktop/Mujoco/work/results/stage19_mixed_recovery/locked_test_v1/medium/seed_06.json
PPO,MEDIUM,6,RECOVERY,0.925,0.0,0.47,100,/Users/lab4099/Desktop/Mujoco/work/results/stage19_mixed_recovery/locked_test_v1/medium/seed_06.json
PPO,MEDIUM,6,RECOVERY,0.9500000000000001,0.01,0.5,100,/Users/lab4099/Desktop/Mujoco/work/results/stage19_mixed_recovery/locked_test_v1/medium/seed_06.json
PPO,MEDIUM,6,RECOVERY,0.9750000000000001,0.0,0.77,100,/Users/lab4099/Desktop/Mujoco/work/results/stage19_mixed_recovery/locked_test_v1/medium/seed_06.json
PPO,MEDIUM,6,RECOVERY,1.0,0.0,0.0,100,/Users/lab4099/Desktop/Mujoco/work/results/stage19_mixed_recovery/locked_test_v1/medium/seed_06.json
PPO,MEDIUM,7,NORMAL,0.0,0.0,1.0,100,/Users/lab4099/Desktop/Mujoco/work/results/stage19_mixed_recovery/locked_test_v1/medium/seed_07.json
PPO,MEDIUM,7,NORMAL,0.025,0.0,0.27,100,/Users/lab4099/Desktop/Mujoco/work/results/stage19_mixed_recovery/locked_test_v1/medium/seed_07.json
PPO,MEDIUM,7,NORMAL,0.05,0.0,0.37,100,/Users/lab4099/Desktop/Mujoco/work/results/stage19_mixed_recovery/locked_test_v1/medium/seed_07.json
PPO,MEDIUM,7,NORMAL,0.07500000000000001,0.0,0.31,100,/Users/lab4099/Desktop/Mujoco/work/results/stage19_mixed_recovery/locked_test_v1/medium/seed_07.json
PPO,MEDIUM,7,NORMAL,0.1,0.0,0.29,100,/Users/lab4099/Desktop/Mujoco/work/results/stage19_mixed_recovery/locked_test_v1/medium/seed_07.json
PPO,MEDIUM,7,NORMAL,0.125,0.0,0.51,100,/Users/lab4099/Desktop/Mujoco/work/results/stage19_mixed_recovery/locked_test_v1/medium/seed_07.json
PPO,MEDIUM,7,NORMAL,0.15000000000000002,0.01,0.28,100,/Users/lab4099/Desktop/Mujoco/work/results/stage19_mixed_recovery/locked_test_v1/medium/seed_07.json
PPO,MEDIUM,7,NORMAL,0.17500000000000002,0.0,0.45,100,/Users/lab4099/Desktop/Mujoco/work/results/stage19_mixed_recovery/locked_test_v1/medium/seed_07.json
PPO,MEDIUM,7,NORMAL,0.2,0.0,0.24,100,/Users/lab4099/Desktop/Mujoco/work/results/stage19_mixed_recovery/locked_test_v1/medium/seed_07.json
PPO,MEDIUM,7,NORMAL,0.225,0.0,0.55,100,/Users/lab4099/Desktop/Mujoco/work/results/stage19_mixed_recovery/locked_test_v1/medium/seed_07.json
PPO,MEDIUM,7,NORMAL,0.25,0.0,0.18,100,/Users/lab4099/Desktop/Mujoco/work/results/stage19_mixed_recovery/locked_test_v1/medium/seed_07.json
PPO,MEDIUM,7,NORMAL,0.275,0.0,0.5,100,/Users/lab4099/Desktop/Mujoco/work/results/stage19_mixed_recovery/locked_test_v1/medium/seed_07.json
PPO,MEDIUM,7,NORMAL,0.30000000000000004,0.0,0.26,100,/Users/lab4099/Desktop/Mujoco/work/results/stage19_mixed_recovery/locked_test_v1/medium/seed_07.json
PPO,MEDIUM,7,NORMAL,0.325,0.0,0.57,100,/Users/lab4099/Desktop/Mujoco/work/results/stage19_mixed_recovery/locked_test_v1/medium/seed_07.json
PPO,MEDIUM,7,NORMAL,0.35000000000000003,0.0,0.28,100,/Users/lab4099/Desktop/Mujoco/work/results/stage19_mixed_recovery/locked_test_v1/medium/seed_07.json
PPO,MEDIUM,7,NORMAL,0.375,0.0,0.62,100,/Users/lab4099/Desktop/Mujoco/work/results/stage19_mixed_recovery/locked_test_v1/medium/seed_07.json
PPO,MEDIUM,7,NORMAL,0.4,0.0,0.36,100,/Users/lab4099/Desktop/Mujoco/work/results/stage19_mixed_recovery/locked_test_v1/medium/seed_07.json
PPO,MEDIUM,7,NORMAL,0.42500000000000004,0.0,0.55,100,/Users/lab4099/Desktop/Mujoco/work/results/stage19_mixed_recovery/locked_test_v1/medium/seed_07.json
PPO,MEDIUM,7,NORMAL,0.45,0.0,0.29,100,/Users/lab4099/Desktop/Mujoco/work/results/stage19_mixed_recovery/locked_test_v1/medium/seed_07.json
PPO,MEDIUM,7,NORMAL,0.47500000000000003,0.0,0.67,100,/Users/lab4099/Desktop/Mujoco/work/results/stage19_mixed_recovery/locked_test_v1/medium/seed_07.json
PPO,MEDIUM,7,NORMAL,0.5,0.0,0.42,100,/Users/lab4099/Desktop/Mujoco/work/results/stage19_mixed_recovery/locked_test_v1/medium/seed_07.json
PPO,MEDIUM,7,NORMAL,0.525,0.01,0.65,100,/Users/lab4099/Desktop/Mujoco/work/results/stage19_mixed_recovery/locked_test_v1/medium/seed_07.json
PPO,MEDIUM,7,NORMAL,0.55,0.0,0.53,100,/Users/lab4099/Desktop/Mujoco/work/results/stage19_mixed_recovery/locked_test_v1/medium/seed_07.json
PPO,MEDIUM,7,NORMAL,0.5750000000000001,0.01,0.61,100,/Users/lab4099/Desktop/Mujoco/work/results/stage19_mixed_recovery/locked_test_v1/medium/seed_07.json
PPO,MEDIUM,7,NORMAL,0.6000000000000001,0.0,0.49,100,/Users/lab4099/Desktop/Mujoco/work/results/stage19_mixed_recovery/locked_test_v1/medium/seed_07.json
PPO,MEDIUM,7,NORMAL,0.625,0.01,0.55,100,/Users/lab4099/Desktop/Mujoco/work/results/stage19_mixed_recovery/locked_test_v1/medium/seed_07.json
PPO,MEDIUM,7,NORMAL,0.65,0.0,0.37,100,/Users/lab4099/Desktop/Mujoco/work/results/stage19_mixed_recovery/locked_test_v1/medium/seed_07.json
PPO,MEDIUM,7,NORMAL,0.675,0.0,0.34,100,/Users/lab4099/Desktop/Mujoco/work/results/stage19_mixed_recovery/locked_test_v1/medium/seed_07.json
PPO,MEDIUM,7,NORMAL,0.7000000000000001,0.0,0.41,100,/Users/lab4099/Desktop/Mujoco/work/results/stage19_mixed_recovery/locked_test_v1/medium/seed_07.json
PPO,MEDIUM,7,NORMAL,0.7250000000000001,0.0,0.3,100,/Users/lab4099/Desktop/Mujoco/work/results/stage19_mixed_recovery/locked_test_v1/medium/seed_07.json
PPO,MEDIUM,7,NORMAL,0.75,0.0,0.51,100,/Users/lab4099/Desktop/Mujoco/work/results/stage19_mixed_recovery/locked_test_v1/medium/seed_07.json
PPO,MEDIUM,7,NORMAL,0.775,0.0,0.33,100,/Users/lab4099/Desktop/Mujoco/work/results/stage19_mixed_recovery/locked_test_v1/medium/seed_07.json
PPO,MEDIUM,7,NORMAL,0.8,0.0,0.54,100,/Users/lab4099/Desktop/Mujoco/work/results/stage19_mixed_recovery/locked_test_v1/medium/seed_07.json
PPO,MEDIUM,7,NORMAL,0.8250000000000001,0.0,0.24,100,/Users/lab4099/Desktop/Mujoco/work/results/stage19_mixed_recovery/locked_test_v1/medium/seed_07.json
PPO,MEDIUM,7,NORMAL,0.8500000000000001,0.0,0.49,100,/Users/lab4099/Desktop/Mujoco/work/results/stage19_mixed_recovery/locked_test_v1/medium/seed_07.json
PPO,MEDIUM,7,NORMAL,0.875,0.0,0.24,100,/Users/lab4099/Desktop/Mujoco/work/results/stage19_mixed_recovery/locked_test_v1/medium/seed_07.json
PPO,MEDIUM,7,NORMAL,0.9,0.0,0.52,100,/Users/lab4099/Desktop/Mujoco/work/results/stage19_mixed_recovery/locked_test_v1/medium/seed_07.json
PPO,MEDIUM,7,NORMAL,0.925,0.0,0.28,100,/Users/lab4099/Desktop/Mujoco/work/results/stage19_mixed_recovery/locked_test_v1/medium/seed_07.json
PPO,MEDIUM,7,NORMAL,0.9500000000000001,0.0,0.61,100,/Users/lab4099/Desktop/Mujoco/work/results/stage19_mixed_recovery/locked_test_v1/medium/seed_07.json
PPO,MEDIUM,7,NORMAL,0.9750000000000001,0.0,0.37,100,/Users/lab4099/Desktop/Mujoco/work/results/stage19_mixed_recovery/locked_test_v1/medium/seed_07.json
PPO,MEDIUM,7,NORMAL,1.0,0.3,1.31,100,/Users/lab4099/Desktop/Mujoco/work/results/stage19_mixed_recovery/locked_test_v1/medium/seed_07.json
PPO,MEDIUM,7,DENSE,0.0,0.3,1.31,100,/Users/lab4099/Desktop/Mujoco/work/results/stage19_mixed_recovery/locked_test_v1/medium/seed_07.json
PPO,MEDIUM,7,DENSE,0.025,0.29,1.0,100,/Users/lab4099/Desktop/Mujoco/work/results/stage19_mixed_recovery/locked_test_v1/medium/seed_07.json
PPO,MEDIUM,7,DENSE,0.05,0.56,1.04,100,/Users/lab4099/Desktop/Mujoco/work/results/stage19_mixed_recovery/locked_test_v1/medium/seed_07.json
PPO,MEDIUM,7,DENSE,0.07500000000000001,0.85,1.21,100,/Users/lab4099/Desktop/Mujoco/work/results/stage19_mixed_recovery/locked_test_v1/medium/seed_07.json
PPO,MEDIUM,7,DENSE,0.1,1.03,1.19,100,/Users/lab4099/Desktop/Mujoco/work/results/stage19_mixed_recovery/locked_test_v1/medium/seed_07.json
PPO,MEDIUM,7,DENSE,0.125,1.46,1.33,100,/Users/lab4099/Desktop/Mujoco/work/results/stage19_mixed_recovery/locked_test_v1/medium/seed_07.json
PPO,MEDIUM,7,DENSE,0.15000000000000002,1.48,1.27,100,/Users/lab4099/Desktop/Mujoco/work/results/stage19_mixed_recovery/locked_test_v1/medium/seed_07.json
PPO,MEDIUM,7,DENSE,0.17500000000000002,1.57,1.37,100,/Users/lab4099/Desktop/Mujoco/work/results/stage19_mixed_recovery/locked_test_v1/medium/seed_07.json
PPO,MEDIUM,7,DENSE,0.2,1.46,1.35,100,/Users/lab4099/Desktop/Mujoco/work/results/stage19_mixed_recovery/locked_test_v1/medium/seed_07.json
PPO,MEDIUM,7,DENSE,0.225,1.61,1.4,100,/Users/lab4099/Desktop/Mujoco/work/results/stage19_mixed_recovery/locked_test_v1/medium/seed_07.json
PPO,MEDIUM,7,DENSE,0.25,1.57,1.42,100,/Users/lab4099/Desktop/Mujoco/work/results/stage19_mixed_recovery/locked_test_v1/medium/seed_07.json
PPO,MEDIUM,7,DENSE,0.275,1.82,1.52,100,/Users/lab4099/Desktop/Mujoco/work/results/stage19_mixed_recovery/locked_test_v1/medium/seed_07.json
PPO,MEDIUM,7,DENSE,0.30000000000000004,1.9,1.54,100,/Users/lab4099/Desktop/Mujoco/work/results/stage19_mixed_recovery/locked_test_v1/medium/seed_07.json
PPO,MEDIUM,7,DENSE,0.325,2.06,1.53,100,/Users/lab4099/Desktop/Mujoco/work/results/stage19_mixed_recovery/locked_test_v1/medium/seed_07.json
PPO,MEDIUM,7,DENSE,0.35000000000000003,2.19,1.53,100,/Users/lab4099/Desktop/Mujoco/work/results/stage19_mixed_recovery/locked_test_v1/medium/seed_07.json
PPO,MEDIUM,7,DENSE,0.375,2.25,1.59,100,/Users/lab4099/Desktop/Mujoco/work/results/stage19_mixed_recovery/locked_test_v1/medium/seed_07.json
PPO,MEDIUM,7,DENSE,0.4,2.34,1.66,100,/Users/lab4099/Desktop/Mujoco/work/results/stage19_mixed_recovery/locked_test_v1/medium/seed_07.json
PPO,MEDIUM,7,DENSE,0.42500000000000004,2.36,1.67,100,/Users/lab4099/Desktop/Mujoco/work/results/stage19_mixed_recovery/locked_test_v1/medium/seed_07.json
PPO,MEDIUM,7,DENSE,0.45,2.37,1.63,100,/Users/lab4099/Desktop/Mujoco/work/results/stage19_mixed_recovery/locked_test_v1/medium/seed_07.json
PPO,MEDIUM,7,DENSE,0.47500000000000003,2.52,1.59,100,/Users/lab4099/Desktop/Mujoco/work/results/stage19_mixed_recovery/locked_test_v1/medium/seed_07.json
PPO,MEDIUM,7,DENSE,0.5,2.64,1.6,100,/Users/lab4099/Desktop/Mujoco/work/results/stage19_mixed_recovery/locked_test_v1/medium/seed_07.json
PPO,MEDIUM,7,DENSE,0.525,2.75,1.62,100,/Users/lab4099/Desktop/Mujoco/work/results/stage19_mixed_recovery/locked_test_v1/medium/seed_07.json
PPO,MEDIUM,7,DENSE,0.55,3.01,1.65,100,/Users/lab4099/Desktop/Mujoco/work/results/stage19_mixed_recovery/locked_test_v1/medium/seed_07.json
PPO,MEDIUM,7,DENSE,0.5750000000000001,3.0,1.65,100,/Users/lab4099/Desktop/Mujoco/work/results/stage19_mixed_recovery/locked_test_v1/medium/seed_07.json
PPO,MEDIUM,7,DENSE,0.6000000000000001,3.1,1.62,100,/Users/lab4099/Desktop/Mujoco/work/results/stage19_mixed_recovery/locked_test_v1/medium/seed_07.json
PPO,MEDIUM,7,DENSE,0.625,3.07,1.61,100,/Users/lab4099/Desktop/Mujoco/work/results/stage19_mixed_recovery/locked_test_v1/medium/seed_07.json
PPO,MEDIUM,7,DENSE,0.65,3.16,1.72,100,/Users/lab4099/Desktop/Mujoco/work/results/stage19_mixed_recovery/locked_test_v1/medium/seed_07.json
PPO,MEDIUM,7,DENSE,0.675,3.15,1.68,100,/Users/lab4099/Desktop/Mujoco/work/results/stage19_mixed_recovery/locked_test_v1/medium/seed_07.json
PPO,MEDIUM,7,DENSE,0.7000000000000001,3.21,1.69,100,/Users/lab4099/Desktop/Mujoco/work/results/stage19_mixed_recovery/locked_test_v1/medium/seed_07.json
PPO,MEDIUM,7,DENSE,0.7250000000000001,3.17,1.72,100,/Users/lab4099/Desktop/Mujoco/work/results/stage19_mixed_recovery/locked_test_v1/medium/seed_07.json
PPO,MEDIUM,7,DENSE,0.75,3.4,1.74,100,/Users/lab4099/Desktop/Mujoco/work/results/stage19_mixed_recovery/locked_test_v1/medium/seed_07.json
PPO,MEDIUM,7,DENSE,0.775,3.38,1.72,100,/Users/lab4099/Desktop/Mujoco/work/results/stage19_mixed_recovery/locked_test_v1/medium/seed_07.json
PPO,MEDIUM,7,DENSE,0.8,3.59,1.76,100,/Users/lab4099/Desktop/Mujoco/work/results/stage19_mixed_recovery/locked_test_v1/medium/seed_07.json
PPO,MEDIUM,7,DENSE,0.8250000000000001,3.52,1.69,100,/Users/lab4099/Desktop/Mujoco/work/results/stage19_mixed_recovery/locked_test_v1/medium/seed_07.json
PPO,MEDIUM,7,DENSE,0.8500000000000001,3.7,1.71,100,/Users/lab4099/Desktop/Mujoco/work/results/stage19_mixed_recovery/locked_test_v1/medium/seed_07.json
PPO,MEDIUM,7,DENSE,0.875,3.71,1.67,100,/Users/lab4099/Desktop/Mujoco/work/results/stage19_mixed_recovery/locked_test_v1/medium/seed_07.json
PPO,MEDIUM,7,DENSE,0.9,3.76,1.83,100,/Users/lab4099/Desktop/Mujoco/work/results/stage19_mixed_recovery/locked_test_v1/medium/seed_07.json
PPO,MEDIUM,7,DENSE,0.925,3.67,1.67,100,/Users/lab4099/Desktop/Mujoco/work/results/stage19_mixed_recovery/locked_test_v1/medium/seed_07.json
PPO,MEDIUM,7,DENSE,0.9500000000000001,4.02,1.8,100,/Users/lab4099/Desktop/Mujoco/work/results/stage19_mixed_recovery/locked_test_v1/medium/seed_07.json
PPO,MEDIUM,7,DENSE,0.9750000000000001,3.78,1.77,100,/Users/lab4099/Desktop/Mujoco/work/results/stage19_mixed_recovery/locked_test_v1/medium/seed_07.json
PPO,MEDIUM,7,DENSE,1.0,5.21,2.0,100,/Users/lab4099/Desktop/Mujoco/work/results/stage19_mixed_recovery/locked_test_v1/medium/seed_07.json
PPO,MEDIUM,7,BURST,0.0,5.21,2.0,100,/Users/lab4099/Desktop/Mujoco/work/results/stage19_mixed_recovery/locked_test_v1/medium/seed_07.json
PPO,MEDIUM,7,BURST,0.025,6.21,2.16,100,/Users/lab4099/Desktop/Mujoco/work/results/stage19_mixed_recovery/locked_test_v1/medium/seed_07.json
PPO,MEDIUM,7,BURST,0.05,7.46,2.33,100,/Users/lab4099/Desktop/Mujoco/work/results/stage19_mixed_recovery/locked_test_v1/medium/seed_07.json
PPO,MEDIUM,7,BURST,0.07500000000000001,8.63,2.33,100,/Users/lab4099/Desktop/Mujoco/work/results/stage19_mixed_recovery/locked_test_v1/medium/seed_07.json
PPO,MEDIUM,7,BURST,0.1,10.02,2.36,100,/Users/lab4099/Desktop/Mujoco/work/results/stage19_mixed_recovery/locked_test_v1/medium/seed_07.json
PPO,MEDIUM,7,BURST,0.125,11.42,2.27,100,/Users/lab4099/Desktop/Mujoco/work/results/stage19_mixed_recovery/locked_test_v1/medium/seed_07.json
PPO,MEDIUM,7,BURST,0.15000000000000002,12.94,2.19,100,/Users/lab4099/Desktop/Mujoco/work/results/stage19_mixed_recovery/locked_test_v1/medium/seed_07.json
PPO,MEDIUM,7,BURST,0.17500000000000002,14.33,2.06,100,/Users/lab4099/Desktop/Mujoco/work/results/stage19_mixed_recovery/locked_test_v1/medium/seed_07.json
PPO,MEDIUM,7,BURST,0.2,15.85,2.03,100,/Users/lab4099/Desktop/Mujoco/work/results/stage19_mixed_recovery/locked_test_v1/medium/seed_07.json
PPO,MEDIUM,7,BURST,0.225,17.3,1.99,100,/Users/lab4099/Desktop/Mujoco/work/results/stage19_mixed_recovery/locked_test_v1/medium/seed_07.json
PPO,MEDIUM,7,BURST,0.25,18.87,1.99,100,/Users/lab4099/Desktop/Mujoco/work/results/stage19_mixed_recovery/locked_test_v1/medium/seed_07.json
PPO,MEDIUM,7,BURST,0.275,20.34,1.96,100,/Users/lab4099/Desktop/Mujoco/work/results/stage19_mixed_recovery/locked_test_v1/medium/seed_07.json
PPO,MEDIUM,7,BURST,0.30000000000000004,21.67,1.96,100,/Users/lab4099/Desktop/Mujoco/work/results/stage19_mixed_recovery/locked_test_v1/medium/seed_07.json
PPO,MEDIUM,7,BURST,0.325,21.97,1.95,100,/Users/lab4099/Desktop/Mujoco/work/results/stage19_mixed_recovery/locked_test_v1/medium/seed_07.json
PPO,MEDIUM,7,BURST,0.35000000000000003,21.93,1.95,100,/Users/lab4099/Desktop/Mujoco/work/results/stage19_mixed_recovery/locked_test_v1/medium/seed_07.json
PPO,MEDIUM,7,BURST,0.375,21.82,1.94,100,/Users/lab4099/Desktop/Mujoco/work/results/stage19_mixed_recovery/locked_test_v1/medium/seed_07.json
PPO,MEDIUM,7,BURST,0.4,21.72,1.96,100,/Users/lab4099/Desktop/Mujoco/work/results/stage19_mixed_recovery/locked_test_v1/medium/seed_07.json
PPO,MEDIUM,7,BURST,0.42500000000000004,21.67,1.95,100,/Users/lab4099/Desktop/Mujoco/work/results/stage19_mixed_recovery/locked_test_v1/medium/seed_07.json
PPO,MEDIUM,7,BURST,0.45,21.65,1.95,100,/Users/lab4099/Desktop/Mujoco/work/results/stage19_mixed_recovery/locked_test_v1/medium/seed_07.json
PPO,MEDIUM,7,BURST,0.47500000000000003,21.62,1.94,100,/Users/lab4099/Desktop/Mujoco/work/results/stage19_mixed_recovery/locked_test_v1/medium/seed_07.json
PPO,MEDIUM,7,BURST,0.5,21.55,1.93,100,/Users/lab4099/Desktop/Mujoco/work/results/stage19_mixed_recovery/locked_test_v1/medium/seed_07.json
PPO,MEDIUM,7,BURST,0.525,21.5,1.93,100,/Users/lab4099/Desktop/Mujoco/work/results/stage19_mixed_recovery/locked_test_v1/medium/seed_07.json
PPO,MEDIUM,7,BURST,0.55,21.43,1.93,100,/Users/lab4099/Desktop/Mujoco/work/results/stage19_mixed_recovery/locked_test_v1/medium/seed_07.json
PPO,MEDIUM,7,BURST,0.5750000000000001,21.34,1.91,100,/Users/lab4099/Desktop/Mujoco/work/results/stage19_mixed_recovery/locked_test_v1/medium/seed_07.json
PPO,MEDIUM,7,BURST,0.6000000000000001,21.21,1.9,100,/Users/lab4099/Desktop/Mujoco/work/results/stage19_mixed_recovery/locked_test_v1/medium/seed_07.json
PPO,MEDIUM,7,BURST,0.625,21.12,1.9,100,/Users/lab4099/Desktop/Mujoco/work/results/stage19_mixed_recovery/locked_test_v1/medium/seed_07.json
PPO,MEDIUM,7,BURST,0.65,21.07,1.9,100,/Users/lab4099/Desktop/Mujoco/work/results/stage19_mixed_recovery/locked_test_v1/medium/seed_07.json
PPO,MEDIUM,7,BURST,0.675,21.01,1.89,100,/Users/lab4099/Desktop/Mujoco/work/results/stage19_mixed_recovery/locked_test_v1/medium/seed_07.json
PPO,MEDIUM,7,BURST,0.7000000000000001,20.94,1.86,100,/Users/lab4099/Desktop/Mujoco/work/results/stage19_mixed_recovery/locked_test_v1/medium/seed_07.json
PPO,MEDIUM,7,BURST,0.7250000000000001,20.82,1.86,100,/Users/lab4099/Desktop/Mujoco/work/results/stage19_mixed_recovery/locked_test_v1/medium/seed_07.json
PPO,MEDIUM,7,BURST,0.75,20.75,1.87,100,/Users/lab4099/Desktop/Mujoco/work/results/stage19_mixed_recovery/locked_test_v1/medium/seed_07.json
PPO,MEDIUM,7,BURST,0.775,20.63,1.86,100,/Users/lab4099/Desktop/Mujoco/work/results/stage19_mixed_recovery/locked_test_v1/medium/seed_07.json
PPO,MEDIUM,7,BURST,0.8,20.55,1.86,100,/Users/lab4099/Desktop/Mujoco/work/results/stage19_mixed_recovery/locked_test_v1/medium/seed_07.json
PPO,MEDIUM,7,BURST,0.8250000000000001,20.48,1.85,100,/Users/lab4099/Desktop/Mujoco/work/results/stage19_mixed_recovery/locked_test_v1/medium/seed_07.json
PPO,MEDIUM,7,BURST,0.8500000000000001,20.38,1.84,100,/Users/lab4099/Desktop/Mujoco/work/results/stage19_mixed_recovery/locked_test_v1/medium/seed_07.json
PPO,MEDIUM,7,BURST,0.875,20.26,1.85,100,/Users/lab4099/Desktop/Mujoco/work/results/stage19_mixed_recovery/locked_test_v1/medium/seed_07.json
PPO,MEDIUM,7,BURST,0.9,20.17,1.85,100,/Users/lab4099/Desktop/Mujoco/work/results/stage19_mixed_recovery/locked_test_v1/medium/seed_07.json
PPO,MEDIUM,7,BURST,0.925,20.08,1.86,100,/Users/lab4099/Desktop/Mujoco/work/results/stage19_mixed_recovery/locked_test_v1/medium/seed_07.json
PPO,MEDIUM,7,BURST,0.9500000000000001,19.99,1.87,100,/Users/lab4099/Desktop/Mujoco/work/results/stage19_mixed_recovery/locked_test_v1/medium/seed_07.json
PPO,MEDIUM,7,BURST,0.9750000000000001,19.94,1.88,100,/Users/lab4099/Desktop/Mujoco/work/results/stage19_mixed_recovery/locked_test_v1/medium/seed_07.json
PPO,MEDIUM,7,BURST,1.0,20.84,1.87,100,/Users/lab4099/Desktop/Mujoco/work/results/stage19_mixed_recovery/locked_test_v1/medium/seed_07.json
PPO,MEDIUM,7,RECOVERY,0.0,20.84,1.87,100,/Users/lab4099/Desktop/Mujoco/work/results/stage19_mixed_recovery/locked_test_v1/medium/seed_07.json
PPO,MEDIUM,7,RECOVERY,0.025,19.84,1.88,100,/Users/lab4099/Desktop/Mujoco/work/results/stage19_mixed_recovery/locked_test_v1/medium/seed_07.json
PPO,MEDIUM,7,RECOVERY,0.05,19.04,1.9,100,/Users/lab4099/Desktop/Mujoco/work/results/stage19_mixed_recovery/locked_test_v1/medium/seed_07.json
PPO,MEDIUM,7,RECOVERY,0.07500000000000001,18.48,1.88,100,/Users/lab4099/Desktop/Mujoco/work/results/stage19_mixed_recovery/locked_test_v1/medium/seed_07.json
PPO,MEDIUM,7,RECOVERY,0.1,17.26,1.91,100,/Users/lab4099/Desktop/Mujoco/work/results/stage19_mixed_recovery/locked_test_v1/medium/seed_07.json
PPO,MEDIUM,7,RECOVERY,0.125,15.93,1.96,100,/Users/lab4099/Desktop/Mujoco/work/results/stage19_mixed_recovery/locked_test_v1/medium/seed_07.json
PPO,MEDIUM,7,RECOVERY,0.15000000000000002,14.09,2.01,100,/Users/lab4099/Desktop/Mujoco/work/results/stage19_mixed_recovery/locked_test_v1/medium/seed_07.json
PPO,MEDIUM,7,RECOVERY,0.17500000000000002,12.2,2.03,100,/Users/lab4099/Desktop/Mujoco/work/results/stage19_mixed_recovery/locked_test_v1/medium/seed_07.json
PPO,MEDIUM,7,RECOVERY,0.2,10.08,2.02,100,/Users/lab4099/Desktop/Mujoco/work/results/stage19_mixed_recovery/locked_test_v1/medium/seed_07.json
PPO,MEDIUM,7,RECOVERY,0.225,8.15,1.89,100,/Users/lab4099/Desktop/Mujoco/work/results/stage19_mixed_recovery/locked_test_v1/medium/seed_07.json
PPO,MEDIUM,7,RECOVERY,0.25,6.2,1.72,100,/Users/lab4099/Desktop/Mujoco/work/results/stage19_mixed_recovery/locked_test_v1/medium/seed_07.json
PPO,MEDIUM,7,RECOVERY,0.275,5.12,1.64,100,/Users/lab4099/Desktop/Mujoco/work/results/stage19_mixed_recovery/locked_test_v1/medium/seed_07.json
PPO,MEDIUM,7,RECOVERY,0.30000000000000004,3.9,1.5,100,/Users/lab4099/Desktop/Mujoco/work/results/stage19_mixed_recovery/locked_test_v1/medium/seed_07.json
PPO,MEDIUM,7,RECOVERY,0.325,3.4,1.34,100,/Users/lab4099/Desktop/Mujoco/work/results/stage19_mixed_recovery/locked_test_v1/medium/seed_07.json
PPO,MEDIUM,7,RECOVERY,0.35000000000000003,2.64,1.34,100,/Users/lab4099/Desktop/Mujoco/work/results/stage19_mixed_recovery/locked_test_v1/medium/seed_07.json
PPO,MEDIUM,7,RECOVERY,0.375,2.25,1.27,100,/Users/lab4099/Desktop/Mujoco/work/results/stage19_mixed_recovery/locked_test_v1/medium/seed_07.json
PPO,MEDIUM,7,RECOVERY,0.4,1.6,1.12,100,/Users/lab4099/Desktop/Mujoco/work/results/stage19_mixed_recovery/locked_test_v1/medium/seed_07.json
PPO,MEDIUM,7,RECOVERY,0.42500000000000004,1.46,1.11,100,/Users/lab4099/Desktop/Mujoco/work/results/stage19_mixed_recovery/locked_test_v1/medium/seed_07.json
PPO,MEDIUM,7,RECOVERY,0.45,0.95,1.01,100,/Users/lab4099/Desktop/Mujoco/work/results/stage19_mixed_recovery/locked_test_v1/medium/seed_07.json
PPO,MEDIUM,7,RECOVERY,0.47500000000000003,0.73,1.01,100,/Users/lab4099/Desktop/Mujoco/work/results/stage19_mixed_recovery/locked_test_v1/medium/seed_07.json
PPO,MEDIUM,7,RECOVERY,0.5,0.51,0.87,100,/Users/lab4099/Desktop/Mujoco/work/results/stage19_mixed_recovery/locked_test_v1/medium/seed_07.json
PPO,MEDIUM,7,RECOVERY,0.525,0.41,0.69,100,/Users/lab4099/Desktop/Mujoco/work/results/stage19_mixed_recovery/locked_test_v1/medium/seed_07.json
PPO,MEDIUM,7,RECOVERY,0.55,0.2,0.7,100,/Users/lab4099/Desktop/Mujoco/work/results/stage19_mixed_recovery/locked_test_v1/medium/seed_07.json
PPO,MEDIUM,7,RECOVERY,0.5750000000000001,0.2,0.66,100,/Users/lab4099/Desktop/Mujoco/work/results/stage19_mixed_recovery/locked_test_v1/medium/seed_07.json
PPO,MEDIUM,7,RECOVERY,0.6000000000000001,0.09,0.58,100,/Users/lab4099/Desktop/Mujoco/work/results/stage19_mixed_recovery/locked_test_v1/medium/seed_07.json
PPO,MEDIUM,7,RECOVERY,0.625,0.09,0.44,100,/Users/lab4099/Desktop/Mujoco/work/results/stage19_mixed_recovery/locked_test_v1/medium/seed_07.json
PPO,MEDIUM,7,RECOVERY,0.65,0.04,0.5,100,/Users/lab4099/Desktop/Mujoco/work/results/stage19_mixed_recovery/locked_test_v1/medium/seed_07.json
PPO,MEDIUM,7,RECOVERY,0.675,0.01,0.56,100,/Users/lab4099/Desktop/Mujoco/work/results/stage19_mixed_recovery/locked_test_v1/medium/seed_07.json
PPO,MEDIUM,7,RECOVERY,0.7000000000000001,0.0,0.57,100,/Users/lab4099/Desktop/Mujoco/work/results/stage19_mixed_recovery/locked_test_v1/medium/seed_07.json
PPO,MEDIUM,7,RECOVERY,0.7250000000000001,0.0,0.48,100,/Users/lab4099/Desktop/Mujoco/work/results/stage19_mixed_recovery/locked_test_v1/medium/seed_07.json
PPO,MEDIUM,7,RECOVERY,0.75,0.0,0.52,100,/Users/lab4099/Desktop/Mujoco/work/results/stage19_mixed_recovery/locked_test_v1/medium/seed_07.json
PPO,MEDIUM,7,RECOVERY,0.775,0.0,0.34,100,/Users/lab4099/Desktop/Mujoco/work/results/stage19_mixed_recovery/locked_test_v1/medium/seed_07.json
PPO,MEDIUM,7,RECOVERY,0.8,0.0,0.54,100,/Users/lab4099/Desktop/Mujoco/work/results/stage19_mixed_recovery/locked_test_v1/medium/seed_07.json
PPO,MEDIUM,7,RECOVERY,0.8250000000000001,0.0,0.45,100,/Users/lab4099/Desktop/Mujoco/work/results/stage19_mixed_recovery/locked_test_v1/medium/seed_07.json
PPO,MEDIUM,7,RECOVERY,0.8500000000000001,0.0,0.51,100,/Users/lab4099/Desktop/Mujoco/work/results/stage19_mixed_recovery/locked_test_v1/medium/seed_07.json
PPO,MEDIUM,7,RECOVERY,0.875,0.0,0.46,100,/Users/lab4099/Desktop/Mujoco/work/results/stage19_mixed_recovery/locked_test_v1/medium/seed_07.json
PPO,MEDIUM,7,RECOVERY,0.9,0.02,0.59,100,/Users/lab4099/Desktop/Mujoco/work/results/stage19_mixed_recovery/locked_test_v1/medium/seed_07.json
PPO,MEDIUM,7,RECOVERY,0.925,0.0,0.46,100,/Users/lab4099/Desktop/Mujoco/work/results/stage19_mixed_recovery/locked_test_v1/medium/seed_07.json
PPO,MEDIUM,7,RECOVERY,0.9500000000000001,0.01,0.53,100,/Users/lab4099/Desktop/Mujoco/work/results/stage19_mixed_recovery/locked_test_v1/medium/seed_07.json
PPO,MEDIUM,7,RECOVERY,0.9750000000000001,0.0,0.77,100,/Users/lab4099/Desktop/Mujoco/work/results/stage19_mixed_recovery/locked_test_v1/medium/seed_07.json
PPO,MEDIUM,7,RECOVERY,1.0,0.0,0.0,100,/Users/lab4099/Desktop/Mujoco/work/results/stage19_mixed_recovery/locked_test_v1/medium/seed_07.json
PPO,MEDIUM,8,NORMAL,0.0,0.0,1.0,100,/Users/lab4099/Desktop/Mujoco/work/results/stage19_mixed_recovery/locked_test_v1/medium/seed_08.json
PPO,MEDIUM,8,NORMAL,0.025,0.0,0.27,100,/Users/lab4099/Desktop/Mujoco/work/results/stage19_mixed_recovery/locked_test_v1/medium/seed_08.json
PPO,MEDIUM,8,NORMAL,0.05,0.0,0.37,100,/Users/lab4099/Desktop/Mujoco/work/results/stage19_mixed_recovery/locked_test_v1/medium/seed_08.json
PPO,MEDIUM,8,NORMAL,0.07500000000000001,0.0,0.31,100,/Users/lab4099/Desktop/Mujoco/work/results/stage19_mixed_recovery/locked_test_v1/medium/seed_08.json
PPO,MEDIUM,8,NORMAL,0.1,0.0,0.29,100,/Users/lab4099/Desktop/Mujoco/work/results/stage19_mixed_recovery/locked_test_v1/medium/seed_08.json
PPO,MEDIUM,8,NORMAL,0.125,0.0,0.51,100,/Users/lab4099/Desktop/Mujoco/work/results/stage19_mixed_recovery/locked_test_v1/medium/seed_08.json
PPO,MEDIUM,8,NORMAL,0.15000000000000002,0.0,0.27,100,/Users/lab4099/Desktop/Mujoco/work/results/stage19_mixed_recovery/locked_test_v1/medium/seed_08.json
PPO,MEDIUM,8,NORMAL,0.17500000000000002,0.0,0.45,100,/Users/lab4099/Desktop/Mujoco/work/results/stage19_mixed_recovery/locked_test_v1/medium/seed_08.json
PPO,MEDIUM,8,NORMAL,0.2,0.0,0.24,100,/Users/lab4099/Desktop/Mujoco/work/results/stage19_mixed_recovery/locked_test_v1/medium/seed_08.json
PPO,MEDIUM,8,NORMAL,0.225,0.0,0.54,100,/Users/lab4099/Desktop/Mujoco/work/results/stage19_mixed_recovery/locked_test_v1/medium/seed_08.json
PPO,MEDIUM,8,NORMAL,0.25,0.0,0.19,100,/Users/lab4099/Desktop/Mujoco/work/results/stage19_mixed_recovery/locked_test_v1/medium/seed_08.json
PPO,MEDIUM,8,NORMAL,0.275,0.0,0.51,100,/Users/lab4099/Desktop/Mujoco/work/results/stage19_mixed_recovery/locked_test_v1/medium/seed_08.json
PPO,MEDIUM,8,NORMAL,0.30000000000000004,0.0,0.25,100,/Users/lab4099/Desktop/Mujoco/work/results/stage19_mixed_recovery/locked_test_v1/medium/seed_08.json
PPO,MEDIUM,8,NORMAL,0.325,0.0,0.56,100,/Users/lab4099/Desktop/Mujoco/work/results/stage19_mixed_recovery/locked_test_v1/medium/seed_08.json
PPO,MEDIUM,8,NORMAL,0.35000000000000003,0.0,0.27,100,/Users/lab4099/Desktop/Mujoco/work/results/stage19_mixed_recovery/locked_test_v1/medium/seed_08.json
PPO,MEDIUM,8,NORMAL,0.375,0.0,0.62,100,/Users/lab4099/Desktop/Mujoco/work/results/stage19_mixed_recovery/locked_test_v1/medium/seed_08.json
PPO,MEDIUM,8,NORMAL,0.4,0.0,0.36,100,/Users/lab4099/Desktop/Mujoco/work/results/stage19_mixed_recovery/locked_test_v1/medium/seed_08.json
PPO,MEDIUM,8,NORMAL,0.42500000000000004,0.0,0.55,100,/Users/lab4099/Desktop/Mujoco/work/results/stage19_mixed_recovery/locked_test_v1/medium/seed_08.json
PPO,MEDIUM,8,NORMAL,0.45,0.0,0.29,100,/Users/lab4099/Desktop/Mujoco/work/results/stage19_mixed_recovery/locked_test_v1/medium/seed_08.json
PPO,MEDIUM,8,NORMAL,0.47500000000000003,0.0,0.67,100,/Users/lab4099/Desktop/Mujoco/work/results/stage19_mixed_recovery/locked_test_v1/medium/seed_08.json
PPO,MEDIUM,8,NORMAL,0.5,0.0,0.41,100,/Users/lab4099/Desktop/Mujoco/work/results/stage19_mixed_recovery/locked_test_v1/medium/seed_08.json
PPO,MEDIUM,8,NORMAL,0.525,0.0,0.64,100,/Users/lab4099/Desktop/Mujoco/work/results/stage19_mixed_recovery/locked_test_v1/medium/seed_08.json
PPO,MEDIUM,8,NORMAL,0.55,0.0,0.54,100,/Users/lab4099/Desktop/Mujoco/work/results/stage19_mixed_recovery/locked_test_v1/medium/seed_08.json
PPO,MEDIUM,8,NORMAL,0.5750000000000001,0.0,0.59,100,/Users/lab4099/Desktop/Mujoco/work/results/stage19_mixed_recovery/locked_test_v1/medium/seed_08.json
PPO,MEDIUM,8,NORMAL,0.6000000000000001,0.0,0.49,100,/Users/lab4099/Desktop/Mujoco/work/results/stage19_mixed_recovery/locked_test_v1/medium/seed_08.json
PPO,MEDIUM,8,NORMAL,0.625,0.01,0.56,100,/Users/lab4099/Desktop/Mujoco/work/results/stage19_mixed_recovery/locked_test_v1/medium/seed_08.json
PPO,MEDIUM,8,NORMAL,0.65,0.0,0.38,100,/Users/lab4099/Desktop/Mujoco/work/results/stage19_mixed_recovery/locked_test_v1/medium/seed_08.json
PPO,MEDIUM,8,NORMAL,0.675,0.0,0.34,100,/Users/lab4099/Desktop/Mujoco/work/results/stage19_mixed_recovery/locked_test_v1/medium/seed_08.json
PPO,MEDIUM,8,NORMAL,0.7000000000000001,0.0,0.41,100,/Users/lab4099/Desktop/Mujoco/work/results/stage19_mixed_recovery/locked_test_v1/medium/seed_08.json
PPO,MEDIUM,8,NORMAL,0.7250000000000001,0.01,0.3,100,/Users/lab4099/Desktop/Mujoco/work/results/stage19_mixed_recovery/locked_test_v1/medium/seed_08.json
PPO,MEDIUM,8,NORMAL,0.75,0.0,0.51,100,/Users/lab4099/Desktop/Mujoco/work/results/stage19_mixed_recovery/locked_test_v1/medium/seed_08.json
PPO,MEDIUM,8,NORMAL,0.775,0.0,0.34,100,/Users/lab4099/Desktop/Mujoco/work/results/stage19_mixed_recovery/locked_test_v1/medium/seed_08.json
PPO,MEDIUM,8,NORMAL,0.8,0.0,0.54,100,/Users/lab4099/Desktop/Mujoco/work/results/stage19_mixed_recovery/locked_test_v1/medium/seed_08.json
PPO,MEDIUM,8,NORMAL,0.8250000000000001,0.0,0.23,100,/Users/lab4099/Desktop/Mujoco/work/results/stage19_mixed_recovery/locked_test_v1/medium/seed_08.json
PPO,MEDIUM,8,NORMAL,0.8500000000000001,0.0,0.49,100,/Users/lab4099/Desktop/Mujoco/work/results/stage19_mixed_recovery/locked_test_v1/medium/seed_08.json
PPO,MEDIUM,8,NORMAL,0.875,0.0,0.26,100,/Users/lab4099/Desktop/Mujoco/work/results/stage19_mixed_recovery/locked_test_v1/medium/seed_08.json
PPO,MEDIUM,8,NORMAL,0.9,0.0,0.52,100,/Users/lab4099/Desktop/Mujoco/work/results/stage19_mixed_recovery/locked_test_v1/medium/seed_08.json
PPO,MEDIUM,8,NORMAL,0.925,0.0,0.34,100,/Users/lab4099/Desktop/Mujoco/work/results/stage19_mixed_recovery/locked_test_v1/medium/seed_08.json
PPO,MEDIUM,8,NORMAL,0.9500000000000001,0.0,0.61,100,/Users/lab4099/Desktop/Mujoco/work/results/stage19_mixed_recovery/locked_test_v1/medium/seed_08.json
PPO,MEDIUM,8,NORMAL,0.9750000000000001,0.0,0.35,100,/Users/lab4099/Desktop/Mujoco/work/results/stage19_mixed_recovery/locked_test_v1/medium/seed_08.json
PPO,MEDIUM,8,NORMAL,1.0,0.3,1.31,100,/Users/lab4099/Desktop/Mujoco/work/results/stage19_mixed_recovery/locked_test_v1/medium/seed_08.json
PPO,MEDIUM,8,DENSE,0.0,0.3,1.31,100,/Users/lab4099/Desktop/Mujoco/work/results/stage19_mixed_recovery/locked_test_v1/medium/seed_08.json
PPO,MEDIUM,8,DENSE,0.025,0.29,1.02,100,/Users/lab4099/Desktop/Mujoco/work/results/stage19_mixed_recovery/locked_test_v1/medium/seed_08.json
PPO,MEDIUM,8,DENSE,0.05,0.55,1.04,100,/Users/lab4099/Desktop/Mujoco/work/results/stage19_mixed_recovery/locked_test_v1/medium/seed_08.json
PPO,MEDIUM,8,DENSE,0.07500000000000001,0.84,1.21,100,/Users/lab4099/Desktop/Mujoco/work/results/stage19_mixed_recovery/locked_test_v1/medium/seed_08.json
PPO,MEDIUM,8,DENSE,0.1,1.03,1.19,100,/Users/lab4099/Desktop/Mujoco/work/results/stage19_mixed_recovery/locked_test_v1/medium/seed_08.json
PPO,MEDIUM,8,DENSE,0.125,1.46,1.33,100,/Users/lab4099/Desktop/Mujoco/work/results/stage19_mixed_recovery/locked_test_v1/medium/seed_08.json
PPO,MEDIUM,8,DENSE,0.15000000000000002,1.49,1.26,100,/Users/lab4099/Desktop/Mujoco/work/results/stage19_mixed_recovery/locked_test_v1/medium/seed_08.json
PPO,MEDIUM,8,DENSE,0.17500000000000002,1.61,1.34,100,/Users/lab4099/Desktop/Mujoco/work/results/stage19_mixed_recovery/locked_test_v1/medium/seed_08.json
PPO,MEDIUM,8,DENSE,0.2,1.62,1.34,100,/Users/lab4099/Desktop/Mujoco/work/results/stage19_mixed_recovery/locked_test_v1/medium/seed_08.json
PPO,MEDIUM,8,DENSE,0.225,1.78,1.4,100,/Users/lab4099/Desktop/Mujoco/work/results/stage19_mixed_recovery/locked_test_v1/medium/seed_08.json
PPO,MEDIUM,8,DENSE,0.25,1.77,1.43,100,/Users/lab4099/Desktop/Mujoco/work/results/stage19_mixed_recovery/locked_test_v1/medium/seed_08.json
PPO,MEDIUM,8,DENSE,0.275,2.04,1.52,100,/Users/lab4099/Desktop/Mujoco/work/results/stage19_mixed_recovery/locked_test_v1/medium/seed_08.json
PPO,MEDIUM,8,DENSE,0.30000000000000004,2.17,1.53,100,/Users/lab4099/Desktop/Mujoco/work/results/stage19_mixed_recovery/locked_test_v1/medium/seed_08.json
PPO,MEDIUM,8,DENSE,0.325,2.28,1.54,100,/Users/lab4099/Desktop/Mujoco/work/results/stage19_mixed_recovery/locked_test_v1/medium/seed_08.json
PPO,MEDIUM,8,DENSE,0.35000000000000003,2.45,1.57,100,/Users/lab4099/Desktop/Mujoco/work/results/stage19_mixed_recovery/locked_test_v1/medium/seed_08.json
PPO,MEDIUM,8,DENSE,0.375,2.51,1.63,100,/Users/lab4099/Desktop/Mujoco/work/results/stage19_mixed_recovery/locked_test_v1/medium/seed_08.json
PPO,MEDIUM,8,DENSE,0.4,2.6,1.68,100,/Users/lab4099/Desktop/Mujoco/work/results/stage19_mixed_recovery/locked_test_v1/medium/seed_08.json
PPO,MEDIUM,8,DENSE,0.42500000000000004,2.72,1.67,100,/Users/lab4099/Desktop/Mujoco/work/results/stage19_mixed_recovery/locked_test_v1/medium/seed_08.json
PPO,MEDIUM,8,DENSE,0.45,2.71,1.65,100,/Users/lab4099/Desktop/Mujoco/work/results/stage19_mixed_recovery/locked_test_v1/medium/seed_08.json
PPO,MEDIUM,8,DENSE,0.47500000000000003,2.79,1.7,100,/Users/lab4099/Desktop/Mujoco/work/results/stage19_mixed_recovery/locked_test_v1/medium/seed_08.json
PPO,MEDIUM,8,DENSE,0.5,2.95,1.75,100,/Users/lab4099/Desktop/Mujoco/work/results/stage19_mixed_recovery/locked_test_v1/medium/seed_08.json
PPO,MEDIUM,8,DENSE,0.525,3.17,1.67,100,/Users/lab4099/Desktop/Mujoco/work/results/stage19_mixed_recovery/locked_test_v1/medium/seed_08.json
PPO,MEDIUM,8,DENSE,0.55,3.42,1.68,100,/Users/lab4099/Desktop/Mujoco/work/results/stage19_mixed_recovery/locked_test_v1/medium/seed_08.json
PPO,MEDIUM,8,DENSE,0.5750000000000001,3.36,1.68,100,/Users/lab4099/Desktop/Mujoco/work/results/stage19_mixed_recovery/locked_test_v1/medium/seed_08.json
PPO,MEDIUM,8,DENSE,0.6000000000000001,3.46,1.69,100,/Users/lab4099/Desktop/Mujoco/work/results/stage19_mixed_recovery/locked_test_v1/medium/seed_08.json
PPO,MEDIUM,8,DENSE,0.625,3.48,1.64,100,/Users/lab4099/Desktop/Mujoco/work/results/stage19_mixed_recovery/locked_test_v1/medium/seed_08.json
PPO,MEDIUM,8,DENSE,0.65,3.61,1.69,100,/Users/lab4099/Desktop/Mujoco/work/results/stage19_mixed_recovery/locked_test_v1/medium/seed_08.json
PPO,MEDIUM,8,DENSE,0.675,3.49,1.68,100,/Users/lab4099/Desktop/Mujoco/work/results/stage19_mixed_recovery/locked_test_v1/medium/seed_08.json
PPO,MEDIUM,8,DENSE,0.7000000000000001,3.67,1.65,100,/Users/lab4099/Desktop/Mujoco/work/results/stage19_mixed_recovery/locked_test_v1/medium/seed_08.json
PPO,MEDIUM,8,DENSE,0.7250000000000001,3.61,1.69,100,/Users/lab4099/Desktop/Mujoco/work/results/stage19_mixed_recovery/locked_test_v1/medium/seed_08.json
PPO,MEDIUM,8,DENSE,0.75,3.85,1.75,100,/Users/lab4099/Desktop/Mujoco/work/results/stage19_mixed_recovery/locked_test_v1/medium/seed_08.json
PPO,MEDIUM,8,DENSE,0.775,3.81,1.77,100,/Users/lab4099/Desktop/Mujoco/work/results/stage19_mixed_recovery/locked_test_v1/medium/seed_08.json
PPO,MEDIUM,8,DENSE,0.8,4.06,1.77,100,/Users/lab4099/Desktop/Mujoco/work/results/stage19_mixed_recovery/locked_test_v1/medium/seed_08.json
PPO,MEDIUM,8,DENSE,0.8250000000000001,4.09,1.63,100,/Users/lab4099/Desktop/Mujoco/work/results/stage19_mixed_recovery/locked_test_v1/medium/seed_08.json
PPO,MEDIUM,8,DENSE,0.8500000000000001,4.26,1.76,100,/Users/lab4099/Desktop/Mujoco/work/results/stage19_mixed_recovery/locked_test_v1/medium/seed_08.json
PPO,MEDIUM,8,DENSE,0.875,4.21,1.74,100,/Users/lab4099/Desktop/Mujoco/work/results/stage19_mixed_recovery/locked_test_v1/medium/seed_08.json
PPO,MEDIUM,8,DENSE,0.9,4.32,1.93,100,/Users/lab4099/Desktop/Mujoco/work/results/stage19_mixed_recovery/locked_test_v1/medium/seed_08.json
PPO,MEDIUM,8,DENSE,0.925,4.22,1.72,100,/Users/lab4099/Desktop/Mujoco/work/results/stage19_mixed_recovery/locked_test_v1/medium/seed_08.json
PPO,MEDIUM,8,DENSE,0.9500000000000001,4.49,1.89,100,/Users/lab4099/Desktop/Mujoco/work/results/stage19_mixed_recovery/locked_test_v1/medium/seed_08.json
PPO,MEDIUM,8,DENSE,0.9750000000000001,4.3,1.82,100,/Users/lab4099/Desktop/Mujoco/work/results/stage19_mixed_recovery/locked_test_v1/medium/seed_08.json
PPO,MEDIUM,8,DENSE,1.0,5.91,1.96,100,/Users/lab4099/Desktop/Mujoco/work/results/stage19_mixed_recovery/locked_test_v1/medium/seed_08.json
PPO,MEDIUM,8,BURST,0.0,5.91,1.96,100,/Users/lab4099/Desktop/Mujoco/work/results/stage19_mixed_recovery/locked_test_v1/medium/seed_08.json
PPO,MEDIUM,8,BURST,0.025,6.91,2.09,100,/Users/lab4099/Desktop/Mujoco/work/results/stage19_mixed_recovery/locked_test_v1/medium/seed_08.json
PPO,MEDIUM,8,BURST,0.05,8.26,2.23,100,/Users/lab4099/Desktop/Mujoco/work/results/stage19_mixed_recovery/locked_test_v1/medium/seed_08.json
PPO,MEDIUM,8,BURST,0.07500000000000001,9.53,2.25,100,/Users/lab4099/Desktop/Mujoco/work/results/stage19_mixed_recovery/locked_test_v1/medium/seed_08.json
PPO,MEDIUM,8,BURST,0.1,10.99,2.27,100,/Users/lab4099/Desktop/Mujoco/work/results/stage19_mixed_recovery/locked_test_v1/medium/seed_08.json
PPO,MEDIUM,8,BURST,0.125,12.43,2.21,100,/Users/lab4099/Desktop/Mujoco/work/results/stage19_mixed_recovery/locked_test_v1/medium/seed_08.json
PPO,MEDIUM,8,BURST,0.15000000000000002,13.91,2.13,100,/Users/lab4099/Desktop/Mujoco/work/results/stage19_mixed_recovery/locked_test_v1/medium/seed_08.json
PPO,MEDIUM,8,BURST,0.17500000000000002,15.39,2.08,100,/Users/lab4099/Desktop/Mujoco/work/results/stage19_mixed_recovery/locked_test_v1/medium/seed_08.json
PPO,MEDIUM,8,BURST,0.2,16.95,2.04,100,/Users/lab4099/Desktop/Mujoco/work/results/stage19_mixed_recovery/locked_test_v1/medium/seed_08.json
PPO,MEDIUM,8,BURST,0.225,18.4,2.02,100,/Users/lab4099/Desktop/Mujoco/work/results/stage19_mixed_recovery/locked_test_v1/medium/seed_08.json
PPO,MEDIUM,8,BURST,0.25,20.04,1.98,100,/Users/lab4099/Desktop/Mujoco/work/results/stage19_mixed_recovery/locked_test_v1/medium/seed_08.json
PPO,MEDIUM,8,BURST,0.275,21.55,1.95,100,/Users/lab4099/Desktop/Mujoco/work/results/stage19_mixed_recovery/locked_test_v1/medium/seed_08.json
PPO,MEDIUM,8,BURST,0.30000000000000004,22.88,1.96,100,/Users/lab4099/Desktop/Mujoco/work/results/stage19_mixed_recovery/locked_test_v1/medium/seed_08.json
PPO,MEDIUM,8,BURST,0.325,23.17,1.94,100,/Users/lab4099/Desktop/Mujoco/work/results/stage19_mixed_recovery/locked_test_v1/medium/seed_08.json
PPO,MEDIUM,8,BURST,0.35000000000000003,23.13,1.94,100,/Users/lab4099/Desktop/Mujoco/work/results/stage19_mixed_recovery/locked_test_v1/medium/seed_08.json
PPO,MEDIUM,8,BURST,0.375,23.02,1.95,100,/Users/lab4099/Desktop/Mujoco/work/results/stage19_mixed_recovery/locked_test_v1/medium/seed_08.json
PPO,MEDIUM,8,BURST,0.4,22.91,1.97,100,/Users/lab4099/Desktop/Mujoco/work/results/stage19_mixed_recovery/locked_test_v1/medium/seed_08.json
PPO,MEDIUM,8,BURST,0.42500000000000004,22.8,1.97,100,/Users/lab4099/Desktop/Mujoco/work/results/stage19_mixed_recovery/locked_test_v1/medium/seed_08.json
PPO,MEDIUM,8,BURST,0.45,22.74,1.97,100,/Users/lab4099/Desktop/Mujoco/work/results/stage19_mixed_recovery/locked_test_v1/medium/seed_08.json
PPO,MEDIUM,8,BURST,0.47500000000000003,22.68,1.97,100,/Users/lab4099/Desktop/Mujoco/work/results/stage19_mixed_recovery/locked_test_v1/medium/seed_08.json
PPO,MEDIUM,8,BURST,0.5,22.57,1.97,100,/Users/lab4099/Desktop/Mujoco/work/results/stage19_mixed_recovery/locked_test_v1/medium/seed_08.json
PPO,MEDIUM,8,BURST,0.525,22.47,1.95,100,/Users/lab4099/Desktop/Mujoco/work/results/stage19_mixed_recovery/locked_test_v1/medium/seed_08.json
PPO,MEDIUM,8,BURST,0.55,22.39,1.95,100,/Users/lab4099/Desktop/Mujoco/work/results/stage19_mixed_recovery/locked_test_v1/medium/seed_08.json
PPO,MEDIUM,8,BURST,0.5750000000000001,22.35,1.96,100,/Users/lab4099/Desktop/Mujoco/work/results/stage19_mixed_recovery/locked_test_v1/medium/seed_08.json
PPO,MEDIUM,8,BURST,0.6000000000000001,22.29,1.96,100,/Users/lab4099/Desktop/Mujoco/work/results/stage19_mixed_recovery/locked_test_v1/medium/seed_08.json
PPO,MEDIUM,8,BURST,0.625,22.23,1.95,100,/Users/lab4099/Desktop/Mujoco/work/results/stage19_mixed_recovery/locked_test_v1/medium/seed_08.json
PPO,MEDIUM,8,BURST,0.65,22.16,1.95,100,/Users/lab4099/Desktop/Mujoco/work/results/stage19_mixed_recovery/locked_test_v1/medium/seed_08.json
PPO,MEDIUM,8,BURST,0.675,22.05,1.95,100,/Users/lab4099/Desktop/Mujoco/work/results/stage19_mixed_recovery/locked_test_v1/medium/seed_08.json
PPO,MEDIUM,8,BURST,0.7000000000000001,21.99,1.93,100,/Users/lab4099/Desktop/Mujoco/work/results/stage19_mixed_recovery/locked_test_v1/medium/seed_08.json
PPO,MEDIUM,8,BURST,0.7250000000000001,21.9,1.91,100,/Users/lab4099/Desktop/Mujoco/work/results/stage19_mixed_recovery/locked_test_v1/medium/seed_08.json
PPO,MEDIUM,8,BURST,0.75,21.79,1.92,100,/Users/lab4099/Desktop/Mujoco/work/results/stage19_mixed_recovery/locked_test_v1/medium/seed_08.json
PPO,MEDIUM,8,BURST,0.775,21.73,1.91,100,/Users/lab4099/Desktop/Mujoco/work/results/stage19_mixed_recovery/locked_test_v1/medium/seed_08.json
PPO,MEDIUM,8,BURST,0.8,21.68,1.9,100,/Users/lab4099/Desktop/Mujoco/work/results/stage19_mixed_recovery/locked_test_v1/medium/seed_08.json
PPO,MEDIUM,8,BURST,0.8250000000000001,21.58,1.91,100,/Users/lab4099/Desktop/Mujoco/work/results/stage19_mixed_recovery/locked_test_v1/medium/seed_08.json
PPO,MEDIUM,8,BURST,0.8500000000000001,21.48,1.91,100,/Users/lab4099/Desktop/Mujoco/work/results/stage19_mixed_recovery/locked_test_v1/medium/seed_08.json
PPO,MEDIUM,8,BURST,0.875,21.42,1.91,100,/Users/lab4099/Desktop/Mujoco/work/results/stage19_mixed_recovery/locked_test_v1/medium/seed_08.json
PPO,MEDIUM,8,BURST,0.9,21.33,1.88,100,/Users/lab4099/Desktop/Mujoco/work/results/stage19_mixed_recovery/locked_test_v1/medium/seed_08.json
PPO,MEDIUM,8,BURST,0.925,21.26,1.89,100,/Users/lab4099/Desktop/Mujoco/work/results/stage19_mixed_recovery/locked_test_v1/medium/seed_08.json
PPO,MEDIUM,8,BURST,0.9500000000000001,21.21,1.9,100,/Users/lab4099/Desktop/Mujoco/work/results/stage19_mixed_recovery/locked_test_v1/medium/seed_08.json
PPO,MEDIUM,8,BURST,0.9750000000000001,21.13,1.89,100,/Users/lab4099/Desktop/Mujoco/work/results/stage19_mixed_recovery/locked_test_v1/medium/seed_08.json
PPO,MEDIUM,8,BURST,1.0,22.07,1.88,100,/Users/lab4099/Desktop/Mujoco/work/results/stage19_mixed_recovery/locked_test_v1/medium/seed_08.json
PPO,MEDIUM,8,RECOVERY,0.0,22.07,1.88,100,/Users/lab4099/Desktop/Mujoco/work/results/stage19_mixed_recovery/locked_test_v1/medium/seed_08.json
PPO,MEDIUM,8,RECOVERY,0.025,20.85,1.9,100,/Users/lab4099/Desktop/Mujoco/work/results/stage19_mixed_recovery/locked_test_v1/medium/seed_08.json
PPO,MEDIUM,8,RECOVERY,0.05,20.11,1.92,100,/Users/lab4099/Desktop/Mujoco/work/results/stage19_mixed_recovery/locked_test_v1/medium/seed_08.json
PPO,MEDIUM,8,RECOVERY,0.07500000000000001,19.56,1.95,100,/Users/lab4099/Desktop/Mujoco/work/results/stage19_mixed_recovery/locked_test_v1/medium/seed_08.json
PPO,MEDIUM,8,RECOVERY,0.1,18.35,2.02,100,/Users/lab4099/Desktop/Mujoco/work/results/stage19_mixed_recovery/locked_test_v1/medium/seed_08.json
PPO,MEDIUM,8,RECOVERY,0.125,17.69,1.98,100,/Users/lab4099/Desktop/Mujoco/work/results/stage19_mixed_recovery/locked_test_v1/medium/seed_08.json
PPO,MEDIUM,8,RECOVERY,0.15000000000000002,15.65,2.09,100,/Users/lab4099/Desktop/Mujoco/work/results/stage19_mixed_recovery/locked_test_v1/medium/seed_08.json
PPO,MEDIUM,8,RECOVERY,0.17500000000000002,14.15,2.0,100,/Users/lab4099/Desktop/Mujoco/work/results/stage19_mixed_recovery/locked_test_v1/medium/seed_08.json
PPO,MEDIUM,8,RECOVERY,0.2,11.79,2.1,100,/Users/lab4099/Desktop/Mujoco/work/results/stage19_mixed_recovery/locked_test_v1/medium/seed_08.json
PPO,MEDIUM,8,RECOVERY,0.225,9.74,1.92,100,/Users/lab4099/Desktop/Mujoco/work/results/stage19_mixed_recovery/locked_test_v1/medium/seed_08.json
PPO,MEDIUM,8,RECOVERY,0.25,7.45,1.81,100,/Users/lab4099/Desktop/Mujoco/work/results/stage19_mixed_recovery/locked_test_v1/medium/seed_08.json
PPO,MEDIUM,8,RECOVERY,0.275,5.86,1.67,100,/Users/lab4099/Desktop/Mujoco/work/results/stage19_mixed_recovery/locked_test_v1/medium/seed_08.json
PPO,MEDIUM,8,RECOVERY,0.30000000000000004,4.72,1.49,100,/Users/lab4099/Desktop/Mujoco/work/results/stage19_mixed_recovery/locked_test_v1/medium/seed_08.json
PPO,MEDIUM,8,RECOVERY,0.325,3.91,1.34,100,/Users/lab4099/Desktop/Mujoco/work/results/stage19_mixed_recovery/locked_test_v1/medium/seed_08.json
PPO,MEDIUM,8,RECOVERY,0.35000000000000003,3.07,1.35,100,/Users/lab4099/Desktop/Mujoco/work/results/stage19_mixed_recovery/locked_test_v1/medium/seed_08.json
PPO,MEDIUM,8,RECOVERY,0.375,2.66,1.32,100,/Users/lab4099/Desktop/Mujoco/work/results/stage19_mixed_recovery/locked_test_v1/medium/seed_08.json
PPO,MEDIUM,8,RECOVERY,0.4,1.89,1.15,100,/Users/lab4099/Desktop/Mujoco/work/results/stage19_mixed_recovery/locked_test_v1/medium/seed_08.json
PPO,MEDIUM,8,RECOVERY,0.42500000000000004,1.63,1.1,100,/Users/lab4099/Desktop/Mujoco/work/results/stage19_mixed_recovery/locked_test_v1/medium/seed_08.json
PPO,MEDIUM,8,RECOVERY,0.45,1.03,1.05,100,/Users/lab4099/Desktop/Mujoco/work/results/stage19_mixed_recovery/locked_test_v1/medium/seed_08.json
PPO,MEDIUM,8,RECOVERY,0.47500000000000003,0.75,0.97,100,/Users/lab4099/Desktop/Mujoco/work/results/stage19_mixed_recovery/locked_test_v1/medium/seed_08.json
PPO,MEDIUM,8,RECOVERY,0.5,0.47,0.86,100,/Users/lab4099/Desktop/Mujoco/work/results/stage19_mixed_recovery/locked_test_v1/medium/seed_08.json
PPO,MEDIUM,8,RECOVERY,0.525,0.4,0.73,100,/Users/lab4099/Desktop/Mujoco/work/results/stage19_mixed_recovery/locked_test_v1/medium/seed_08.json
PPO,MEDIUM,8,RECOVERY,0.55,0.2,0.64,100,/Users/lab4099/Desktop/Mujoco/work/results/stage19_mixed_recovery/locked_test_v1/medium/seed_08.json
PPO,MEDIUM,8,RECOVERY,0.5750000000000001,0.14,0.65,100,/Users/lab4099/Desktop/Mujoco/work/results/stage19_mixed_recovery/locked_test_v1/medium/seed_08.json
PPO,MEDIUM,8,RECOVERY,0.6000000000000001,0.06,0.63,100,/Users/lab4099/Desktop/Mujoco/work/results/stage19_mixed_recovery/locked_test_v1/medium/seed_08.json
PPO,MEDIUM,8,RECOVERY,0.625,0.05,0.46,100,/Users/lab4099/Desktop/Mujoco/work/results/stage19_mixed_recovery/locked_test_v1/medium/seed_08.json
PPO,MEDIUM,8,RECOVERY,0.65,0.03,0.5,100,/Users/lab4099/Desktop/Mujoco/work/results/stage19_mixed_recovery/locked_test_v1/medium/seed_08.json
PPO,MEDIUM,8,RECOVERY,0.675,0.01,0.56,100,/Users/lab4099/Desktop/Mujoco/work/results/stage19_mixed_recovery/locked_test_v1/medium/seed_08.json
PPO,MEDIUM,8,RECOVERY,0.7000000000000001,0.01,0.55,100,/Users/lab4099/Desktop/Mujoco/work/results/stage19_mixed_recovery/locked_test_v1/medium/seed_08.json
PPO,MEDIUM,8,RECOVERY,0.7250000000000001,0.0,0.48,100,/Users/lab4099/Desktop/Mujoco/work/results/stage19_mixed_recovery/locked_test_v1/medium/seed_08.json
PPO,MEDIUM,8,RECOVERY,0.75,0.0,0.56,100,/Users/lab4099/Desktop/Mujoco/work/results/stage19_mixed_recovery/locked_test_v1/medium/seed_08.json
PPO,MEDIUM,8,RECOVERY,0.775,0.0,0.37,100,/Users/lab4099/Desktop/Mujoco/work/results/stage19_mixed_recovery/locked_test_v1/medium/seed_08.json
PPO,MEDIUM,8,RECOVERY,0.8,0.0,0.57,100,/Users/lab4099/Desktop/Mujoco/work/results/stage19_mixed_recovery/locked_test_v1/medium/seed_08.json
PPO,MEDIUM,8,RECOVERY,0.8250000000000001,0.0,0.46,100,/Users/lab4099/Desktop/Mujoco/work/results/stage19_mixed_recovery/locked_test_v1/medium/seed_08.json
PPO,MEDIUM,8,RECOVERY,0.8500000000000001,0.0,0.55,100,/Users/lab4099/Desktop/Mujoco/work/results/stage19_mixed_recovery/locked_test_v1/medium/seed_08.json
PPO,MEDIUM,8,RECOVERY,0.875,0.0,0.47,100,/Users/lab4099/Desktop/Mujoco/work/results/stage19_mixed_recovery/locked_test_v1/medium/seed_08.json
PPO,MEDIUM,8,RECOVERY,0.9,0.02,0.57,100,/Users/lab4099/Desktop/Mujoco/work/results/stage19_mixed_recovery/locked_test_v1/medium/seed_08.json
PPO,MEDIUM,8,RECOVERY,0.925,0.0,0.47,100,/Users/lab4099/Desktop/Mujoco/work/results/stage19_mixed_recovery/locked_test_v1/medium/seed_08.json
PPO,MEDIUM,8,RECOVERY,0.9500000000000001,0.02,0.54,100,/Users/lab4099/Desktop/Mujoco/work/results/stage19_mixed_recovery/locked_test_v1/medium/seed_08.json
PPO,MEDIUM,8,RECOVERY,0.9750000000000001,0.0,0.77,100,/Users/lab4099/Desktop/Mujoco/work/results/stage19_mixed_recovery/locked_test_v1/medium/seed_08.json
PPO,MEDIUM,8,RECOVERY,1.0,0.0,0.0,100,/Users/lab4099/Desktop/Mujoco/work/results/stage19_mixed_recovery/locked_test_v1/medium/seed_08.json
PPO,MEDIUM,9,NORMAL,0.0,0.0,1.0,100,/Users/lab4099/Desktop/Mujoco/work/results/stage19_mixed_recovery/locked_test_v1/medium/seed_09.json
PPO,MEDIUM,9,NORMAL,0.025,0.0,0.27,100,/Users/lab4099/Desktop/Mujoco/work/results/stage19_mixed_recovery/locked_test_v1/medium/seed_09.json
PPO,MEDIUM,9,NORMAL,0.05,0.0,0.37,100,/Users/lab4099/Desktop/Mujoco/work/results/stage19_mixed_recovery/locked_test_v1/medium/seed_09.json
PPO,MEDIUM,9,NORMAL,0.07500000000000001,0.0,0.31,100,/Users/lab4099/Desktop/Mujoco/work/results/stage19_mixed_recovery/locked_test_v1/medium/seed_09.json
PPO,MEDIUM,9,NORMAL,0.1,0.0,0.28,100,/Users/lab4099/Desktop/Mujoco/work/results/stage19_mixed_recovery/locked_test_v1/medium/seed_09.json
PPO,MEDIUM,9,NORMAL,0.125,0.0,0.51,100,/Users/lab4099/Desktop/Mujoco/work/results/stage19_mixed_recovery/locked_test_v1/medium/seed_09.json
PPO,MEDIUM,9,NORMAL,0.15000000000000002,0.01,0.3,100,/Users/lab4099/Desktop/Mujoco/work/results/stage19_mixed_recovery/locked_test_v1/medium/seed_09.json
PPO,MEDIUM,9,NORMAL,0.17500000000000002,0.0,0.45,100,/Users/lab4099/Desktop/Mujoco/work/results/stage19_mixed_recovery/locked_test_v1/medium/seed_09.json
PPO,MEDIUM,9,NORMAL,0.2,0.0,0.26,100,/Users/lab4099/Desktop/Mujoco/work/results/stage19_mixed_recovery/locked_test_v1/medium/seed_09.json
PPO,MEDIUM,9,NORMAL,0.225,0.0,0.55,100,/Users/lab4099/Desktop/Mujoco/work/results/stage19_mixed_recovery/locked_test_v1/medium/seed_09.json
PPO,MEDIUM,9,NORMAL,0.25,0.0,0.2,100,/Users/lab4099/Desktop/Mujoco/work/results/stage19_mixed_recovery/locked_test_v1/medium/seed_09.json
PPO,MEDIUM,9,NORMAL,0.275,0.0,0.51,100,/Users/lab4099/Desktop/Mujoco/work/results/stage19_mixed_recovery/locked_test_v1/medium/seed_09.json
PPO,MEDIUM,9,NORMAL,0.30000000000000004,0.0,0.28,100,/Users/lab4099/Desktop/Mujoco/work/results/stage19_mixed_recovery/locked_test_v1/medium/seed_09.json
PPO,MEDIUM,9,NORMAL,0.325,0.0,0.56,100,/Users/lab4099/Desktop/Mujoco/work/results/stage19_mixed_recovery/locked_test_v1/medium/seed_09.json
PPO,MEDIUM,9,NORMAL,0.35000000000000003,0.0,0.28,100,/Users/lab4099/Desktop/Mujoco/work/results/stage19_mixed_recovery/locked_test_v1/medium/seed_09.json
PPO,MEDIUM,9,NORMAL,0.375,0.0,0.63,100,/Users/lab4099/Desktop/Mujoco/work/results/stage19_mixed_recovery/locked_test_v1/medium/seed_09.json
PPO,MEDIUM,9,NORMAL,0.4,0.0,0.38,100,/Users/lab4099/Desktop/Mujoco/work/results/stage19_mixed_recovery/locked_test_v1/medium/seed_09.json
PPO,MEDIUM,9,NORMAL,0.42500000000000004,0.0,0.56,100,/Users/lab4099/Desktop/Mujoco/work/results/stage19_mixed_recovery/locked_test_v1/medium/seed_09.json
PPO,MEDIUM,9,NORMAL,0.45,0.0,0.3,100,/Users/lab4099/Desktop/Mujoco/work/results/stage19_mixed_recovery/locked_test_v1/medium/seed_09.json
PPO,MEDIUM,9,NORMAL,0.47500000000000003,0.0,0.67,100,/Users/lab4099/Desktop/Mujoco/work/results/stage19_mixed_recovery/locked_test_v1/medium/seed_09.json
PPO,MEDIUM,9,NORMAL,0.5,0.0,0.43,100,/Users/lab4099/Desktop/Mujoco/work/results/stage19_mixed_recovery/locked_test_v1/medium/seed_09.json
PPO,MEDIUM,9,NORMAL,0.525,0.0,0.64,100,/Users/lab4099/Desktop/Mujoco/work/results/stage19_mixed_recovery/locked_test_v1/medium/seed_09.json
PPO,MEDIUM,9,NORMAL,0.55,0.0,0.52,100,/Users/lab4099/Desktop/Mujoco/work/results/stage19_mixed_recovery/locked_test_v1/medium/seed_09.json
PPO,MEDIUM,9,NORMAL,0.5750000000000001,0.01,0.59,100,/Users/lab4099/Desktop/Mujoco/work/results/stage19_mixed_recovery/locked_test_v1/medium/seed_09.json
PPO,MEDIUM,9,NORMAL,0.6000000000000001,0.0,0.5,100,/Users/lab4099/Desktop/Mujoco/work/results/stage19_mixed_recovery/locked_test_v1/medium/seed_09.json
PPO,MEDIUM,9,NORMAL,0.625,0.01,0.57,100,/Users/lab4099/Desktop/Mujoco/work/results/stage19_mixed_recovery/locked_test_v1/medium/seed_09.json
PPO,MEDIUM,9,NORMAL,0.65,0.0,0.38,100,/Users/lab4099/Desktop/Mujoco/work/results/stage19_mixed_recovery/locked_test_v1/medium/seed_09.json
PPO,MEDIUM,9,NORMAL,0.675,0.01,0.35,100,/Users/lab4099/Desktop/Mujoco/work/results/stage19_mixed_recovery/locked_test_v1/medium/seed_09.json
PPO,MEDIUM,9,NORMAL,0.7000000000000001,0.0,0.4,100,/Users/lab4099/Desktop/Mujoco/work/results/stage19_mixed_recovery/locked_test_v1/medium/seed_09.json
PPO,MEDIUM,9,NORMAL,0.7250000000000001,0.0,0.32,100,/Users/lab4099/Desktop/Mujoco/work/results/stage19_mixed_recovery/locked_test_v1/medium/seed_09.json
PPO,MEDIUM,9,NORMAL,0.75,0.0,0.51,100,/Users/lab4099/Desktop/Mujoco/work/results/stage19_mixed_recovery/locked_test_v1/medium/seed_09.json
PPO,MEDIUM,9,NORMAL,0.775,0.01,0.35,100,/Users/lab4099/Desktop/Mujoco/work/results/stage19_mixed_recovery/locked_test_v1/medium/seed_09.json
PPO,MEDIUM,9,NORMAL,0.8,0.0,0.56,100,/Users/lab4099/Desktop/Mujoco/work/results/stage19_mixed_recovery/locked_test_v1/medium/seed_09.json
PPO,MEDIUM,9,NORMAL,0.8250000000000001,0.0,0.23,100,/Users/lab4099/Desktop/Mujoco/work/results/stage19_mixed_recovery/locked_test_v1/medium/seed_09.json
PPO,MEDIUM,9,NORMAL,0.8500000000000001,0.0,0.49,100,/Users/lab4099/Desktop/Mujoco/work/results/stage19_mixed_recovery/locked_test_v1/medium/seed_09.json
PPO,MEDIUM,9,NORMAL,0.875,0.0,0.23,100,/Users/lab4099/Desktop/Mujoco/work/results/stage19_mixed_recovery/locked_test_v1/medium/seed_09.json
PPO,MEDIUM,9,NORMAL,0.9,0.0,0.52,100,/Users/lab4099/Desktop/Mujoco/work/results/stage19_mixed_recovery/locked_test_v1/medium/seed_09.json
PPO,MEDIUM,9,NORMAL,0.925,0.0,0.34,100,/Users/lab4099/Desktop/Mujoco/work/results/stage19_mixed_recovery/locked_test_v1/medium/seed_09.json
PPO,MEDIUM,9,NORMAL,0.9500000000000001,0.0,0.64,100,/Users/lab4099/Desktop/Mujoco/work/results/stage19_mixed_recovery/locked_test_v1/medium/seed_09.json
PPO,MEDIUM,9,NORMAL,0.9750000000000001,0.0,0.35,100,/Users/lab4099/Desktop/Mujoco/work/results/stage19_mixed_recovery/locked_test_v1/medium/seed_09.json
PPO,MEDIUM,9,NORMAL,1.0,0.3,1.31,100,/Users/lab4099/Desktop/Mujoco/work/results/stage19_mixed_recovery/locked_test_v1/medium/seed_09.json
PPO,MEDIUM,9,DENSE,0.0,0.3,1.31,100,/Users/lab4099/Desktop/Mujoco/work/results/stage19_mixed_recovery/locked_test_v1/medium/seed_09.json
PPO,MEDIUM,9,DENSE,0.025,0.29,1.02,100,/Users/lab4099/Desktop/Mujoco/work/results/stage19_mixed_recovery/locked_test_v1/medium/seed_09.json
PPO,MEDIUM,9,DENSE,0.05,0.56,1.06,100,/Users/lab4099/Desktop/Mujoco/work/results/stage19_mixed_recovery/locked_test_v1/medium/seed_09.json
PPO,MEDIUM,9,DENSE,0.07500000000000001,0.84,1.23,100,/Users/lab4099/Desktop/Mujoco/work/results/stage19_mixed_recovery/locked_test_v1/medium/seed_09.json
PPO,MEDIUM,9,DENSE,0.1,1.03,1.2,100,/Users/lab4099/Desktop/Mujoco/work/results/stage19_mixed_recovery/locked_test_v1/medium/seed_09.json
PPO,MEDIUM,9,DENSE,0.125,1.45,1.34,100,/Users/lab4099/Desktop/Mujoco/work/results/stage19_mixed_recovery/locked_test_v1/medium/seed_09.json
PPO,MEDIUM,9,DENSE,0.15000000000000002,1.53,1.27,100,/Users/lab4099/Desktop/Mujoco/work/results/stage19_mixed_recovery/locked_test_v1/medium/seed_09.json
PPO,MEDIUM,9,DENSE,0.17500000000000002,1.65,1.35,100,/Users/lab4099/Desktop/Mujoco/work/results/stage19_mixed_recovery/locked_test_v1/medium/seed_09.json
PPO,MEDIUM,9,DENSE,0.2,1.59,1.32,100,/Users/lab4099/Desktop/Mujoco/work/results/stage19_mixed_recovery/locked_test_v1/medium/seed_09.json
PPO,MEDIUM,9,DENSE,0.225,1.73,1.4,100,/Users/lab4099/Desktop/Mujoco/work/results/stage19_mixed_recovery/locked_test_v1/medium/seed_09.json
PPO,MEDIUM,9,DENSE,0.25,1.67,1.46,100,/Users/lab4099/Desktop/Mujoco/work/results/stage19_mixed_recovery/locked_test_v1/medium/seed_09.json
PPO,MEDIUM,9,DENSE,0.275,1.98,1.57,100,/Users/lab4099/Desktop/Mujoco/work/results/stage19_mixed_recovery/locked_test_v1/medium/seed_09.json
PPO,MEDIUM,9,DENSE,0.30000000000000004,2.11,1.57,100,/Users/lab4099/Desktop/Mujoco/work/results/stage19_mixed_recovery/locked_test_v1/medium/seed_09.json
PPO,MEDIUM,9,DENSE,0.325,2.28,1.53,100,/Users/lab4099/Desktop/Mujoco/work/results/stage19_mixed_recovery/locked_test_v1/medium/seed_09.json
PPO,MEDIUM,9,DENSE,0.35000000000000003,2.49,1.52,100,/Users/lab4099/Desktop/Mujoco/work/results/stage19_mixed_recovery/locked_test_v1/medium/seed_09.json
PPO,MEDIUM,9,DENSE,0.375,2.57,1.6,100,/Users/lab4099/Desktop/Mujoco/work/results/stage19_mixed_recovery/locked_test_v1/medium/seed_09.json
PPO,MEDIUM,9,DENSE,0.4,2.68,1.66,100,/Users/lab4099/Desktop/Mujoco/work/results/stage19_mixed_recovery/locked_test_v1/medium/seed_09.json
PPO,MEDIUM,9,DENSE,0.42500000000000004,2.78,1.64,100,/Users/lab4099/Desktop/Mujoco/work/results/stage19_mixed_recovery/locked_test_v1/medium/seed_09.json
PPO,MEDIUM,9,DENSE,0.45,2.93,1.63,100,/Users/lab4099/Desktop/Mujoco/work/results/stage19_mixed_recovery/locked_test_v1/medium/seed_09.json
PPO,MEDIUM,9,DENSE,0.47500000000000003,3.02,1.68,100,/Users/lab4099/Desktop/Mujoco/work/results/stage19_mixed_recovery/locked_test_v1/medium/seed_09.json
PPO,MEDIUM,9,DENSE,0.5,3.21,1.64,100,/Users/lab4099/Desktop/Mujoco/work/results/stage19_mixed_recovery/locked_test_v1/medium/seed_09.json
PPO,MEDIUM,9,DENSE,0.525,3.34,1.64,100,/Users/lab4099/Desktop/Mujoco/work/results/stage19_mixed_recovery/locked_test_v1/medium/seed_09.json
PPO,MEDIUM,9,DENSE,0.55,3.58,1.62,100,/Users/lab4099/Desktop/Mujoco/work/results/stage19_mixed_recovery/locked_test_v1/medium/seed_09.json
PPO,MEDIUM,9,DENSE,0.5750000000000001,3.58,1.65,100,/Users/lab4099/Desktop/Mujoco/work/results/stage19_mixed_recovery/locked_test_v1/medium/seed_09.json
PPO,MEDIUM,9,DENSE,0.6000000000000001,3.76,1.57,100,/Users/lab4099/Desktop/Mujoco/work/results/stage19_mixed_recovery/locked_test_v1/medium/seed_09.json
PPO,MEDIUM,9,DENSE,0.625,3.63,1.6,100,/Users/lab4099/Desktop/Mujoco/work/results/stage19_mixed_recovery/locked_test_v1/medium/seed_09.json
PPO,MEDIUM,9,DENSE,0.65,3.77,1.71,100,/Users/lab4099/Desktop/Mujoco/work/results/stage19_mixed_recovery/locked_test_v1/medium/seed_09.json
PPO,MEDIUM,9,DENSE,0.675,3.83,1.68,100,/Users/lab4099/Desktop/Mujoco/work/results/stage19_mixed_recovery/locked_test_v1/medium/seed_09.json
PPO,MEDIUM,9,DENSE,0.7000000000000001,4.0,1.71,100,/Users/lab4099/Desktop/Mujoco/work/results/stage19_mixed_recovery/locked_test_v1/medium/seed_09.json
PPO,MEDIUM,9,DENSE,0.7250000000000001,4.04,1.74,100,/Users/lab4099/Desktop/Mujoco/work/results/stage19_mixed_recovery/locked_test_v1/medium/seed_09.json
PPO,MEDIUM,9,DENSE,0.75,4.25,1.71,100,/Users/lab4099/Desktop/Mujoco/work/results/stage19_mixed_recovery/locked_test_v1/medium/seed_09.json
PPO,MEDIUM,9,DENSE,0.775,4.26,1.66,100,/Users/lab4099/Desktop/Mujoco/work/results/stage19_mixed_recovery/locked_test_v1/medium/seed_09.json
PPO,MEDIUM,9,DENSE,0.8,4.43,1.8,100,/Users/lab4099/Desktop/Mujoco/work/results/stage19_mixed_recovery/locked_test_v1/medium/seed_09.json
PPO,MEDIUM,9,DENSE,0.8250000000000001,4.3,1.78,100,/Users/lab4099/Desktop/Mujoco/work/results/stage19_mixed_recovery/locked_test_v1/medium/seed_09.json
PPO,MEDIUM,9,DENSE,0.8500000000000001,4.48,1.8,100,/Users/lab4099/Desktop/Mujoco/work/results/stage19_mixed_recovery/locked_test_v1/medium/seed_09.json
PPO,MEDIUM,9,DENSE,0.875,4.55,1.77,100,/Users/lab4099/Desktop/Mujoco/work/results/stage19_mixed_recovery/locked_test_v1/medium/seed_09.json
PPO,MEDIUM,9,DENSE,0.9,4.76,1.9,100,/Users/lab4099/Desktop/Mujoco/work/results/stage19_mixed_recovery/locked_test_v1/medium/seed_09.json
PPO,MEDIUM,9,DENSE,0.925,4.66,1.83,100,/Users/lab4099/Desktop/Mujoco/work/results/stage19_mixed_recovery/locked_test_v1/medium/seed_09.json
PPO,MEDIUM,9,DENSE,0.9500000000000001,5.04,1.97,100,/Users/lab4099/Desktop/Mujoco/work/results/stage19_mixed_recovery/locked_test_v1/medium/seed_09.json
PPO,MEDIUM,9,DENSE,0.9750000000000001,4.82,1.85,100,/Users/lab4099/Desktop/Mujoco/work/results/stage19_mixed_recovery/locked_test_v1/medium/seed_09.json
PPO,MEDIUM,9,DENSE,1.0,6.3,2.02,100,/Users/lab4099/Desktop/Mujoco/work/results/stage19_mixed_recovery/locked_test_v1/medium/seed_09.json
PPO,MEDIUM,9,BURST,0.0,6.3,2.02,100,/Users/lab4099/Desktop/Mujoco/work/results/stage19_mixed_recovery/locked_test_v1/medium/seed_09.json
PPO,MEDIUM,9,BURST,0.025,7.34,2.13,100,/Users/lab4099/Desktop/Mujoco/work/results/stage19_mixed_recovery/locked_test_v1/medium/seed_09.json
PPO,MEDIUM,9,BURST,0.05,8.64,2.29,100,/Users/lab4099/Desktop/Mujoco/work/results/stage19_mixed_recovery/locked_test_v1/medium/seed_09.json
PPO,MEDIUM,9,BURST,0.07500000000000001,9.94,2.23,100,/Users/lab4099/Desktop/Mujoco/work/results/stage19_mixed_recovery/locked_test_v1/medium/seed_09.json
PPO,MEDIUM,9,BURST,0.1,11.41,2.25,100,/Users/lab4099/Desktop/Mujoco/work/results/stage19_mixed_recovery/locked_test_v1/medium/seed_09.json
PPO,MEDIUM,9,BURST,0.125,12.8,2.24,100,/Users/lab4099/Desktop/Mujoco/work/results/stage19_mixed_recovery/locked_test_v1/medium/seed_09.json
PPO,MEDIUM,9,BURST,0.15000000000000002,14.31,2.18,100,/Users/lab4099/Desktop/Mujoco/work/results/stage19_mixed_recovery/locked_test_v1/medium/seed_09.json
PPO,MEDIUM,9,BURST,0.17500000000000002,15.77,2.11,100,/Users/lab4099/Desktop/Mujoco/work/results/stage19_mixed_recovery/locked_test_v1/medium/seed_09.json
PPO,MEDIUM,9,BURST,0.2,17.34,2.08,100,/Users/lab4099/Desktop/Mujoco/work/results/stage19_mixed_recovery/locked_test_v1/medium/seed_09.json
PPO,MEDIUM,9,BURST,0.225,18.79,2.04,100,/Users/lab4099/Desktop/Mujoco/work/results/stage19_mixed_recovery/locked_test_v1/medium/seed_09.json
PPO,MEDIUM,9,BURST,0.25,20.4,1.99,100,/Users/lab4099/Desktop/Mujoco/work/results/stage19_mixed_recovery/locked_test_v1/medium/seed_09.json
PPO,MEDIUM,9,BURST,0.275,21.92,1.97,100,/Users/lab4099/Desktop/Mujoco/work/results/stage19_mixed_recovery/locked_test_v1/medium/seed_09.json
PPO,MEDIUM,9,BURST,0.30000000000000004,23.21,1.95,100,/Users/lab4099/Desktop/Mujoco/work/results/stage19_mixed_recovery/locked_test_v1/medium/seed_09.json
PPO,MEDIUM,9,BURST,0.325,23.54,1.95,100,/Users/lab4099/Desktop/Mujoco/work/results/stage19_mixed_recovery/locked_test_v1/medium/seed_09.json
PPO,MEDIUM,9,BURST,0.35000000000000003,23.51,1.92,100,/Users/lab4099/Desktop/Mujoco/work/results/stage19_mixed_recovery/locked_test_v1/medium/seed_09.json
PPO,MEDIUM,9,BURST,0.375,23.44,1.93,100,/Users/lab4099/Desktop/Mujoco/work/results/stage19_mixed_recovery/locked_test_v1/medium/seed_09.json
PPO,MEDIUM,9,BURST,0.4,23.38,1.93,100,/Users/lab4099/Desktop/Mujoco/work/results/stage19_mixed_recovery/locked_test_v1/medium/seed_09.json
PPO,MEDIUM,9,BURST,0.42500000000000004,23.3,1.93,100,/Users/lab4099/Desktop/Mujoco/work/results/stage19_mixed_recovery/locked_test_v1/medium/seed_09.json
PPO,MEDIUM,9,BURST,0.45,23.23,1.92,100,/Users/lab4099/Desktop/Mujoco/work/results/stage19_mixed_recovery/locked_test_v1/medium/seed_09.json
PPO,MEDIUM,9,BURST,0.47500000000000003,23.19,1.91,100,/Users/lab4099/Desktop/Mujoco/work/results/stage19_mixed_recovery/locked_test_v1/medium/seed_09.json
PPO,MEDIUM,9,BURST,0.5,23.12,1.91,100,/Users/lab4099/Desktop/Mujoco/work/results/stage19_mixed_recovery/locked_test_v1/medium/seed_09.json
PPO,MEDIUM,9,BURST,0.525,23.02,1.9,100,/Users/lab4099/Desktop/Mujoco/work/results/stage19_mixed_recovery/locked_test_v1/medium/seed_09.json
PPO,MEDIUM,9,BURST,0.55,22.93,1.89,100,/Users/lab4099/Desktop/Mujoco/work/results/stage19_mixed_recovery/locked_test_v1/medium/seed_09.json
PPO,MEDIUM,9,BURST,0.5750000000000001,22.85,1.9,100,/Users/lab4099/Desktop/Mujoco/work/results/stage19_mixed_recovery/locked_test_v1/medium/seed_09.json
PPO,MEDIUM,9,BURST,0.6000000000000001,22.73,1.9,100,/Users/lab4099/Desktop/Mujoco/work/results/stage19_mixed_recovery/locked_test_v1/medium/seed_09.json
PPO,MEDIUM,9,BURST,0.625,22.64,1.88,100,/Users/lab4099/Desktop/Mujoco/work/results/stage19_mixed_recovery/locked_test_v1/medium/seed_09.json
PPO,MEDIUM,9,BURST,0.65,22.58,1.88,100,/Users/lab4099/Desktop/Mujoco/work/results/stage19_mixed_recovery/locked_test_v1/medium/seed_09.json
PPO,MEDIUM,9,BURST,0.675,22.43,1.88,100,/Users/lab4099/Desktop/Mujoco/work/results/stage19_mixed_recovery/locked_test_v1/medium/seed_09.json
PPO,MEDIUM,9,BURST,0.7000000000000001,22.38,1.86,100,/Users/lab4099/Desktop/Mujoco/work/results/stage19_mixed_recovery/locked_test_v1/medium/seed_09.json
PPO,MEDIUM,9,BURST,0.7250000000000001,22.33,1.86,100,/Users/lab4099/Desktop/Mujoco/work/results/stage19_mixed_recovery/locked_test_v1/medium/seed_09.json
PPO,MEDIUM,9,BURST,0.75,22.26,1.85,100,/Users/lab4099/Desktop/Mujoco/work/results/stage19_mixed_recovery/locked_test_v1/medium/seed_09.json
PPO,MEDIUM,9,BURST,0.775,22.18,1.85,100,/Users/lab4099/Desktop/Mujoco/work/results/stage19_mixed_recovery/locked_test_v1/medium/seed_09.json
PPO,MEDIUM,9,BURST,0.8,22.11,1.84,100,/Users/lab4099/Desktop/Mujoco/work/results/stage19_mixed_recovery/locked_test_v1/medium/seed_09.json
PPO,MEDIUM,9,BURST,0.8250000000000001,22.04,1.84,100,/Users/lab4099/Desktop/Mujoco/work/results/stage19_mixed_recovery/locked_test_v1/medium/seed_09.json
PPO,MEDIUM,9,BURST,0.8500000000000001,21.97,1.85,100,/Users/lab4099/Desktop/Mujoco/work/results/stage19_mixed_recovery/locked_test_v1/medium/seed_09.json
PPO,MEDIUM,9,BURST,0.875,21.89,1.85,100,/Users/lab4099/Desktop/Mujoco/work/results/stage19_mixed_recovery/locked_test_v1/medium/seed_09.json
PPO,MEDIUM,9,BURST,0.9,21.81,1.86,100,/Users/lab4099/Desktop/Mujoco/work/results/stage19_mixed_recovery/locked_test_v1/medium/seed_09.json
PPO,MEDIUM,9,BURST,0.925,21.76,1.87,100,/Users/lab4099/Desktop/Mujoco/work/results/stage19_mixed_recovery/locked_test_v1/medium/seed_09.json
PPO,MEDIUM,9,BURST,0.9500000000000001,21.65,1.87,100,/Users/lab4099/Desktop/Mujoco/work/results/stage19_mixed_recovery/locked_test_v1/medium/seed_09.json
PPO,MEDIUM,9,BURST,0.9750000000000001,21.6,1.86,100,/Users/lab4099/Desktop/Mujoco/work/results/stage19_mixed_recovery/locked_test_v1/medium/seed_09.json
PPO,MEDIUM,9,BURST,1.0,22.55,1.85,100,/Users/lab4099/Desktop/Mujoco/work/results/stage19_mixed_recovery/locked_test_v1/medium/seed_09.json
PPO,MEDIUM,9,RECOVERY,0.0,22.55,1.85,100,/Users/lab4099/Desktop/Mujoco/work/results/stage19_mixed_recovery/locked_test_v1/medium/seed_09.json
PPO,MEDIUM,9,RECOVERY,0.025,21.35,1.91,100,/Users/lab4099/Desktop/Mujoco/work/results/stage19_mixed_recovery/locked_test_v1/medium/seed_09.json
PPO,MEDIUM,9,RECOVERY,0.05,20.59,1.95,100,/Users/lab4099/Desktop/Mujoco/work/results/stage19_mixed_recovery/locked_test_v1/medium/seed_09.json
PPO,MEDIUM,9,RECOVERY,0.07500000000000001,20.09,1.91,100,/Users/lab4099/Desktop/Mujoco/work/results/stage19_mixed_recovery/locked_test_v1/medium/seed_09.json
PPO,MEDIUM,9,RECOVERY,0.1,19.02,1.97,100,/Users/lab4099/Desktop/Mujoco/work/results/stage19_mixed_recovery/locked_test_v1/medium/seed_09.json
PPO,MEDIUM,9,RECOVERY,0.125,18.39,1.91,100,/Users/lab4099/Desktop/Mujoco/work/results/stage19_mixed_recovery/locked_test_v1/medium/seed_09.json
PPO,MEDIUM,9,RECOVERY,0.15000000000000002,16.76,2.04,100,/Users/lab4099/Desktop/Mujoco/work/results/stage19_mixed_recovery/locked_test_v1/medium/seed_09.json
PPO,MEDIUM,9,RECOVERY,0.17500000000000002,15.84,1.91,100,/Users/lab4099/Desktop/Mujoco/work/results/stage19_mixed_recovery/locked_test_v1/medium/seed_09.json
PPO,MEDIUM,9,RECOVERY,0.2,14.01,1.91,100,/Users/lab4099/Desktop/Mujoco/work/results/stage19_mixed_recovery/locked_test_v1/medium/seed_09.json
PPO,MEDIUM,9,RECOVERY,0.225,12.73,1.87,100,/Users/lab4099/Desktop/Mujoco/work/results/stage19_mixed_recovery/locked_test_v1/medium/seed_09.json
PPO,MEDIUM,9,RECOVERY,0.25,10.94,1.84,100,/Users/lab4099/Desktop/Mujoco/work/results/stage19_mixed_recovery/locked_test_v1/medium/seed_09.json
PPO,MEDIUM,9,RECOVERY,0.275,9.6,1.71,100,/Users/lab4099/Desktop/Mujoco/work/results/stage19_mixed_recovery/locked_test_v1/medium/seed_09.json
PPO,MEDIUM,9,RECOVERY,0.30000000000000004,7.91,1.57,100,/Users/lab4099/Desktop/Mujoco/work/results/stage19_mixed_recovery/locked_test_v1/medium/seed_09.json
PPO,MEDIUM,9,RECOVERY,0.325,7.05,1.44,100,/Users/lab4099/Desktop/Mujoco/work/results/stage19_mixed_recovery/locked_test_v1/medium/seed_09.json
PPO,MEDIUM,9,RECOVERY,0.35000000000000003,6.11,1.42,100,/Users/lab4099/Desktop/Mujoco/work/results/stage19_mixed_recovery/locked_test_v1/medium/seed_09.json
PPO,MEDIUM,9,RECOVERY,0.375,5.13,1.35,100,/Users/lab4099/Desktop/Mujoco/work/results/stage19_mixed_recovery/locked_test_v1/medium/seed_09.json
PPO,MEDIUM,9,RECOVERY,0.4,4.05,1.17,100,/Users/lab4099/Desktop/Mujoco/work/results/stage19_mixed_recovery/locked_test_v1/medium/seed_09.json
PPO,MEDIUM,9,RECOVERY,0.42500000000000004,3.4,1.28,100,/Users/lab4099/Desktop/Mujoco/work/results/stage19_mixed_recovery/locked_test_v1/medium/seed_09.json
PPO,MEDIUM,9,RECOVERY,0.45,2.31,1.06,100,/Users/lab4099/Desktop/Mujoco/work/results/stage19_mixed_recovery/locked_test_v1/medium/seed_09.json
PPO,MEDIUM,9,RECOVERY,0.47500000000000003,1.72,1.1,100,/Users/lab4099/Desktop/Mujoco/work/results/stage19_mixed_recovery/locked_test_v1/medium/seed_09.json
PPO,MEDIUM,9,RECOVERY,0.5,1.32,0.88,100,/Users/lab4099/Desktop/Mujoco/work/results/stage19_mixed_recovery/locked_test_v1/medium/seed_09.json
PPO,MEDIUM,9,RECOVERY,0.525,0.96,0.71,100,/Users/lab4099/Desktop/Mujoco/work/results/stage19_mixed_recovery/locked_test_v1/medium/seed_09.json
PPO,MEDIUM,9,RECOVERY,0.55,0.68,0.66,100,/Users/lab4099/Desktop/Mujoco/work/results/stage19_mixed_recovery/locked_test_v1/medium/seed_09.json
PPO,MEDIUM,9,RECOVERY,0.5750000000000001,0.44,0.69,100,/Users/lab4099/Desktop/Mujoco/work/results/stage19_mixed_recovery/locked_test_v1/medium/seed_09.json
PPO,MEDIUM,9,RECOVERY,0.6000000000000001,0.25,0.62,100,/Users/lab4099/Desktop/Mujoco/work/results/stage19_mixed_recovery/locked_test_v1/medium/seed_09.json
PPO,MEDIUM,9,RECOVERY,0.625,0.12,0.51,100,/Users/lab4099/Desktop/Mujoco/work/results/stage19_mixed_recovery/locked_test_v1/medium/seed_09.json
PPO,MEDIUM,9,RECOVERY,0.65,0.08,0.55,100,/Users/lab4099/Desktop/Mujoco/work/results/stage19_mixed_recovery/locked_test_v1/medium/seed_09.json
PPO,MEDIUM,9,RECOVERY,0.675,0.03,0.6,100,/Users/lab4099/Desktop/Mujoco/work/results/stage19_mixed_recovery/locked_test_v1/medium/seed_09.json
PPO,MEDIUM,9,RECOVERY,0.7000000000000001,0.02,0.56,100,/Users/lab4099/Desktop/Mujoco/work/results/stage19_mixed_recovery/locked_test_v1/medium/seed_09.json
PPO,MEDIUM,9,RECOVERY,0.7250000000000001,0.02,0.48,100,/Users/lab4099/Desktop/Mujoco/work/results/stage19_mixed_recovery/locked_test_v1/medium/seed_09.json
PPO,MEDIUM,9,RECOVERY,0.75,0.0,0.53,100,/Users/lab4099/Desktop/Mujoco/work/results/stage19_mixed_recovery/locked_test_v1/medium/seed_09.json
PPO,MEDIUM,9,RECOVERY,0.775,0.0,0.39,100,/Users/lab4099/Desktop/Mujoco/work/results/stage19_mixed_recovery/locked_test_v1/medium/seed_09.json
PPO,MEDIUM,9,RECOVERY,0.8,0.0,0.53,100,/Users/lab4099/Desktop/Mujoco/work/results/stage19_mixed_recovery/locked_test_v1/medium/seed_09.json
PPO,MEDIUM,9,RECOVERY,0.8250000000000001,0.0,0.43,100,/Users/lab4099/Desktop/Mujoco/work/results/stage19_mixed_recovery/locked_test_v1/medium/seed_09.json
PPO,MEDIUM,9,RECOVERY,0.8500000000000001,0.0,0.58,100,/Users/lab4099/Desktop/Mujoco/work/results/stage19_mixed_recovery/locked_test_v1/medium/seed_09.json
PPO,MEDIUM,9,RECOVERY,0.875,0.0,0.45,100,/Users/lab4099/Desktop/Mujoco/work/results/stage19_mixed_recovery/locked_test_v1/medium/seed_09.json
PPO,MEDIUM,9,RECOVERY,0.9,0.01,0.56,100,/Users/lab4099/Desktop/Mujoco/work/results/stage19_mixed_recovery/locked_test_v1/medium/seed_09.json
PPO,MEDIUM,9,RECOVERY,0.925,0.0,0.46,100,/Users/lab4099/Desktop/Mujoco/work/results/stage19_mixed_recovery/locked_test_v1/medium/seed_09.json
PPO,MEDIUM,9,RECOVERY,0.9500000000000001,0.0,0.54,100,/Users/lab4099/Desktop/Mujoco/work/results/stage19_mixed_recovery/locked_test_v1/medium/seed_09.json
PPO,MEDIUM,9,RECOVERY,0.9750000000000001,0.0,0.78,100,/Users/lab4099/Desktop/Mujoco/work/results/stage19_mixed_recovery/locked_test_v1/medium/seed_09.json
PPO,MEDIUM,9,RECOVERY,1.0,0.0,0.0,100,/Users/lab4099/Desktop/Mujoco/work/results/stage19_mixed_recovery/locked_test_v1/medium/seed_09.json
PPO,MEDIUM,10,NORMAL,0.0,0.0,1.0,100,/Users/lab4099/Desktop/Mujoco/work/results/stage19_mixed_recovery/locked_test_v1/medium/seed_10.json
PPO,MEDIUM,10,NORMAL,0.025,0.0,0.27,100,/Users/lab4099/Desktop/Mujoco/work/results/stage19_mixed_recovery/locked_test_v1/medium/seed_10.json
PPO,MEDIUM,10,NORMAL,0.05,0.0,0.37,100,/Users/lab4099/Desktop/Mujoco/work/results/stage19_mixed_recovery/locked_test_v1/medium/seed_10.json
PPO,MEDIUM,10,NORMAL,0.07500000000000001,0.0,0.31,100,/Users/lab4099/Desktop/Mujoco/work/results/stage19_mixed_recovery/locked_test_v1/medium/seed_10.json
PPO,MEDIUM,10,NORMAL,0.1,0.0,0.3,100,/Users/lab4099/Desktop/Mujoco/work/results/stage19_mixed_recovery/locked_test_v1/medium/seed_10.json
PPO,MEDIUM,10,NORMAL,0.125,0.0,0.51,100,/Users/lab4099/Desktop/Mujoco/work/results/stage19_mixed_recovery/locked_test_v1/medium/seed_10.json
PPO,MEDIUM,10,NORMAL,0.15000000000000002,0.0,0.27,100,/Users/lab4099/Desktop/Mujoco/work/results/stage19_mixed_recovery/locked_test_v1/medium/seed_10.json
PPO,MEDIUM,10,NORMAL,0.17500000000000002,0.0,0.45,100,/Users/lab4099/Desktop/Mujoco/work/results/stage19_mixed_recovery/locked_test_v1/medium/seed_10.json
PPO,MEDIUM,10,NORMAL,0.2,0.0,0.26,100,/Users/lab4099/Desktop/Mujoco/work/results/stage19_mixed_recovery/locked_test_v1/medium/seed_10.json
PPO,MEDIUM,10,NORMAL,0.225,0.0,0.56,100,/Users/lab4099/Desktop/Mujoco/work/results/stage19_mixed_recovery/locked_test_v1/medium/seed_10.json
PPO,MEDIUM,10,NORMAL,0.25,0.0,0.2,100,/Users/lab4099/Desktop/Mujoco/work/results/stage19_mixed_recovery/locked_test_v1/medium/seed_10.json
PPO,MEDIUM,10,NORMAL,0.275,0.0,0.51,100,/Users/lab4099/Desktop/Mujoco/work/results/stage19_mixed_recovery/locked_test_v1/medium/seed_10.json
PPO,MEDIUM,10,NORMAL,0.30000000000000004,0.0,0.27,100,/Users/lab4099/Desktop/Mujoco/work/results/stage19_mixed_recovery/locked_test_v1/medium/seed_10.json
PPO,MEDIUM,10,NORMAL,0.325,0.0,0.56,100,/Users/lab4099/Desktop/Mujoco/work/results/stage19_mixed_recovery/locked_test_v1/medium/seed_10.json
PPO,MEDIUM,10,NORMAL,0.35000000000000003,0.0,0.29,100,/Users/lab4099/Desktop/Mujoco/work/results/stage19_mixed_recovery/locked_test_v1/medium/seed_10.json
PPO,MEDIUM,10,NORMAL,0.375,0.0,0.62,100,/Users/lab4099/Desktop/Mujoco/work/results/stage19_mixed_recovery/locked_test_v1/medium/seed_10.json
PPO,MEDIUM,10,NORMAL,0.4,0.0,0.39,100,/Users/lab4099/Desktop/Mujoco/work/results/stage19_mixed_recovery/locked_test_v1/medium/seed_10.json
PPO,MEDIUM,10,NORMAL,0.42500000000000004,0.0,0.56,100,/Users/lab4099/Desktop/Mujoco/work/results/stage19_mixed_recovery/locked_test_v1/medium/seed_10.json
PPO,MEDIUM,10,NORMAL,0.45,0.0,0.3,100,/Users/lab4099/Desktop/Mujoco/work/results/stage19_mixed_recovery/locked_test_v1/medium/seed_10.json
PPO,MEDIUM,10,NORMAL,0.47500000000000003,0.0,0.67,100,/Users/lab4099/Desktop/Mujoco/work/results/stage19_mixed_recovery/locked_test_v1/medium/seed_10.json
PPO,MEDIUM,10,NORMAL,0.5,0.0,0.41,100,/Users/lab4099/Desktop/Mujoco/work/results/stage19_mixed_recovery/locked_test_v1/medium/seed_10.json
PPO,MEDIUM,10,NORMAL,0.525,0.0,0.65,100,/Users/lab4099/Desktop/Mujoco/work/results/stage19_mixed_recovery/locked_test_v1/medium/seed_10.json
PPO,MEDIUM,10,NORMAL,0.55,0.0,0.53,100,/Users/lab4099/Desktop/Mujoco/work/results/stage19_mixed_recovery/locked_test_v1/medium/seed_10.json
PPO,MEDIUM,10,NORMAL,0.5750000000000001,0.02,0.61,100,/Users/lab4099/Desktop/Mujoco/work/results/stage19_mixed_recovery/locked_test_v1/medium/seed_10.json
PPO,MEDIUM,10,NORMAL,0.6000000000000001,0.0,0.49,100,/Users/lab4099/Desktop/Mujoco/work/results/stage19_mixed_recovery/locked_test_v1/medium/seed_10.json
PPO,MEDIUM,10,NORMAL,0.625,0.02,0.58,100,/Users/lab4099/Desktop/Mujoco/work/results/stage19_mixed_recovery/locked_test_v1/medium/seed_10.json
PPO,MEDIUM,10,NORMAL,0.65,0.0,0.37,100,/Users/lab4099/Desktop/Mujoco/work/results/stage19_mixed_recovery/locked_test_v1/medium/seed_10.json
PPO,MEDIUM,10,NORMAL,0.675,0.0,0.36,100,/Users/lab4099/Desktop/Mujoco/work/results/stage19_mixed_recovery/locked_test_v1/medium/seed_10.json
PPO,MEDIUM,10,NORMAL,0.7000000000000001,0.0,0.42,100,/Users/lab4099/Desktop/Mujoco/work/results/stage19_mixed_recovery/locked_test_v1/medium/seed_10.json
PPO,MEDIUM,10,NORMAL,0.7250000000000001,0.0,0.34,100,/Users/lab4099/Desktop/Mujoco/work/results/stage19_mixed_recovery/locked_test_v1/medium/seed_10.json
PPO,MEDIUM,10,NORMAL,0.75,0.0,0.51,100,/Users/lab4099/Desktop/Mujoco/work/results/stage19_mixed_recovery/locked_test_v1/medium/seed_10.json
PPO,MEDIUM,10,NORMAL,0.775,0.01,0.36,100,/Users/lab4099/Desktop/Mujoco/work/results/stage19_mixed_recovery/locked_test_v1/medium/seed_10.json
PPO,MEDIUM,10,NORMAL,0.8,0.0,0.55,100,/Users/lab4099/Desktop/Mujoco/work/results/stage19_mixed_recovery/locked_test_v1/medium/seed_10.json
PPO,MEDIUM,10,NORMAL,0.8250000000000001,0.0,0.23,100,/Users/lab4099/Desktop/Mujoco/work/results/stage19_mixed_recovery/locked_test_v1/medium/seed_10.json
PPO,MEDIUM,10,NORMAL,0.8500000000000001,0.0,0.49,100,/Users/lab4099/Desktop/Mujoco/work/results/stage19_mixed_recovery/locked_test_v1/medium/seed_10.json
PPO,MEDIUM,10,NORMAL,0.875,0.0,0.25,100,/Users/lab4099/Desktop/Mujoco/work/results/stage19_mixed_recovery/locked_test_v1/medium/seed_10.json
PPO,MEDIUM,10,NORMAL,0.9,0.0,0.52,100,/Users/lab4099/Desktop/Mujoco/work/results/stage19_mixed_recovery/locked_test_v1/medium/seed_10.json
PPO,MEDIUM,10,NORMAL,0.925,0.0,0.32,100,/Users/lab4099/Desktop/Mujoco/work/results/stage19_mixed_recovery/locked_test_v1/medium/seed_10.json
PPO,MEDIUM,10,NORMAL,0.9500000000000001,0.0,0.61,100,/Users/lab4099/Desktop/Mujoco/work/results/stage19_mixed_recovery/locked_test_v1/medium/seed_10.json
PPO,MEDIUM,10,NORMAL,0.9750000000000001,0.0,0.37,100,/Users/lab4099/Desktop/Mujoco/work/results/stage19_mixed_recovery/locked_test_v1/medium/seed_10.json
PPO,MEDIUM,10,NORMAL,1.0,0.31,1.32,100,/Users/lab4099/Desktop/Mujoco/work/results/stage19_mixed_recovery/locked_test_v1/medium/seed_10.json
PPO,MEDIUM,10,DENSE,0.0,0.31,1.32,100,/Users/lab4099/Desktop/Mujoco/work/results/stage19_mixed_recovery/locked_test_v1/medium/seed_10.json
PPO,MEDIUM,10,DENSE,0.025,0.29,1.04,100,/Users/lab4099/Desktop/Mujoco/work/results/stage19_mixed_recovery/locked_test_v1/medium/seed_10.json
PPO,MEDIUM,10,DENSE,0.05,0.56,1.04,100,/Users/lab4099/Desktop/Mujoco/work/results/stage19_mixed_recovery/locked_test_v1/medium/seed_10.json
PPO,MEDIUM,10,DENSE,0.07500000000000001,0.84,1.21,100,/Users/lab4099/Desktop/Mujoco/work/results/stage19_mixed_recovery/locked_test_v1/medium/seed_10.json
PPO,MEDIUM,10,DENSE,0.1,1.02,1.19,100,/Users/lab4099/Desktop/Mujoco/work/results/stage19_mixed_recovery/locked_test_v1/medium/seed_10.json
PPO,MEDIUM,10,DENSE,0.125,1.46,1.33,100,/Users/lab4099/Desktop/Mujoco/work/results/stage19_mixed_recovery/locked_test_v1/medium/seed_10.json
PPO,MEDIUM,10,DENSE,0.15000000000000002,1.53,1.28,100,/Users/lab4099/Desktop/Mujoco/work/results/stage19_mixed_recovery/locked_test_v1/medium/seed_10.json
PPO,MEDIUM,10,DENSE,0.17500000000000002,1.68,1.37,100,/Users/lab4099/Desktop/Mujoco/work/results/stage19_mixed_recovery/locked_test_v1/medium/seed_10.json
PPO,MEDIUM,10,DENSE,0.2,1.62,1.35,100,/Users/lab4099/Desktop/Mujoco/work/results/stage19_mixed_recovery/locked_test_v1/medium/seed_10.json
PPO,MEDIUM,10,DENSE,0.225,1.74,1.42,100,/Users/lab4099/Desktop/Mujoco/work/results/stage19_mixed_recovery/locked_test_v1/medium/seed_10.json
PPO,MEDIUM,10,DENSE,0.25,1.74,1.43,100,/Users/lab4099/Desktop/Mujoco/work/results/stage19_mixed_recovery/locked_test_v1/medium/seed_10.json
PPO,MEDIUM,10,DENSE,0.275,2.0,1.51,100,/Users/lab4099/Desktop/Mujoco/work/results/stage19_mixed_recovery/locked_test_v1/medium/seed_10.json
PPO,MEDIUM,10,DENSE,0.30000000000000004,2.15,1.53,100,/Users/lab4099/Desktop/Mujoco/work/results/stage19_mixed_recovery/locked_test_v1/medium/seed_10.json
PPO,MEDIUM,10,DENSE,0.325,2.34,1.49,100,/Users/lab4099/Desktop/Mujoco/work/results/stage19_mixed_recovery/locked_test_v1/medium/seed_10.json
PPO,MEDIUM,10,DENSE,0.35000000000000003,2.52,1.53,100,/Users/lab4099/Desktop/Mujoco/work/results/stage19_mixed_recovery/locked_test_v1/medium/seed_10.json
PPO,MEDIUM,10,DENSE,0.375,2.66,1.57,100,/Users/lab4099/Desktop/Mujoco/work/results/stage19_mixed_recovery/locked_test_v1/medium/seed_10.json
PPO,MEDIUM,10,DENSE,0.4,2.76,1.66,100,/Users/lab4099/Desktop/Mujoco/work/results/stage19_mixed_recovery/locked_test_v1/medium/seed_10.json
PPO,MEDIUM,10,DENSE,0.42500000000000004,2.89,1.68,100,/Users/lab4099/Desktop/Mujoco/work/results/stage19_mixed_recovery/locked_test_v1/medium/seed_10.json
PPO,MEDIUM,10,DENSE,0.45,2.98,1.66,100,/Users/lab4099/Desktop/Mujoco/work/results/stage19_mixed_recovery/locked_test_v1/medium/seed_10.json
PPO,MEDIUM,10,DENSE,0.47500000000000003,3.09,1.67,100,/Users/lab4099/Desktop/Mujoco/work/results/stage19_mixed_recovery/locked_test_v1/medium/seed_10.json
PPO,MEDIUM,10,DENSE,0.5,3.2,1.66,100,/Users/lab4099/Desktop/Mujoco/work/results/stage19_mixed_recovery/locked_test_v1/medium/seed_10.json
PPO,MEDIUM,10,DENSE,0.525,3.37,1.63,100,/Users/lab4099/Desktop/Mujoco/work/results/stage19_mixed_recovery/locked_test_v1/medium/seed_10.json
PPO,MEDIUM,10,DENSE,0.55,3.62,1.62,100,/Users/lab4099/Desktop/Mujoco/work/results/stage19_mixed_recovery/locked_test_v1/medium/seed_10.json
PPO,MEDIUM,10,DENSE,0.5750000000000001,3.57,1.65,100,/Users/lab4099/Desktop/Mujoco/work/results/stage19_mixed_recovery/locked_test_v1/medium/seed_10.json
PPO,MEDIUM,10,DENSE,0.6000000000000001,3.8,1.6,100,/Users/lab4099/Desktop/Mujoco/work/results/stage19_mixed_recovery/locked_test_v1/medium/seed_10.json
PPO,MEDIUM,10,DENSE,0.625,3.7,1.64,100,/Users/lab4099/Desktop/Mujoco/work/results/stage19_mixed_recovery/locked_test_v1/medium/seed_10.json
PPO,MEDIUM,10,DENSE,0.65,3.91,1.66,100,/Users/lab4099/Desktop/Mujoco/work/results/stage19_mixed_recovery/locked_test_v1/medium/seed_10.json
PPO,MEDIUM,10,DENSE,0.675,3.85,1.64,100,/Users/lab4099/Desktop/Mujoco/work/results/stage19_mixed_recovery/locked_test_v1/medium/seed_10.json
PPO,MEDIUM,10,DENSE,0.7000000000000001,4.09,1.63,100,/Users/lab4099/Desktop/Mujoco/work/results/stage19_mixed_recovery/locked_test_v1/medium/seed_10.json
PPO,MEDIUM,10,DENSE,0.7250000000000001,4.1,1.7,100,/Users/lab4099/Desktop/Mujoco/work/results/stage19_mixed_recovery/locked_test_v1/medium/seed_10.json
PPO,MEDIUM,10,DENSE,0.75,4.34,1.7,100,/Users/lab4099/Desktop/Mujoco/work/results/stage19_mixed_recovery/locked_test_v1/medium/seed_10.json
PPO,MEDIUM,10,DENSE,0.775,4.33,1.68,100,/Users/lab4099/Desktop/Mujoco/work/results/stage19_mixed_recovery/locked_test_v1/medium/seed_10.json
PPO,MEDIUM,10,DENSE,0.8,4.67,1.72,100,/Users/lab4099/Desktop/Mujoco/work/results/stage19_mixed_recovery/locked_test_v1/medium/seed_10.json
PPO,MEDIUM,10,DENSE,0.8250000000000001,4.51,1.78,100,/Users/lab4099/Desktop/Mujoco/work/results/stage19_mixed_recovery/locked_test_v1/medium/seed_10.json
PPO,MEDIUM,10,DENSE,0.8500000000000001,4.68,1.77,100,/Users/lab4099/Desktop/Mujoco/work/results/stage19_mixed_recovery/locked_test_v1/medium/seed_10.json
PPO,MEDIUM,10,DENSE,0.875,4.73,1.76,100,/Users/lab4099/Desktop/Mujoco/work/results/stage19_mixed_recovery/locked_test_v1/medium/seed_10.json
PPO,MEDIUM,10,DENSE,0.9,4.82,1.92,100,/Users/lab4099/Desktop/Mujoco/work/results/stage19_mixed_recovery/locked_test_v1/medium/seed_10.json
PPO,MEDIUM,10,DENSE,0.925,4.77,1.77,100,/Users/lab4099/Desktop/Mujoco/work/results/stage19_mixed_recovery/locked_test_v1/medium/seed_10.json
PPO,MEDIUM,10,DENSE,0.9500000000000001,5.22,1.89,100,/Users/lab4099/Desktop/Mujoco/work/results/stage19_mixed_recovery/locked_test_v1/medium/seed_10.json
PPO,MEDIUM,10,DENSE,0.9750000000000001,5.07,1.84,100,/Users/lab4099/Desktop/Mujoco/work/results/stage19_mixed_recovery/locked_test_v1/medium/seed_10.json
PPO,MEDIUM,10,DENSE,1.0,6.57,2.04,100,/Users/lab4099/Desktop/Mujoco/work/results/stage19_mixed_recovery/locked_test_v1/medium/seed_10.json
PPO,MEDIUM,10,BURST,0.0,6.57,2.04,100,/Users/lab4099/Desktop/Mujoco/work/results/stage19_mixed_recovery/locked_test_v1/medium/seed_10.json
PPO,MEDIUM,10,BURST,0.025,7.61,2.16,100,/Users/lab4099/Desktop/Mujoco/work/results/stage19_mixed_recovery/locked_test_v1/medium/seed_10.json
PPO,MEDIUM,10,BURST,0.05,9.02,2.22,100,/Users/lab4099/Desktop/Mujoco/work/results/stage19_mixed_recovery/locked_test_v1/medium/seed_10.json
PPO,MEDIUM,10,BURST,0.07500000000000001,10.27,2.19,100,/Users/lab4099/Desktop/Mujoco/work/results/stage19_mixed_recovery/locked_test_v1/medium/seed_10.json
PPO,MEDIUM,10,BURST,0.1,11.75,2.16,100,/Users/lab4099/Desktop/Mujoco/work/results/stage19_mixed_recovery/locked_test_v1/medium/seed_10.json
PPO,MEDIUM,10,BURST,0.125,13.19,2.15,100,/Users/lab4099/Desktop/Mujoco/work/results/stage19_mixed_recovery/locked_test_v1/medium/seed_10.json
PPO,MEDIUM,10,BURST,0.15000000000000002,14.69,2.08,100,/Users/lab4099/Desktop/Mujoco/work/results/stage19_mixed_recovery/locked_test_v1/medium/seed_10.json
PPO,MEDIUM,10,BURST,0.17500000000000002,16.14,2.03,100,/Users/lab4099/Desktop/Mujoco/work/results/stage19_mixed_recovery/locked_test_v1/medium/seed_10.json
PPO,MEDIUM,10,BURST,0.2,17.68,2.02,100,/Users/lab4099/Desktop/Mujoco/work/results/stage19_mixed_recovery/locked_test_v1/medium/seed_10.json
PPO,MEDIUM,10,BURST,0.225,19.11,1.98,100,/Users/lab4099/Desktop/Mujoco/work/results/stage19_mixed_recovery/locked_test_v1/medium/seed_10.json
PPO,MEDIUM,10,BURST,0.25,20.74,1.97,100,/Users/lab4099/Desktop/Mujoco/work/results/stage19_mixed_recovery/locked_test_v1/medium/seed_10.json
PPO,MEDIUM,10,BURST,0.275,22.25,1.94,100,/Users/lab4099/Desktop/Mujoco/work/results/stage19_mixed_recovery/locked_test_v1/medium/seed_10.json
PPO,MEDIUM,10,BURST,0.30000000000000004,23.6,1.93,100,/Users/lab4099/Desktop/Mujoco/work/results/stage19_mixed_recovery/locked_test_v1/medium/seed_10.json
PPO,MEDIUM,10,BURST,0.325,23.85,1.93,100,/Users/lab4099/Desktop/Mujoco/work/results/stage19_mixed_recovery/locked_test_v1/medium/seed_10.json
PPO,MEDIUM,10,BURST,0.35000000000000003,23.78,1.94,100,/Users/lab4099/Desktop/Mujoco/work/results/stage19_mixed_recovery/locked_test_v1/medium/seed_10.json
PPO,MEDIUM,10,BURST,0.375,23.64,1.95,100,/Users/lab4099/Desktop/Mujoco/work/results/stage19_mixed_recovery/locked_test_v1/medium/seed_10.json
PPO,MEDIUM,10,BURST,0.4,23.6,1.95,100,/Users/lab4099/Desktop/Mujoco/work/results/stage19_mixed_recovery/locked_test_v1/medium/seed_10.json
PPO,MEDIUM,10,BURST,0.42500000000000004,23.52,1.95,100,/Users/lab4099/Desktop/Mujoco/work/results/stage19_mixed_recovery/locked_test_v1/medium/seed_10.json
PPO,MEDIUM,10,BURST,0.45,23.48,1.95,100,/Users/lab4099/Desktop/Mujoco/work/results/stage19_mixed_recovery/locked_test_v1/medium/seed_10.json
PPO,MEDIUM,10,BURST,0.47500000000000003,23.42,1.95,100,/Users/lab4099/Desktop/Mujoco/work/results/stage19_mixed_recovery/locked_test_v1/medium/seed_10.json
PPO,MEDIUM,10,BURST,0.5,23.39,1.95,100,/Users/lab4099/Desktop/Mujoco/work/results/stage19_mixed_recovery/locked_test_v1/medium/seed_10.json
PPO,MEDIUM,10,BURST,0.525,23.32,1.95,100,/Users/lab4099/Desktop/Mujoco/work/results/stage19_mixed_recovery/locked_test_v1/medium/seed_10.json
PPO,MEDIUM,10,BURST,0.55,23.25,1.95,100,/Users/lab4099/Desktop/Mujoco/work/results/stage19_mixed_recovery/locked_test_v1/medium/seed_10.json
PPO,MEDIUM,10,BURST,0.5750000000000001,23.16,1.95,100,/Users/lab4099/Desktop/Mujoco/work/results/stage19_mixed_recovery/locked_test_v1/medium/seed_10.json
PPO,MEDIUM,10,BURST,0.6000000000000001,23.1,1.96,100,/Users/lab4099/Desktop/Mujoco/work/results/stage19_mixed_recovery/locked_test_v1/medium/seed_10.json
PPO,MEDIUM,10,BURST,0.625,23.03,1.96,100,/Users/lab4099/Desktop/Mujoco/work/results/stage19_mixed_recovery/locked_test_v1/medium/seed_10.json
PPO,MEDIUM,10,BURST,0.65,22.89,1.95,100,/Users/lab4099/Desktop/Mujoco/work/results/stage19_mixed_recovery/locked_test_v1/medium/seed_10.json
PPO,MEDIUM,10,BURST,0.675,22.79,1.96,100,/Users/lab4099/Desktop/Mujoco/work/results/stage19_mixed_recovery/locked_test_v1/medium/seed_10.json
PPO,MEDIUM,10,BURST,0.7000000000000001,22.73,1.95,100,/Users/lab4099/Desktop/Mujoco/work/results/stage19_mixed_recovery/locked_test_v1/medium/seed_10.json
PPO,MEDIUM,10,BURST,0.7250000000000001,22.61,1.94,100,/Users/lab4099/Desktop/Mujoco/work/results/stage19_mixed_recovery/locked_test_v1/medium/seed_10.json
PPO,MEDIUM,10,BURST,0.75,22.52,1.92,100,/Users/lab4099/Desktop/Mujoco/work/results/stage19_mixed_recovery/locked_test_v1/medium/seed_10.json
PPO,MEDIUM,10,BURST,0.775,22.44,1.91,100,/Users/lab4099/Desktop/Mujoco/work/results/stage19_mixed_recovery/locked_test_v1/medium/seed_10.json
PPO,MEDIUM,10,BURST,0.8,22.33,1.9,100,/Users/lab4099/Desktop/Mujoco/work/results/stage19_mixed_recovery/locked_test_v1/medium/seed_10.json
PPO,MEDIUM,10,BURST,0.8250000000000001,22.28,1.91,100,/Users/lab4099/Desktop/Mujoco/work/results/stage19_mixed_recovery/locked_test_v1/medium/seed_10.json
PPO,MEDIUM,10,BURST,0.8500000000000001,22.18,1.89,100,/Users/lab4099/Desktop/Mujoco/work/results/stage19_mixed_recovery/locked_test_v1/medium/seed_10.json
PPO,MEDIUM,10,BURST,0.875,22.06,1.91,100,/Users/lab4099/Desktop/Mujoco/work/results/stage19_mixed_recovery/locked_test_v1/medium/seed_10.json
PPO,MEDIUM,10,BURST,0.9,21.98,1.91,100,/Users/lab4099/Desktop/Mujoco/work/results/stage19_mixed_recovery/locked_test_v1/medium/seed_10.json
PPO,MEDIUM,10,BURST,0.925,21.88,1.92,100,/Users/lab4099/Desktop/Mujoco/work/results/stage19_mixed_recovery/locked_test_v1/medium/seed_10.json
PPO,MEDIUM,10,BURST,0.9500000000000001,21.83,1.92,100,/Users/lab4099/Desktop/Mujoco/work/results/stage19_mixed_recovery/locked_test_v1/medium/seed_10.json
PPO,MEDIUM,10,BURST,0.9750000000000001,21.75,1.93,100,/Users/lab4099/Desktop/Mujoco/work/results/stage19_mixed_recovery/locked_test_v1/medium/seed_10.json
PPO,MEDIUM,10,BURST,1.0,22.68,1.93,100,/Users/lab4099/Desktop/Mujoco/work/results/stage19_mixed_recovery/locked_test_v1/medium/seed_10.json
PPO,MEDIUM,10,RECOVERY,0.0,22.68,1.93,100,/Users/lab4099/Desktop/Mujoco/work/results/stage19_mixed_recovery/locked_test_v1/medium/seed_10.json
PPO,MEDIUM,10,RECOVERY,0.025,21.62,1.95,100,/Users/lab4099/Desktop/Mujoco/work/results/stage19_mixed_recovery/locked_test_v1/medium/seed_10.json
PPO,MEDIUM,10,RECOVERY,0.05,20.85,1.89,100,/Users/lab4099/Desktop/Mujoco/work/results/stage19_mixed_recovery/locked_test_v1/medium/seed_10.json
PPO,MEDIUM,10,RECOVERY,0.07500000000000001,20.44,1.87,100,/Users/lab4099/Desktop/Mujoco/work/results/stage19_mixed_recovery/locked_test_v1/medium/seed_10.json
PPO,MEDIUM,10,RECOVERY,0.1,19.49,1.96,100,/Users/lab4099/Desktop/Mujoco/work/results/stage19_mixed_recovery/locked_test_v1/medium/seed_10.json
PPO,MEDIUM,10,RECOVERY,0.125,18.84,1.9,100,/Users/lab4099/Desktop/Mujoco/work/results/stage19_mixed_recovery/locked_test_v1/medium/seed_10.json
PPO,MEDIUM,10,RECOVERY,0.15000000000000002,17.59,1.9,100,/Users/lab4099/Desktop/Mujoco/work/results/stage19_mixed_recovery/locked_test_v1/medium/seed_10.json
PPO,MEDIUM,10,RECOVERY,0.17500000000000002,16.93,1.95,100,/Users/lab4099/Desktop/Mujoco/work/results/stage19_mixed_recovery/locked_test_v1/medium/seed_10.json
PPO,MEDIUM,10,RECOVERY,0.2,15.34,1.98,100,/Users/lab4099/Desktop/Mujoco/work/results/stage19_mixed_recovery/locked_test_v1/medium/seed_10.json
PPO,MEDIUM,10,RECOVERY,0.225,14.45,1.83,100,/Users/lab4099/Desktop/Mujoco/work/results/stage19_mixed_recovery/locked_test_v1/medium/seed_10.json
PPO,MEDIUM,10,RECOVERY,0.25,12.92,1.8,100,/Users/lab4099/Desktop/Mujoco/work/results/stage19_mixed_recovery/locked_test_v1/medium/seed_10.json
PPO,MEDIUM,10,RECOVERY,0.275,11.9,1.67,100,/Users/lab4099/Desktop/Mujoco/work/results/stage19_mixed_recovery/locked_test_v1/medium/seed_10.json
PPO,MEDIUM,10,RECOVERY,0.30000000000000004,10.38,1.68,100,/Users/lab4099/Desktop/Mujoco/work/results/stage19_mixed_recovery/locked_test_v1/medium/seed_10.json
PPO,MEDIUM,10,RECOVERY,0.325,9.48,1.56,100,/Users/lab4099/Desktop/Mujoco/work/results/stage19_mixed_recovery/locked_test_v1/medium/seed_10.json
PPO,MEDIUM,10,RECOVERY,0.35000000000000003,7.87,1.56,100,/Users/lab4099/Desktop/Mujoco/work/results/stage19_mixed_recovery/locked_test_v1/medium/seed_10.json
PPO,MEDIUM,10,RECOVERY,0.375,7.1,1.35,100,/Users/lab4099/Desktop/Mujoco/work/results/stage19_mixed_recovery/locked_test_v1/medium/seed_10.json
PPO,MEDIUM,10,RECOVERY,0.4,5.63,1.39,100,/Users/lab4099/Desktop/Mujoco/work/results/stage19_mixed_recovery/locked_test_v1/medium/seed_10.json
PPO,MEDIUM,10,RECOVERY,0.42500000000000004,4.88,1.22,100,/Users/lab4099/Desktop/Mujoco/work/results/stage19_mixed_recovery/locked_test_v1/medium/seed_10.json
PPO,MEDIUM,10,RECOVERY,0.45,3.91,1.25,100,/Users/lab4099/Desktop/Mujoco/work/results/stage19_mixed_recovery/locked_test_v1/medium/seed_10.json
PPO,MEDIUM,10,RECOVERY,0.47500000000000003,3.03,1.12,100,/Users/lab4099/Desktop/Mujoco/work/results/stage19_mixed_recovery/locked_test_v1/medium/seed_10.json
PPO,MEDIUM,10,RECOVERY,0.5,2.22,1.08,100,/Users/lab4099/Desktop/Mujoco/work/results/stage19_mixed_recovery/locked_test_v1/medium/seed_10.json
PPO,MEDIUM,10,RECOVERY,0.525,1.63,0.88,100,/Users/lab4099/Desktop/Mujoco/work/results/stage19_mixed_recovery/locked_test_v1/medium/seed_10.json
PPO,MEDIUM,10,RECOVERY,0.55,1.14,0.84,100,/Users/lab4099/Desktop/Mujoco/work/results/stage19_mixed_recovery/locked_test_v1/medium/seed_10.json
PPO,MEDIUM,10,RECOVERY,0.5750000000000001,0.91,0.8,100,/Users/lab4099/Desktop/Mujoco/work/results/stage19_mixed_recovery/locked_test_v1/medium/seed_10.json
PPO,MEDIUM,10,RECOVERY,0.6000000000000001,0.71,0.72,100,/Users/lab4099/Desktop/Mujoco/work/results/stage19_mixed_recovery/locked_test_v1/medium/seed_10.json
PPO,MEDIUM,10,RECOVERY,0.625,0.45,0.56,100,/Users/lab4099/Desktop/Mujoco/work/results/stage19_mixed_recovery/locked_test_v1/medium/seed_10.json
PPO,MEDIUM,10,RECOVERY,0.65,0.28,0.6,100,/Users/lab4099/Desktop/Mujoco/work/results/stage19_mixed_recovery/locked_test_v1/medium/seed_10.json
PPO,MEDIUM,10,RECOVERY,0.675,0.19,0.66,100,/Users/lab4099/Desktop/Mujoco/work/results/stage19_mixed_recovery/locked_test_v1/medium/seed_10.json
PPO,MEDIUM,10,RECOVERY,0.7000000000000001,0.08,0.64,100,/Users/lab4099/Desktop/Mujoco/work/results/stage19_mixed_recovery/locked_test_v1/medium/seed_10.json
PPO,MEDIUM,10,RECOVERY,0.7250000000000001,0.06,0.51,100,/Users/lab4099/Desktop/Mujoco/work/results/stage19_mixed_recovery/locked_test_v1/medium/seed_10.json
PPO,MEDIUM,10,RECOVERY,0.75,0.05,0.55,100,/Users/lab4099/Desktop/Mujoco/work/results/stage19_mixed_recovery/locked_test_v1/medium/seed_10.json
PPO,MEDIUM,10,RECOVERY,0.775,0.04,0.35,100,/Users/lab4099/Desktop/Mujoco/work/results/stage19_mixed_recovery/locked_test_v1/medium/seed_10.json
PPO,MEDIUM,10,RECOVERY,0.8,0.05,0.56,100,/Users/lab4099/Desktop/Mujoco/work/results/stage19_mixed_recovery/locked_test_v1/medium/seed_10.json
PPO,MEDIUM,10,RECOVERY,0.8250000000000001,0.01,0.47,100,/Users/lab4099/Desktop/Mujoco/work/results/stage19_mixed_recovery/locked_test_v1/medium/seed_10.json
PPO,MEDIUM,10,RECOVERY,0.8500000000000001,0.01,0.57,100,/Users/lab4099/Desktop/Mujoco/work/results/stage19_mixed_recovery/locked_test_v1/medium/seed_10.json
PPO,MEDIUM,10,RECOVERY,0.875,0.01,0.45,100,/Users/lab4099/Desktop/Mujoco/work/results/stage19_mixed_recovery/locked_test_v1/medium/seed_10.json
PPO,MEDIUM,10,RECOVERY,0.9,0.03,0.58,100,/Users/lab4099/Desktop/Mujoco/work/results/stage19_mixed_recovery/locked_test_v1/medium/seed_10.json
PPO,MEDIUM,10,RECOVERY,0.925,0.01,0.48,100,/Users/lab4099/Desktop/Mujoco/work/results/stage19_mixed_recovery/locked_test_v1/medium/seed_10.json
PPO,MEDIUM,10,RECOVERY,0.9500000000000001,0.03,0.57,100,/Users/lab4099/Desktop/Mujoco/work/results/stage19_mixed_recovery/locked_test_v1/medium/seed_10.json
PPO,MEDIUM,10,RECOVERY,0.9750000000000001,0.0,0.78,100,/Users/lab4099/Desktop/Mujoco/work/results/stage19_mixed_recovery/locked_test_v1/medium/seed_10.json
PPO,MEDIUM,10,RECOVERY,1.0,0.0,0.0,100,/Users/lab4099/Desktop/Mujoco/work/results/stage19_mixed_recovery/locked_test_v1/medium/seed_10.json
PPO,DENSE,1,NORMAL,0.0,0.0,1.0,100,/Users/lab4099/Desktop/Mujoco/work/results/stage19_mixed_recovery/locked_test_v1/dense/seed_01.json
PPO,DENSE,1,NORMAL,0.025,0.0,0.27,100,/Users/lab4099/Desktop/Mujoco/work/results/stage19_mixed_recovery/locked_test_v1/dense/seed_01.json
PPO,DENSE,1,NORMAL,0.05,0.0,0.37,100,/Users/lab4099/Desktop/Mujoco/work/results/stage19_mixed_recovery/locked_test_v1/dense/seed_01.json
PPO,DENSE,1,NORMAL,0.07500000000000001,0.0,0.31,100,/Users/lab4099/Desktop/Mujoco/work/results/stage19_mixed_recovery/locked_test_v1/dense/seed_01.json
PPO,DENSE,1,NORMAL,0.1,0.0,0.29,100,/Users/lab4099/Desktop/Mujoco/work/results/stage19_mixed_recovery/locked_test_v1/dense/seed_01.json
PPO,DENSE,1,NORMAL,0.125,0.0,0.51,100,/Users/lab4099/Desktop/Mujoco/work/results/stage19_mixed_recovery/locked_test_v1/dense/seed_01.json
PPO,DENSE,1,NORMAL,0.15000000000000002,0.0,0.27,100,/Users/lab4099/Desktop/Mujoco/work/results/stage19_mixed_recovery/locked_test_v1/dense/seed_01.json
PPO,DENSE,1,NORMAL,0.17500000000000002,0.0,0.45,100,/Users/lab4099/Desktop/Mujoco/work/results/stage19_mixed_recovery/locked_test_v1/dense/seed_01.json
PPO,DENSE,1,NORMAL,0.2,0.0,0.22,100,/Users/lab4099/Desktop/Mujoco/work/results/stage19_mixed_recovery/locked_test_v1/dense/seed_01.json
PPO,DENSE,1,NORMAL,0.225,0.0,0.57,100,/Users/lab4099/Desktop/Mujoco/work/results/stage19_mixed_recovery/locked_test_v1/dense/seed_01.json
PPO,DENSE,1,NORMAL,0.25,0.0,0.18,100,/Users/lab4099/Desktop/Mujoco/work/results/stage19_mixed_recovery/locked_test_v1/dense/seed_01.json
PPO,DENSE,1,NORMAL,0.275,0.0,0.52,100,/Users/lab4099/Desktop/Mujoco/work/results/stage19_mixed_recovery/locked_test_v1/dense/seed_01.json
PPO,DENSE,1,NORMAL,0.30000000000000004,0.0,0.24,100,/Users/lab4099/Desktop/Mujoco/work/results/stage19_mixed_recovery/locked_test_v1/dense/seed_01.json
PPO,DENSE,1,NORMAL,0.325,0.0,0.56,100,/Users/lab4099/Desktop/Mujoco/work/results/stage19_mixed_recovery/locked_test_v1/dense/seed_01.json
PPO,DENSE,1,NORMAL,0.35000000000000003,0.0,0.28,100,/Users/lab4099/Desktop/Mujoco/work/results/stage19_mixed_recovery/locked_test_v1/dense/seed_01.json
PPO,DENSE,1,NORMAL,0.375,0.0,0.61,100,/Users/lab4099/Desktop/Mujoco/work/results/stage19_mixed_recovery/locked_test_v1/dense/seed_01.json
PPO,DENSE,1,NORMAL,0.4,0.0,0.36,100,/Users/lab4099/Desktop/Mujoco/work/results/stage19_mixed_recovery/locked_test_v1/dense/seed_01.json
PPO,DENSE,1,NORMAL,0.42500000000000004,0.0,0.55,100,/Users/lab4099/Desktop/Mujoco/work/results/stage19_mixed_recovery/locked_test_v1/dense/seed_01.json
PPO,DENSE,1,NORMAL,0.45,0.0,0.3,100,/Users/lab4099/Desktop/Mujoco/work/results/stage19_mixed_recovery/locked_test_v1/dense/seed_01.json
PPO,DENSE,1,NORMAL,0.47500000000000003,0.0,0.68,100,/Users/lab4099/Desktop/Mujoco/work/results/stage19_mixed_recovery/locked_test_v1/dense/seed_01.json
PPO,DENSE,1,NORMAL,0.5,0.0,0.42,100,/Users/lab4099/Desktop/Mujoco/work/results/stage19_mixed_recovery/locked_test_v1/dense/seed_01.json
PPO,DENSE,1,NORMAL,0.525,0.0,0.65,100,/Users/lab4099/Desktop/Mujoco/work/results/stage19_mixed_recovery/locked_test_v1/dense/seed_01.json
PPO,DENSE,1,NORMAL,0.55,0.0,0.52,100,/Users/lab4099/Desktop/Mujoco/work/results/stage19_mixed_recovery/locked_test_v1/dense/seed_01.json
PPO,DENSE,1,NORMAL,0.5750000000000001,0.0,0.58,100,/Users/lab4099/Desktop/Mujoco/work/results/stage19_mixed_recovery/locked_test_v1/dense/seed_01.json
PPO,DENSE,1,NORMAL,0.6000000000000001,0.0,0.49,100,/Users/lab4099/Desktop/Mujoco/work/results/stage19_mixed_recovery/locked_test_v1/dense/seed_01.json
PPO,DENSE,1,NORMAL,0.625,0.0,0.55,100,/Users/lab4099/Desktop/Mujoco/work/results/stage19_mixed_recovery/locked_test_v1/dense/seed_01.json
PPO,DENSE,1,NORMAL,0.65,0.0,0.37,100,/Users/lab4099/Desktop/Mujoco/work/results/stage19_mixed_recovery/locked_test_v1/dense/seed_01.json
PPO,DENSE,1,NORMAL,0.675,0.0,0.32,100,/Users/lab4099/Desktop/Mujoco/work/results/stage19_mixed_recovery/locked_test_v1/dense/seed_01.json
PPO,DENSE,1,NORMAL,0.7000000000000001,0.0,0.41,100,/Users/lab4099/Desktop/Mujoco/work/results/stage19_mixed_recovery/locked_test_v1/dense/seed_01.json
PPO,DENSE,1,NORMAL,0.7250000000000001,0.01,0.31,100,/Users/lab4099/Desktop/Mujoco/work/results/stage19_mixed_recovery/locked_test_v1/dense/seed_01.json
PPO,DENSE,1,NORMAL,0.75,0.0,0.51,100,/Users/lab4099/Desktop/Mujoco/work/results/stage19_mixed_recovery/locked_test_v1/dense/seed_01.json
PPO,DENSE,1,NORMAL,0.775,0.0,0.34,100,/Users/lab4099/Desktop/Mujoco/work/results/stage19_mixed_recovery/locked_test_v1/dense/seed_01.json
PPO,DENSE,1,NORMAL,0.8,0.0,0.54,100,/Users/lab4099/Desktop/Mujoco/work/results/stage19_mixed_recovery/locked_test_v1/dense/seed_01.json
PPO,DENSE,1,NORMAL,0.8250000000000001,0.0,0.22,100,/Users/lab4099/Desktop/Mujoco/work/results/stage19_mixed_recovery/locked_test_v1/dense/seed_01.json
PPO,DENSE,1,NORMAL,0.8500000000000001,0.0,0.49,100,/Users/lab4099/Desktop/Mujoco/work/results/stage19_mixed_recovery/locked_test_v1/dense/seed_01.json
PPO,DENSE,1,NORMAL,0.875,0.0,0.24,100,/Users/lab4099/Desktop/Mujoco/work/results/stage19_mixed_recovery/locked_test_v1/dense/seed_01.json
PPO,DENSE,1,NORMAL,0.9,0.0,0.52,100,/Users/lab4099/Desktop/Mujoco/work/results/stage19_mixed_recovery/locked_test_v1/dense/seed_01.json
PPO,DENSE,1,NORMAL,0.925,0.0,0.32,100,/Users/lab4099/Desktop/Mujoco/work/results/stage19_mixed_recovery/locked_test_v1/dense/seed_01.json
PPO,DENSE,1,NORMAL,0.9500000000000001,0.0,0.61,100,/Users/lab4099/Desktop/Mujoco/work/results/stage19_mixed_recovery/locked_test_v1/dense/seed_01.json
PPO,DENSE,1,NORMAL,0.9750000000000001,0.0,0.35,100,/Users/lab4099/Desktop/Mujoco/work/results/stage19_mixed_recovery/locked_test_v1/dense/seed_01.json
PPO,DENSE,1,NORMAL,1.0,0.3,1.31,100,/Users/lab4099/Desktop/Mujoco/work/results/stage19_mixed_recovery/locked_test_v1/dense/seed_01.json
PPO,DENSE,1,DENSE,0.0,0.3,1.31,100,/Users/lab4099/Desktop/Mujoco/work/results/stage19_mixed_recovery/locked_test_v1/dense/seed_01.json
PPO,DENSE,1,DENSE,0.025,0.29,1.09,100,/Users/lab4099/Desktop/Mujoco/work/results/stage19_mixed_recovery/locked_test_v1/dense/seed_01.json
PPO,DENSE,1,DENSE,0.05,0.56,1.04,100,/Users/lab4099/Desktop/Mujoco/work/results/stage19_mixed_recovery/locked_test_v1/dense/seed_01.json
PPO,DENSE,1,DENSE,0.07500000000000001,0.85,1.21,100,/Users/lab4099/Desktop/Mujoco/work/results/stage19_mixed_recovery/locked_test_v1/dense/seed_01.json
PPO,DENSE,1,DENSE,0.1,1.02,1.19,100,/Users/lab4099/Desktop/Mujoco/work/results/stage19_mixed_recovery/locked_test_v1/dense/seed_01.json
PPO,DENSE,1,DENSE,0.125,1.46,1.32,100,/Users/lab4099/Desktop/Mujoco/work/results/stage19_mixed_recovery/locked_test_v1/dense/seed_01.json
PPO,DENSE,1,DENSE,0.15000000000000002,1.46,1.27,100,/Users/lab4099/Desktop/Mujoco/work/results/stage19_mixed_recovery/locked_test_v1/dense/seed_01.json
PPO,DENSE,1,DENSE,0.17500000000000002,1.47,1.35,100,/Users/lab4099/Desktop/Mujoco/work/results/stage19_mixed_recovery/locked_test_v1/dense/seed_01.json
PPO,DENSE,1,DENSE,0.2,1.55,1.29,100,/Users/lab4099/Desktop/Mujoco/work/results/stage19_mixed_recovery/locked_test_v1/dense/seed_01.json
PPO,DENSE,1,DENSE,0.225,1.63,1.35,100,/Users/lab4099/Desktop/Mujoco/work/results/stage19_mixed_recovery/locked_test_v1/dense/seed_01.json
PPO,DENSE,1,DENSE,0.25,1.57,1.45,100,/Users/lab4099/Desktop/Mujoco/work/results/stage19_mixed_recovery/locked_test_v1/dense/seed_01.json
PPO,DENSE,1,DENSE,0.275,1.81,1.52,100,/Users/lab4099/Desktop/Mujoco/work/results/stage19_mixed_recovery/locked_test_v1/dense/seed_01.json
PPO,DENSE,1,DENSE,0.30000000000000004,1.88,1.52,100,/Users/lab4099/Desktop/Mujoco/work/results/stage19_mixed_recovery/locked_test_v1/dense/seed_01.json
PPO,DENSE,1,DENSE,0.325,2.01,1.48,100,/Users/lab4099/Desktop/Mujoco/work/results/stage19_mixed_recovery/locked_test_v1/dense/seed_01.json
PPO,DENSE,1,DENSE,0.35000000000000003,2.13,1.54,100,/Users/lab4099/Desktop/Mujoco/work/results/stage19_mixed_recovery/locked_test_v1/dense/seed_01.json
PPO,DENSE,1,DENSE,0.375,2.19,1.6,100,/Users/lab4099/Desktop/Mujoco/work/results/stage19_mixed_recovery/locked_test_v1/dense/seed_01.json
PPO,DENSE,1,DENSE,0.4,2.25,1.64,100,/Users/lab4099/Desktop/Mujoco/work/results/stage19_mixed_recovery/locked_test_v1/dense/seed_01.json
PPO,DENSE,1,DENSE,0.42500000000000004,2.38,1.69,100,/Users/lab4099/Desktop/Mujoco/work/results/stage19_mixed_recovery/locked_test_v1/dense/seed_01.json
PPO,DENSE,1,DENSE,0.45,2.32,1.63,100,/Users/lab4099/Desktop/Mujoco/work/results/stage19_mixed_recovery/locked_test_v1/dense/seed_01.json
PPO,DENSE,1,DENSE,0.47500000000000003,2.37,1.76,100,/Users/lab4099/Desktop/Mujoco/work/results/stage19_mixed_recovery/locked_test_v1/dense/seed_01.json
PPO,DENSE,1,DENSE,0.5,2.59,1.7,100,/Users/lab4099/Desktop/Mujoco/work/results/stage19_mixed_recovery/locked_test_v1/dense/seed_01.json
PPO,DENSE,1,DENSE,0.525,2.64,1.67,100,/Users/lab4099/Desktop/Mujoco/work/results/stage19_mixed_recovery/locked_test_v1/dense/seed_01.json
PPO,DENSE,1,DENSE,0.55,2.84,1.74,100,/Users/lab4099/Desktop/Mujoco/work/results/stage19_mixed_recovery/locked_test_v1/dense/seed_01.json
PPO,DENSE,1,DENSE,0.5750000000000001,2.81,1.69,100,/Users/lab4099/Desktop/Mujoco/work/results/stage19_mixed_recovery/locked_test_v1/dense/seed_01.json
PPO,DENSE,1,DENSE,0.6000000000000001,2.96,1.66,100,/Users/lab4099/Desktop/Mujoco/work/results/stage19_mixed_recovery/locked_test_v1/dense/seed_01.json
PPO,DENSE,1,DENSE,0.625,2.88,1.67,100,/Users/lab4099/Desktop/Mujoco/work/results/stage19_mixed_recovery/locked_test_v1/dense/seed_01.json
PPO,DENSE,1,DENSE,0.65,3.03,1.68,100,/Users/lab4099/Desktop/Mujoco/work/results/stage19_mixed_recovery/locked_test_v1/dense/seed_01.json
PPO,DENSE,1,DENSE,0.675,2.94,1.62,100,/Users/lab4099/Desktop/Mujoco/work/results/stage19_mixed_recovery/locked_test_v1/dense/seed_01.json
PPO,DENSE,1,DENSE,0.7000000000000001,3.06,1.68,100,/Users/lab4099/Desktop/Mujoco/work/results/stage19_mixed_recovery/locked_test_v1/dense/seed_01.json
PPO,DENSE,1,DENSE,0.7250000000000001,3.09,1.7,100,/Users/lab4099/Desktop/Mujoco/work/results/stage19_mixed_recovery/locked_test_v1/dense/seed_01.json
PPO,DENSE,1,DENSE,0.75,3.3,1.79,100,/Users/lab4099/Desktop/Mujoco/work/results/stage19_mixed_recovery/locked_test_v1/dense/seed_01.json
PPO,DENSE,1,DENSE,0.775,3.24,1.78,100,/Users/lab4099/Desktop/Mujoco/work/results/stage19_mixed_recovery/locked_test_v1/dense/seed_01.json
PPO,DENSE,1,DENSE,0.8,3.47,1.82,100,/Users/lab4099/Desktop/Mujoco/work/results/stage19_mixed_recovery/locked_test_v1/dense/seed_01.json
PPO,DENSE,1,DENSE,0.8250000000000001,3.32,1.82,100,/Users/lab4099/Desktop/Mujoco/work/results/stage19_mixed_recovery/locked_test_v1/dense/seed_01.json
PPO,DENSE,1,DENSE,0.8500000000000001,3.54,1.78,100,/Users/lab4099/Desktop/Mujoco/work/results/stage19_mixed_recovery/locked_test_v1/dense/seed_01.json
PPO,DENSE,1,DENSE,0.875,3.47,1.8,100,/Users/lab4099/Desktop/Mujoco/work/results/stage19_mixed_recovery/locked_test_v1/dense/seed_01.json
PPO,DENSE,1,DENSE,0.9,3.49,1.99,100,/Users/lab4099/Desktop/Mujoco/work/results/stage19_mixed_recovery/locked_test_v1/dense/seed_01.json
PPO,DENSE,1,DENSE,0.925,3.41,1.8,100,/Users/lab4099/Desktop/Mujoco/work/results/stage19_mixed_recovery/locked_test_v1/dense/seed_01.json
PPO,DENSE,1,DENSE,0.9500000000000001,3.84,1.9,100,/Users/lab4099/Desktop/Mujoco/work/results/stage19_mixed_recovery/locked_test_v1/dense/seed_01.json
PPO,DENSE,1,DENSE,0.9750000000000001,3.71,1.83,100,/Users/lab4099/Desktop/Mujoco/work/results/stage19_mixed_recovery/locked_test_v1/dense/seed_01.json
PPO,DENSE,1,DENSE,1.0,5.11,1.99,100,/Users/lab4099/Desktop/Mujoco/work/results/stage19_mixed_recovery/locked_test_v1/dense/seed_01.json
PPO,DENSE,1,BURST,0.0,5.11,1.99,100,/Users/lab4099/Desktop/Mujoco/work/results/stage19_mixed_recovery/locked_test_v1/dense/seed_01.json
PPO,DENSE,1,BURST,0.025,6.06,2.2,100,/Users/lab4099/Desktop/Mujoco/work/results/stage19_mixed_recovery/locked_test_v1/dense/seed_01.json
PPO,DENSE,1,BURST,0.05,7.32,2.36,100,/Users/lab4099/Desktop/Mujoco/work/results/stage19_mixed_recovery/locked_test_v1/dense/seed_01.json
PPO,DENSE,1,BURST,0.07500000000000001,8.46,2.43,100,/Users/lab4099/Desktop/Mujoco/work/results/stage19_mixed_recovery/locked_test_v1/dense/seed_01.json
PPO,DENSE,1,BURST,0.1,9.87,2.47,100,/Users/lab4099/Desktop/Mujoco/work/results/stage19_mixed_recovery/locked_test_v1/dense/seed_01.json
PPO,DENSE,1,BURST,0.125,11.26,2.34,100,/Users/lab4099/Desktop/Mujoco/work/results/stage19_mixed_recovery/locked_test_v1/dense/seed_01.json
PPO,DENSE,1,BURST,0.15000000000000002,12.68,2.24,100,/Users/lab4099/Desktop/Mujoco/work/results/stage19_mixed_recovery/locked_test_v1/dense/seed_01.json
PPO,DENSE,1,BURST,0.17500000000000002,14.08,2.23,100,/Users/lab4099/Desktop/Mujoco/work/results/stage19_mixed_recovery/locked_test_v1/dense/seed_01.json
PPO,DENSE,1,BURST,0.2,15.63,2.17,100,/Users/lab4099/Desktop/Mujoco/work/results/stage19_mixed_recovery/locked_test_v1/dense/seed_01.json
PPO,DENSE,1,BURST,0.225,17.07,2.1,100,/Users/lab4099/Desktop/Mujoco/work/results/stage19_mixed_recovery/locked_test_v1/dense/seed_01.json
PPO,DENSE,1,BURST,0.25,18.69,2.02,100,/Users/lab4099/Desktop/Mujoco/work/results/stage19_mixed_recovery/locked_test_v1/dense/seed_01.json
PPO,DENSE,1,BURST,0.275,20.14,2.0,100,/Users/lab4099/Desktop/Mujoco/work/results/stage19_mixed_recovery/locked_test_v1/dense/seed_01.json
PPO,DENSE,1,BURST,0.30000000000000004,21.47,2.0,100,/Users/lab4099/Desktop/Mujoco/work/results/stage19_mixed_recovery/locked_test_v1/dense/seed_01.json
PPO,DENSE,1,BURST,0.325,21.8,1.99,100,/Users/lab4099/Desktop/Mujoco/work/results/stage19_mixed_recovery/locked_test_v1/dense/seed_01.json
PPO,DENSE,1,BURST,0.35000000000000003,21.75,1.98,100,/Users/lab4099/Desktop/Mujoco/work/results/stage19_mixed_recovery/locked_test_v1/dense/seed_01.json
PPO,DENSE,1,BURST,0.375,21.66,1.98,100,/Users/lab4099/Desktop/Mujoco/work/results/stage19_mixed_recovery/locked_test_v1/dense/seed_01.json
PPO,DENSE,1,BURST,0.4,21.62,1.97,100,/Users/lab4099/Desktop/Mujoco/work/results/stage19_mixed_recovery/locked_test_v1/dense/seed_01.json
PPO,DENSE,1,BURST,0.42500000000000004,21.55,1.97,100,/Users/lab4099/Desktop/Mujoco/work/results/stage19_mixed_recovery/locked_test_v1/dense/seed_01.json
PPO,DENSE,1,BURST,0.45,21.48,1.98,100,/Users/lab4099/Desktop/Mujoco/work/results/stage19_mixed_recovery/locked_test_v1/dense/seed_01.json
PPO,DENSE,1,BURST,0.47500000000000003,21.42,1.97,100,/Users/lab4099/Desktop/Mujoco/work/results/stage19_mixed_recovery/locked_test_v1/dense/seed_01.json
PPO,DENSE,1,BURST,0.5,21.34,1.97,100,/Users/lab4099/Desktop/Mujoco/work/results/stage19_mixed_recovery/locked_test_v1/dense/seed_01.json
PPO,DENSE,1,BURST,0.525,21.28,1.95,100,/Users/lab4099/Desktop/Mujoco/work/results/stage19_mixed_recovery/locked_test_v1/dense/seed_01.json
PPO,DENSE,1,BURST,0.55,21.2,1.96,100,/Users/lab4099/Desktop/Mujoco/work/results/stage19_mixed_recovery/locked_test_v1/dense/seed_01.json
PPO,DENSE,1,BURST,0.5750000000000001,21.07,1.97,100,/Users/lab4099/Desktop/Mujoco/work/results/stage19_mixed_recovery/locked_test_v1/dense/seed_01.json
PPO,DENSE,1,BURST,0.6000000000000001,21.02,1.98,100,/Users/lab4099/Desktop/Mujoco/work/results/stage19_mixed_recovery/locked_test_v1/dense/seed_01.json
PPO,DENSE,1,BURST,0.625,20.95,1.97,100,/Users/lab4099/Desktop/Mujoco/work/results/stage19_mixed_recovery/locked_test_v1/dense/seed_01.json
PPO,DENSE,1,BURST,0.65,20.87,1.97,100,/Users/lab4099/Desktop/Mujoco/work/results/stage19_mixed_recovery/locked_test_v1/dense/seed_01.json
PPO,DENSE,1,BURST,0.675,20.79,1.97,100,/Users/lab4099/Desktop/Mujoco/work/results/stage19_mixed_recovery/locked_test_v1/dense/seed_01.json
PPO,DENSE,1,BURST,0.7000000000000001,20.63,1.97,100,/Users/lab4099/Desktop/Mujoco/work/results/stage19_mixed_recovery/locked_test_v1/dense/seed_01.json
PPO,DENSE,1,BURST,0.7250000000000001,20.58,1.97,100,/Users/lab4099/Desktop/Mujoco/work/results/stage19_mixed_recovery/locked_test_v1/dense/seed_01.json
PPO,DENSE,1,BURST,0.75,20.46,1.96,100,/Users/lab4099/Desktop/Mujoco/work/results/stage19_mixed_recovery/locked_test_v1/dense/seed_01.json
PPO,DENSE,1,BURST,0.775,20.34,1.96,100,/Users/lab4099/Desktop/Mujoco/work/results/stage19_mixed_recovery/locked_test_v1/dense/seed_01.json
PPO,DENSE,1,BURST,0.8,20.26,1.96,100,/Users/lab4099/Desktop/Mujoco/work/results/stage19_mixed_recovery/locked_test_v1/dense/seed_01.json
PPO,DENSE,1,BURST,0.8250000000000001,20.17,1.96,100,/Users/lab4099/Desktop/Mujoco/work/results/stage19_mixed_recovery/locked_test_v1/dense/seed_01.json
PPO,DENSE,1,BURST,0.8500000000000001,20.04,1.95,100,/Users/lab4099/Desktop/Mujoco/work/results/stage19_mixed_recovery/locked_test_v1/dense/seed_01.json
PPO,DENSE,1,BURST,0.875,19.93,1.96,100,/Users/lab4099/Desktop/Mujoco/work/results/stage19_mixed_recovery/locked_test_v1/dense/seed_01.json
PPO,DENSE,1,BURST,0.9,19.85,1.95,100,/Users/lab4099/Desktop/Mujoco/work/results/stage19_mixed_recovery/locked_test_v1/dense/seed_01.json
PPO,DENSE,1,BURST,0.925,19.79,1.95,100,/Users/lab4099/Desktop/Mujoco/work/results/stage19_mixed_recovery/locked_test_v1/dense/seed_01.json
PPO,DENSE,1,BURST,0.9500000000000001,19.7,1.96,100,/Users/lab4099/Desktop/Mujoco/work/results/stage19_mixed_recovery/locked_test_v1/dense/seed_01.json
PPO,DENSE,1,BURST,0.9750000000000001,19.64,1.95,100,/Users/lab4099/Desktop/Mujoco/work/results/stage19_mixed_recovery/locked_test_v1/dense/seed_01.json
PPO,DENSE,1,BURST,1.0,20.57,1.96,100,/Users/lab4099/Desktop/Mujoco/work/results/stage19_mixed_recovery/locked_test_v1/dense/seed_01.json
PPO,DENSE,1,RECOVERY,0.0,20.57,1.96,100,/Users/lab4099/Desktop/Mujoco/work/results/stage19_mixed_recovery/locked_test_v1/dense/seed_01.json
PPO,DENSE,1,RECOVERY,0.025,19.47,1.95,100,/Users/lab4099/Desktop/Mujoco/work/results/stage19_mixed_recovery/locked_test_v1/dense/seed_01.json
PPO,DENSE,1,RECOVERY,0.05,18.61,1.99,100,/Users/lab4099/Desktop/Mujoco/work/results/stage19_mixed_recovery/locked_test_v1/dense/seed_01.json
PPO,DENSE,1,RECOVERY,0.07500000000000001,17.91,2.01,100,/Users/lab4099/Desktop/Mujoco/work/results/stage19_mixed_recovery/locked_test_v1/dense/seed_01.json
PPO,DENSE,1,RECOVERY,0.1,16.26,2.05,100,/Users/lab4099/Desktop/Mujoco/work/results/stage19_mixed_recovery/locked_test_v1/dense/seed_01.json
PPO,DENSE,1,RECOVERY,0.125,14.83,2.05,100,/Users/lab4099/Desktop/Mujoco/work/results/stage19_mixed_recovery/locked_test_v1/dense/seed_01.json
PPO,DENSE,1,RECOVERY,0.15000000000000002,12.65,2.08,100,/Users/lab4099/Desktop/Mujoco/work/results/stage19_mixed_recovery/locked_test_v1/dense/seed_01.json
PPO,DENSE,1,RECOVERY,0.17500000000000002,10.44,2.09,100,/Users/lab4099/Desktop/Mujoco/work/results/stage19_mixed_recovery/locked_test_v1/dense/seed_01.json
PPO,DENSE,1,RECOVERY,0.2,8.19,2.0,100,/Users/lab4099/Desktop/Mujoco/work/results/stage19_mixed_recovery/locked_test_v1/dense/seed_01.json
PPO,DENSE,1,RECOVERY,0.225,6.26,1.9,100,/Users/lab4099/Desktop/Mujoco/work/results/stage19_mixed_recovery/locked_test_v1/dense/seed_01.json
PPO,DENSE,1,RECOVERY,0.25,4.81,1.7,100,/Users/lab4099/Desktop/Mujoco/work/results/stage19_mixed_recovery/locked_test_v1/dense/seed_01.json
PPO,DENSE,1,RECOVERY,0.275,3.77,1.58,100,/Users/lab4099/Desktop/Mujoco/work/results/stage19_mixed_recovery/locked_test_v1/dense/seed_01.json
PPO,DENSE,1,RECOVERY,0.30000000000000004,3.05,1.43,100,/Users/lab4099/Desktop/Mujoco/work/results/stage19_mixed_recovery/locked_test_v1/dense/seed_01.json
PPO,DENSE,1,RECOVERY,0.325,2.51,1.35,100,/Users/lab4099/Desktop/Mujoco/work/results/stage19_mixed_recovery/locked_test_v1/dense/seed_01.json
PPO,DENSE,1,RECOVERY,0.35000000000000003,1.77,1.31,100,/Users/lab4099/Desktop/Mujoco/work/results/stage19_mixed_recovery/locked_test_v1/dense/seed_01.json
PPO,DENSE,1,RECOVERY,0.375,1.45,1.26,100,/Users/lab4099/Desktop/Mujoco/work/results/stage19_mixed_recovery/locked_test_v1/dense/seed_01.json
PPO,DENSE,1,RECOVERY,0.4,0.87,1.02,100,/Users/lab4099/Desktop/Mujoco/work/results/stage19_mixed_recovery/locked_test_v1/dense/seed_01.json
PPO,DENSE,1,RECOVERY,0.42500000000000004,0.72,1.04,100,/Users/lab4099/Desktop/Mujoco/work/results/stage19_mixed_recovery/locked_test_v1/dense/seed_01.json
PPO,DENSE,1,RECOVERY,0.45,0.48,0.92,100,/Users/lab4099/Desktop/Mujoco/work/results/stage19_mixed_recovery/locked_test_v1/dense/seed_01.json
PPO,DENSE,1,RECOVERY,0.47500000000000003,0.37,0.79,100,/Users/lab4099/Desktop/Mujoco/work/results/stage19_mixed_recovery/locked_test_v1/dense/seed_01.json
PPO,DENSE,1,RECOVERY,0.5,0.22,0.7,100,/Users/lab4099/Desktop/Mujoco/work/results/stage19_mixed_recovery/locked_test_v1/dense/seed_01.json
PPO,DENSE,1,RECOVERY,0.525,0.13,0.59,100,/Users/lab4099/Desktop/Mujoco/work/results/stage19_mixed_recovery/locked_test_v1/dense/seed_01.json
PPO,DENSE,1,RECOVERY,0.55,0.11,0.51,100,/Users/lab4099/Desktop/Mujoco/work/results/stage19_mixed_recovery/locked_test_v1/dense/seed_01.json
PPO,DENSE,1,RECOVERY,0.5750000000000001,0.08,0.55,100,/Users/lab4099/Desktop/Mujoco/work/results/stage19_mixed_recovery/locked_test_v1/dense/seed_01.json
PPO,DENSE,1,RECOVERY,0.6000000000000001,0.04,0.55,100,/Users/lab4099/Desktop/Mujoco/work/results/stage19_mixed_recovery/locked_test_v1/dense/seed_01.json
PPO,DENSE,1,RECOVERY,0.625,0.02,0.43,100,/Users/lab4099/Desktop/Mujoco/work/results/stage19_mixed_recovery/locked_test_v1/dense/seed_01.json
PPO,DENSE,1,RECOVERY,0.65,0.0,0.44,100,/Users/lab4099/Desktop/Mujoco/work/results/stage19_mixed_recovery/locked_test_v1/dense/seed_01.json
PPO,DENSE,1,RECOVERY,0.675,0.0,0.53,100,/Users/lab4099/Desktop/Mujoco/work/results/stage19_mixed_recovery/locked_test_v1/dense/seed_01.json
PPO,DENSE,1,RECOVERY,0.7000000000000001,0.01,0.52,100,/Users/lab4099/Desktop/Mujoco/work/results/stage19_mixed_recovery/locked_test_v1/dense/seed_01.json
PPO,DENSE,1,RECOVERY,0.7250000000000001,0.0,0.49,100,/Users/lab4099/Desktop/Mujoco/work/results/stage19_mixed_recovery/locked_test_v1/dense/seed_01.json
PPO,DENSE,1,RECOVERY,0.75,0.0,0.52,100,/Users/lab4099/Desktop/Mujoco/work/results/stage19_mixed_recovery/locked_test_v1/dense/seed_01.json
PPO,DENSE,1,RECOVERY,0.775,0.0,0.39,100,/Users/lab4099/Desktop/Mujoco/work/results/stage19_mixed_recovery/locked_test_v1/dense/seed_01.json
PPO,DENSE,1,RECOVERY,0.8,0.0,0.5,100,/Users/lab4099/Desktop/Mujoco/work/results/stage19_mixed_recovery/locked_test_v1/dense/seed_01.json
PPO,DENSE,1,RECOVERY,0.8250000000000001,0.0,0.44,100,/Users/lab4099/Desktop/Mujoco/work/results/stage19_mixed_recovery/locked_test_v1/dense/seed_01.json
PPO,DENSE,1,RECOVERY,0.8500000000000001,0.0,0.52,100,/Users/lab4099/Desktop/Mujoco/work/results/stage19_mixed_recovery/locked_test_v1/dense/seed_01.json
PPO,DENSE,1,RECOVERY,0.875,0.0,0.47,100,/Users/lab4099/Desktop/Mujoco/work/results/stage19_mixed_recovery/locked_test_v1/dense/seed_01.json
PPO,DENSE,1,RECOVERY,0.9,0.01,0.59,100,/Users/lab4099/Desktop/Mujoco/work/results/stage19_mixed_recovery/locked_test_v1/dense/seed_01.json
PPO,DENSE,1,RECOVERY,0.925,0.0,0.46,100,/Users/lab4099/Desktop/Mujoco/work/results/stage19_mixed_recovery/locked_test_v1/dense/seed_01.json
PPO,DENSE,1,RECOVERY,0.9500000000000001,0.0,0.5,100,/Users/lab4099/Desktop/Mujoco/work/results/stage19_mixed_recovery/locked_test_v1/dense/seed_01.json
PPO,DENSE,1,RECOVERY,0.9750000000000001,0.0,0.77,100,/Users/lab4099/Desktop/Mujoco/work/results/stage19_mixed_recovery/locked_test_v1/dense/seed_01.json
PPO,DENSE,1,RECOVERY,1.0,0.0,0.0,100,/Users/lab4099/Desktop/Mujoco/work/results/stage19_mixed_recovery/locked_test_v1/dense/seed_01.json
PPO,DENSE,2,NORMAL,0.0,0.0,1.0,100,/Users/lab4099/Desktop/Mujoco/work/results/stage19_mixed_recovery/locked_test_v1/dense/seed_02.json
PPO,DENSE,2,NORMAL,0.025,0.0,0.27,100,/Users/lab4099/Desktop/Mujoco/work/results/stage19_mixed_recovery/locked_test_v1/dense/seed_02.json
PPO,DENSE,2,NORMAL,0.05,0.0,0.37,100,/Users/lab4099/Desktop/Mujoco/work/results/stage19_mixed_recovery/locked_test_v1/dense/seed_02.json
PPO,DENSE,2,NORMAL,0.07500000000000001,0.0,0.31,100,/Users/lab4099/Desktop/Mujoco/work/results/stage19_mixed_recovery/locked_test_v1/dense/seed_02.json
PPO,DENSE,2,NORMAL,0.1,0.0,0.29,100,/Users/lab4099/Desktop/Mujoco/work/results/stage19_mixed_recovery/locked_test_v1/dense/seed_02.json
PPO,DENSE,2,NORMAL,0.125,0.0,0.51,100,/Users/lab4099/Desktop/Mujoco/work/results/stage19_mixed_recovery/locked_test_v1/dense/seed_02.json
PPO,DENSE,2,NORMAL,0.15000000000000002,0.0,0.27,100,/Users/lab4099/Desktop/Mujoco/work/results/stage19_mixed_recovery/locked_test_v1/dense/seed_02.json
PPO,DENSE,2,NORMAL,0.17500000000000002,0.0,0.45,100,/Users/lab4099/Desktop/Mujoco/work/results/stage19_mixed_recovery/locked_test_v1/dense/seed_02.json
PPO,DENSE,2,NORMAL,0.2,0.0,0.22,100,/Users/lab4099/Desktop/Mujoco/work/results/stage19_mixed_recovery/locked_test_v1/dense/seed_02.json
PPO,DENSE,2,NORMAL,0.225,0.0,0.56,100,/Users/lab4099/Desktop/Mujoco/work/results/stage19_mixed_recovery/locked_test_v1/dense/seed_02.json
PPO,DENSE,2,NORMAL,0.25,0.0,0.18,100,/Users/lab4099/Desktop/Mujoco/work/results/stage19_mixed_recovery/locked_test_v1/dense/seed_02.json
PPO,DENSE,2,NORMAL,0.275,0.0,0.5,100,/Users/lab4099/Desktop/Mujoco/work/results/stage19_mixed_recovery/locked_test_v1/dense/seed_02.json
PPO,DENSE,2,NORMAL,0.30000000000000004,0.0,0.24,100,/Users/lab4099/Desktop/Mujoco/work/results/stage19_mixed_recovery/locked_test_v1/dense/seed_02.json
PPO,DENSE,2,NORMAL,0.325,0.0,0.56,100,/Users/lab4099/Desktop/Mujoco/work/results/stage19_mixed_recovery/locked_test_v1/dense/seed_02.json
PPO,DENSE,2,NORMAL,0.35000000000000003,0.0,0.28,100,/Users/lab4099/Desktop/Mujoco/work/results/stage19_mixed_recovery/locked_test_v1/dense/seed_02.json
PPO,DENSE,2,NORMAL,0.375,0.0,0.61,100,/Users/lab4099/Desktop/Mujoco/work/results/stage19_mixed_recovery/locked_test_v1/dense/seed_02.json
PPO,DENSE,2,NORMAL,0.4,0.0,0.36,100,/Users/lab4099/Desktop/Mujoco/work/results/stage19_mixed_recovery/locked_test_v1/dense/seed_02.json
PPO,DENSE,2,NORMAL,0.42500000000000004,0.0,0.55,100,/Users/lab4099/Desktop/Mujoco/work/results/stage19_mixed_recovery/locked_test_v1/dense/seed_02.json
PPO,DENSE,2,NORMAL,0.45,0.0,0.29,100,/Users/lab4099/Desktop/Mujoco/work/results/stage19_mixed_recovery/locked_test_v1/dense/seed_02.json
PPO,DENSE,2,NORMAL,0.47500000000000003,0.0,0.67,100,/Users/lab4099/Desktop/Mujoco/work/results/stage19_mixed_recovery/locked_test_v1/dense/seed_02.json
PPO,DENSE,2,NORMAL,0.5,0.0,0.42,100,/Users/lab4099/Desktop/Mujoco/work/results/stage19_mixed_recovery/locked_test_v1/dense/seed_02.json
PPO,DENSE,2,NORMAL,0.525,0.0,0.64,100,/Users/lab4099/Desktop/Mujoco/work/results/stage19_mixed_recovery/locked_test_v1/dense/seed_02.json
PPO,DENSE,2,NORMAL,0.55,0.0,0.52,100,/Users/lab4099/Desktop/Mujoco/work/results/stage19_mixed_recovery/locked_test_v1/dense/seed_02.json
PPO,DENSE,2,NORMAL,0.5750000000000001,0.0,0.58,100,/Users/lab4099/Desktop/Mujoco/work/results/stage19_mixed_recovery/locked_test_v1/dense/seed_02.json
PPO,DENSE,2,NORMAL,0.6000000000000001,0.0,0.49,100,/Users/lab4099/Desktop/Mujoco/work/results/stage19_mixed_recovery/locked_test_v1/dense/seed_02.json
PPO,DENSE,2,NORMAL,0.625,0.0,0.54,100,/Users/lab4099/Desktop/Mujoco/work/results/stage19_mixed_recovery/locked_test_v1/dense/seed_02.json
PPO,DENSE,2,NORMAL,0.65,0.0,0.38,100,/Users/lab4099/Desktop/Mujoco/work/results/stage19_mixed_recovery/locked_test_v1/dense/seed_02.json
PPO,DENSE,2,NORMAL,0.675,0.0,0.32,100,/Users/lab4099/Desktop/Mujoco/work/results/stage19_mixed_recovery/locked_test_v1/dense/seed_02.json
PPO,DENSE,2,NORMAL,0.7000000000000001,0.0,0.41,100,/Users/lab4099/Desktop/Mujoco/work/results/stage19_mixed_recovery/locked_test_v1/dense/seed_02.json
PPO,DENSE,2,NORMAL,0.7250000000000001,0.0,0.31,100,/Users/lab4099/Desktop/Mujoco/work/results/stage19_mixed_recovery/locked_test_v1/dense/seed_02.json
PPO,DENSE,2,NORMAL,0.75,0.0,0.52,100,/Users/lab4099/Desktop/Mujoco/work/results/stage19_mixed_recovery/locked_test_v1/dense/seed_02.json
PPO,DENSE,2,NORMAL,0.775,0.0,0.31,100,/Users/lab4099/Desktop/Mujoco/work/results/stage19_mixed_recovery/locked_test_v1/dense/seed_02.json
PPO,DENSE,2,NORMAL,0.8,0.0,0.55,100,/Users/lab4099/Desktop/Mujoco/work/results/stage19_mixed_recovery/locked_test_v1/dense/seed_02.json
PPO,DENSE,2,NORMAL,0.8250000000000001,0.0,0.23,100,/Users/lab4099/Desktop/Mujoco/work/results/stage19_mixed_recovery/locked_test_v1/dense/seed_02.json
PPO,DENSE,2,NORMAL,0.8500000000000001,0.0,0.49,100,/Users/lab4099/Desktop/Mujoco/work/results/stage19_mixed_recovery/locked_test_v1/dense/seed_02.json
PPO,DENSE,2,NORMAL,0.875,0.0,0.26,100,/Users/lab4099/Desktop/Mujoco/work/results/stage19_mixed_recovery/locked_test_v1/dense/seed_02.json
PPO,DENSE,2,NORMAL,0.9,0.0,0.53,100,/Users/lab4099/Desktop/Mujoco/work/results/stage19_mixed_recovery/locked_test_v1/dense/seed_02.json
PPO,DENSE,2,NORMAL,0.925,0.0,0.29,100,/Users/lab4099/Desktop/Mujoco/work/results/stage19_mixed_recovery/locked_test_v1/dense/seed_02.json
PPO,DENSE,2,NORMAL,0.9500000000000001,0.0,0.62,100,/Users/lab4099/Desktop/Mujoco/work/results/stage19_mixed_recovery/locked_test_v1/dense/seed_02.json
PPO,DENSE,2,NORMAL,0.9750000000000001,0.0,0.34,100,/Users/lab4099/Desktop/Mujoco/work/results/stage19_mixed_recovery/locked_test_v1/dense/seed_02.json
PPO,DENSE,2,NORMAL,1.0,0.3,1.31,100,/Users/lab4099/Desktop/Mujoco/work/results/stage19_mixed_recovery/locked_test_v1/dense/seed_02.json
PPO,DENSE,2,DENSE,0.0,0.3,1.31,100,/Users/lab4099/Desktop/Mujoco/work/results/stage19_mixed_recovery/locked_test_v1/dense/seed_02.json
PPO,DENSE,2,DENSE,0.025,0.29,1.0,100,/Users/lab4099/Desktop/Mujoco/work/results/stage19_mixed_recovery/locked_test_v1/dense/seed_02.json
PPO,DENSE,2,DENSE,0.05,0.56,1.04,100,/Users/lab4099/Desktop/Mujoco/work/results/stage19_mixed_recovery/locked_test_v1/dense/seed_02.json
PPO,DENSE,2,DENSE,0.07500000000000001,0.85,1.21,100,/Users/lab4099/Desktop/Mujoco/work/results/stage19_mixed_recovery/locked_test_v1/dense/seed_02.json
PPO,DENSE,2,DENSE,0.1,1.03,1.19,100,/Users/lab4099/Desktop/Mujoco/work/results/stage19_mixed_recovery/locked_test_v1/dense/seed_02.json
PPO,DENSE,2,DENSE,0.125,1.46,1.34,100,/Users/lab4099/Desktop/Mujoco/work/results/stage19_mixed_recovery/locked_test_v1/dense/seed_02.json
PPO,DENSE,2,DENSE,0.15000000000000002,1.46,1.28,100,/Users/lab4099/Desktop/Mujoco/work/results/stage19_mixed_recovery/locked_test_v1/dense/seed_02.json
PPO,DENSE,2,DENSE,0.17500000000000002,1.5,1.37,100,/Users/lab4099/Desktop/Mujoco/work/results/stage19_mixed_recovery/locked_test_v1/dense/seed_02.json
PPO,DENSE,2,DENSE,0.2,1.46,1.34,100,/Users/lab4099/Desktop/Mujoco/work/results/stage19_mixed_recovery/locked_test_v1/dense/seed_02.json
PPO,DENSE,2,DENSE,0.225,1.58,1.4,100,/Users/lab4099/Desktop/Mujoco/work/results/stage19_mixed_recovery/locked_test_v1/dense/seed_02.json
PPO,DENSE,2,DENSE,0.25,1.54,1.44,100,/Users/lab4099/Desktop/Mujoco/work/results/stage19_mixed_recovery/locked_test_v1/dense/seed_02.json
PPO,DENSE,2,DENSE,0.275,1.77,1.49,100,/Users/lab4099/Desktop/Mujoco/work/results/stage19_mixed_recovery/locked_test_v1/dense/seed_02.json
PPO,DENSE,2,DENSE,0.30000000000000004,1.83,1.55,100,/Users/lab4099/Desktop/Mujoco/work/results/stage19_mixed_recovery/locked_test_v1/dense/seed_02.json
PPO,DENSE,2,DENSE,0.325,2.01,1.5,100,/Users/lab4099/Desktop/Mujoco/work/results/stage19_mixed_recovery/locked_test_v1/dense/seed_02.json
PPO,DENSE,2,DENSE,0.35000000000000003,2.15,1.54,100,/Users/lab4099/Desktop/Mujoco/work/results/stage19_mixed_recovery/locked_test_v1/dense/seed_02.json
PPO,DENSE,2,DENSE,0.375,2.15,1.61,100,/Users/lab4099/Desktop/Mujoco/work/results/stage19_mixed_recovery/locked_test_v1/dense/seed_02.json
PPO,DENSE,2,DENSE,0.4,2.23,1.68,100,/Users/lab4099/Desktop/Mujoco/work/results/stage19_mixed_recovery/locked_test_v1/dense/seed_02.json
PPO,DENSE,2,DENSE,0.42500000000000004,2.32,1.64,100,/Users/lab4099/Desktop/Mujoco/work/results/stage19_mixed_recovery/locked_test_v1/dense/seed_02.json
PPO,DENSE,2,DENSE,0.45,2.26,1.67,100,/Users/lab4099/Desktop/Mujoco/work/results/stage19_mixed_recovery/locked_test_v1/dense/seed_02.json
PPO,DENSE,2,DENSE,0.47500000000000003,2.31,1.72,100,/Users/lab4099/Desktop/Mujoco/work/results/stage19_mixed_recovery/locked_test_v1/dense/seed_02.json
PPO,DENSE,2,DENSE,0.5,2.53,1.68,100,/Users/lab4099/Desktop/Mujoco/work/results/stage19_mixed_recovery/locked_test_v1/dense/seed_02.json
PPO,DENSE,2,DENSE,0.525,2.58,1.69,100,/Users/lab4099/Desktop/Mujoco/work/results/stage19_mixed_recovery/locked_test_v1/dense/seed_02.json
PPO,DENSE,2,DENSE,0.55,2.83,1.74,100,/Users/lab4099/Desktop/Mujoco/work/results/stage19_mixed_recovery/locked_test_v1/dense/seed_02.json
PPO,DENSE,2,DENSE,0.5750000000000001,2.82,1.69,100,/Users/lab4099/Desktop/Mujoco/work/results/stage19_mixed_recovery/locked_test_v1/dense/seed_02.json
PPO,DENSE,2,DENSE,0.6000000000000001,2.94,1.66,100,/Users/lab4099/Desktop/Mujoco/work/results/stage19_mixed_recovery/locked_test_v1/dense/seed_02.json
PPO,DENSE,2,DENSE,0.625,2.93,1.62,100,/Users/lab4099/Desktop/Mujoco/work/results/stage19_mixed_recovery/locked_test_v1/dense/seed_02.json
PPO,DENSE,2,DENSE,0.65,2.95,1.75,100,/Users/lab4099/Desktop/Mujoco/work/results/stage19_mixed_recovery/locked_test_v1/dense/seed_02.json
PPO,DENSE,2,DENSE,0.675,2.9,1.69,100,/Users/lab4099/Desktop/Mujoco/work/results/stage19_mixed_recovery/locked_test_v1/dense/seed_02.json
PPO,DENSE,2,DENSE,0.7000000000000001,2.95,1.77,100,/Users/lab4099/Desktop/Mujoco/work/results/stage19_mixed_recovery/locked_test_v1/dense/seed_02.json
PPO,DENSE,2,DENSE,0.7250000000000001,2.97,1.73,100,/Users/lab4099/Desktop/Mujoco/work/results/stage19_mixed_recovery/locked_test_v1/dense/seed_02.json
PPO,DENSE,2,DENSE,0.75,3.18,1.74,100,/Users/lab4099/Desktop/Mujoco/work/results/stage19_mixed_recovery/locked_test_v1/dense/seed_02.json
PPO,DENSE,2,DENSE,0.775,3.15,1.76,100,/Users/lab4099/Desktop/Mujoco/work/results/stage19_mixed_recovery/locked_test_v1/dense/seed_02.json
PPO,DENSE,2,DENSE,0.8,3.47,1.77,100,/Users/lab4099/Desktop/Mujoco/work/results/stage19_mixed_recovery/locked_test_v1/dense/seed_02.json
PPO,DENSE,2,DENSE,0.8250000000000001,3.31,1.71,100,/Users/lab4099/Desktop/Mujoco/work/results/stage19_mixed_recovery/locked_test_v1/dense/seed_02.json
PPO,DENSE,2,DENSE,0.8500000000000001,3.37,1.76,100,/Users/lab4099/Desktop/Mujoco/work/results/stage19_mixed_recovery/locked_test_v1/dense/seed_02.json
PPO,DENSE,2,DENSE,0.875,3.42,1.71,100,/Users/lab4099/Desktop/Mujoco/work/results/stage19_mixed_recovery/locked_test_v1/dense/seed_02.json
PPO,DENSE,2,DENSE,0.9,3.48,1.93,100,/Users/lab4099/Desktop/Mujoco/work/results/stage19_mixed_recovery/locked_test_v1/dense/seed_02.json
PPO,DENSE,2,DENSE,0.925,3.39,1.82,100,/Users/lab4099/Desktop/Mujoco/work/results/stage19_mixed_recovery/locked_test_v1/dense/seed_02.json
PPO,DENSE,2,DENSE,0.9500000000000001,3.76,1.94,100,/Users/lab4099/Desktop/Mujoco/work/results/stage19_mixed_recovery/locked_test_v1/dense/seed_02.json
PPO,DENSE,2,DENSE,0.9750000000000001,3.58,1.85,100,/Users/lab4099/Desktop/Mujoco/work/results/stage19_mixed_recovery/locked_test_v1/dense/seed_02.json
PPO,DENSE,2,DENSE,1.0,4.96,2.05,100,/Users/lab4099/Desktop/Mujoco/work/results/stage19_mixed_recovery/locked_test_v1/dense/seed_02.json
PPO,DENSE,2,BURST,0.0,4.96,2.05,100,/Users/lab4099/Desktop/Mujoco/work/results/stage19_mixed_recovery/locked_test_v1/dense/seed_02.json
PPO,DENSE,2,BURST,0.025,5.84,2.24,100,/Users/lab4099/Desktop/Mujoco/work/results/stage19_mixed_recovery/locked_test_v1/dense/seed_02.json
PPO,DENSE,2,BURST,0.05,7.11,2.46,100,/Users/lab4099/Desktop/Mujoco/work/results/stage19_mixed_recovery/locked_test_v1/dense/seed_02.json
PPO,DENSE,2,BURST,0.07500000000000001,8.31,2.43,100,/Users/lab4099/Desktop/Mujoco/work/results/stage19_mixed_recovery/locked_test_v1/dense/seed_02.json
PPO,DENSE,2,BURST,0.1,9.68,2.44,100,/Users/lab4099/Desktop/Mujoco/work/results/stage19_mixed_recovery/locked_test_v1/dense/seed_02.json
PPO,DENSE,2,BURST,0.125,11.05,2.34,100,/Users/lab4099/Desktop/Mujoco/work/results/stage19_mixed_recovery/locked_test_v1/dense/seed_02.json
PPO,DENSE,2,BURST,0.15000000000000002,12.47,2.26,100,/Users/lab4099/Desktop/Mujoco/work/results/stage19_mixed_recovery/locked_test_v1/dense/seed_02.json
PPO,DENSE,2,BURST,0.17500000000000002,13.88,2.25,100,/Users/lab4099/Desktop/Mujoco/work/results/stage19_mixed_recovery/locked_test_v1/dense/seed_02.json
PPO,DENSE,2,BURST,0.2,15.46,2.21,100,/Users/lab4099/Desktop/Mujoco/work/results/stage19_mixed_recovery/locked_test_v1/dense/seed_02.json
PPO,DENSE,2,BURST,0.225,16.9,2.14,100,/Users/lab4099/Desktop/Mujoco/work/results/stage19_mixed_recovery/locked_test_v1/dense/seed_02.json
PPO,DENSE,2,BURST,0.25,18.53,2.08,100,/Users/lab4099/Desktop/Mujoco/work/results/stage19_mixed_recovery/locked_test_v1/dense/seed_02.json
PPO,DENSE,2,BURST,0.275,19.96,2.04,100,/Users/lab4099/Desktop/Mujoco/work/results/stage19_mixed_recovery/locked_test_v1/dense/seed_02.json
PPO,DENSE,2,BURST,0.30000000000000004,21.24,2.0,100,/Users/lab4099/Desktop/Mujoco/work/results/stage19_mixed_recovery/locked_test_v1/dense/seed_02.json
PPO,DENSE,2,BURST,0.325,21.54,2.0,100,/Users/lab4099/Desktop/Mujoco/work/results/stage19_mixed_recovery/locked_test_v1/dense/seed_02.json
PPO,DENSE,2,BURST,0.35000000000000003,21.48,2.0,100,/Users/lab4099/Desktop/Mujoco/work/results/stage19_mixed_recovery/locked_test_v1/dense/seed_02.json
PPO,DENSE,2,BURST,0.375,21.39,1.98,100,/Users/lab4099/Desktop/Mujoco/work/results/stage19_mixed_recovery/locked_test_v1/dense/seed_02.json
PPO,DENSE,2,BURST,0.4,21.32,1.98,100,/Users/lab4099/Desktop/Mujoco/work/results/stage19_mixed_recovery/locked_test_v1/dense/seed_02.json
PPO,DENSE,2,BURST,0.42500000000000004,21.27,1.97,100,/Users/lab4099/Desktop/Mujoco/work/results/stage19_mixed_recovery/locked_test_v1/dense/seed_02.json
PPO,DENSE,2,BURST,0.45,21.21,1.97,100,/Users/lab4099/Desktop/Mujoco/work/results/stage19_mixed_recovery/locked_test_v1/dense/seed_02.json
PPO,DENSE,2,BURST,0.47500000000000003,21.15,1.97,100,/Users/lab4099/Desktop/Mujoco/work/results/stage19_mixed_recovery/locked_test_v1/dense/seed_02.json
PPO,DENSE,2,BURST,0.5,21.11,1.97,100,/Users/lab4099/Desktop/Mujoco/work/results/stage19_mixed_recovery/locked_test_v1/dense/seed_02.json
PPO,DENSE,2,BURST,0.525,21.04,1.96,100,/Users/lab4099/Desktop/Mujoco/work/results/stage19_mixed_recovery/locked_test_v1/dense/seed_02.json
PPO,DENSE,2,BURST,0.55,20.9,1.95,100,/Users/lab4099/Desktop/Mujoco/work/results/stage19_mixed_recovery/locked_test_v1/dense/seed_02.json
PPO,DENSE,2,BURST,0.5750000000000001,20.82,1.96,100,/Users/lab4099/Desktop/Mujoco/work/results/stage19_mixed_recovery/locked_test_v1/dense/seed_02.json
PPO,DENSE,2,BURST,0.6000000000000001,20.76,1.97,100,/Users/lab4099/Desktop/Mujoco/work/results/stage19_mixed_recovery/locked_test_v1/dense/seed_02.json
PPO,DENSE,2,BURST,0.625,20.73,1.97,100,/Users/lab4099/Desktop/Mujoco/work/results/stage19_mixed_recovery/locked_test_v1/dense/seed_02.json
PPO,DENSE,2,BURST,0.65,20.62,1.96,100,/Users/lab4099/Desktop/Mujoco/work/results/stage19_mixed_recovery/locked_test_v1/dense/seed_02.json
PPO,DENSE,2,BURST,0.675,20.49,1.96,100,/Users/lab4099/Desktop/Mujoco/work/results/stage19_mixed_recovery/locked_test_v1/dense/seed_02.json
PPO,DENSE,2,BURST,0.7000000000000001,20.41,1.96,100,/Users/lab4099/Desktop/Mujoco/work/results/stage19_mixed_recovery/locked_test_v1/dense/seed_02.json
PPO,DENSE,2,BURST,0.7250000000000001,20.28,1.95,100,/Users/lab4099/Desktop/Mujoco/work/results/stage19_mixed_recovery/locked_test_v1/dense/seed_02.json
PPO,DENSE,2,BURST,0.75,20.19,1.94,100,/Users/lab4099/Desktop/Mujoco/work/results/stage19_mixed_recovery/locked_test_v1/dense/seed_02.json
PPO,DENSE,2,BURST,0.775,20.08,1.94,100,/Users/lab4099/Desktop/Mujoco/work/results/stage19_mixed_recovery/locked_test_v1/dense/seed_02.json
PPO,DENSE,2,BURST,0.8,19.96,1.94,100,/Users/lab4099/Desktop/Mujoco/work/results/stage19_mixed_recovery/locked_test_v1/dense/seed_02.json
PPO,DENSE,2,BURST,0.8250000000000001,19.82,1.96,100,/Users/lab4099/Desktop/Mujoco/work/results/stage19_mixed_recovery/locked_test_v1/dense/seed_02.json
PPO,DENSE,2,BURST,0.8500000000000001,19.72,1.96,100,/Users/lab4099/Desktop/Mujoco/work/results/stage19_mixed_recovery/locked_test_v1/dense/seed_02.json
PPO,DENSE,2,BURST,0.875,19.68,1.95,100,/Users/lab4099/Desktop/Mujoco/work/results/stage19_mixed_recovery/locked_test_v1/dense/seed_02.json
PPO,DENSE,2,BURST,0.9,19.64,1.95,100,/Users/lab4099/Desktop/Mujoco/work/results/stage19_mixed_recovery/locked_test_v1/dense/seed_02.json
PPO,DENSE,2,BURST,0.925,19.55,1.95,100,/Users/lab4099/Desktop/Mujoco/work/results/stage19_mixed_recovery/locked_test_v1/dense/seed_02.json
PPO,DENSE,2,BURST,0.9500000000000001,19.49,1.95,100,/Users/lab4099/Desktop/Mujoco/work/results/stage19_mixed_recovery/locked_test_v1/dense/seed_02.json
PPO,DENSE,2,BURST,0.9750000000000001,19.41,1.94,100,/Users/lab4099/Desktop/Mujoco/work/results/stage19_mixed_recovery/locked_test_v1/dense/seed_02.json
PPO,DENSE,2,BURST,1.0,20.35,1.94,100,/Users/lab4099/Desktop/Mujoco/work/results/stage19_mixed_recovery/locked_test_v1/dense/seed_02.json
PPO,DENSE,2,RECOVERY,0.0,20.35,1.94,100,/Users/lab4099/Desktop/Mujoco/work/results/stage19_mixed_recovery/locked_test_v1/dense/seed_02.json
PPO,DENSE,2,RECOVERY,0.025,19.16,1.94,100,/Users/lab4099/Desktop/Mujoco/work/results/stage19_mixed_recovery/locked_test_v1/dense/seed_02.json
PPO,DENSE,2,RECOVERY,0.05,18.26,1.97,100,/Users/lab4099/Desktop/Mujoco/work/results/stage19_mixed_recovery/locked_test_v1/dense/seed_02.json
PPO,DENSE,2,RECOVERY,0.07500000000000001,17.46,2.01,100,/Users/lab4099/Desktop/Mujoco/work/results/stage19_mixed_recovery/locked_test_v1/dense/seed_02.json
PPO,DENSE,2,RECOVERY,0.1,15.76,2.01,100,/Users/lab4099/Desktop/Mujoco/work/results/stage19_mixed_recovery/locked_test_v1/dense/seed_02.json
PPO,DENSE,2,RECOVERY,0.125,14.17,2.09,100,/Users/lab4099/Desktop/Mujoco/work/results/stage19_mixed_recovery/locked_test_v1/dense/seed_02.json
PPO,DENSE,2,RECOVERY,0.15000000000000002,11.4,1.99,100,/Users/lab4099/Desktop/Mujoco/work/results/stage19_mixed_recovery/locked_test_v1/dense/seed_02.json
PPO,DENSE,2,RECOVERY,0.17500000000000002,9.58,2.09,100,/Users/lab4099/Desktop/Mujoco/work/results/stage19_mixed_recovery/locked_test_v1/dense/seed_02.json
PPO,DENSE,2,RECOVERY,0.2,7.18,1.93,100,/Users/lab4099/Desktop/Mujoco/work/results/stage19_mixed_recovery/locked_test_v1/dense/seed_02.json
PPO,DENSE,2,RECOVERY,0.225,5.69,1.75,100,/Users/lab4099/Desktop/Mujoco/work/results/stage19_mixed_recovery/locked_test_v1/dense/seed_02.json
PPO,DENSE,2,RECOVERY,0.25,4.13,1.68,100,/Users/lab4099/Desktop/Mujoco/work/results/stage19_mixed_recovery/locked_test_v1/dense/seed_02.json
PPO,DENSE,2,RECOVERY,0.275,3.45,1.56,100,/Users/lab4099/Desktop/Mujoco/work/results/stage19_mixed_recovery/locked_test_v1/dense/seed_02.json
PPO,DENSE,2,RECOVERY,0.30000000000000004,2.53,1.41,100,/Users/lab4099/Desktop/Mujoco/work/results/stage19_mixed_recovery/locked_test_v1/dense/seed_02.json
PPO,DENSE,2,RECOVERY,0.325,2.21,1.35,100,/Users/lab4099/Desktop/Mujoco/work/results/stage19_mixed_recovery/locked_test_v1/dense/seed_02.json
PPO,DENSE,2,RECOVERY,0.35000000000000003,1.51,1.23,100,/Users/lab4099/Desktop/Mujoco/work/results/stage19_mixed_recovery/locked_test_v1/dense/seed_02.json
PPO,DENSE,2,RECOVERY,0.375,1.29,1.17,100,/Users/lab4099/Desktop/Mujoco/work/results/stage19_mixed_recovery/locked_test_v1/dense/seed_02.json
PPO,DENSE,2,RECOVERY,0.4,0.7,1.0,100,/Users/lab4099/Desktop/Mujoco/work/results/stage19_mixed_recovery/locked_test_v1/dense/seed_02.json
PPO,DENSE,2,RECOVERY,0.42500000000000004,0.68,0.98,100,/Users/lab4099/Desktop/Mujoco/work/results/stage19_mixed_recovery/locked_test_v1/dense/seed_02.json
PPO,DENSE,2,RECOVERY,0.45,0.34,0.77,100,/Users/lab4099/Desktop/Mujoco/work/results/stage19_mixed_recovery/locked_test_v1/dense/seed_02.json
PPO,DENSE,2,RECOVERY,0.47500000000000003,0.32,0.8,100,/Users/lab4099/Desktop/Mujoco/work/results/stage19_mixed_recovery/locked_test_v1/dense/seed_02.json
PPO,DENSE,2,RECOVERY,0.5,0.13,0.66,100,/Users/lab4099/Desktop/Mujoco/work/results/stage19_mixed_recovery/locked_test_v1/dense/seed_02.json
PPO,DENSE,2,RECOVERY,0.525,0.13,0.57,100,/Users/lab4099/Desktop/Mujoco/work/results/stage19_mixed_recovery/locked_test_v1/dense/seed_02.json
PPO,DENSE,2,RECOVERY,0.55,0.05,0.5,100,/Users/lab4099/Desktop/Mujoco/work/results/stage19_mixed_recovery/locked_test_v1/dense/seed_02.json
PPO,DENSE,2,RECOVERY,0.5750000000000001,0.05,0.55,100,/Users/lab4099/Desktop/Mujoco/work/results/stage19_mixed_recovery/locked_test_v1/dense/seed_02.json
PPO,DENSE,2,RECOVERY,0.6000000000000001,0.01,0.55,100,/Users/lab4099/Desktop/Mujoco/work/results/stage19_mixed_recovery/locked_test_v1/dense/seed_02.json
PPO,DENSE,2,RECOVERY,0.625,0.01,0.43,100,/Users/lab4099/Desktop/Mujoco/work/results/stage19_mixed_recovery/locked_test_v1/dense/seed_02.json
PPO,DENSE,2,RECOVERY,0.65,0.01,0.44,100,/Users/lab4099/Desktop/Mujoco/work/results/stage19_mixed_recovery/locked_test_v1/dense/seed_02.json
PPO,DENSE,2,RECOVERY,0.675,0.0,0.51,100,/Users/lab4099/Desktop/Mujoco/work/results/stage19_mixed_recovery/locked_test_v1/dense/seed_02.json
PPO,DENSE,2,RECOVERY,0.7000000000000001,0.0,0.52,100,/Users/lab4099/Desktop/Mujoco/work/results/stage19_mixed_recovery/locked_test_v1/dense/seed_02.json
PPO,DENSE,2,RECOVERY,0.7250000000000001,0.0,0.47,100,/Users/lab4099/Desktop/Mujoco/work/results/stage19_mixed_recovery/locked_test_v1/dense/seed_02.json
PPO,DENSE,2,RECOVERY,0.75,0.0,0.52,100,/Users/lab4099/Desktop/Mujoco/work/results/stage19_mixed_recovery/locked_test_v1/dense/seed_02.json
PPO,DENSE,2,RECOVERY,0.775,0.0,0.39,100,/Users/lab4099/Desktop/Mujoco/work/results/stage19_mixed_recovery/locked_test_v1/dense/seed_02.json
PPO,DENSE,2,RECOVERY,0.8,0.0,0.51,100,/Users/lab4099/Desktop/Mujoco/work/results/stage19_mixed_recovery/locked_test_v1/dense/seed_02.json
PPO,DENSE,2,RECOVERY,0.8250000000000001,0.0,0.42,100,/Users/lab4099/Desktop/Mujoco/work/results/stage19_mixed_recovery/locked_test_v1/dense/seed_02.json
PPO,DENSE,2,RECOVERY,0.8500000000000001,0.0,0.54,100,/Users/lab4099/Desktop/Mujoco/work/results/stage19_mixed_recovery/locked_test_v1/dense/seed_02.json
PPO,DENSE,2,RECOVERY,0.875,0.0,0.47,100,/Users/lab4099/Desktop/Mujoco/work/results/stage19_mixed_recovery/locked_test_v1/dense/seed_02.json
PPO,DENSE,2,RECOVERY,0.9,0.01,0.56,100,/Users/lab4099/Desktop/Mujoco/work/results/stage19_mixed_recovery/locked_test_v1/dense/seed_02.json
PPO,DENSE,2,RECOVERY,0.925,0.0,0.46,100,/Users/lab4099/Desktop/Mujoco/work/results/stage19_mixed_recovery/locked_test_v1/dense/seed_02.json
PPO,DENSE,2,RECOVERY,0.9500000000000001,0.0,0.5,100,/Users/lab4099/Desktop/Mujoco/work/results/stage19_mixed_recovery/locked_test_v1/dense/seed_02.json
PPO,DENSE,2,RECOVERY,0.9750000000000001,0.0,0.77,100,/Users/lab4099/Desktop/Mujoco/work/results/stage19_mixed_recovery/locked_test_v1/dense/seed_02.json
PPO,DENSE,2,RECOVERY,1.0,0.0,0.0,100,/Users/lab4099/Desktop/Mujoco/work/results/stage19_mixed_recovery/locked_test_v1/dense/seed_02.json
PPO,DENSE,3,NORMAL,0.0,0.0,1.0,100,/Users/lab4099/Desktop/Mujoco/work/results/stage19_mixed_recovery/locked_test_v1/dense/seed_03.json
PPO,DENSE,3,NORMAL,0.025,0.0,0.27,100,/Users/lab4099/Desktop/Mujoco/work/results/stage19_mixed_recovery/locked_test_v1/dense/seed_03.json
PPO,DENSE,3,NORMAL,0.05,0.0,0.37,100,/Users/lab4099/Desktop/Mujoco/work/results/stage19_mixed_recovery/locked_test_v1/dense/seed_03.json
PPO,DENSE,3,NORMAL,0.07500000000000001,0.0,0.31,100,/Users/lab4099/Desktop/Mujoco/work/results/stage19_mixed_recovery/locked_test_v1/dense/seed_03.json
PPO,DENSE,3,NORMAL,0.1,0.0,0.28,100,/Users/lab4099/Desktop/Mujoco/work/results/stage19_mixed_recovery/locked_test_v1/dense/seed_03.json
PPO,DENSE,3,NORMAL,0.125,0.0,0.51,100,/Users/lab4099/Desktop/Mujoco/work/results/stage19_mixed_recovery/locked_test_v1/dense/seed_03.json
PPO,DENSE,3,NORMAL,0.15000000000000002,0.0,0.27,100,/Users/lab4099/Desktop/Mujoco/work/results/stage19_mixed_recovery/locked_test_v1/dense/seed_03.json
PPO,DENSE,3,NORMAL,0.17500000000000002,0.0,0.45,100,/Users/lab4099/Desktop/Mujoco/work/results/stage19_mixed_recovery/locked_test_v1/dense/seed_03.json
PPO,DENSE,3,NORMAL,0.2,0.0,0.22,100,/Users/lab4099/Desktop/Mujoco/work/results/stage19_mixed_recovery/locked_test_v1/dense/seed_03.json
PPO,DENSE,3,NORMAL,0.225,0.0,0.56,100,/Users/lab4099/Desktop/Mujoco/work/results/stage19_mixed_recovery/locked_test_v1/dense/seed_03.json
PPO,DENSE,3,NORMAL,0.25,0.0,0.19,100,/Users/lab4099/Desktop/Mujoco/work/results/stage19_mixed_recovery/locked_test_v1/dense/seed_03.json
PPO,DENSE,3,NORMAL,0.275,0.0,0.5,100,/Users/lab4099/Desktop/Mujoco/work/results/stage19_mixed_recovery/locked_test_v1/dense/seed_03.json
PPO,DENSE,3,NORMAL,0.30000000000000004,0.0,0.24,100,/Users/lab4099/Desktop/Mujoco/work/results/stage19_mixed_recovery/locked_test_v1/dense/seed_03.json
PPO,DENSE,3,NORMAL,0.325,0.0,0.56,100,/Users/lab4099/Desktop/Mujoco/work/results/stage19_mixed_recovery/locked_test_v1/dense/seed_03.json
PPO,DENSE,3,NORMAL,0.35000000000000003,0.0,0.28,100,/Users/lab4099/Desktop/Mujoco/work/results/stage19_mixed_recovery/locked_test_v1/dense/seed_03.json
PPO,DENSE,3,NORMAL,0.375,0.0,0.61,100,/Users/lab4099/Desktop/Mujoco/work/results/stage19_mixed_recovery/locked_test_v1/dense/seed_03.json
PPO,DENSE,3,NORMAL,0.4,0.0,0.35,100,/Users/lab4099/Desktop/Mujoco/work/results/stage19_mixed_recovery/locked_test_v1/dense/seed_03.json
PPO,DENSE,3,NORMAL,0.42500000000000004,0.0,0.54,100,/Users/lab4099/Desktop/Mujoco/work/results/stage19_mixed_recovery/locked_test_v1/dense/seed_03.json
PPO,DENSE,3,NORMAL,0.45,0.0,0.28,100,/Users/lab4099/Desktop/Mujoco/work/results/stage19_mixed_recovery/locked_test_v1/dense/seed_03.json
PPO,DENSE,3,NORMAL,0.47500000000000003,0.0,0.68,100,/Users/lab4099/Desktop/Mujoco/work/results/stage19_mixed_recovery/locked_test_v1/dense/seed_03.json
PPO,DENSE,3,NORMAL,0.5,0.0,0.42,100,/Users/lab4099/Desktop/Mujoco/work/results/stage19_mixed_recovery/locked_test_v1/dense/seed_03.json
PPO,DENSE,3,NORMAL,0.525,0.0,0.65,100,/Users/lab4099/Desktop/Mujoco/work/results/stage19_mixed_recovery/locked_test_v1/dense/seed_03.json
PPO,DENSE,3,NORMAL,0.55,0.0,0.52,100,/Users/lab4099/Desktop/Mujoco/work/results/stage19_mixed_recovery/locked_test_v1/dense/seed_03.json
PPO,DENSE,3,NORMAL,0.5750000000000001,0.0,0.58,100,/Users/lab4099/Desktop/Mujoco/work/results/stage19_mixed_recovery/locked_test_v1/dense/seed_03.json
PPO,DENSE,3,NORMAL,0.6000000000000001,0.0,0.5,100,/Users/lab4099/Desktop/Mujoco/work/results/stage19_mixed_recovery/locked_test_v1/dense/seed_03.json
PPO,DENSE,3,NORMAL,0.625,0.0,0.53,100,/Users/lab4099/Desktop/Mujoco/work/results/stage19_mixed_recovery/locked_test_v1/dense/seed_03.json
PPO,DENSE,3,NORMAL,0.65,0.0,0.38,100,/Users/lab4099/Desktop/Mujoco/work/results/stage19_mixed_recovery/locked_test_v1/dense/seed_03.json
PPO,DENSE,3,NORMAL,0.675,0.0,0.32,100,/Users/lab4099/Desktop/Mujoco/work/results/stage19_mixed_recovery/locked_test_v1/dense/seed_03.json
PPO,DENSE,3,NORMAL,0.7000000000000001,0.0,0.42,100,/Users/lab4099/Desktop/Mujoco/work/results/stage19_mixed_recovery/locked_test_v1/dense/seed_03.json
PPO,DENSE,3,NORMAL,0.7250000000000001,0.0,0.31,100,/Users/lab4099/Desktop/Mujoco/work/results/stage19_mixed_recovery/locked_test_v1/dense/seed_03.json
PPO,DENSE,3,NORMAL,0.75,0.0,0.51,100,/Users/lab4099/Desktop/Mujoco/work/results/stage19_mixed_recovery/locked_test_v1/dense/seed_03.json
PPO,DENSE,3,NORMAL,0.775,0.0,0.31,100,/Users/lab4099/Desktop/Mujoco/work/results/stage19_mixed_recovery/locked_test_v1/dense/seed_03.json
PPO,DENSE,3,NORMAL,0.8,0.0,0.55,100,/Users/lab4099/Desktop/Mujoco/work/results/stage19_mixed_recovery/locked_test_v1/dense/seed_03.json
PPO,DENSE,3,NORMAL,0.8250000000000001,0.0,0.24,100,/Users/lab4099/Desktop/Mujoco/work/results/stage19_mixed_recovery/locked_test_v1/dense/seed_03.json
PPO,DENSE,3,NORMAL,0.8500000000000001,0.0,0.49,100,/Users/lab4099/Desktop/Mujoco/work/results/stage19_mixed_recovery/locked_test_v1/dense/seed_03.json
PPO,DENSE,3,NORMAL,0.875,0.0,0.22,100,/Users/lab4099/Desktop/Mujoco/work/results/stage19_mixed_recovery/locked_test_v1/dense/seed_03.json
PPO,DENSE,3,NORMAL,0.9,0.0,0.52,100,/Users/lab4099/Desktop/Mujoco/work/results/stage19_mixed_recovery/locked_test_v1/dense/seed_03.json
PPO,DENSE,3,NORMAL,0.925,0.0,0.29,100,/Users/lab4099/Desktop/Mujoco/work/results/stage19_mixed_recovery/locked_test_v1/dense/seed_03.json
PPO,DENSE,3,NORMAL,0.9500000000000001,0.0,0.6,100,/Users/lab4099/Desktop/Mujoco/work/results/stage19_mixed_recovery/locked_test_v1/dense/seed_03.json
PPO,DENSE,3,NORMAL,0.9750000000000001,0.0,0.33,100,/Users/lab4099/Desktop/Mujoco/work/results/stage19_mixed_recovery/locked_test_v1/dense/seed_03.json
PPO,DENSE,3,NORMAL,1.0,0.3,1.31,100,/Users/lab4099/Desktop/Mujoco/work/results/stage19_mixed_recovery/locked_test_v1/dense/seed_03.json
PPO,DENSE,3,DENSE,0.0,0.3,1.31,100,/Users/lab4099/Desktop/Mujoco/work/results/stage19_mixed_recovery/locked_test_v1/dense/seed_03.json
PPO,DENSE,3,DENSE,0.025,0.29,1.02,100,/Users/lab4099/Desktop/Mujoco/work/results/stage19_mixed_recovery/locked_test_v1/dense/seed_03.json
PPO,DENSE,3,DENSE,0.05,0.56,1.05,100,/Users/lab4099/Desktop/Mujoco/work/results/stage19_mixed_recovery/locked_test_v1/dense/seed_03.json
PPO,DENSE,3,DENSE,0.07500000000000001,0.85,1.2,100,/Users/lab4099/Desktop/Mujoco/work/results/stage19_mixed_recovery/locked_test_v1/dense/seed_03.json
PPO,DENSE,3,DENSE,0.1,1.03,1.19,100,/Users/lab4099/Desktop/Mujoco/work/results/stage19_mixed_recovery/locked_test_v1/dense/seed_03.json
PPO,DENSE,3,DENSE,0.125,1.46,1.34,100,/Users/lab4099/Desktop/Mujoco/work/results/stage19_mixed_recovery/locked_test_v1/dense/seed_03.json
PPO,DENSE,3,DENSE,0.15000000000000002,1.47,1.26,100,/Users/lab4099/Desktop/Mujoco/work/results/stage19_mixed_recovery/locked_test_v1/dense/seed_03.json
PPO,DENSE,3,DENSE,0.17500000000000002,1.5,1.39,100,/Users/lab4099/Desktop/Mujoco/work/results/stage19_mixed_recovery/locked_test_v1/dense/seed_03.json
PPO,DENSE,3,DENSE,0.2,1.41,1.33,100,/Users/lab4099/Desktop/Mujoco/work/results/stage19_mixed_recovery/locked_test_v1/dense/seed_03.json
PPO,DENSE,3,DENSE,0.225,1.54,1.4,100,/Users/lab4099/Desktop/Mujoco/work/results/stage19_mixed_recovery/locked_test_v1/dense/seed_03.json
PPO,DENSE,3,DENSE,0.25,1.48,1.43,100,/Users/lab4099/Desktop/Mujoco/work/results/stage19_mixed_recovery/locked_test_v1/dense/seed_03.json
PPO,DENSE,3,DENSE,0.275,1.74,1.54,100,/Users/lab4099/Desktop/Mujoco/work/results/stage19_mixed_recovery/locked_test_v1/dense/seed_03.json
PPO,DENSE,3,DENSE,0.30000000000000004,1.84,1.52,100,/Users/lab4099/Desktop/Mujoco/work/results/stage19_mixed_recovery/locked_test_v1/dense/seed_03.json
PPO,DENSE,3,DENSE,0.325,1.98,1.53,100,/Users/lab4099/Desktop/Mujoco/work/results/stage19_mixed_recovery/locked_test_v1/dense/seed_03.json
PPO,DENSE,3,DENSE,0.35000000000000003,2.05,1.56,100,/Users/lab4099/Desktop/Mujoco/work/results/stage19_mixed_recovery/locked_test_v1/dense/seed_03.json
PPO,DENSE,3,DENSE,0.375,2.02,1.65,100,/Users/lab4099/Desktop/Mujoco/work/results/stage19_mixed_recovery/locked_test_v1/dense/seed_03.json
PPO,DENSE,3,DENSE,0.4,2.2,1.65,100,/Users/lab4099/Desktop/Mujoco/work/results/stage19_mixed_recovery/locked_test_v1/dense/seed_03.json
PPO,DENSE,3,DENSE,0.42500000000000004,2.2,1.64,100,/Users/lab4099/Desktop/Mujoco/work/results/stage19_mixed_recovery/locked_test_v1/dense/seed_03.json
PPO,DENSE,3,DENSE,0.45,2.23,1.69,100,/Users/lab4099/Desktop/Mujoco/work/results/stage19_mixed_recovery/locked_test_v1/dense/seed_03.json
PPO,DENSE,3,DENSE,0.47500000000000003,2.27,1.74,100,/Users/lab4099/Desktop/Mujoco/work/results/stage19_mixed_recovery/locked_test_v1/dense/seed_03.json
PPO,DENSE,3,DENSE,0.5,2.52,1.69,100,/Users/lab4099/Desktop/Mujoco/work/results/stage19_mixed_recovery/locked_test_v1/dense/seed_03.json
PPO,DENSE,3,DENSE,0.525,2.57,1.7,100,/Users/lab4099/Desktop/Mujoco/work/results/stage19_mixed_recovery/locked_test_v1/dense/seed_03.json
PPO,DENSE,3,DENSE,0.55,2.73,1.7,100,/Users/lab4099/Desktop/Mujoco/work/results/stage19_mixed_recovery/locked_test_v1/dense/seed_03.json
PPO,DENSE,3,DENSE,0.5750000000000001,2.73,1.7,100,/Users/lab4099/Desktop/Mujoco/work/results/stage19_mixed_recovery/locked_test_v1/dense/seed_03.json
PPO,DENSE,3,DENSE,0.6000000000000001,2.85,1.67,100,/Users/lab4099/Desktop/Mujoco/work/results/stage19_mixed_recovery/locked_test_v1/dense/seed_03.json
PPO,DENSE,3,DENSE,0.625,2.87,1.64,100,/Users/lab4099/Desktop/Mujoco/work/results/stage19_mixed_recovery/locked_test_v1/dense/seed_03.json
PPO,DENSE,3,DENSE,0.65,2.92,1.71,100,/Users/lab4099/Desktop/Mujoco/work/results/stage19_mixed_recovery/locked_test_v1/dense/seed_03.json
PPO,DENSE,3,DENSE,0.675,2.92,1.62,100,/Users/lab4099/Desktop/Mujoco/work/results/stage19_mixed_recovery/locked_test_v1/dense/seed_03.json
PPO,DENSE,3,DENSE,0.7000000000000001,3.06,1.67,100,/Users/lab4099/Desktop/Mujoco/work/results/stage19_mixed_recovery/locked_test_v1/dense/seed_03.json
PPO,DENSE,3,DENSE,0.7250000000000001,3.04,1.7,100,/Users/lab4099/Desktop/Mujoco/work/results/stage19_mixed_recovery/locked_test_v1/dense/seed_03.json
PPO,DENSE,3,DENSE,0.75,3.22,1.68,100,/Users/lab4099/Desktop/Mujoco/work/results/stage19_mixed_recovery/locked_test_v1/dense/seed_03.json
PPO,DENSE,3,DENSE,0.775,3.17,1.71,100,/Users/lab4099/Desktop/Mujoco/work/results/stage19_mixed_recovery/locked_test_v1/dense/seed_03.json
PPO,DENSE,3,DENSE,0.8,3.43,1.76,100,/Users/lab4099/Desktop/Mujoco/work/results/stage19_mixed_recovery/locked_test_v1/dense/seed_03.json
PPO,DENSE,3,DENSE,0.8250000000000001,3.17,1.71,100,/Users/lab4099/Desktop/Mujoco/work/results/stage19_mixed_recovery/locked_test_v1/dense/seed_03.json
PPO,DENSE,3,DENSE,0.8500000000000001,3.27,1.77,100,/Users/lab4099/Desktop/Mujoco/work/results/stage19_mixed_recovery/locked_test_v1/dense/seed_03.json
PPO,DENSE,3,DENSE,0.875,3.26,1.77,100,/Users/lab4099/Desktop/Mujoco/work/results/stage19_mixed_recovery/locked_test_v1/dense/seed_03.json
PPO,DENSE,3,DENSE,0.9,3.46,1.93,100,/Users/lab4099/Desktop/Mujoco/work/results/stage19_mixed_recovery/locked_test_v1/dense/seed_03.json
PPO,DENSE,3,DENSE,0.925,3.46,1.82,100,/Users/lab4099/Desktop/Mujoco/work/results/stage19_mixed_recovery/locked_test_v1/dense/seed_03.json
PPO,DENSE,3,DENSE,0.9500000000000001,3.85,1.89,100,/Users/lab4099/Desktop/Mujoco/work/results/stage19_mixed_recovery/locked_test_v1/dense/seed_03.json
PPO,DENSE,3,DENSE,0.9750000000000001,3.56,1.87,100,/Users/lab4099/Desktop/Mujoco/work/results/stage19_mixed_recovery/locked_test_v1/dense/seed_03.json
PPO,DENSE,3,DENSE,1.0,4.88,2.08,100,/Users/lab4099/Desktop/Mujoco/work/results/stage19_mixed_recovery/locked_test_v1/dense/seed_03.json
PPO,DENSE,3,BURST,0.0,4.88,2.08,100,/Users/lab4099/Desktop/Mujoco/work/results/stage19_mixed_recovery/locked_test_v1/dense/seed_03.json
PPO,DENSE,3,BURST,0.025,5.87,2.25,100,/Users/lab4099/Desktop/Mujoco/work/results/stage19_mixed_recovery/locked_test_v1/dense/seed_03.json
PPO,DENSE,3,BURST,0.05,7.18,2.36,100,/Users/lab4099/Desktop/Mujoco/work/results/stage19_mixed_recovery/locked_test_v1/dense/seed_03.json
PPO,DENSE,3,BURST,0.07500000000000001,8.34,2.34,100,/Users/lab4099/Desktop/Mujoco/work/results/stage19_mixed_recovery/locked_test_v1/dense/seed_03.json
PPO,DENSE,3,BURST,0.1,9.7,2.41,100,/Users/lab4099/Desktop/Mujoco/work/results/stage19_mixed_recovery/locked_test_v1/dense/seed_03.json
PPO,DENSE,3,BURST,0.125,11.04,2.37,100,/Users/lab4099/Desktop/Mujoco/work/results/stage19_mixed_recovery/locked_test_v1/dense/seed_03.json
PPO,DENSE,3,BURST,0.15000000000000002,12.44,2.28,100,/Users/lab4099/Desktop/Mujoco/work/results/stage19_mixed_recovery/locked_test_v1/dense/seed_03.json
PPO,DENSE,3,BURST,0.17500000000000002,13.85,2.22,100,/Users/lab4099/Desktop/Mujoco/work/results/stage19_mixed_recovery/locked_test_v1/dense/seed_03.json
PPO,DENSE,3,BURST,0.2,15.42,2.17,100,/Users/lab4099/Desktop/Mujoco/work/results/stage19_mixed_recovery/locked_test_v1/dense/seed_03.json
PPO,DENSE,3,BURST,0.225,16.81,2.09,100,/Users/lab4099/Desktop/Mujoco/work/results/stage19_mixed_recovery/locked_test_v1/dense/seed_03.json
PPO,DENSE,3,BURST,0.25,18.41,2.06,100,/Users/lab4099/Desktop/Mujoco/work/results/stage19_mixed_recovery/locked_test_v1/dense/seed_03.json
PPO,DENSE,3,BURST,0.275,19.87,2.01,100,/Users/lab4099/Desktop/Mujoco/work/results/stage19_mixed_recovery/locked_test_v1/dense/seed_03.json
PPO,DENSE,3,BURST,0.30000000000000004,21.26,2.01,100,/Users/lab4099/Desktop/Mujoco/work/results/stage19_mixed_recovery/locked_test_v1/dense/seed_03.json
PPO,DENSE,3,BURST,0.325,21.55,2.0,100,/Users/lab4099/Desktop/Mujoco/work/results/stage19_mixed_recovery/locked_test_v1/dense/seed_03.json
PPO,DENSE,3,BURST,0.35000000000000003,21.53,2.0,100,/Users/lab4099/Desktop/Mujoco/work/results/stage19_mixed_recovery/locked_test_v1/dense/seed_03.json
PPO,DENSE,3,BURST,0.375,21.45,2.0,100,/Users/lab4099/Desktop/Mujoco/work/results/stage19_mixed_recovery/locked_test_v1/dense/seed_03.json
PPO,DENSE,3,BURST,0.4,21.39,1.99,100,/Users/lab4099/Desktop/Mujoco/work/results/stage19_mixed_recovery/locked_test_v1/dense/seed_03.json
PPO,DENSE,3,BURST,0.42500000000000004,21.31,2.0,100,/Users/lab4099/Desktop/Mujoco/work/results/stage19_mixed_recovery/locked_test_v1/dense/seed_03.json
PPO,DENSE,3,BURST,0.45,21.25,2.0,100,/Users/lab4099/Desktop/Mujoco/work/results/stage19_mixed_recovery/locked_test_v1/dense/seed_03.json
PPO,DENSE,3,BURST,0.47500000000000003,21.2,1.99,100,/Users/lab4099/Desktop/Mujoco/work/results/stage19_mixed_recovery/locked_test_v1/dense/seed_03.json
PPO,DENSE,3,BURST,0.5,21.1,1.99,100,/Users/lab4099/Desktop/Mujoco/work/results/stage19_mixed_recovery/locked_test_v1/dense/seed_03.json
PPO,DENSE,3,BURST,0.525,21.03,1.99,100,/Users/lab4099/Desktop/Mujoco/work/results/stage19_mixed_recovery/locked_test_v1/dense/seed_03.json
PPO,DENSE,3,BURST,0.55,20.93,1.98,100,/Users/lab4099/Desktop/Mujoco/work/results/stage19_mixed_recovery/locked_test_v1/dense/seed_03.json
PPO,DENSE,3,BURST,0.5750000000000001,20.87,1.98,100,/Users/lab4099/Desktop/Mujoco/work/results/stage19_mixed_recovery/locked_test_v1/dense/seed_03.json
PPO,DENSE,3,BURST,0.6000000000000001,20.8,1.98,100,/Users/lab4099/Desktop/Mujoco/work/results/stage19_mixed_recovery/locked_test_v1/dense/seed_03.json
PPO,DENSE,3,BURST,0.625,20.72,1.98,100,/Users/lab4099/Desktop/Mujoco/work/results/stage19_mixed_recovery/locked_test_v1/dense/seed_03.json
PPO,DENSE,3,BURST,0.65,20.58,1.97,100,/Users/lab4099/Desktop/Mujoco/work/results/stage19_mixed_recovery/locked_test_v1/dense/seed_03.json
PPO,DENSE,3,BURST,0.675,20.46,1.98,100,/Users/lab4099/Desktop/Mujoco/work/results/stage19_mixed_recovery/locked_test_v1/dense/seed_03.json
PPO,DENSE,3,BURST,0.7000000000000001,20.37,1.95,100,/Users/lab4099/Desktop/Mujoco/work/results/stage19_mixed_recovery/locked_test_v1/dense/seed_03.json
PPO,DENSE,3,BURST,0.7250000000000001,20.3,1.96,100,/Users/lab4099/Desktop/Mujoco/work/results/stage19_mixed_recovery/locked_test_v1/dense/seed_03.json
PPO,DENSE,3,BURST,0.75,20.19,1.93,100,/Users/lab4099/Desktop/Mujoco/work/results/stage19_mixed_recovery/locked_test_v1/dense/seed_03.json
PPO,DENSE,3,BURST,0.775,20.09,1.94,100,/Users/lab4099/Desktop/Mujoco/work/results/stage19_mixed_recovery/locked_test_v1/dense/seed_03.json
PPO,DENSE,3,BURST,0.8,19.95,1.95,100,/Users/lab4099/Desktop/Mujoco/work/results/stage19_mixed_recovery/locked_test_v1/dense/seed_03.json
PPO,DENSE,3,BURST,0.8250000000000001,19.84,1.94,100,/Users/lab4099/Desktop/Mujoco/work/results/stage19_mixed_recovery/locked_test_v1/dense/seed_03.json
PPO,DENSE,3,BURST,0.8500000000000001,19.76,1.95,100,/Users/lab4099/Desktop/Mujoco/work/results/stage19_mixed_recovery/locked_test_v1/dense/seed_03.json
PPO,DENSE,3,BURST,0.875,19.72,1.95,100,/Users/lab4099/Desktop/Mujoco/work/results/stage19_mixed_recovery/locked_test_v1/dense/seed_03.json
PPO,DENSE,3,BURST,0.9,19.67,1.94,100,/Users/lab4099/Desktop/Mujoco/work/results/stage19_mixed_recovery/locked_test_v1/dense/seed_03.json
PPO,DENSE,3,BURST,0.925,19.56,1.95,100,/Users/lab4099/Desktop/Mujoco/work/results/stage19_mixed_recovery/locked_test_v1/dense/seed_03.json
PPO,DENSE,3,BURST,0.9500000000000001,19.51,1.94,100,/Users/lab4099/Desktop/Mujoco/work/results/stage19_mixed_recovery/locked_test_v1/dense/seed_03.json
PPO,DENSE,3,BURST,0.9750000000000001,19.44,1.94,100,/Users/lab4099/Desktop/Mujoco/work/results/stage19_mixed_recovery/locked_test_v1/dense/seed_03.json
PPO,DENSE,3,BURST,1.0,20.35,1.94,100,/Users/lab4099/Desktop/Mujoco/work/results/stage19_mixed_recovery/locked_test_v1/dense/seed_03.json
PPO,DENSE,3,RECOVERY,0.0,20.35,1.94,100,/Users/lab4099/Desktop/Mujoco/work/results/stage19_mixed_recovery/locked_test_v1/dense/seed_03.json
PPO,DENSE,3,RECOVERY,0.025,19.14,1.91,100,/Users/lab4099/Desktop/Mujoco/work/results/stage19_mixed_recovery/locked_test_v1/dense/seed_03.json
PPO,DENSE,3,RECOVERY,0.05,18.29,1.91,100,/Users/lab4099/Desktop/Mujoco/work/results/stage19_mixed_recovery/locked_test_v1/dense/seed_03.json
PPO,DENSE,3,RECOVERY,0.07500000000000001,17.48,1.98,100,/Users/lab4099/Desktop/Mujoco/work/results/stage19_mixed_recovery/locked_test_v1/dense/seed_03.json
PPO,DENSE,3,RECOVERY,0.1,15.64,2.1,100,/Users/lab4099/Desktop/Mujoco/work/results/stage19_mixed_recovery/locked_test_v1/dense/seed_03.json
PPO,DENSE,3,RECOVERY,0.125,14.12,2.08,100,/Users/lab4099/Desktop/Mujoco/work/results/stage19_mixed_recovery/locked_test_v1/dense/seed_03.json
PPO,DENSE,3,RECOVERY,0.15000000000000002,11.53,2.24,100,/Users/lab4099/Desktop/Mujoco/work/results/stage19_mixed_recovery/locked_test_v1/dense/seed_03.json
PPO,DENSE,3,RECOVERY,0.17500000000000002,9.44,2.07,100,/Users/lab4099/Desktop/Mujoco/work/results/stage19_mixed_recovery/locked_test_v1/dense/seed_03.json
PPO,DENSE,3,RECOVERY,0.2,7.25,1.97,100,/Users/lab4099/Desktop/Mujoco/work/results/stage19_mixed_recovery/locked_test_v1/dense/seed_03.json
PPO,DENSE,3,RECOVERY,0.225,5.61,1.84,100,/Users/lab4099/Desktop/Mujoco/work/results/stage19_mixed_recovery/locked_test_v1/dense/seed_03.json
PPO,DENSE,3,RECOVERY,0.25,4.05,1.67,100,/Users/lab4099/Desktop/Mujoco/work/results/stage19_mixed_recovery/locked_test_v1/dense/seed_03.json
PPO,DENSE,3,RECOVERY,0.275,3.48,1.51,100,/Users/lab4099/Desktop/Mujoco/work/results/stage19_mixed_recovery/locked_test_v1/dense/seed_03.json
PPO,DENSE,3,RECOVERY,0.30000000000000004,2.7,1.3,100,/Users/lab4099/Desktop/Mujoco/work/results/stage19_mixed_recovery/locked_test_v1/dense/seed_03.json
PPO,DENSE,3,RECOVERY,0.325,2.31,1.21,100,/Users/lab4099/Desktop/Mujoco/work/results/stage19_mixed_recovery/locked_test_v1/dense/seed_03.json
PPO,DENSE,3,RECOVERY,0.35000000000000003,1.54,1.19,100,/Users/lab4099/Desktop/Mujoco/work/results/stage19_mixed_recovery/locked_test_v1/dense/seed_03.json
PPO,DENSE,3,RECOVERY,0.375,1.18,1.18,100,/Users/lab4099/Desktop/Mujoco/work/results/stage19_mixed_recovery/locked_test_v1/dense/seed_03.json
PPO,DENSE,3,RECOVERY,0.4,0.7,0.95,100,/Users/lab4099/Desktop/Mujoco/work/results/stage19_mixed_recovery/locked_test_v1/dense/seed_03.json
PPO,DENSE,3,RECOVERY,0.42500000000000004,0.57,0.99,100,/Users/lab4099/Desktop/Mujoco/work/results/stage19_mixed_recovery/locked_test_v1/dense/seed_03.json
PPO,DENSE,3,RECOVERY,0.45,0.36,0.8,100,/Users/lab4099/Desktop/Mujoco/work/results/stage19_mixed_recovery/locked_test_v1/dense/seed_03.json
PPO,DENSE,3,RECOVERY,0.47500000000000003,0.23,0.78,100,/Users/lab4099/Desktop/Mujoco/work/results/stage19_mixed_recovery/locked_test_v1/dense/seed_03.json
PPO,DENSE,3,RECOVERY,0.5,0.13,0.68,100,/Users/lab4099/Desktop/Mujoco/work/results/stage19_mixed_recovery/locked_test_v1/dense/seed_03.json
PPO,DENSE,3,RECOVERY,0.525,0.1,0.54,100,/Users/lab4099/Desktop/Mujoco/work/results/stage19_mixed_recovery/locked_test_v1/dense/seed_03.json
PPO,DENSE,3,RECOVERY,0.55,0.02,0.47,100,/Users/lab4099/Desktop/Mujoco/work/results/stage19_mixed_recovery/locked_test_v1/dense/seed_03.json
PPO,DENSE,3,RECOVERY,0.5750000000000001,0.04,0.51,100,/Users/lab4099/Desktop/Mujoco/work/results/stage19_mixed_recovery/locked_test_v1/dense/seed_03.json
PPO,DENSE,3,RECOVERY,0.6000000000000001,0.01,0.55,100,/Users/lab4099/Desktop/Mujoco/work/results/stage19_mixed_recovery/locked_test_v1/dense/seed_03.json
PPO,DENSE,3,RECOVERY,0.625,0.01,0.43,100,/Users/lab4099/Desktop/Mujoco/work/results/stage19_mixed_recovery/locked_test_v1/dense/seed_03.json
PPO,DENSE,3,RECOVERY,0.65,0.0,0.43,100,/Users/lab4099/Desktop/Mujoco/work/results/stage19_mixed_recovery/locked_test_v1/dense/seed_03.json
PPO,DENSE,3,RECOVERY,0.675,0.0,0.5,100,/Users/lab4099/Desktop/Mujoco/work/results/stage19_mixed_recovery/locked_test_v1/dense/seed_03.json
PPO,DENSE,3,RECOVERY,0.7000000000000001,0.0,0.49,100,/Users/lab4099/Desktop/Mujoco/work/results/stage19_mixed_recovery/locked_test_v1/dense/seed_03.json
PPO,DENSE,3,RECOVERY,0.7250000000000001,0.0,0.44,100,/Users/lab4099/Desktop/Mujoco/work/results/stage19_mixed_recovery/locked_test_v1/dense/seed_03.json
PPO,DENSE,3,RECOVERY,0.75,0.0,0.49,100,/Users/lab4099/Desktop/Mujoco/work/results/stage19_mixed_recovery/locked_test_v1/dense/seed_03.json
PPO,DENSE,3,RECOVERY,0.775,0.0,0.36,100,/Users/lab4099/Desktop/Mujoco/work/results/stage19_mixed_recovery/locked_test_v1/dense/seed_03.json
PPO,DENSE,3,RECOVERY,0.8,0.0,0.52,100,/Users/lab4099/Desktop/Mujoco/work/results/stage19_mixed_recovery/locked_test_v1/dense/seed_03.json
PPO,DENSE,3,RECOVERY,0.8250000000000001,0.0,0.41,100,/Users/lab4099/Desktop/Mujoco/work/results/stage19_mixed_recovery/locked_test_v1/dense/seed_03.json
PPO,DENSE,3,RECOVERY,0.8500000000000001,0.0,0.52,100,/Users/lab4099/Desktop/Mujoco/work/results/stage19_mixed_recovery/locked_test_v1/dense/seed_03.json
PPO,DENSE,3,RECOVERY,0.875,0.0,0.45,100,/Users/lab4099/Desktop/Mujoco/work/results/stage19_mixed_recovery/locked_test_v1/dense/seed_03.json
PPO,DENSE,3,RECOVERY,0.9,0.01,0.56,100,/Users/lab4099/Desktop/Mujoco/work/results/stage19_mixed_recovery/locked_test_v1/dense/seed_03.json
PPO,DENSE,3,RECOVERY,0.925,0.0,0.46,100,/Users/lab4099/Desktop/Mujoco/work/results/stage19_mixed_recovery/locked_test_v1/dense/seed_03.json
PPO,DENSE,3,RECOVERY,0.9500000000000001,0.0,0.49,100,/Users/lab4099/Desktop/Mujoco/work/results/stage19_mixed_recovery/locked_test_v1/dense/seed_03.json
PPO,DENSE,3,RECOVERY,0.9750000000000001,0.0,0.77,100,/Users/lab4099/Desktop/Mujoco/work/results/stage19_mixed_recovery/locked_test_v1/dense/seed_03.json
PPO,DENSE,3,RECOVERY,1.0,0.0,0.0,100,/Users/lab4099/Desktop/Mujoco/work/results/stage19_mixed_recovery/locked_test_v1/dense/seed_03.json
PPO,DENSE,4,NORMAL,0.0,0.0,1.0,100,/Users/lab4099/Desktop/Mujoco/work/results/stage19_mixed_recovery/locked_test_v1/dense/seed_04.json
PPO,DENSE,4,NORMAL,0.025,0.0,0.27,100,/Users/lab4099/Desktop/Mujoco/work/results/stage19_mixed_recovery/locked_test_v1/dense/seed_04.json
PPO,DENSE,4,NORMAL,0.05,0.0,0.37,100,/Users/lab4099/Desktop/Mujoco/work/results/stage19_mixed_recovery/locked_test_v1/dense/seed_04.json
PPO,DENSE,4,NORMAL,0.07500000000000001,0.0,0.31,100,/Users/lab4099/Desktop/Mujoco/work/results/stage19_mixed_recovery/locked_test_v1/dense/seed_04.json
PPO,DENSE,4,NORMAL,0.1,0.0,0.29,100,/Users/lab4099/Desktop/Mujoco/work/results/stage19_mixed_recovery/locked_test_v1/dense/seed_04.json
PPO,DENSE,4,NORMAL,0.125,0.0,0.51,100,/Users/lab4099/Desktop/Mujoco/work/results/stage19_mixed_recovery/locked_test_v1/dense/seed_04.json
PPO,DENSE,4,NORMAL,0.15000000000000002,0.0,0.27,100,/Users/lab4099/Desktop/Mujoco/work/results/stage19_mixed_recovery/locked_test_v1/dense/seed_04.json
PPO,DENSE,4,NORMAL,0.17500000000000002,0.0,0.45,100,/Users/lab4099/Desktop/Mujoco/work/results/stage19_mixed_recovery/locked_test_v1/dense/seed_04.json
PPO,DENSE,4,NORMAL,0.2,0.0,0.22,100,/Users/lab4099/Desktop/Mujoco/work/results/stage19_mixed_recovery/locked_test_v1/dense/seed_04.json
PPO,DENSE,4,NORMAL,0.225,0.0,0.57,100,/Users/lab4099/Desktop/Mujoco/work/results/stage19_mixed_recovery/locked_test_v1/dense/seed_04.json
PPO,DENSE,4,NORMAL,0.25,0.0,0.18,100,/Users/lab4099/Desktop/Mujoco/work/results/stage19_mixed_recovery/locked_test_v1/dense/seed_04.json
PPO,DENSE,4,NORMAL,0.275,0.0,0.51,100,/Users/lab4099/Desktop/Mujoco/work/results/stage19_mixed_recovery/locked_test_v1/dense/seed_04.json
PPO,DENSE,4,NORMAL,0.30000000000000004,0.0,0.24,100,/Users/lab4099/Desktop/Mujoco/work/results/stage19_mixed_recovery/locked_test_v1/dense/seed_04.json
PPO,DENSE,4,NORMAL,0.325,0.0,0.56,100,/Users/lab4099/Desktop/Mujoco/work/results/stage19_mixed_recovery/locked_test_v1/dense/seed_04.json
PPO,DENSE,4,NORMAL,0.35000000000000003,0.0,0.29,100,/Users/lab4099/Desktop/Mujoco/work/results/stage19_mixed_recovery/locked_test_v1/dense/seed_04.json
PPO,DENSE,4,NORMAL,0.375,0.0,0.61,100,/Users/lab4099/Desktop/Mujoco/work/results/stage19_mixed_recovery/locked_test_v1/dense/seed_04.json
PPO,DENSE,4,NORMAL,0.4,0.0,0.35,100,/Users/lab4099/Desktop/Mujoco/work/results/stage19_mixed_recovery/locked_test_v1/dense/seed_04.json
PPO,DENSE,4,NORMAL,0.42500000000000004,0.0,0.54,100,/Users/lab4099/Desktop/Mujoco/work/results/stage19_mixed_recovery/locked_test_v1/dense/seed_04.json
PPO,DENSE,4,NORMAL,0.45,0.0,0.29,100,/Users/lab4099/Desktop/Mujoco/work/results/stage19_mixed_recovery/locked_test_v1/dense/seed_04.json
PPO,DENSE,4,NORMAL,0.47500000000000003,0.0,0.68,100,/Users/lab4099/Desktop/Mujoco/work/results/stage19_mixed_recovery/locked_test_v1/dense/seed_04.json
PPO,DENSE,4,NORMAL,0.5,0.0,0.42,100,/Users/lab4099/Desktop/Mujoco/work/results/stage19_mixed_recovery/locked_test_v1/dense/seed_04.json
PPO,DENSE,4,NORMAL,0.525,0.0,0.65,100,/Users/lab4099/Desktop/Mujoco/work/results/stage19_mixed_recovery/locked_test_v1/dense/seed_04.json
PPO,DENSE,4,NORMAL,0.55,0.0,0.52,100,/Users/lab4099/Desktop/Mujoco/work/results/stage19_mixed_recovery/locked_test_v1/dense/seed_04.json
PPO,DENSE,4,NORMAL,0.5750000000000001,0.0,0.58,100,/Users/lab4099/Desktop/Mujoco/work/results/stage19_mixed_recovery/locked_test_v1/dense/seed_04.json
PPO,DENSE,4,NORMAL,0.6000000000000001,0.0,0.49,100,/Users/lab4099/Desktop/Mujoco/work/results/stage19_mixed_recovery/locked_test_v1/dense/seed_04.json
PPO,DENSE,4,NORMAL,0.625,0.0,0.53,100,/Users/lab4099/Desktop/Mujoco/work/results/stage19_mixed_recovery/locked_test_v1/dense/seed_04.json
PPO,DENSE,4,NORMAL,0.65,0.0,0.38,100,/Users/lab4099/Desktop/Mujoco/work/results/stage19_mixed_recovery/locked_test_v1/dense/seed_04.json
PPO,DENSE,4,NORMAL,0.675,0.0,0.32,100,/Users/lab4099/Desktop/Mujoco/work/results/stage19_mixed_recovery/locked_test_v1/dense/seed_04.json
PPO,DENSE,4,NORMAL,0.7000000000000001,0.0,0.41,100,/Users/lab4099/Desktop/Mujoco/work/results/stage19_mixed_recovery/locked_test_v1/dense/seed_04.json
PPO,DENSE,4,NORMAL,0.7250000000000001,0.0,0.31,100,/Users/lab4099/Desktop/Mujoco/work/results/stage19_mixed_recovery/locked_test_v1/dense/seed_04.json
PPO,DENSE,4,NORMAL,0.75,0.0,0.52,100,/Users/lab4099/Desktop/Mujoco/work/results/stage19_mixed_recovery/locked_test_v1/dense/seed_04.json
PPO,DENSE,4,NORMAL,0.775,0.0,0.33,100,/Users/lab4099/Desktop/Mujoco/work/results/stage19_mixed_recovery/locked_test_v1/dense/seed_04.json
PPO,DENSE,4,NORMAL,0.8,0.0,0.54,100,/Users/lab4099/Desktop/Mujoco/work/results/stage19_mixed_recovery/locked_test_v1/dense/seed_04.json
PPO,DENSE,4,NORMAL,0.8250000000000001,0.0,0.21,100,/Users/lab4099/Desktop/Mujoco/work/results/stage19_mixed_recovery/locked_test_v1/dense/seed_04.json
PPO,DENSE,4,NORMAL,0.8500000000000001,0.0,0.49,100,/Users/lab4099/Desktop/Mujoco/work/results/stage19_mixed_recovery/locked_test_v1/dense/seed_04.json
PPO,DENSE,4,NORMAL,0.875,0.0,0.26,100,/Users/lab4099/Desktop/Mujoco/work/results/stage19_mixed_recovery/locked_test_v1/dense/seed_04.json
PPO,DENSE,4,NORMAL,0.9,0.0,0.52,100,/Users/lab4099/Desktop/Mujoco/work/results/stage19_mixed_recovery/locked_test_v1/dense/seed_04.json
PPO,DENSE,4,NORMAL,0.925,0.0,0.32,100,/Users/lab4099/Desktop/Mujoco/work/results/stage19_mixed_recovery/locked_test_v1/dense/seed_04.json
PPO,DENSE,4,NORMAL,0.9500000000000001,0.0,0.61,100,/Users/lab4099/Desktop/Mujoco/work/results/stage19_mixed_recovery/locked_test_v1/dense/seed_04.json
PPO,DENSE,4,NORMAL,0.9750000000000001,0.0,0.35,100,/Users/lab4099/Desktop/Mujoco/work/results/stage19_mixed_recovery/locked_test_v1/dense/seed_04.json
PPO,DENSE,4,NORMAL,1.0,0.3,1.31,100,/Users/lab4099/Desktop/Mujoco/work/results/stage19_mixed_recovery/locked_test_v1/dense/seed_04.json
PPO,DENSE,4,DENSE,0.0,0.3,1.31,100,/Users/lab4099/Desktop/Mujoco/work/results/stage19_mixed_recovery/locked_test_v1/dense/seed_04.json
PPO,DENSE,4,DENSE,0.025,0.29,1.07,100,/Users/lab4099/Desktop/Mujoco/work/results/stage19_mixed_recovery/locked_test_v1/dense/seed_04.json
PPO,DENSE,4,DENSE,0.05,0.56,1.04,100,/Users/lab4099/Desktop/Mujoco/work/results/stage19_mixed_recovery/locked_test_v1/dense/seed_04.json
PPO,DENSE,4,DENSE,0.07500000000000001,0.85,1.22,100,/Users/lab4099/Desktop/Mujoco/work/results/stage19_mixed_recovery/locked_test_v1/dense/seed_04.json
PPO,DENSE,4,DENSE,0.1,1.03,1.22,100,/Users/lab4099/Desktop/Mujoco/work/results/stage19_mixed_recovery/locked_test_v1/dense/seed_04.json
PPO,DENSE,4,DENSE,0.125,1.46,1.35,100,/Users/lab4099/Desktop/Mujoco/work/results/stage19_mixed_recovery/locked_test_v1/dense/seed_04.json
PPO,DENSE,4,DENSE,0.15000000000000002,1.46,1.27,100,/Users/lab4099/Desktop/Mujoco/work/results/stage19_mixed_recovery/locked_test_v1/dense/seed_04.json
PPO,DENSE,4,DENSE,0.17500000000000002,1.48,1.35,100,/Users/lab4099/Desktop/Mujoco/work/results/stage19_mixed_recovery/locked_test_v1/dense/seed_04.json
PPO,DENSE,4,DENSE,0.2,1.55,1.32,100,/Users/lab4099/Desktop/Mujoco/work/results/stage19_mixed_recovery/locked_test_v1/dense/seed_04.json
PPO,DENSE,4,DENSE,0.225,1.67,1.38,100,/Users/lab4099/Desktop/Mujoco/work/results/stage19_mixed_recovery/locked_test_v1/dense/seed_04.json
PPO,DENSE,4,DENSE,0.25,1.57,1.45,100,/Users/lab4099/Desktop/Mujoco/work/results/stage19_mixed_recovery/locked_test_v1/dense/seed_04.json
PPO,DENSE,4,DENSE,0.275,1.85,1.51,100,/Users/lab4099/Desktop/Mujoco/work/results/stage19_mixed_recovery/locked_test_v1/dense/seed_04.json
PPO,DENSE,4,DENSE,0.30000000000000004,1.93,1.52,100,/Users/lab4099/Desktop/Mujoco/work/results/stage19_mixed_recovery/locked_test_v1/dense/seed_04.json
PPO,DENSE,4,DENSE,0.325,2.07,1.53,100,/Users/lab4099/Desktop/Mujoco/work/results/stage19_mixed_recovery/locked_test_v1/dense/seed_04.json
PPO,DENSE,4,DENSE,0.35000000000000003,2.22,1.57,100,/Users/lab4099/Desktop/Mujoco/work/results/stage19_mixed_recovery/locked_test_v1/dense/seed_04.json
PPO,DENSE,4,DENSE,0.375,2.23,1.62,100,/Users/lab4099/Desktop/Mujoco/work/results/stage19_mixed_recovery/locked_test_v1/dense/seed_04.json
PPO,DENSE,4,DENSE,0.4,2.24,1.66,100,/Users/lab4099/Desktop/Mujoco/work/results/stage19_mixed_recovery/locked_test_v1/dense/seed_04.json
PPO,DENSE,4,DENSE,0.42500000000000004,2.28,1.72,100,/Users/lab4099/Desktop/Mujoco/work/results/stage19_mixed_recovery/locked_test_v1/dense/seed_04.json
PPO,DENSE,4,DENSE,0.45,2.21,1.66,100,/Users/lab4099/Desktop/Mujoco/work/results/stage19_mixed_recovery/locked_test_v1/dense/seed_04.json
PPO,DENSE,4,DENSE,0.47500000000000003,2.3,1.77,100,/Users/lab4099/Desktop/Mujoco/work/results/stage19_mixed_recovery/locked_test_v1/dense/seed_04.json
PPO,DENSE,4,DENSE,0.5,2.58,1.7,100,/Users/lab4099/Desktop/Mujoco/work/results/stage19_mixed_recovery/locked_test_v1/dense/seed_04.json
PPO,DENSE,4,DENSE,0.525,2.67,1.67,100,/Users/lab4099/Desktop/Mujoco/work/results/stage19_mixed_recovery/locked_test_v1/dense/seed_04.json
PPO,DENSE,4,DENSE,0.55,2.92,1.67,100,/Users/lab4099/Desktop/Mujoco/work/results/stage19_mixed_recovery/locked_test_v1/dense/seed_04.json
PPO,DENSE,4,DENSE,0.5750000000000001,2.86,1.72,100,/Users/lab4099/Desktop/Mujoco/work/results/stage19_mixed_recovery/locked_test_v1/dense/seed_04.json
PPO,DENSE,4,DENSE,0.6000000000000001,3.06,1.67,100,/Users/lab4099/Desktop/Mujoco/work/results/stage19_mixed_recovery/locked_test_v1/dense/seed_04.json
PPO,DENSE,4,DENSE,0.625,3.01,1.66,100,/Users/lab4099/Desktop/Mujoco/work/results/stage19_mixed_recovery/locked_test_v1/dense/seed_04.json
PPO,DENSE,4,DENSE,0.65,3.15,1.75,100,/Users/lab4099/Desktop/Mujoco/work/results/stage19_mixed_recovery/locked_test_v1/dense/seed_04.json
PPO,DENSE,4,DENSE,0.675,3.05,1.65,100,/Users/lab4099/Desktop/Mujoco/work/results/stage19_mixed_recovery/locked_test_v1/dense/seed_04.json
PPO,DENSE,4,DENSE,0.7000000000000001,3.13,1.68,100,/Users/lab4099/Desktop/Mujoco/work/results/stage19_mixed_recovery/locked_test_v1/dense/seed_04.json
PPO,DENSE,4,DENSE,0.7250000000000001,3.09,1.74,100,/Users/lab4099/Desktop/Mujoco/work/results/stage19_mixed_recovery/locked_test_v1/dense/seed_04.json
PPO,DENSE,4,DENSE,0.75,3.28,1.8,100,/Users/lab4099/Desktop/Mujoco/work/results/stage19_mixed_recovery/locked_test_v1/dense/seed_04.json
PPO,DENSE,4,DENSE,0.775,3.22,1.8,100,/Users/lab4099/Desktop/Mujoco/work/results/stage19_mixed_recovery/locked_test_v1/dense/seed_04.json
PPO,DENSE,4,DENSE,0.8,3.47,1.82,100,/Users/lab4099/Desktop/Mujoco/work/results/stage19_mixed_recovery/locked_test_v1/dense/seed_04.json
PPO,DENSE,4,DENSE,0.8250000000000001,3.37,1.79,100,/Users/lab4099/Desktop/Mujoco/work/results/stage19_mixed_recovery/locked_test_v1/dense/seed_04.json
PPO,DENSE,4,DENSE,0.8500000000000001,3.55,1.76,100,/Users/lab4099/Desktop/Mujoco/work/results/stage19_mixed_recovery/locked_test_v1/dense/seed_04.json
PPO,DENSE,4,DENSE,0.875,3.53,1.77,100,/Users/lab4099/Desktop/Mujoco/work/results/stage19_mixed_recovery/locked_test_v1/dense/seed_04.json
PPO,DENSE,4,DENSE,0.9,3.63,1.94,100,/Users/lab4099/Desktop/Mujoco/work/results/stage19_mixed_recovery/locked_test_v1/dense/seed_04.json
PPO,DENSE,4,DENSE,0.925,3.54,1.79,100,/Users/lab4099/Desktop/Mujoco/work/results/stage19_mixed_recovery/locked_test_v1/dense/seed_04.json
PPO,DENSE,4,DENSE,0.9500000000000001,3.84,1.91,100,/Users/lab4099/Desktop/Mujoco/work/results/stage19_mixed_recovery/locked_test_v1/dense/seed_04.json
PPO,DENSE,4,DENSE,0.9750000000000001,3.73,1.84,100,/Users/lab4099/Desktop/Mujoco/work/results/stage19_mixed_recovery/locked_test_v1/dense/seed_04.json
PPO,DENSE,4,DENSE,1.0,5.15,2.03,100,/Users/lab4099/Desktop/Mujoco/work/results/stage19_mixed_recovery/locked_test_v1/dense/seed_04.json
PPO,DENSE,4,BURST,0.0,5.15,2.03,100,/Users/lab4099/Desktop/Mujoco/work/results/stage19_mixed_recovery/locked_test_v1/dense/seed_04.json
PPO,DENSE,4,BURST,0.025,6.17,2.12,100,/Users/lab4099/Desktop/Mujoco/work/results/stage19_mixed_recovery/locked_test_v1/dense/seed_04.json
PPO,DENSE,4,BURST,0.05,7.44,2.3,100,/Users/lab4099/Desktop/Mujoco/work/results/stage19_mixed_recovery/locked_test_v1/dense/seed_04.json
PPO,DENSE,4,BURST,0.07500000000000001,8.61,2.39,100,/Users/lab4099/Desktop/Mujoco/work/results/stage19_mixed_recovery/locked_test_v1/dense/seed_04.json
PPO,DENSE,4,BURST,0.1,9.99,2.46,100,/Users/lab4099/Desktop/Mujoco/work/results/stage19_mixed_recovery/locked_test_v1/dense/seed_04.json
PPO,DENSE,4,BURST,0.125,11.35,2.4,100,/Users/lab4099/Desktop/Mujoco/work/results/stage19_mixed_recovery/locked_test_v1/dense/seed_04.json
PPO,DENSE,4,BURST,0.15000000000000002,12.8,2.29,100,/Users/lab4099/Desktop/Mujoco/work/results/stage19_mixed_recovery/locked_test_v1/dense/seed_04.json
PPO,DENSE,4,BURST,0.17500000000000002,14.24,2.18,100,/Users/lab4099/Desktop/Mujoco/work/results/stage19_mixed_recovery/locked_test_v1/dense/seed_04.json
PPO,DENSE,4,BURST,0.2,15.79,2.13,100,/Users/lab4099/Desktop/Mujoco/work/results/stage19_mixed_recovery/locked_test_v1/dense/seed_04.json
PPO,DENSE,4,BURST,0.225,17.24,2.08,100,/Users/lab4099/Desktop/Mujoco/work/results/stage19_mixed_recovery/locked_test_v1/dense/seed_04.json
PPO,DENSE,4,BURST,0.25,18.82,2.06,100,/Users/lab4099/Desktop/Mujoco/work/results/stage19_mixed_recovery/locked_test_v1/dense/seed_04.json
PPO,DENSE,4,BURST,0.275,20.29,2.02,100,/Users/lab4099/Desktop/Mujoco/work/results/stage19_mixed_recovery/locked_test_v1/dense/seed_04.json
PPO,DENSE,4,BURST,0.30000000000000004,21.61,2.01,100,/Users/lab4099/Desktop/Mujoco/work/results/stage19_mixed_recovery/locked_test_v1/dense/seed_04.json
PPO,DENSE,4,BURST,0.325,21.94,1.99,100,/Users/lab4099/Desktop/Mujoco/work/results/stage19_mixed_recovery/locked_test_v1/dense/seed_04.json
PPO,DENSE,4,BURST,0.35000000000000003,21.85,1.98,100,/Users/lab4099/Desktop/Mujoco/work/results/stage19_mixed_recovery/locked_test_v1/dense/seed_04.json
PPO,DENSE,4,BURST,0.375,21.82,1.98,100,/Users/lab4099/Desktop/Mujoco/work/results/stage19_mixed_recovery/locked_test_v1/dense/seed_04.json
PPO,DENSE,4,BURST,0.4,21.77,1.98,100,/Users/lab4099/Desktop/Mujoco/work/results/stage19_mixed_recovery/locked_test_v1/dense/seed_04.json
PPO,DENSE,4,BURST,0.42500000000000004,21.72,1.97,100,/Users/lab4099/Desktop/Mujoco/work/results/stage19_mixed_recovery/locked_test_v1/dense/seed_04.json
PPO,DENSE,4,BURST,0.45,21.63,1.97,100,/Users/lab4099/Desktop/Mujoco/work/results/stage19_mixed_recovery/locked_test_v1/dense/seed_04.json
PPO,DENSE,4,BURST,0.47500000000000003,21.57,1.97,100,/Users/lab4099/Desktop/Mujoco/work/results/stage19_mixed_recovery/locked_test_v1/dense/seed_04.json
PPO,DENSE,4,BURST,0.5,21.48,1.97,100,/Users/lab4099/Desktop/Mujoco/work/results/stage19_mixed_recovery/locked_test_v1/dense/seed_04.json
PPO,DENSE,4,BURST,0.525,21.42,1.96,100,/Users/lab4099/Desktop/Mujoco/work/results/stage19_mixed_recovery/locked_test_v1/dense/seed_04.json
PPO,DENSE,4,BURST,0.55,21.33,1.96,100,/Users/lab4099/Desktop/Mujoco/work/results/stage19_mixed_recovery/locked_test_v1/dense/seed_04.json
PPO,DENSE,4,BURST,0.5750000000000001,21.24,1.97,100,/Users/lab4099/Desktop/Mujoco/work/results/stage19_mixed_recovery/locked_test_v1/dense/seed_04.json
PPO,DENSE,4,BURST,0.6000000000000001,21.18,1.97,100,/Users/lab4099/Desktop/Mujoco/work/results/stage19_mixed_recovery/locked_test_v1/dense/seed_04.json
PPO,DENSE,4,BURST,0.625,21.11,1.97,100,/Users/lab4099/Desktop/Mujoco/work/results/stage19_mixed_recovery/locked_test_v1/dense/seed_04.json
PPO,DENSE,4,BURST,0.65,21.0,1.97,100,/Users/lab4099/Desktop/Mujoco/work/results/stage19_mixed_recovery/locked_test_v1/dense/seed_04.json
PPO,DENSE,4,BURST,0.675,20.91,1.97,100,/Users/lab4099/Desktop/Mujoco/work/results/stage19_mixed_recovery/locked_test_v1/dense/seed_04.json
PPO,DENSE,4,BURST,0.7000000000000001,20.81,1.96,100,/Users/lab4099/Desktop/Mujoco/work/results/stage19_mixed_recovery/locked_test_v1/dense/seed_04.json
PPO,DENSE,4,BURST,0.7250000000000001,20.74,1.97,100,/Users/lab4099/Desktop/Mujoco/work/results/stage19_mixed_recovery/locked_test_v1/dense/seed_04.json
PPO,DENSE,4,BURST,0.75,20.64,1.95,100,/Users/lab4099/Desktop/Mujoco/work/results/stage19_mixed_recovery/locked_test_v1/dense/seed_04.json
PPO,DENSE,4,BURST,0.775,20.52,1.93,100,/Users/lab4099/Desktop/Mujoco/work/results/stage19_mixed_recovery/locked_test_v1/dense/seed_04.json
PPO,DENSE,4,BURST,0.8,20.46,1.94,100,/Users/lab4099/Desktop/Mujoco/work/results/stage19_mixed_recovery/locked_test_v1/dense/seed_04.json
PPO,DENSE,4,BURST,0.8250000000000001,20.37,1.95,100,/Users/lab4099/Desktop/Mujoco/work/results/stage19_mixed_recovery/locked_test_v1/dense/seed_04.json
PPO,DENSE,4,BURST,0.8500000000000001,20.24,1.93,100,/Users/lab4099/Desktop/Mujoco/work/results/stage19_mixed_recovery/locked_test_v1/dense/seed_04.json
PPO,DENSE,4,BURST,0.875,20.18,1.94,100,/Users/lab4099/Desktop/Mujoco/work/results/stage19_mixed_recovery/locked_test_v1/dense/seed_04.json
PPO,DENSE,4,BURST,0.9,20.13,1.93,100,/Users/lab4099/Desktop/Mujoco/work/results/stage19_mixed_recovery/locked_test_v1/dense/seed_04.json
PPO,DENSE,4,BURST,0.925,20.04,1.91,100,/Users/lab4099/Desktop/Mujoco/work/results/stage19_mixed_recovery/locked_test_v1/dense/seed_04.json
PPO,DENSE,4,BURST,0.9500000000000001,19.98,1.93,100,/Users/lab4099/Desktop/Mujoco/work/results/stage19_mixed_recovery/locked_test_v1/dense/seed_04.json
PPO,DENSE,4,BURST,0.9750000000000001,19.91,1.93,100,/Users/lab4099/Desktop/Mujoco/work/results/stage19_mixed_recovery/locked_test_v1/dense/seed_04.json
PPO,DENSE,4,BURST,1.0,20.81,1.94,100,/Users/lab4099/Desktop/Mujoco/work/results/stage19_mixed_recovery/locked_test_v1/dense/seed_04.json
PPO,DENSE,4,RECOVERY,0.0,20.81,1.94,100,/Users/lab4099/Desktop/Mujoco/work/results/stage19_mixed_recovery/locked_test_v1/dense/seed_04.json
PPO,DENSE,4,RECOVERY,0.025,19.67,1.95,100,/Users/lab4099/Desktop/Mujoco/work/results/stage19_mixed_recovery/locked_test_v1/dense/seed_04.json
PPO,DENSE,4,RECOVERY,0.05,18.82,1.96,100,/Users/lab4099/Desktop/Mujoco/work/results/stage19_mixed_recovery/locked_test_v1/dense/seed_04.json
PPO,DENSE,4,RECOVERY,0.07500000000000001,18.13,1.98,100,/Users/lab4099/Desktop/Mujoco/work/results/stage19_mixed_recovery/locked_test_v1/dense/seed_04.json
PPO,DENSE,4,RECOVERY,0.1,16.74,2.02,100,/Users/lab4099/Desktop/Mujoco/work/results/stage19_mixed_recovery/locked_test_v1/dense/seed_04.json
PPO,DENSE,4,RECOVERY,0.125,15.06,2.05,100,/Users/lab4099/Desktop/Mujoco/work/results/stage19_mixed_recovery/locked_test_v1/dense/seed_04.json
PPO,DENSE,4,RECOVERY,0.15000000000000002,12.74,2.16,100,/Users/lab4099/Desktop/Mujoco/work/results/stage19_mixed_recovery/locked_test_v1/dense/seed_04.json
PPO,DENSE,4,RECOVERY,0.17500000000000002,10.64,2.04,100,/Users/lab4099/Desktop/Mujoco/work/results/stage19_mixed_recovery/locked_test_v1/dense/seed_04.json
PPO,DENSE,4,RECOVERY,0.2,8.22,1.96,100,/Users/lab4099/Desktop/Mujoco/work/results/stage19_mixed_recovery/locked_test_v1/dense/seed_04.json
PPO,DENSE,4,RECOVERY,0.225,6.56,1.82,100,/Users/lab4099/Desktop/Mujoco/work/results/stage19_mixed_recovery/locked_test_v1/dense/seed_04.json
PPO,DENSE,4,RECOVERY,0.25,5.01,1.72,100,/Users/lab4099/Desktop/Mujoco/work/results/stage19_mixed_recovery/locked_test_v1/dense/seed_04.json
PPO,DENSE,4,RECOVERY,0.275,4.18,1.6,100,/Users/lab4099/Desktop/Mujoco/work/results/stage19_mixed_recovery/locked_test_v1/dense/seed_04.json
PPO,DENSE,4,RECOVERY,0.30000000000000004,3.14,1.52,100,/Users/lab4099/Desktop/Mujoco/work/results/stage19_mixed_recovery/locked_test_v1/dense/seed_04.json
PPO,DENSE,4,RECOVERY,0.325,2.69,1.38,100,/Users/lab4099/Desktop/Mujoco/work/results/stage19_mixed_recovery/locked_test_v1/dense/seed_04.json
PPO,DENSE,4,RECOVERY,0.35000000000000003,1.91,1.23,100,/Users/lab4099/Desktop/Mujoco/work/results/stage19_mixed_recovery/locked_test_v1/dense/seed_04.json
PPO,DENSE,4,RECOVERY,0.375,1.53,1.19,100,/Users/lab4099/Desktop/Mujoco/work/results/stage19_mixed_recovery/locked_test_v1/dense/seed_04.json
PPO,DENSE,4,RECOVERY,0.4,0.92,1.08,100,/Users/lab4099/Desktop/Mujoco/work/results/stage19_mixed_recovery/locked_test_v1/dense/seed_04.json
PPO,DENSE,4,RECOVERY,0.42500000000000004,0.79,1.06,100,/Users/lab4099/Desktop/Mujoco/work/results/stage19_mixed_recovery/locked_test_v1/dense/seed_04.json
PPO,DENSE,4,RECOVERY,0.45,0.52,0.92,100,/Users/lab4099/Desktop/Mujoco/work/results/stage19_mixed_recovery/locked_test_v1/dense/seed_04.json
PPO,DENSE,4,RECOVERY,0.47500000000000003,0.36,0.85,100,/Users/lab4099/Desktop/Mujoco/work/results/stage19_mixed_recovery/locked_test_v1/dense/seed_04.json
PPO,DENSE,4,RECOVERY,0.5,0.19,0.71,100,/Users/lab4099/Desktop/Mujoco/work/results/stage19_mixed_recovery/locked_test_v1/dense/seed_04.json
PPO,DENSE,4,RECOVERY,0.525,0.12,0.59,100,/Users/lab4099/Desktop/Mujoco/work/results/stage19_mixed_recovery/locked_test_v1/dense/seed_04.json
PPO,DENSE,4,RECOVERY,0.55,0.06,0.51,100,/Users/lab4099/Desktop/Mujoco/work/results/stage19_mixed_recovery/locked_test_v1/dense/seed_04.json
PPO,DENSE,4,RECOVERY,0.5750000000000001,0.06,0.56,100,/Users/lab4099/Desktop/Mujoco/work/results/stage19_mixed_recovery/locked_test_v1/dense/seed_04.json
PPO,DENSE,4,RECOVERY,0.6000000000000001,0.01,0.57,100,/Users/lab4099/Desktop/Mujoco/work/results/stage19_mixed_recovery/locked_test_v1/dense/seed_04.json
PPO,DENSE,4,RECOVERY,0.625,0.02,0.42,100,/Users/lab4099/Desktop/Mujoco/work/results/stage19_mixed_recovery/locked_test_v1/dense/seed_04.json
PPO,DENSE,4,RECOVERY,0.65,0.01,0.46,100,/Users/lab4099/Desktop/Mujoco/work/results/stage19_mixed_recovery/locked_test_v1/dense/seed_04.json
PPO,DENSE,4,RECOVERY,0.675,0.01,0.54,100,/Users/lab4099/Desktop/Mujoco/work/results/stage19_mixed_recovery/locked_test_v1/dense/seed_04.json
PPO,DENSE,4,RECOVERY,0.7000000000000001,0.01,0.51,100,/Users/lab4099/Desktop/Mujoco/work/results/stage19_mixed_recovery/locked_test_v1/dense/seed_04.json
PPO,DENSE,4,RECOVERY,0.7250000000000001,0.0,0.49,100,/Users/lab4099/Desktop/Mujoco/work/results/stage19_mixed_recovery/locked_test_v1/dense/seed_04.json
PPO,DENSE,4,RECOVERY,0.75,0.0,0.52,100,/Users/lab4099/Desktop/Mujoco/work/results/stage19_mixed_recovery/locked_test_v1/dense/seed_04.json
PPO,DENSE,4,RECOVERY,0.775,0.0,0.39,100,/Users/lab4099/Desktop/Mujoco/work/results/stage19_mixed_recovery/locked_test_v1/dense/seed_04.json
PPO,DENSE,4,RECOVERY,0.8,0.0,0.53,100,/Users/lab4099/Desktop/Mujoco/work/results/stage19_mixed_recovery/locked_test_v1/dense/seed_04.json
PPO,DENSE,4,RECOVERY,0.8250000000000001,0.0,0.44,100,/Users/lab4099/Desktop/Mujoco/work/results/stage19_mixed_recovery/locked_test_v1/dense/seed_04.json
PPO,DENSE,4,RECOVERY,0.8500000000000001,0.0,0.54,100,/Users/lab4099/Desktop/Mujoco/work/results/stage19_mixed_recovery/locked_test_v1/dense/seed_04.json
PPO,DENSE,4,RECOVERY,0.875,0.0,0.48,100,/Users/lab4099/Desktop/Mujoco/work/results/stage19_mixed_recovery/locked_test_v1/dense/seed_04.json
PPO,DENSE,4,RECOVERY,0.9,0.01,0.57,100,/Users/lab4099/Desktop/Mujoco/work/results/stage19_mixed_recovery/locked_test_v1/dense/seed_04.json
PPO,DENSE,4,RECOVERY,0.925,0.0,0.46,100,/Users/lab4099/Desktop/Mujoco/work/results/stage19_mixed_recovery/locked_test_v1/dense/seed_04.json
PPO,DENSE,4,RECOVERY,0.9500000000000001,0.0,0.53,100,/Users/lab4099/Desktop/Mujoco/work/results/stage19_mixed_recovery/locked_test_v1/dense/seed_04.json
PPO,DENSE,4,RECOVERY,0.9750000000000001,0.0,0.77,100,/Users/lab4099/Desktop/Mujoco/work/results/stage19_mixed_recovery/locked_test_v1/dense/seed_04.json
PPO,DENSE,4,RECOVERY,1.0,0.0,0.0,100,/Users/lab4099/Desktop/Mujoco/work/results/stage19_mixed_recovery/locked_test_v1/dense/seed_04.json
PPO,DENSE,5,NORMAL,0.0,0.0,1.0,100,/Users/lab4099/Desktop/Mujoco/work/results/stage19_mixed_recovery/locked_test_v1/dense/seed_05.json
PPO,DENSE,5,NORMAL,0.025,0.0,0.27,100,/Users/lab4099/Desktop/Mujoco/work/results/stage19_mixed_recovery/locked_test_v1/dense/seed_05.json
PPO,DENSE,5,NORMAL,0.05,0.0,0.37,100,/Users/lab4099/Desktop/Mujoco/work/results/stage19_mixed_recovery/locked_test_v1/dense/seed_05.json
PPO,DENSE,5,NORMAL,0.07500000000000001,0.0,0.31,100,/Users/lab4099/Desktop/Mujoco/work/results/stage19_mixed_recovery/locked_test_v1/dense/seed_05.json
PPO,DENSE,5,NORMAL,0.1,0.0,0.29,100,/Users/lab4099/Desktop/Mujoco/work/results/stage19_mixed_recovery/locked_test_v1/dense/seed_05.json
PPO,DENSE,5,NORMAL,0.125,0.0,0.51,100,/Users/lab4099/Desktop/Mujoco/work/results/stage19_mixed_recovery/locked_test_v1/dense/seed_05.json
PPO,DENSE,5,NORMAL,0.15000000000000002,0.0,0.27,100,/Users/lab4099/Desktop/Mujoco/work/results/stage19_mixed_recovery/locked_test_v1/dense/seed_05.json
PPO,DENSE,5,NORMAL,0.17500000000000002,0.0,0.45,100,/Users/lab4099/Desktop/Mujoco/work/results/stage19_mixed_recovery/locked_test_v1/dense/seed_05.json
PPO,DENSE,5,NORMAL,0.2,0.0,0.23,100,/Users/lab4099/Desktop/Mujoco/work/results/stage19_mixed_recovery/locked_test_v1/dense/seed_05.json
PPO,DENSE,5,NORMAL,0.225,0.0,0.55,100,/Users/lab4099/Desktop/Mujoco/work/results/stage19_mixed_recovery/locked_test_v1/dense/seed_05.json
PPO,DENSE,5,NORMAL,0.25,0.0,0.18,100,/Users/lab4099/Desktop/Mujoco/work/results/stage19_mixed_recovery/locked_test_v1/dense/seed_05.json
PPO,DENSE,5,NORMAL,0.275,0.0,0.52,100,/Users/lab4099/Desktop/Mujoco/work/results/stage19_mixed_recovery/locked_test_v1/dense/seed_05.json
PPO,DENSE,5,NORMAL,0.30000000000000004,0.0,0.25,100,/Users/lab4099/Desktop/Mujoco/work/results/stage19_mixed_recovery/locked_test_v1/dense/seed_05.json
PPO,DENSE,5,NORMAL,0.325,0.0,0.56,100,/Users/lab4099/Desktop/Mujoco/work/results/stage19_mixed_recovery/locked_test_v1/dense/seed_05.json
PPO,DENSE,5,NORMAL,0.35000000000000003,0.0,0.28,100,/Users/lab4099/Desktop/Mujoco/work/results/stage19_mixed_recovery/locked_test_v1/dense/seed_05.json
PPO,DENSE,5,NORMAL,0.375,0.0,0.61,100,/Users/lab4099/Desktop/Mujoco/work/results/stage19_mixed_recovery/locked_test_v1/dense/seed_05.json
PPO,DENSE,5,NORMAL,0.4,0.0,0.36,100,/Users/lab4099/Desktop/Mujoco/work/results/stage19_mixed_recovery/locked_test_v1/dense/seed_05.json
PPO,DENSE,5,NORMAL,0.42500000000000004,0.0,0.54,100,/Users/lab4099/Desktop/Mujoco/work/results/stage19_mixed_recovery/locked_test_v1/dense/seed_05.json
PPO,DENSE,5,NORMAL,0.45,0.0,0.28,100,/Users/lab4099/Desktop/Mujoco/work/results/stage19_mixed_recovery/locked_test_v1/dense/seed_05.json
PPO,DENSE,5,NORMAL,0.47500000000000003,0.0,0.68,100,/Users/lab4099/Desktop/Mujoco/work/results/stage19_mixed_recovery/locked_test_v1/dense/seed_05.json
PPO,DENSE,5,NORMAL,0.5,0.0,0.43,100,/Users/lab4099/Desktop/Mujoco/work/results/stage19_mixed_recovery/locked_test_v1/dense/seed_05.json
PPO,DENSE,5,NORMAL,0.525,0.0,0.65,100,/Users/lab4099/Desktop/Mujoco/work/results/stage19_mixed_recovery/locked_test_v1/dense/seed_05.json
PPO,DENSE,5,NORMAL,0.55,0.0,0.53,100,/Users/lab4099/Desktop/Mujoco/work/results/stage19_mixed_recovery/locked_test_v1/dense/seed_05.json
PPO,DENSE,5,NORMAL,0.5750000000000001,0.01,0.57,100,/Users/lab4099/Desktop/Mujoco/work/results/stage19_mixed_recovery/locked_test_v1/dense/seed_05.json
PPO,DENSE,5,NORMAL,0.6000000000000001,0.0,0.49,100,/Users/lab4099/Desktop/Mujoco/work/results/stage19_mixed_recovery/locked_test_v1/dense/seed_05.json
PPO,DENSE,5,NORMAL,0.625,0.0,0.53,100,/Users/lab4099/Desktop/Mujoco/work/results/stage19_mixed_recovery/locked_test_v1/dense/seed_05.json
PPO,DENSE,5,NORMAL,0.65,0.0,0.38,100,/Users/lab4099/Desktop/Mujoco/work/results/stage19_mixed_recovery/locked_test_v1/dense/seed_05.json
PPO,DENSE,5,NORMAL,0.675,0.0,0.32,100,/Users/lab4099/Desktop/Mujoco/work/results/stage19_mixed_recovery/locked_test_v1/dense/seed_05.json
PPO,DENSE,5,NORMAL,0.7000000000000001,0.0,0.41,100,/Users/lab4099/Desktop/Mujoco/work/results/stage19_mixed_recovery/locked_test_v1/dense/seed_05.json
PPO,DENSE,5,NORMAL,0.7250000000000001,0.0,0.3,100,/Users/lab4099/Desktop/Mujoco/work/results/stage19_mixed_recovery/locked_test_v1/dense/seed_05.json
PPO,DENSE,5,NORMAL,0.75,0.0,0.52,100,/Users/lab4099/Desktop/Mujoco/work/results/stage19_mixed_recovery/locked_test_v1/dense/seed_05.json
PPO,DENSE,5,NORMAL,0.775,0.0,0.33,100,/Users/lab4099/Desktop/Mujoco/work/results/stage19_mixed_recovery/locked_test_v1/dense/seed_05.json
PPO,DENSE,5,NORMAL,0.8,0.0,0.54,100,/Users/lab4099/Desktop/Mujoco/work/results/stage19_mixed_recovery/locked_test_v1/dense/seed_05.json
PPO,DENSE,5,NORMAL,0.8250000000000001,0.0,0.23,100,/Users/lab4099/Desktop/Mujoco/work/results/stage19_mixed_recovery/locked_test_v1/dense/seed_05.json
PPO,DENSE,5,NORMAL,0.8500000000000001,0.0,0.49,100,/Users/lab4099/Desktop/Mujoco/work/results/stage19_mixed_recovery/locked_test_v1/dense/seed_05.json
PPO,DENSE,5,NORMAL,0.875,0.0,0.27,100,/Users/lab4099/Desktop/Mujoco/work/results/stage19_mixed_recovery/locked_test_v1/dense/seed_05.json
PPO,DENSE,5,NORMAL,0.9,0.0,0.52,100,/Users/lab4099/Desktop/Mujoco/work/results/stage19_mixed_recovery/locked_test_v1/dense/seed_05.json
PPO,DENSE,5,NORMAL,0.925,0.0,0.32,100,/Users/lab4099/Desktop/Mujoco/work/results/stage19_mixed_recovery/locked_test_v1/dense/seed_05.json
PPO,DENSE,5,NORMAL,0.9500000000000001,0.0,0.62,100,/Users/lab4099/Desktop/Mujoco/work/results/stage19_mixed_recovery/locked_test_v1/dense/seed_05.json
PPO,DENSE,5,NORMAL,0.9750000000000001,0.0,0.35,100,/Users/lab4099/Desktop/Mujoco/work/results/stage19_mixed_recovery/locked_test_v1/dense/seed_05.json
PPO,DENSE,5,NORMAL,1.0,0.3,1.31,100,/Users/lab4099/Desktop/Mujoco/work/results/stage19_mixed_recovery/locked_test_v1/dense/seed_05.json
PPO,DENSE,5,DENSE,0.0,0.3,1.31,100,/Users/lab4099/Desktop/Mujoco/work/results/stage19_mixed_recovery/locked_test_v1/dense/seed_05.json
PPO,DENSE,5,DENSE,0.025,0.29,0.99,100,/Users/lab4099/Desktop/Mujoco/work/results/stage19_mixed_recovery/locked_test_v1/dense/seed_05.json
PPO,DENSE,5,DENSE,0.05,0.56,1.04,100,/Users/lab4099/Desktop/Mujoco/work/results/stage19_mixed_recovery/locked_test_v1/dense/seed_05.json
PPO,DENSE,5,DENSE,0.07500000000000001,0.85,1.2,100,/Users/lab4099/Desktop/Mujoco/work/results/stage19_mixed_recovery/locked_test_v1/dense/seed_05.json
PPO,DENSE,5,DENSE,0.1,1.03,1.19,100,/Users/lab4099/Desktop/Mujoco/work/results/stage19_mixed_recovery/locked_test_v1/dense/seed_05.json
PPO,DENSE,5,DENSE,0.125,1.46,1.33,100,/Users/lab4099/Desktop/Mujoco/work/results/stage19_mixed_recovery/locked_test_v1/dense/seed_05.json
PPO,DENSE,5,DENSE,0.15000000000000002,1.49,1.27,100,/Users/lab4099/Desktop/Mujoco/work/results/stage19_mixed_recovery/locked_test_v1/dense/seed_05.json
PPO,DENSE,5,DENSE,0.17500000000000002,1.56,1.35,100,/Users/lab4099/Desktop/Mujoco/work/results/stage19_mixed_recovery/locked_test_v1/dense/seed_05.json
PPO,DENSE,5,DENSE,0.2,1.54,1.31,100,/Users/lab4099/Desktop/Mujoco/work/results/stage19_mixed_recovery/locked_test_v1/dense/seed_05.json
PPO,DENSE,5,DENSE,0.225,1.65,1.39,100,/Users/lab4099/Desktop/Mujoco/work/results/stage19_mixed_recovery/locked_test_v1/dense/seed_05.json
PPO,DENSE,5,DENSE,0.25,1.6,1.44,100,/Users/lab4099/Desktop/Mujoco/work/results/stage19_mixed_recovery/locked_test_v1/dense/seed_05.json
PPO,DENSE,5,DENSE,0.275,1.8,1.52,100,/Users/lab4099/Desktop/Mujoco/work/results/stage19_mixed_recovery/locked_test_v1/dense/seed_05.json
PPO,DENSE,5,DENSE,0.30000000000000004,1.85,1.56,100,/Users/lab4099/Desktop/Mujoco/work/results/stage19_mixed_recovery/locked_test_v1/dense/seed_05.json
PPO,DENSE,5,DENSE,0.325,2.01,1.53,100,/Users/lab4099/Desktop/Mujoco/work/results/stage19_mixed_recovery/locked_test_v1/dense/seed_05.json
PPO,DENSE,5,DENSE,0.35000000000000003,2.2,1.56,100,/Users/lab4099/Desktop/Mujoco/work/results/stage19_mixed_recovery/locked_test_v1/dense/seed_05.json
PPO,DENSE,5,DENSE,0.375,2.29,1.59,100,/Users/lab4099/Desktop/Mujoco/work/results/stage19_mixed_recovery/locked_test_v1/dense/seed_05.json
PPO,DENSE,5,DENSE,0.4,2.34,1.67,100,/Users/lab4099/Desktop/Mujoco/work/results/stage19_mixed_recovery/locked_test_v1/dense/seed_05.json
PPO,DENSE,5,DENSE,0.42500000000000004,2.41,1.71,100,/Users/lab4099/Desktop/Mujoco/work/results/stage19_mixed_recovery/locked_test_v1/dense/seed_05.json
PPO,DENSE,5,DENSE,0.45,2.34,1.65,100,/Users/lab4099/Desktop/Mujoco/work/results/stage19_mixed_recovery/locked_test_v1/dense/seed_05.json
PPO,DENSE,5,DENSE,0.47500000000000003,2.37,1.74,100,/Users/lab4099/Desktop/Mujoco/work/results/stage19_mixed_recovery/locked_test_v1/dense/seed_05.json
PPO,DENSE,5,DENSE,0.5,2.58,1.72,100,/Users/lab4099/Desktop/Mujoco/work/results/stage19_mixed_recovery/locked_test_v1/dense/seed_05.json
PPO,DENSE,5,DENSE,0.525,2.71,1.62,100,/Users/lab4099/Desktop/Mujoco/work/results/stage19_mixed_recovery/locked_test_v1/dense/seed_05.json
PPO,DENSE,5,DENSE,0.55,2.92,1.69,100,/Users/lab4099/Desktop/Mujoco/work/results/stage19_mixed_recovery/locked_test_v1/dense/seed_05.json
PPO,DENSE,5,DENSE,0.5750000000000001,2.91,1.67,100,/Users/lab4099/Desktop/Mujoco/work/results/stage19_mixed_recovery/locked_test_v1/dense/seed_05.json
PPO,DENSE,5,DENSE,0.6000000000000001,3.12,1.65,100,/Users/lab4099/Desktop/Mujoco/work/results/stage19_mixed_recovery/locked_test_v1/dense/seed_05.json
PPO,DENSE,5,DENSE,0.625,3.08,1.64,100,/Users/lab4099/Desktop/Mujoco/work/results/stage19_mixed_recovery/locked_test_v1/dense/seed_05.json
PPO,DENSE,5,DENSE,0.65,3.18,1.73,100,/Users/lab4099/Desktop/Mujoco/work/results/stage19_mixed_recovery/locked_test_v1/dense/seed_05.json
PPO,DENSE,5,DENSE,0.675,3.05,1.69,100,/Users/lab4099/Desktop/Mujoco/work/results/stage19_mixed_recovery/locked_test_v1/dense/seed_05.json
PPO,DENSE,5,DENSE,0.7000000000000001,3.1,1.68,100,/Users/lab4099/Desktop/Mujoco/work/results/stage19_mixed_recovery/locked_test_v1/dense/seed_05.json
PPO,DENSE,5,DENSE,0.7250000000000001,3.03,1.71,100,/Users/lab4099/Desktop/Mujoco/work/results/stage19_mixed_recovery/locked_test_v1/dense/seed_05.json
PPO,DENSE,5,DENSE,0.75,3.26,1.72,100,/Users/lab4099/Desktop/Mujoco/work/results/stage19_mixed_recovery/locked_test_v1/dense/seed_05.json
PPO,DENSE,5,DENSE,0.775,3.25,1.76,100,/Users/lab4099/Desktop/Mujoco/work/results/stage19_mixed_recovery/locked_test_v1/dense/seed_05.json
PPO,DENSE,5,DENSE,0.8,3.51,1.78,100,/Users/lab4099/Desktop/Mujoco/work/results/stage19_mixed_recovery/locked_test_v1/dense/seed_05.json
PPO,DENSE,5,DENSE,0.8250000000000001,3.39,1.78,100,/Users/lab4099/Desktop/Mujoco/work/results/stage19_mixed_recovery/locked_test_v1/dense/seed_05.json
PPO,DENSE,5,DENSE,0.8500000000000001,3.55,1.79,100,/Users/lab4099/Desktop/Mujoco/work/results/stage19_mixed_recovery/locked_test_v1/dense/seed_05.json
PPO,DENSE,5,DENSE,0.875,3.53,1.81,100,/Users/lab4099/Desktop/Mujoco/work/results/stage19_mixed_recovery/locked_test_v1/dense/seed_05.json
PPO,DENSE,5,DENSE,0.9,3.67,1.95,100,/Users/lab4099/Desktop/Mujoco/work/results/stage19_mixed_recovery/locked_test_v1/dense/seed_05.json
PPO,DENSE,5,DENSE,0.925,3.59,1.82,100,/Users/lab4099/Desktop/Mujoco/work/results/stage19_mixed_recovery/locked_test_v1/dense/seed_05.json
PPO,DENSE,5,DENSE,0.9500000000000001,4.02,1.86,100,/Users/lab4099/Desktop/Mujoco/work/results/stage19_mixed_recovery/locked_test_v1/dense/seed_05.json
PPO,DENSE,5,DENSE,0.9750000000000001,3.83,1.8,100,/Users/lab4099/Desktop/Mujoco/work/results/stage19_mixed_recovery/locked_test_v1/dense/seed_05.json
PPO,DENSE,5,DENSE,1.0,5.19,2.09,100,/Users/lab4099/Desktop/Mujoco/work/results/stage19_mixed_recovery/locked_test_v1/dense/seed_05.json
PPO,DENSE,5,BURST,0.0,5.19,2.09,100,/Users/lab4099/Desktop/Mujoco/work/results/stage19_mixed_recovery/locked_test_v1/dense/seed_05.json
PPO,DENSE,5,BURST,0.025,6.16,2.19,100,/Users/lab4099/Desktop/Mujoco/work/results/stage19_mixed_recovery/locked_test_v1/dense/seed_05.json
PPO,DENSE,5,BURST,0.05,7.41,2.38,100,/Users/lab4099/Desktop/Mujoco/work/results/stage19_mixed_recovery/locked_test_v1/dense/seed_05.json
PPO,DENSE,5,BURST,0.07500000000000001,8.55,2.39,100,/Users/lab4099/Desktop/Mujoco/work/results/stage19_mixed_recovery/locked_test_v1/dense/seed_05.json
PPO,DENSE,5,BURST,0.1,9.97,2.44,100,/Users/lab4099/Desktop/Mujoco/work/results/stage19_mixed_recovery/locked_test_v1/dense/seed_05.json
PPO,DENSE,5,BURST,0.125,11.35,2.29,100,/Users/lab4099/Desktop/Mujoco/work/results/stage19_mixed_recovery/locked_test_v1/dense/seed_05.json
PPO,DENSE,5,BURST,0.15000000000000002,12.75,2.19,100,/Users/lab4099/Desktop/Mujoco/work/results/stage19_mixed_recovery/locked_test_v1/dense/seed_05.json
PPO,DENSE,5,BURST,0.17500000000000002,14.21,2.13,100,/Users/lab4099/Desktop/Mujoco/work/results/stage19_mixed_recovery/locked_test_v1/dense/seed_05.json
PPO,DENSE,5,BURST,0.2,15.73,2.13,100,/Users/lab4099/Desktop/Mujoco/work/results/stage19_mixed_recovery/locked_test_v1/dense/seed_05.json
PPO,DENSE,5,BURST,0.225,17.2,2.08,100,/Users/lab4099/Desktop/Mujoco/work/results/stage19_mixed_recovery/locked_test_v1/dense/seed_05.json
PPO,DENSE,5,BURST,0.25,18.81,2.03,100,/Users/lab4099/Desktop/Mujoco/work/results/stage19_mixed_recovery/locked_test_v1/dense/seed_05.json
PPO,DENSE,5,BURST,0.275,20.33,1.97,100,/Users/lab4099/Desktop/Mujoco/work/results/stage19_mixed_recovery/locked_test_v1/dense/seed_05.json
PPO,DENSE,5,BURST,0.30000000000000004,21.6,1.97,100,/Users/lab4099/Desktop/Mujoco/work/results/stage19_mixed_recovery/locked_test_v1/dense/seed_05.json
PPO,DENSE,5,BURST,0.325,21.97,1.97,100,/Users/lab4099/Desktop/Mujoco/work/results/stage19_mixed_recovery/locked_test_v1/dense/seed_05.json
PPO,DENSE,5,BURST,0.35000000000000003,21.89,1.97,100,/Users/lab4099/Desktop/Mujoco/work/results/stage19_mixed_recovery/locked_test_v1/dense/seed_05.json
PPO,DENSE,5,BURST,0.375,21.84,1.96,100,/Users/lab4099/Desktop/Mujoco/work/results/stage19_mixed_recovery/locked_test_v1/dense/seed_05.json
PPO,DENSE,5,BURST,0.4,21.78,1.96,100,/Users/lab4099/Desktop/Mujoco/work/results/stage19_mixed_recovery/locked_test_v1/dense/seed_05.json
PPO,DENSE,5,BURST,0.42500000000000004,21.69,1.94,100,/Users/lab4099/Desktop/Mujoco/work/results/stage19_mixed_recovery/locked_test_v1/dense/seed_05.json
PPO,DENSE,5,BURST,0.45,21.62,1.97,100,/Users/lab4099/Desktop/Mujoco/work/results/stage19_mixed_recovery/locked_test_v1/dense/seed_05.json
PPO,DENSE,5,BURST,0.47500000000000003,21.56,1.97,100,/Users/lab4099/Desktop/Mujoco/work/results/stage19_mixed_recovery/locked_test_v1/dense/seed_05.json
PPO,DENSE,5,BURST,0.5,21.46,1.97,100,/Users/lab4099/Desktop/Mujoco/work/results/stage19_mixed_recovery/locked_test_v1/dense/seed_05.json
PPO,DENSE,5,BURST,0.525,21.42,1.97,100,/Users/lab4099/Desktop/Mujoco/work/results/stage19_mixed_recovery/locked_test_v1/dense/seed_05.json
PPO,DENSE,5,BURST,0.55,21.33,1.95,100,/Users/lab4099/Desktop/Mujoco/work/results/stage19_mixed_recovery/locked_test_v1/dense/seed_05.json
PPO,DENSE,5,BURST,0.5750000000000001,21.27,1.96,100,/Users/lab4099/Desktop/Mujoco/work/results/stage19_mixed_recovery/locked_test_v1/dense/seed_05.json
PPO,DENSE,5,BURST,0.6000000000000001,21.21,1.96,100,/Users/lab4099/Desktop/Mujoco/work/results/stage19_mixed_recovery/locked_test_v1/dense/seed_05.json
PPO,DENSE,5,BURST,0.625,21.12,1.96,100,/Users/lab4099/Desktop/Mujoco/work/results/stage19_mixed_recovery/locked_test_v1/dense/seed_05.json
PPO,DENSE,5,BURST,0.65,20.98,1.97,100,/Users/lab4099/Desktop/Mujoco/work/results/stage19_mixed_recovery/locked_test_v1/dense/seed_05.json
PPO,DENSE,5,BURST,0.675,20.92,1.97,100,/Users/lab4099/Desktop/Mujoco/work/results/stage19_mixed_recovery/locked_test_v1/dense/seed_05.json
PPO,DENSE,5,BURST,0.7000000000000001,20.79,1.97,100,/Users/lab4099/Desktop/Mujoco/work/results/stage19_mixed_recovery/locked_test_v1/dense/seed_05.json
PPO,DENSE,5,BURST,0.7250000000000001,20.68,1.94,100,/Users/lab4099/Desktop/Mujoco/work/results/stage19_mixed_recovery/locked_test_v1/dense/seed_05.json
PPO,DENSE,5,BURST,0.75,20.59,1.93,100,/Users/lab4099/Desktop/Mujoco/work/results/stage19_mixed_recovery/locked_test_v1/dense/seed_05.json
PPO,DENSE,5,BURST,0.775,20.53,1.92,100,/Users/lab4099/Desktop/Mujoco/work/results/stage19_mixed_recovery/locked_test_v1/dense/seed_05.json
PPO,DENSE,5,BURST,0.8,20.41,1.92,100,/Users/lab4099/Desktop/Mujoco/work/results/stage19_mixed_recovery/locked_test_v1/dense/seed_05.json
PPO,DENSE,5,BURST,0.8250000000000001,20.32,1.92,100,/Users/lab4099/Desktop/Mujoco/work/results/stage19_mixed_recovery/locked_test_v1/dense/seed_05.json
PPO,DENSE,5,BURST,0.8500000000000001,20.22,1.91,100,/Users/lab4099/Desktop/Mujoco/work/results/stage19_mixed_recovery/locked_test_v1/dense/seed_05.json
PPO,DENSE,5,BURST,0.875,20.12,1.92,100,/Users/lab4099/Desktop/Mujoco/work/results/stage19_mixed_recovery/locked_test_v1/dense/seed_05.json
PPO,DENSE,5,BURST,0.9,20.06,1.92,100,/Users/lab4099/Desktop/Mujoco/work/results/stage19_mixed_recovery/locked_test_v1/dense/seed_05.json
PPO,DENSE,5,BURST,0.925,19.98,1.91,100,/Users/lab4099/Desktop/Mujoco/work/results/stage19_mixed_recovery/locked_test_v1/dense/seed_05.json
PPO,DENSE,5,BURST,0.9500000000000001,19.9,1.91,100,/Users/lab4099/Desktop/Mujoco/work/results/stage19_mixed_recovery/locked_test_v1/dense/seed_05.json
PPO,DENSE,5,BURST,0.9750000000000001,19.8,1.89,100,/Users/lab4099/Desktop/Mujoco/work/results/stage19_mixed_recovery/locked_test_v1/dense/seed_05.json
PPO,DENSE,5,BURST,1.0,20.78,1.89,100,/Users/lab4099/Desktop/Mujoco/work/results/stage19_mixed_recovery/locked_test_v1/dense/seed_05.json
PPO,DENSE,5,RECOVERY,0.0,20.78,1.89,100,/Users/lab4099/Desktop/Mujoco/work/results/stage19_mixed_recovery/locked_test_v1/dense/seed_05.json
PPO,DENSE,5,RECOVERY,0.025,19.7,1.88,100,/Users/lab4099/Desktop/Mujoco/work/results/stage19_mixed_recovery/locked_test_v1/dense/seed_05.json
PPO,DENSE,5,RECOVERY,0.05,18.81,1.94,100,/Users/lab4099/Desktop/Mujoco/work/results/stage19_mixed_recovery/locked_test_v1/dense/seed_05.json
PPO,DENSE,5,RECOVERY,0.07500000000000001,18.16,1.97,100,/Users/lab4099/Desktop/Mujoco/work/results/stage19_mixed_recovery/locked_test_v1/dense/seed_05.json
PPO,DENSE,5,RECOVERY,0.1,16.68,2.14,100,/Users/lab4099/Desktop/Mujoco/work/results/stage19_mixed_recovery/locked_test_v1/dense/seed_05.json
PPO,DENSE,5,RECOVERY,0.125,15.22,2.09,100,/Users/lab4099/Desktop/Mujoco/work/results/stage19_mixed_recovery/locked_test_v1/dense/seed_05.json
PPO,DENSE,5,RECOVERY,0.15000000000000002,13.29,2.06,100,/Users/lab4099/Desktop/Mujoco/work/results/stage19_mixed_recovery/locked_test_v1/dense/seed_05.json
PPO,DENSE,5,RECOVERY,0.17500000000000002,11.34,1.95,100,/Users/lab4099/Desktop/Mujoco/work/results/stage19_mixed_recovery/locked_test_v1/dense/seed_05.json
PPO,DENSE,5,RECOVERY,0.2,9.07,1.94,100,/Users/lab4099/Desktop/Mujoco/work/results/stage19_mixed_recovery/locked_test_v1/dense/seed_05.json
PPO,DENSE,5,RECOVERY,0.225,7.34,1.9,100,/Users/lab4099/Desktop/Mujoco/work/results/stage19_mixed_recovery/locked_test_v1/dense/seed_05.json
PPO,DENSE,5,RECOVERY,0.25,5.54,1.75,100,/Users/lab4099/Desktop/Mujoco/work/results/stage19_mixed_recovery/locked_test_v1/dense/seed_05.json
PPO,DENSE,5,RECOVERY,0.275,4.41,1.64,100,/Users/lab4099/Desktop/Mujoco/work/results/stage19_mixed_recovery/locked_test_v1/dense/seed_05.json
PPO,DENSE,5,RECOVERY,0.30000000000000004,3.22,1.41,100,/Users/lab4099/Desktop/Mujoco/work/results/stage19_mixed_recovery/locked_test_v1/dense/seed_05.json
PPO,DENSE,5,RECOVERY,0.325,2.91,1.39,100,/Users/lab4099/Desktop/Mujoco/work/results/stage19_mixed_recovery/locked_test_v1/dense/seed_05.json
PPO,DENSE,5,RECOVERY,0.35000000000000003,2.04,1.36,100,/Users/lab4099/Desktop/Mujoco/work/results/stage19_mixed_recovery/locked_test_v1/dense/seed_05.json
PPO,DENSE,5,RECOVERY,0.375,1.81,1.27,100,/Users/lab4099/Desktop/Mujoco/work/results/stage19_mixed_recovery/locked_test_v1/dense/seed_05.json
PPO,DENSE,5,RECOVERY,0.4,1.14,1.09,100,/Users/lab4099/Desktop/Mujoco/work/results/stage19_mixed_recovery/locked_test_v1/dense/seed_05.json
PPO,DENSE,5,RECOVERY,0.42500000000000004,0.97,1.11,100,/Users/lab4099/Desktop/Mujoco/work/results/stage19_mixed_recovery/locked_test_v1/dense/seed_05.json
PPO,DENSE,5,RECOVERY,0.45,0.55,0.98,100,/Users/lab4099/Desktop/Mujoco/work/results/stage19_mixed_recovery/locked_test_v1/dense/seed_05.json
PPO,DENSE,5,RECOVERY,0.47500000000000003,0.47,0.92,100,/Users/lab4099/Desktop/Mujoco/work/results/stage19_mixed_recovery/locked_test_v1/dense/seed_05.json
PPO,DENSE,5,RECOVERY,0.5,0.3,0.76,100,/Users/lab4099/Desktop/Mujoco/work/results/stage19_mixed_recovery/locked_test_v1/dense/seed_05.json
PPO,DENSE,5,RECOVERY,0.525,0.25,0.62,100,/Users/lab4099/Desktop/Mujoco/work/results/stage19_mixed_recovery/locked_test_v1/dense/seed_05.json
PPO,DENSE,5,RECOVERY,0.55,0.12,0.58,100,/Users/lab4099/Desktop/Mujoco/work/results/stage19_mixed_recovery/locked_test_v1/dense/seed_05.json
PPO,DENSE,5,RECOVERY,0.5750000000000001,0.11,0.6,100,/Users/lab4099/Desktop/Mujoco/work/results/stage19_mixed_recovery/locked_test_v1/dense/seed_05.json
PPO,DENSE,5,RECOVERY,0.6000000000000001,0.06,0.55,100,/Users/lab4099/Desktop/Mujoco/work/results/stage19_mixed_recovery/locked_test_v1/dense/seed_05.json
PPO,DENSE,5,RECOVERY,0.625,0.05,0.45,100,/Users/lab4099/Desktop/Mujoco/work/results/stage19_mixed_recovery/locked_test_v1/dense/seed_05.json
PPO,DENSE,5,RECOVERY,0.65,0.03,0.49,100,/Users/lab4099/Desktop/Mujoco/work/results/stage19_mixed_recovery/locked_test_v1/dense/seed_05.json
PPO,DENSE,5,RECOVERY,0.675,0.0,0.53,100,/Users/lab4099/Desktop/Mujoco/work/results/stage19_mixed_recovery/locked_test_v1/dense/seed_05.json
PPO,DENSE,5,RECOVERY,0.7000000000000001,0.02,0.52,100,/Users/lab4099/Desktop/Mujoco/work/results/stage19_mixed_recovery/locked_test_v1/dense/seed_05.json
PPO,DENSE,5,RECOVERY,0.7250000000000001,0.0,0.49,100,/Users/lab4099/Desktop/Mujoco/work/results/stage19_mixed_recovery/locked_test_v1/dense/seed_05.json
PPO,DENSE,5,RECOVERY,0.75,0.01,0.54,100,/Users/lab4099/Desktop/Mujoco/work/results/stage19_mixed_recovery/locked_test_v1/dense/seed_05.json
PPO,DENSE,5,RECOVERY,0.775,0.0,0.36,100,/Users/lab4099/Desktop/Mujoco/work/results/stage19_mixed_recovery/locked_test_v1/dense/seed_05.json
PPO,DENSE,5,RECOVERY,0.8,0.01,0.54,100,/Users/lab4099/Desktop/Mujoco/work/results/stage19_mixed_recovery/locked_test_v1/dense/seed_05.json
PPO,DENSE,5,RECOVERY,0.8250000000000001,0.0,0.45,100,/Users/lab4099/Desktop/Mujoco/work/results/stage19_mixed_recovery/locked_test_v1/dense/seed_05.json
PPO,DENSE,5,RECOVERY,0.8500000000000001,0.0,0.54,100,/Users/lab4099/Desktop/Mujoco/work/results/stage19_mixed_recovery/locked_test_v1/dense/seed_05.json
PPO,DENSE,5,RECOVERY,0.875,0.0,0.48,100,/Users/lab4099/Desktop/Mujoco/work/results/stage19_mixed_recovery/locked_test_v1/dense/seed_05.json
PPO,DENSE,5,RECOVERY,0.9,0.01,0.58,100,/Users/lab4099/Desktop/Mujoco/work/results/stage19_mixed_recovery/locked_test_v1/dense/seed_05.json
PPO,DENSE,5,RECOVERY,0.925,0.0,0.46,100,/Users/lab4099/Desktop/Mujoco/work/results/stage19_mixed_recovery/locked_test_v1/dense/seed_05.json
PPO,DENSE,5,RECOVERY,0.9500000000000001,0.01,0.55,100,/Users/lab4099/Desktop/Mujoco/work/results/stage19_mixed_recovery/locked_test_v1/dense/seed_05.json
PPO,DENSE,5,RECOVERY,0.9750000000000001,0.0,0.77,100,/Users/lab4099/Desktop/Mujoco/work/results/stage19_mixed_recovery/locked_test_v1/dense/seed_05.json
PPO,DENSE,5,RECOVERY,1.0,0.0,0.0,100,/Users/lab4099/Desktop/Mujoco/work/results/stage19_mixed_recovery/locked_test_v1/dense/seed_05.json
PPO,DENSE,6,NORMAL,0.0,0.0,1.0,100,/Users/lab4099/Desktop/Mujoco/work/results/stage19_mixed_recovery/locked_test_v1/dense/seed_06.json
PPO,DENSE,6,NORMAL,0.025,0.0,0.27,100,/Users/lab4099/Desktop/Mujoco/work/results/stage19_mixed_recovery/locked_test_v1/dense/seed_06.json
PPO,DENSE,6,NORMAL,0.05,0.0,0.37,100,/Users/lab4099/Desktop/Mujoco/work/results/stage19_mixed_recovery/locked_test_v1/dense/seed_06.json
PPO,DENSE,6,NORMAL,0.07500000000000001,0.0,0.31,100,/Users/lab4099/Desktop/Mujoco/work/results/stage19_mixed_recovery/locked_test_v1/dense/seed_06.json
PPO,DENSE,6,NORMAL,0.1,0.0,0.28,100,/Users/lab4099/Desktop/Mujoco/work/results/stage19_mixed_recovery/locked_test_v1/dense/seed_06.json
PPO,DENSE,6,NORMAL,0.125,0.0,0.51,100,/Users/lab4099/Desktop/Mujoco/work/results/stage19_mixed_recovery/locked_test_v1/dense/seed_06.json
PPO,DENSE,6,NORMAL,0.15000000000000002,0.0,0.27,100,/Users/lab4099/Desktop/Mujoco/work/results/stage19_mixed_recovery/locked_test_v1/dense/seed_06.json
PPO,DENSE,6,NORMAL,0.17500000000000002,0.0,0.45,100,/Users/lab4099/Desktop/Mujoco/work/results/stage19_mixed_recovery/locked_test_v1/dense/seed_06.json
PPO,DENSE,6,NORMAL,0.2,0.0,0.22,100,/Users/lab4099/Desktop/Mujoco/work/results/stage19_mixed_recovery/locked_test_v1/dense/seed_06.json
PPO,DENSE,6,NORMAL,0.225,0.0,0.56,100,/Users/lab4099/Desktop/Mujoco/work/results/stage19_mixed_recovery/locked_test_v1/dense/seed_06.json
PPO,DENSE,6,NORMAL,0.25,0.0,0.18,100,/Users/lab4099/Desktop/Mujoco/work/results/stage19_mixed_recovery/locked_test_v1/dense/seed_06.json
PPO,DENSE,6,NORMAL,0.275,0.0,0.52,100,/Users/lab4099/Desktop/Mujoco/work/results/stage19_mixed_recovery/locked_test_v1/dense/seed_06.json
PPO,DENSE,6,NORMAL,0.30000000000000004,0.0,0.24,100,/Users/lab4099/Desktop/Mujoco/work/results/stage19_mixed_recovery/locked_test_v1/dense/seed_06.json
PPO,DENSE,6,NORMAL,0.325,0.0,0.56,100,/Users/lab4099/Desktop/Mujoco/work/results/stage19_mixed_recovery/locked_test_v1/dense/seed_06.json
PPO,DENSE,6,NORMAL,0.35000000000000003,0.0,0.28,100,/Users/lab4099/Desktop/Mujoco/work/results/stage19_mixed_recovery/locked_test_v1/dense/seed_06.json
PPO,DENSE,6,NORMAL,0.375,0.0,0.61,100,/Users/lab4099/Desktop/Mujoco/work/results/stage19_mixed_recovery/locked_test_v1/dense/seed_06.json
PPO,DENSE,6,NORMAL,0.4,0.0,0.35,100,/Users/lab4099/Desktop/Mujoco/work/results/stage19_mixed_recovery/locked_test_v1/dense/seed_06.json
PPO,DENSE,6,NORMAL,0.42500000000000004,0.0,0.55,100,/Users/lab4099/Desktop/Mujoco/work/results/stage19_mixed_recovery/locked_test_v1/dense/seed_06.json
PPO,DENSE,6,NORMAL,0.45,0.0,0.28,100,/Users/lab4099/Desktop/Mujoco/work/results/stage19_mixed_recovery/locked_test_v1/dense/seed_06.json
PPO,DENSE,6,NORMAL,0.47500000000000003,0.0,0.68,100,/Users/lab4099/Desktop/Mujoco/work/results/stage19_mixed_recovery/locked_test_v1/dense/seed_06.json
PPO,DENSE,6,NORMAL,0.5,0.0,0.42,100,/Users/lab4099/Desktop/Mujoco/work/results/stage19_mixed_recovery/locked_test_v1/dense/seed_06.json
PPO,DENSE,6,NORMAL,0.525,0.0,0.65,100,/Users/lab4099/Desktop/Mujoco/work/results/stage19_mixed_recovery/locked_test_v1/dense/seed_06.json
PPO,DENSE,6,NORMAL,0.55,0.0,0.52,100,/Users/lab4099/Desktop/Mujoco/work/results/stage19_mixed_recovery/locked_test_v1/dense/seed_06.json
PPO,DENSE,6,NORMAL,0.5750000000000001,0.0,0.58,100,/Users/lab4099/Desktop/Mujoco/work/results/stage19_mixed_recovery/locked_test_v1/dense/seed_06.json
PPO,DENSE,6,NORMAL,0.6000000000000001,0.0,0.49,100,/Users/lab4099/Desktop/Mujoco/work/results/stage19_mixed_recovery/locked_test_v1/dense/seed_06.json
PPO,DENSE,6,NORMAL,0.625,0.0,0.53,100,/Users/lab4099/Desktop/Mujoco/work/results/stage19_mixed_recovery/locked_test_v1/dense/seed_06.json
PPO,DENSE,6,NORMAL,0.65,0.0,0.37,100,/Users/lab4099/Desktop/Mujoco/work/results/stage19_mixed_recovery/locked_test_v1/dense/seed_06.json
PPO,DENSE,6,NORMAL,0.675,0.0,0.32,100,/Users/lab4099/Desktop/Mujoco/work/results/stage19_mixed_recovery/locked_test_v1/dense/seed_06.json
PPO,DENSE,6,NORMAL,0.7000000000000001,0.0,0.42,100,/Users/lab4099/Desktop/Mujoco/work/results/stage19_mixed_recovery/locked_test_v1/dense/seed_06.json
PPO,DENSE,6,NORMAL,0.7250000000000001,0.0,0.31,100,/Users/lab4099/Desktop/Mujoco/work/results/stage19_mixed_recovery/locked_test_v1/dense/seed_06.json
PPO,DENSE,6,NORMAL,0.75,0.0,0.52,100,/Users/lab4099/Desktop/Mujoco/work/results/stage19_mixed_recovery/locked_test_v1/dense/seed_06.json
PPO,DENSE,6,NORMAL,0.775,0.0,0.31,100,/Users/lab4099/Desktop/Mujoco/work/results/stage19_mixed_recovery/locked_test_v1/dense/seed_06.json
PPO,DENSE,6,NORMAL,0.8,0.0,0.54,100,/Users/lab4099/Desktop/Mujoco/work/results/stage19_mixed_recovery/locked_test_v1/dense/seed_06.json
PPO,DENSE,6,NORMAL,0.8250000000000001,0.0,0.23,100,/Users/lab4099/Desktop/Mujoco/work/results/stage19_mixed_recovery/locked_test_v1/dense/seed_06.json
PPO,DENSE,6,NORMAL,0.8500000000000001,0.0,0.5,100,/Users/lab4099/Desktop/Mujoco/work/results/stage19_mixed_recovery/locked_test_v1/dense/seed_06.json
PPO,DENSE,6,NORMAL,0.875,0.0,0.21,100,/Users/lab4099/Desktop/Mujoco/work/results/stage19_mixed_recovery/locked_test_v1/dense/seed_06.json
PPO,DENSE,6,NORMAL,0.9,0.0,0.52,100,/Users/lab4099/Desktop/Mujoco/work/results/stage19_mixed_recovery/locked_test_v1/dense/seed_06.json
PPO,DENSE,6,NORMAL,0.925,0.0,0.26,100,/Users/lab4099/Desktop/Mujoco/work/results/stage19_mixed_recovery/locked_test_v1/dense/seed_06.json
PPO,DENSE,6,NORMAL,0.9500000000000001,0.0,0.61,100,/Users/lab4099/Desktop/Mujoco/work/results/stage19_mixed_recovery/locked_test_v1/dense/seed_06.json
PPO,DENSE,6,NORMAL,0.9750000000000001,0.0,0.35,100,/Users/lab4099/Desktop/Mujoco/work/results/stage19_mixed_recovery/locked_test_v1/dense/seed_06.json
PPO,DENSE,6,NORMAL,1.0,0.3,1.31,100,/Users/lab4099/Desktop/Mujoco/work/results/stage19_mixed_recovery/locked_test_v1/dense/seed_06.json
PPO,DENSE,6,DENSE,0.0,0.3,1.31,100,/Users/lab4099/Desktop/Mujoco/work/results/stage19_mixed_recovery/locked_test_v1/dense/seed_06.json
PPO,DENSE,6,DENSE,0.025,0.29,1.08,100,/Users/lab4099/Desktop/Mujoco/work/results/stage19_mixed_recovery/locked_test_v1/dense/seed_06.json
PPO,DENSE,6,DENSE,0.05,0.56,1.04,100,/Users/lab4099/Desktop/Mujoco/work/results/stage19_mixed_recovery/locked_test_v1/dense/seed_06.json
PPO,DENSE,6,DENSE,0.07500000000000001,0.85,1.22,100,/Users/lab4099/Desktop/Mujoco/work/results/stage19_mixed_recovery/locked_test_v1/dense/seed_06.json
PPO,DENSE,6,DENSE,0.1,1.03,1.19,100,/Users/lab4099/Desktop/Mujoco/work/results/stage19_mixed_recovery/locked_test_v1/dense/seed_06.json
PPO,DENSE,6,DENSE,0.125,1.46,1.33,100,/Users/lab4099/Desktop/Mujoco/work/results/stage19_mixed_recovery/locked_test_v1/dense/seed_06.json
PPO,DENSE,6,DENSE,0.15000000000000002,1.45,1.27,100,/Users/lab4099/Desktop/Mujoco/work/results/stage19_mixed_recovery/locked_test_v1/dense/seed_06.json
PPO,DENSE,6,DENSE,0.17500000000000002,1.5,1.36,100,/Users/lab4099/Desktop/Mujoco/work/results/stage19_mixed_recovery/locked_test_v1/dense/seed_06.json
PPO,DENSE,6,DENSE,0.2,1.47,1.35,100,/Users/lab4099/Desktop/Mujoco/work/results/stage19_mixed_recovery/locked_test_v1/dense/seed_06.json
PPO,DENSE,6,DENSE,0.225,1.5,1.39,100,/Users/lab4099/Desktop/Mujoco/work/results/stage19_mixed_recovery/locked_test_v1/dense/seed_06.json
PPO,DENSE,6,DENSE,0.25,1.49,1.42,100,/Users/lab4099/Desktop/Mujoco/work/results/stage19_mixed_recovery/locked_test_v1/dense/seed_06.json
PPO,DENSE,6,DENSE,0.275,1.76,1.51,100,/Users/lab4099/Desktop/Mujoco/work/results/stage19_mixed_recovery/locked_test_v1/dense/seed_06.json
PPO,DENSE,6,DENSE,0.30000000000000004,1.85,1.55,100,/Users/lab4099/Desktop/Mujoco/work/results/stage19_mixed_recovery/locked_test_v1/dense/seed_06.json
PPO,DENSE,6,DENSE,0.325,1.99,1.5,100,/Users/lab4099/Desktop/Mujoco/work/results/stage19_mixed_recovery/locked_test_v1/dense/seed_06.json
PPO,DENSE,6,DENSE,0.35000000000000003,2.11,1.55,100,/Users/lab4099/Desktop/Mujoco/work/results/stage19_mixed_recovery/locked_test_v1/dense/seed_06.json
PPO,DENSE,6,DENSE,0.375,2.11,1.61,100,/Users/lab4099/Desktop/Mujoco/work/results/stage19_mixed_recovery/locked_test_v1/dense/seed_06.json
PPO,DENSE,6,DENSE,0.4,2.2,1.64,100,/Users/lab4099/Desktop/Mujoco/work/results/stage19_mixed_recovery/locked_test_v1/dense/seed_06.json
PPO,DENSE,6,DENSE,0.42500000000000004,2.27,1.62,100,/Users/lab4099/Desktop/Mujoco/work/results/stage19_mixed_recovery/locked_test_v1/dense/seed_06.json
PPO,DENSE,6,DENSE,0.45,2.25,1.62,100,/Users/lab4099/Desktop/Mujoco/work/results/stage19_mixed_recovery/locked_test_v1/dense/seed_06.json
PPO,DENSE,6,DENSE,0.47500000000000003,2.28,1.68,100,/Users/lab4099/Desktop/Mujoco/work/results/stage19_mixed_recovery/locked_test_v1/dense/seed_06.json
PPO,DENSE,6,DENSE,0.5,2.45,1.62,100,/Users/lab4099/Desktop/Mujoco/work/results/stage19_mixed_recovery/locked_test_v1/dense/seed_06.json
PPO,DENSE,6,DENSE,0.525,2.56,1.59,100,/Users/lab4099/Desktop/Mujoco/work/results/stage19_mixed_recovery/locked_test_v1/dense/seed_06.json
PPO,DENSE,6,DENSE,0.55,2.72,1.69,100,/Users/lab4099/Desktop/Mujoco/work/results/stage19_mixed_recovery/locked_test_v1/dense/seed_06.json
PPO,DENSE,6,DENSE,0.5750000000000001,2.8,1.66,100,/Users/lab4099/Desktop/Mujoco/work/results/stage19_mixed_recovery/locked_test_v1/dense/seed_06.json
PPO,DENSE,6,DENSE,0.6000000000000001,2.9,1.71,100,/Users/lab4099/Desktop/Mujoco/work/results/stage19_mixed_recovery/locked_test_v1/dense/seed_06.json
PPO,DENSE,6,DENSE,0.625,2.85,1.64,100,/Users/lab4099/Desktop/Mujoco/work/results/stage19_mixed_recovery/locked_test_v1/dense/seed_06.json
PPO,DENSE,6,DENSE,0.65,2.98,1.72,100,/Users/lab4099/Desktop/Mujoco/work/results/stage19_mixed_recovery/locked_test_v1/dense/seed_06.json
PPO,DENSE,6,DENSE,0.675,2.95,1.66,100,/Users/lab4099/Desktop/Mujoco/work/results/stage19_mixed_recovery/locked_test_v1/dense/seed_06.json
PPO,DENSE,6,DENSE,0.7000000000000001,2.99,1.69,100,/Users/lab4099/Desktop/Mujoco/work/results/stage19_mixed_recovery/locked_test_v1/dense/seed_06.json
PPO,DENSE,6,DENSE,0.7250000000000001,2.99,1.77,100,/Users/lab4099/Desktop/Mujoco/work/results/stage19_mixed_recovery/locked_test_v1/dense/seed_06.json
PPO,DENSE,6,DENSE,0.75,3.16,1.8,100,/Users/lab4099/Desktop/Mujoco/work/results/stage19_mixed_recovery/locked_test_v1/dense/seed_06.json
PPO,DENSE,6,DENSE,0.775,3.12,1.81,100,/Users/lab4099/Desktop/Mujoco/work/results/stage19_mixed_recovery/locked_test_v1/dense/seed_06.json
PPO,DENSE,6,DENSE,0.8,3.32,1.76,100,/Users/lab4099/Desktop/Mujoco/work/results/stage19_mixed_recovery/locked_test_v1/dense/seed_06.json
PPO,DENSE,6,DENSE,0.8250000000000001,3.19,1.7,100,/Users/lab4099/Desktop/Mujoco/work/results/stage19_mixed_recovery/locked_test_v1/dense/seed_06.json
PPO,DENSE,6,DENSE,0.8500000000000001,3.31,1.7,100,/Users/lab4099/Desktop/Mujoco/work/results/stage19_mixed_recovery/locked_test_v1/dense/seed_06.json
PPO,DENSE,6,DENSE,0.875,3.38,1.66,100,/Users/lab4099/Desktop/Mujoco/work/results/stage19_mixed_recovery/locked_test_v1/dense/seed_06.json
PPO,DENSE,6,DENSE,0.9,3.37,1.88,100,/Users/lab4099/Desktop/Mujoco/work/results/stage19_mixed_recovery/locked_test_v1/dense/seed_06.json
PPO,DENSE,6,DENSE,0.925,3.37,1.75,100,/Users/lab4099/Desktop/Mujoco/work/results/stage19_mixed_recovery/locked_test_v1/dense/seed_06.json
PPO,DENSE,6,DENSE,0.9500000000000001,3.79,1.86,100,/Users/lab4099/Desktop/Mujoco/work/results/stage19_mixed_recovery/locked_test_v1/dense/seed_06.json
PPO,DENSE,6,DENSE,0.9750000000000001,3.59,1.84,100,/Users/lab4099/Desktop/Mujoco/work/results/stage19_mixed_recovery/locked_test_v1/dense/seed_06.json
PPO,DENSE,6,DENSE,1.0,4.98,2.05,100,/Users/lab4099/Desktop/Mujoco/work/results/stage19_mixed_recovery/locked_test_v1/dense/seed_06.json
PPO,DENSE,6,BURST,0.0,4.98,2.05,100,/Users/lab4099/Desktop/Mujoco/work/results/stage19_mixed_recovery/locked_test_v1/dense/seed_06.json
PPO,DENSE,6,BURST,0.025,5.97,2.22,100,/Users/lab4099/Desktop/Mujoco/work/results/stage19_mixed_recovery/locked_test_v1/dense/seed_06.json
PPO,DENSE,6,BURST,0.05,7.29,2.36,100,/Users/lab4099/Desktop/Mujoco/work/results/stage19_mixed_recovery/locked_test_v1/dense/seed_06.json
PPO,DENSE,6,BURST,0.07500000000000001,8.49,2.33,100,/Users/lab4099/Desktop/Mujoco/work/results/stage19_mixed_recovery/locked_test_v1/dense/seed_06.json
PPO,DENSE,6,BURST,0.1,9.9,2.36,100,/Users/lab4099/Desktop/Mujoco/work/results/stage19_mixed_recovery/locked_test_v1/dense/seed_06.json
PPO,DENSE,6,BURST,0.125,11.21,2.29,100,/Users/lab4099/Desktop/Mujoco/work/results/stage19_mixed_recovery/locked_test_v1/dense/seed_06.json
PPO,DENSE,6,BURST,0.15000000000000002,12.63,2.25,100,/Users/lab4099/Desktop/Mujoco/work/results/stage19_mixed_recovery/locked_test_v1/dense/seed_06.json
PPO,DENSE,6,BURST,0.17500000000000002,14.01,2.2,100,/Users/lab4099/Desktop/Mujoco/work/results/stage19_mixed_recovery/locked_test_v1/dense/seed_06.json
PPO,DENSE,6,BURST,0.2,15.56,2.17,100,/Users/lab4099/Desktop/Mujoco/work/results/stage19_mixed_recovery/locked_test_v1/dense/seed_06.json
PPO,DENSE,6,BURST,0.225,16.98,2.08,100,/Users/lab4099/Desktop/Mujoco/work/results/stage19_mixed_recovery/locked_test_v1/dense/seed_06.json
PPO,DENSE,6,BURST,0.25,18.57,2.06,100,/Users/lab4099/Desktop/Mujoco/work/results/stage19_mixed_recovery/locked_test_v1/dense/seed_06.json
PPO,DENSE,6,BURST,0.275,20.09,2.03,100,/Users/lab4099/Desktop/Mujoco/work/results/stage19_mixed_recovery/locked_test_v1/dense/seed_06.json
PPO,DENSE,6,BURST,0.30000000000000004,21.43,2.02,100,/Users/lab4099/Desktop/Mujoco/work/results/stage19_mixed_recovery/locked_test_v1/dense/seed_06.json
PPO,DENSE,6,BURST,0.325,21.69,1.99,100,/Users/lab4099/Desktop/Mujoco/work/results/stage19_mixed_recovery/locked_test_v1/dense/seed_06.json
PPO,DENSE,6,BURST,0.35000000000000003,21.65,1.98,100,/Users/lab4099/Desktop/Mujoco/work/results/stage19_mixed_recovery/locked_test_v1/dense/seed_06.json
PPO,DENSE,6,BURST,0.375,21.58,1.98,100,/Users/lab4099/Desktop/Mujoco/work/results/stage19_mixed_recovery/locked_test_v1/dense/seed_06.json
PPO,DENSE,6,BURST,0.4,21.51,1.97,100,/Users/lab4099/Desktop/Mujoco/work/results/stage19_mixed_recovery/locked_test_v1/dense/seed_06.json
PPO,DENSE,6,BURST,0.42500000000000004,21.42,1.97,100,/Users/lab4099/Desktop/Mujoco/work/results/stage19_mixed_recovery/locked_test_v1/dense/seed_06.json
PPO,DENSE,6,BURST,0.45,21.37,1.97,100,/Users/lab4099/Desktop/Mujoco/work/results/stage19_mixed_recovery/locked_test_v1/dense/seed_06.json
PPO,DENSE,6,BURST,0.47500000000000003,21.33,1.96,100,/Users/lab4099/Desktop/Mujoco/work/results/stage19_mixed_recovery/locked_test_v1/dense/seed_06.json
PPO,DENSE,6,BURST,0.5,21.3,1.96,100,/Users/lab4099/Desktop/Mujoco/work/results/stage19_mixed_recovery/locked_test_v1/dense/seed_06.json
PPO,DENSE,6,BURST,0.525,21.24,1.95,100,/Users/lab4099/Desktop/Mujoco/work/results/stage19_mixed_recovery/locked_test_v1/dense/seed_06.json
PPO,DENSE,6,BURST,0.55,21.15,1.94,100,/Users/lab4099/Desktop/Mujoco/work/results/stage19_mixed_recovery/locked_test_v1/dense/seed_06.json
PPO,DENSE,6,BURST,0.5750000000000001,21.07,1.95,100,/Users/lab4099/Desktop/Mujoco/work/results/stage19_mixed_recovery/locked_test_v1/dense/seed_06.json
PPO,DENSE,6,BURST,0.6000000000000001,20.98,1.94,100,/Users/lab4099/Desktop/Mujoco/work/results/stage19_mixed_recovery/locked_test_v1/dense/seed_06.json
PPO,DENSE,6,BURST,0.625,20.87,1.95,100,/Users/lab4099/Desktop/Mujoco/work/results/stage19_mixed_recovery/locked_test_v1/dense/seed_06.json
PPO,DENSE,6,BURST,0.65,20.81,1.95,100,/Users/lab4099/Desktop/Mujoco/work/results/stage19_mixed_recovery/locked_test_v1/dense/seed_06.json
PPO,DENSE,6,BURST,0.675,20.7,1.94,100,/Users/lab4099/Desktop/Mujoco/work/results/stage19_mixed_recovery/locked_test_v1/dense/seed_06.json
PPO,DENSE,6,BURST,0.7000000000000001,20.59,1.94,100,/Users/lab4099/Desktop/Mujoco/work/results/stage19_mixed_recovery/locked_test_v1/dense/seed_06.json
PPO,DENSE,6,BURST,0.7250000000000001,20.47,1.94,100,/Users/lab4099/Desktop/Mujoco/work/results/stage19_mixed_recovery/locked_test_v1/dense/seed_06.json
PPO,DENSE,6,BURST,0.75,20.29,1.94,100,/Users/lab4099/Desktop/Mujoco/work/results/stage19_mixed_recovery/locked_test_v1/dense/seed_06.json
PPO,DENSE,6,BURST,0.775,20.2,1.96,100,/Users/lab4099/Desktop/Mujoco/work/results/stage19_mixed_recovery/locked_test_v1/dense/seed_06.json
PPO,DENSE,6,BURST,0.8,20.11,1.95,100,/Users/lab4099/Desktop/Mujoco/work/results/stage19_mixed_recovery/locked_test_v1/dense/seed_06.json
PPO,DENSE,6,BURST,0.8250000000000001,20.04,1.94,100,/Users/lab4099/Desktop/Mujoco/work/results/stage19_mixed_recovery/locked_test_v1/dense/seed_06.json
PPO,DENSE,6,BURST,0.8500000000000001,19.95,1.93,100,/Users/lab4099/Desktop/Mujoco/work/results/stage19_mixed_recovery/locked_test_v1/dense/seed_06.json
PPO,DENSE,6,BURST,0.875,19.89,1.93,100,/Users/lab4099/Desktop/Mujoco/work/results/stage19_mixed_recovery/locked_test_v1/dense/seed_06.json
PPO,DENSE,6,BURST,0.9,19.82,1.93,100,/Users/lab4099/Desktop/Mujoco/work/results/stage19_mixed_recovery/locked_test_v1/dense/seed_06.json
PPO,DENSE,6,BURST,0.925,19.74,1.92,100,/Users/lab4099/Desktop/Mujoco/work/results/stage19_mixed_recovery/locked_test_v1/dense/seed_06.json
PPO,DENSE,6,BURST,0.9500000000000001,19.62,1.9,100,/Users/lab4099/Desktop/Mujoco/work/results/stage19_mixed_recovery/locked_test_v1/dense/seed_06.json
PPO,DENSE,6,BURST,0.9750000000000001,19.58,1.91,100,/Users/lab4099/Desktop/Mujoco/work/results/stage19_mixed_recovery/locked_test_v1/dense/seed_06.json
PPO,DENSE,6,BURST,1.0,20.5,1.91,100,/Users/lab4099/Desktop/Mujoco/work/results/stage19_mixed_recovery/locked_test_v1/dense/seed_06.json
PPO,DENSE,6,RECOVERY,0.0,20.5,1.91,100,/Users/lab4099/Desktop/Mujoco/work/results/stage19_mixed_recovery/locked_test_v1/dense/seed_06.json
PPO,DENSE,6,RECOVERY,0.025,19.4,1.92,100,/Users/lab4099/Desktop/Mujoco/work/results/stage19_mixed_recovery/locked_test_v1/dense/seed_06.json
PPO,DENSE,6,RECOVERY,0.05,18.45,1.97,100,/Users/lab4099/Desktop/Mujoco/work/results/stage19_mixed_recovery/locked_test_v1/dense/seed_06.json
PPO,DENSE,6,RECOVERY,0.07500000000000001,17.62,2.0,100,/Users/lab4099/Desktop/Mujoco/work/results/stage19_mixed_recovery/locked_test_v1/dense/seed_06.json
PPO,DENSE,6,RECOVERY,0.1,16.13,2.01,100,/Users/lab4099/Desktop/Mujoco/work/results/stage19_mixed_recovery/locked_test_v1/dense/seed_06.json
PPO,DENSE,6,RECOVERY,0.125,14.56,2.09,100,/Users/lab4099/Desktop/Mujoco/work/results/stage19_mixed_recovery/locked_test_v1/dense/seed_06.json
PPO,DENSE,6,RECOVERY,0.15000000000000002,11.77,2.2,100,/Users/lab4099/Desktop/Mujoco/work/results/stage19_mixed_recovery/locked_test_v1/dense/seed_06.json
PPO,DENSE,6,RECOVERY,0.17500000000000002,10.07,1.99,100,/Users/lab4099/Desktop/Mujoco/work/results/stage19_mixed_recovery/locked_test_v1/dense/seed_06.json
PPO,DENSE,6,RECOVERY,0.2,7.68,1.9,100,/Users/lab4099/Desktop/Mujoco/work/results/stage19_mixed_recovery/locked_test_v1/dense/seed_06.json
PPO,DENSE,6,RECOVERY,0.225,6.05,1.89,100,/Users/lab4099/Desktop/Mujoco/work/results/stage19_mixed_recovery/locked_test_v1/dense/seed_06.json
PPO,DENSE,6,RECOVERY,0.25,4.67,1.73,100,/Users/lab4099/Desktop/Mujoco/work/results/stage19_mixed_recovery/locked_test_v1/dense/seed_06.json
PPO,DENSE,6,RECOVERY,0.275,3.7,1.43,100,/Users/lab4099/Desktop/Mujoco/work/results/stage19_mixed_recovery/locked_test_v1/dense/seed_06.json
PPO,DENSE,6,RECOVERY,0.30000000000000004,2.74,1.39,100,/Users/lab4099/Desktop/Mujoco/work/results/stage19_mixed_recovery/locked_test_v1/dense/seed_06.json
PPO,DENSE,6,RECOVERY,0.325,2.26,1.37,100,/Users/lab4099/Desktop/Mujoco/work/results/stage19_mixed_recovery/locked_test_v1/dense/seed_06.json
PPO,DENSE,6,RECOVERY,0.35000000000000003,1.58,1.29,100,/Users/lab4099/Desktop/Mujoco/work/results/stage19_mixed_recovery/locked_test_v1/dense/seed_06.json
PPO,DENSE,6,RECOVERY,0.375,1.35,1.15,100,/Users/lab4099/Desktop/Mujoco/work/results/stage19_mixed_recovery/locked_test_v1/dense/seed_06.json
PPO,DENSE,6,RECOVERY,0.4,0.83,1.04,100,/Users/lab4099/Desktop/Mujoco/work/results/stage19_mixed_recovery/locked_test_v1/dense/seed_06.json
PPO,DENSE,6,RECOVERY,0.42500000000000004,0.7,0.97,100,/Users/lab4099/Desktop/Mujoco/work/results/stage19_mixed_recovery/locked_test_v1/dense/seed_06.json
PPO,DENSE,6,RECOVERY,0.45,0.44,0.81,100,/Users/lab4099/Desktop/Mujoco/work/results/stage19_mixed_recovery/locked_test_v1/dense/seed_06.json
PPO,DENSE,6,RECOVERY,0.47500000000000003,0.34,0.85,100,/Users/lab4099/Desktop/Mujoco/work/results/stage19_mixed_recovery/locked_test_v1/dense/seed_06.json
PPO,DENSE,6,RECOVERY,0.5,0.19,0.72,100,/Users/lab4099/Desktop/Mujoco/work/results/stage19_mixed_recovery/locked_test_v1/dense/seed_06.json
PPO,DENSE,6,RECOVERY,0.525,0.12,0.56,100,/Users/lab4099/Desktop/Mujoco/work/results/stage19_mixed_recovery/locked_test_v1/dense/seed_06.json
PPO,DENSE,6,RECOVERY,0.55,0.07,0.52,100,/Users/lab4099/Desktop/Mujoco/work/results/stage19_mixed_recovery/locked_test_v1/dense/seed_06.json
PPO,DENSE,6,RECOVERY,0.5750000000000001,0.05,0.56,100,/Users/lab4099/Desktop/Mujoco/work/results/stage19_mixed_recovery/locked_test_v1/dense/seed_06.json
PPO,DENSE,6,RECOVERY,0.6000000000000001,0.01,0.56,100,/Users/lab4099/Desktop/Mujoco/work/results/stage19_mixed_recovery/locked_test_v1/dense/seed_06.json
PPO,DENSE,6,RECOVERY,0.625,0.02,0.43,100,/Users/lab4099/Desktop/Mujoco/work/results/stage19_mixed_recovery/locked_test_v1/dense/seed_06.json
PPO,DENSE,6,RECOVERY,0.65,0.01,0.45,100,/Users/lab4099/Desktop/Mujoco/work/results/stage19_mixed_recovery/locked_test_v1/dense/seed_06.json
PPO,DENSE,6,RECOVERY,0.675,0.0,0.52,100,/Users/lab4099/Desktop/Mujoco/work/results/stage19_mixed_recovery/locked_test_v1/dense/seed_06.json
PPO,DENSE,6,RECOVERY,0.7000000000000001,0.01,0.53,100,/Users/lab4099/Desktop/Mujoco/work/results/stage19_mixed_recovery/locked_test_v1/dense/seed_06.json
PPO,DENSE,6,RECOVERY,0.7250000000000001,0.0,0.47,100,/Users/lab4099/Desktop/Mujoco/work/results/stage19_mixed_recovery/locked_test_v1/dense/seed_06.json
PPO,DENSE,6,RECOVERY,0.75,0.0,0.5,100,/Users/lab4099/Desktop/Mujoco/work/results/stage19_mixed_recovery/locked_test_v1/dense/seed_06.json
PPO,DENSE,6,RECOVERY,0.775,0.0,0.39,100,/Users/lab4099/Desktop/Mujoco/work/results/stage19_mixed_recovery/locked_test_v1/dense/seed_06.json
PPO,DENSE,6,RECOVERY,0.8,0.0,0.49,100,/Users/lab4099/Desktop/Mujoco/work/results/stage19_mixed_recovery/locked_test_v1/dense/seed_06.json
PPO,DENSE,6,RECOVERY,0.8250000000000001,0.0,0.43,100,/Users/lab4099/Desktop/Mujoco/work/results/stage19_mixed_recovery/locked_test_v1/dense/seed_06.json
PPO,DENSE,6,RECOVERY,0.8500000000000001,0.0,0.49,100,/Users/lab4099/Desktop/Mujoco/work/results/stage19_mixed_recovery/locked_test_v1/dense/seed_06.json
PPO,DENSE,6,RECOVERY,0.875,0.0,0.47,100,/Users/lab4099/Desktop/Mujoco/work/results/stage19_mixed_recovery/locked_test_v1/dense/seed_06.json
PPO,DENSE,6,RECOVERY,0.9,0.01,0.58,100,/Users/lab4099/Desktop/Mujoco/work/results/stage19_mixed_recovery/locked_test_v1/dense/seed_06.json
PPO,DENSE,6,RECOVERY,0.925,0.0,0.46,100,/Users/lab4099/Desktop/Mujoco/work/results/stage19_mixed_recovery/locked_test_v1/dense/seed_06.json
PPO,DENSE,6,RECOVERY,0.9500000000000001,0.0,0.51,100,/Users/lab4099/Desktop/Mujoco/work/results/stage19_mixed_recovery/locked_test_v1/dense/seed_06.json
PPO,DENSE,6,RECOVERY,0.9750000000000001,0.0,0.77,100,/Users/lab4099/Desktop/Mujoco/work/results/stage19_mixed_recovery/locked_test_v1/dense/seed_06.json
PPO,DENSE,6,RECOVERY,1.0,0.0,0.0,100,/Users/lab4099/Desktop/Mujoco/work/results/stage19_mixed_recovery/locked_test_v1/dense/seed_06.json
PPO,DENSE,7,NORMAL,0.0,0.0,1.0,100,/Users/lab4099/Desktop/Mujoco/work/results/stage19_mixed_recovery/locked_test_v1/dense/seed_07.json
PPO,DENSE,7,NORMAL,0.025,0.0,0.27,100,/Users/lab4099/Desktop/Mujoco/work/results/stage19_mixed_recovery/locked_test_v1/dense/seed_07.json
PPO,DENSE,7,NORMAL,0.05,0.0,0.37,100,/Users/lab4099/Desktop/Mujoco/work/results/stage19_mixed_recovery/locked_test_v1/dense/seed_07.json
PPO,DENSE,7,NORMAL,0.07500000000000001,0.0,0.31,100,/Users/lab4099/Desktop/Mujoco/work/results/stage19_mixed_recovery/locked_test_v1/dense/seed_07.json
PPO,DENSE,7,NORMAL,0.1,0.0,0.29,100,/Users/lab4099/Desktop/Mujoco/work/results/stage19_mixed_recovery/locked_test_v1/dense/seed_07.json
PPO,DENSE,7,NORMAL,0.125,0.0,0.51,100,/Users/lab4099/Desktop/Mujoco/work/results/stage19_mixed_recovery/locked_test_v1/dense/seed_07.json
PPO,DENSE,7,NORMAL,0.15000000000000002,0.0,0.27,100,/Users/lab4099/Desktop/Mujoco/work/results/stage19_mixed_recovery/locked_test_v1/dense/seed_07.json
PPO,DENSE,7,NORMAL,0.17500000000000002,0.0,0.45,100,/Users/lab4099/Desktop/Mujoco/work/results/stage19_mixed_recovery/locked_test_v1/dense/seed_07.json
PPO,DENSE,7,NORMAL,0.2,0.0,0.22,100,/Users/lab4099/Desktop/Mujoco/work/results/stage19_mixed_recovery/locked_test_v1/dense/seed_07.json
PPO,DENSE,7,NORMAL,0.225,0.0,0.57,100,/Users/lab4099/Desktop/Mujoco/work/results/stage19_mixed_recovery/locked_test_v1/dense/seed_07.json
PPO,DENSE,7,NORMAL,0.25,0.0,0.18,100,/Users/lab4099/Desktop/Mujoco/work/results/stage19_mixed_recovery/locked_test_v1/dense/seed_07.json
PPO,DENSE,7,NORMAL,0.275,0.0,0.51,100,/Users/lab4099/Desktop/Mujoco/work/results/stage19_mixed_recovery/locked_test_v1/dense/seed_07.json
PPO,DENSE,7,NORMAL,0.30000000000000004,0.0,0.25,100,/Users/lab4099/Desktop/Mujoco/work/results/stage19_mixed_recovery/locked_test_v1/dense/seed_07.json
PPO,DENSE,7,NORMAL,0.325,0.0,0.56,100,/Users/lab4099/Desktop/Mujoco/work/results/stage19_mixed_recovery/locked_test_v1/dense/seed_07.json
PPO,DENSE,7,NORMAL,0.35000000000000003,0.0,0.28,100,/Users/lab4099/Desktop/Mujoco/work/results/stage19_mixed_recovery/locked_test_v1/dense/seed_07.json
PPO,DENSE,7,NORMAL,0.375,0.0,0.61,100,/Users/lab4099/Desktop/Mujoco/work/results/stage19_mixed_recovery/locked_test_v1/dense/seed_07.json
PPO,DENSE,7,NORMAL,0.4,0.0,0.35,100,/Users/lab4099/Desktop/Mujoco/work/results/stage19_mixed_recovery/locked_test_v1/dense/seed_07.json
PPO,DENSE,7,NORMAL,0.42500000000000004,0.0,0.54,100,/Users/lab4099/Desktop/Mujoco/work/results/stage19_mixed_recovery/locked_test_v1/dense/seed_07.json
PPO,DENSE,7,NORMAL,0.45,0.0,0.29,100,/Users/lab4099/Desktop/Mujoco/work/results/stage19_mixed_recovery/locked_test_v1/dense/seed_07.json
PPO,DENSE,7,NORMAL,0.47500000000000003,0.0,0.68,100,/Users/lab4099/Desktop/Mujoco/work/results/stage19_mixed_recovery/locked_test_v1/dense/seed_07.json
PPO,DENSE,7,NORMAL,0.5,0.0,0.42,100,/Users/lab4099/Desktop/Mujoco/work/results/stage19_mixed_recovery/locked_test_v1/dense/seed_07.json
PPO,DENSE,7,NORMAL,0.525,0.0,0.65,100,/Users/lab4099/Desktop/Mujoco/work/results/stage19_mixed_recovery/locked_test_v1/dense/seed_07.json
PPO,DENSE,7,NORMAL,0.55,0.0,0.52,100,/Users/lab4099/Desktop/Mujoco/work/results/stage19_mixed_recovery/locked_test_v1/dense/seed_07.json
PPO,DENSE,7,NORMAL,0.5750000000000001,0.0,0.57,100,/Users/lab4099/Desktop/Mujoco/work/results/stage19_mixed_recovery/locked_test_v1/dense/seed_07.json
PPO,DENSE,7,NORMAL,0.6000000000000001,0.0,0.5,100,/Users/lab4099/Desktop/Mujoco/work/results/stage19_mixed_recovery/locked_test_v1/dense/seed_07.json
PPO,DENSE,7,NORMAL,0.625,0.0,0.53,100,/Users/lab4099/Desktop/Mujoco/work/results/stage19_mixed_recovery/locked_test_v1/dense/seed_07.json
PPO,DENSE,7,NORMAL,0.65,0.0,0.38,100,/Users/lab4099/Desktop/Mujoco/work/results/stage19_mixed_recovery/locked_test_v1/dense/seed_07.json
PPO,DENSE,7,NORMAL,0.675,0.0,0.32,100,/Users/lab4099/Desktop/Mujoco/work/results/stage19_mixed_recovery/locked_test_v1/dense/seed_07.json
PPO,DENSE,7,NORMAL,0.7000000000000001,0.0,0.41,100,/Users/lab4099/Desktop/Mujoco/work/results/stage19_mixed_recovery/locked_test_v1/dense/seed_07.json
PPO,DENSE,7,NORMAL,0.7250000000000001,0.0,0.31,100,/Users/lab4099/Desktop/Mujoco/work/results/stage19_mixed_recovery/locked_test_v1/dense/seed_07.json
PPO,DENSE,7,NORMAL,0.75,0.0,0.51,100,/Users/lab4099/Desktop/Mujoco/work/results/stage19_mixed_recovery/locked_test_v1/dense/seed_07.json
PPO,DENSE,7,NORMAL,0.775,0.0,0.32,100,/Users/lab4099/Desktop/Mujoco/work/results/stage19_mixed_recovery/locked_test_v1/dense/seed_07.json
PPO,DENSE,7,NORMAL,0.8,0.0,0.54,100,/Users/lab4099/Desktop/Mujoco/work/results/stage19_mixed_recovery/locked_test_v1/dense/seed_07.json
PPO,DENSE,7,NORMAL,0.8250000000000001,0.0,0.21,100,/Users/lab4099/Desktop/Mujoco/work/results/stage19_mixed_recovery/locked_test_v1/dense/seed_07.json
PPO,DENSE,7,NORMAL,0.8500000000000001,0.0,0.49,100,/Users/lab4099/Desktop/Mujoco/work/results/stage19_mixed_recovery/locked_test_v1/dense/seed_07.json
PPO,DENSE,7,NORMAL,0.875,0.0,0.21,100,/Users/lab4099/Desktop/Mujoco/work/results/stage19_mixed_recovery/locked_test_v1/dense/seed_07.json
PPO,DENSE,7,NORMAL,0.9,0.0,0.52,100,/Users/lab4099/Desktop/Mujoco/work/results/stage19_mixed_recovery/locked_test_v1/dense/seed_07.json
PPO,DENSE,7,NORMAL,0.925,0.0,0.25,100,/Users/lab4099/Desktop/Mujoco/work/results/stage19_mixed_recovery/locked_test_v1/dense/seed_07.json
PPO,DENSE,7,NORMAL,0.9500000000000001,0.0,0.61,100,/Users/lab4099/Desktop/Mujoco/work/results/stage19_mixed_recovery/locked_test_v1/dense/seed_07.json
PPO,DENSE,7,NORMAL,0.9750000000000001,0.0,0.34,100,/Users/lab4099/Desktop/Mujoco/work/results/stage19_mixed_recovery/locked_test_v1/dense/seed_07.json
PPO,DENSE,7,NORMAL,1.0,0.3,1.31,100,/Users/lab4099/Desktop/Mujoco/work/results/stage19_mixed_recovery/locked_test_v1/dense/seed_07.json
PPO,DENSE,7,DENSE,0.0,0.3,1.31,100,/Users/lab4099/Desktop/Mujoco/work/results/stage19_mixed_recovery/locked_test_v1/dense/seed_07.json
PPO,DENSE,7,DENSE,0.025,0.29,1.02,100,/Users/lab4099/Desktop/Mujoco/work/results/stage19_mixed_recovery/locked_test_v1/dense/seed_07.json
PPO,DENSE,7,DENSE,0.05,0.56,1.04,100,/Users/lab4099/Desktop/Mujoco/work/results/stage19_mixed_recovery/locked_test_v1/dense/seed_07.json
PPO,DENSE,7,DENSE,0.07500000000000001,0.85,1.2,100,/Users/lab4099/Desktop/Mujoco/work/results/stage19_mixed_recovery/locked_test_v1/dense/seed_07.json
PPO,DENSE,7,DENSE,0.1,1.03,1.19,100,/Users/lab4099/Desktop/Mujoco/work/results/stage19_mixed_recovery/locked_test_v1/dense/seed_07.json
PPO,DENSE,7,DENSE,0.125,1.45,1.33,100,/Users/lab4099/Desktop/Mujoco/work/results/stage19_mixed_recovery/locked_test_v1/dense/seed_07.json
PPO,DENSE,7,DENSE,0.15000000000000002,1.46,1.27,100,/Users/lab4099/Desktop/Mujoco/work/results/stage19_mixed_recovery/locked_test_v1/dense/seed_07.json
PPO,DENSE,7,DENSE,0.17500000000000002,1.49,1.37,100,/Users/lab4099/Desktop/Mujoco/work/results/stage19_mixed_recovery/locked_test_v1/dense/seed_07.json
PPO,DENSE,7,DENSE,0.2,1.5,1.31,100,/Users/lab4099/Desktop/Mujoco/work/results/stage19_mixed_recovery/locked_test_v1/dense/seed_07.json
PPO,DENSE,7,DENSE,0.225,1.53,1.43,100,/Users/lab4099/Desktop/Mujoco/work/results/stage19_mixed_recovery/locked_test_v1/dense/seed_07.json
PPO,DENSE,7,DENSE,0.25,1.48,1.43,100,/Users/lab4099/Desktop/Mujoco/work/results/stage19_mixed_recovery/locked_test_v1/dense/seed_07.json
PPO,DENSE,7,DENSE,0.275,1.76,1.55,100,/Users/lab4099/Desktop/Mujoco/work/results/stage19_mixed_recovery/locked_test_v1/dense/seed_07.json
PPO,DENSE,7,DENSE,0.30000000000000004,1.83,1.53,100,/Users/lab4099/Desktop/Mujoco/work/results/stage19_mixed_recovery/locked_test_v1/dense/seed_07.json
PPO,DENSE,7,DENSE,0.325,1.96,1.49,100,/Users/lab4099/Desktop/Mujoco/work/results/stage19_mixed_recovery/locked_test_v1/dense/seed_07.json
PPO,DENSE,7,DENSE,0.35000000000000003,2.05,1.56,100,/Users/lab4099/Desktop/Mujoco/work/results/stage19_mixed_recovery/locked_test_v1/dense/seed_07.json
PPO,DENSE,7,DENSE,0.375,2.09,1.61,100,/Users/lab4099/Desktop/Mujoco/work/results/stage19_mixed_recovery/locked_test_v1/dense/seed_07.json
PPO,DENSE,7,DENSE,0.4,2.17,1.65,100,/Users/lab4099/Desktop/Mujoco/work/results/stage19_mixed_recovery/locked_test_v1/dense/seed_07.json
PPO,DENSE,7,DENSE,0.42500000000000004,2.22,1.66,100,/Users/lab4099/Desktop/Mujoco/work/results/stage19_mixed_recovery/locked_test_v1/dense/seed_07.json
PPO,DENSE,7,DENSE,0.45,2.17,1.7,100,/Users/lab4099/Desktop/Mujoco/work/results/stage19_mixed_recovery/locked_test_v1/dense/seed_07.json
PPO,DENSE,7,DENSE,0.47500000000000003,2.21,1.71,100,/Users/lab4099/Desktop/Mujoco/work/results/stage19_mixed_recovery/locked_test_v1/dense/seed_07.json
PPO,DENSE,7,DENSE,0.5,2.43,1.65,100,/Users/lab4099/Desktop/Mujoco/work/results/stage19_mixed_recovery/locked_test_v1/dense/seed_07.json
PPO,DENSE,7,DENSE,0.525,2.53,1.65,100,/Users/lab4099/Desktop/Mujoco/work/results/stage19_mixed_recovery/locked_test_v1/dense/seed_07.json
PPO,DENSE,7,DENSE,0.55,2.74,1.68,100,/Users/lab4099/Desktop/Mujoco/work/results/stage19_mixed_recovery/locked_test_v1/dense/seed_07.json
PPO,DENSE,7,DENSE,0.5750000000000001,2.76,1.66,100,/Users/lab4099/Desktop/Mujoco/work/results/stage19_mixed_recovery/locked_test_v1/dense/seed_07.json
PPO,DENSE,7,DENSE,0.6000000000000001,2.9,1.65,100,/Users/lab4099/Desktop/Mujoco/work/results/stage19_mixed_recovery/locked_test_v1/dense/seed_07.json
PPO,DENSE,7,DENSE,0.625,2.85,1.67,100,/Users/lab4099/Desktop/Mujoco/work/results/stage19_mixed_recovery/locked_test_v1/dense/seed_07.json
PPO,DENSE,7,DENSE,0.65,2.94,1.71,100,/Users/lab4099/Desktop/Mujoco/work/results/stage19_mixed_recovery/locked_test_v1/dense/seed_07.json
PPO,DENSE,7,DENSE,0.675,2.88,1.61,100,/Users/lab4099/Desktop/Mujoco/work/results/stage19_mixed_recovery/locked_test_v1/dense/seed_07.json
PPO,DENSE,7,DENSE,0.7000000000000001,2.99,1.7,100,/Users/lab4099/Desktop/Mujoco/work/results/stage19_mixed_recovery/locked_test_v1/dense/seed_07.json
PPO,DENSE,7,DENSE,0.7250000000000001,2.95,1.74,100,/Users/lab4099/Desktop/Mujoco/work/results/stage19_mixed_recovery/locked_test_v1/dense/seed_07.json
PPO,DENSE,7,DENSE,0.75,3.14,1.75,100,/Users/lab4099/Desktop/Mujoco/work/results/stage19_mixed_recovery/locked_test_v1/dense/seed_07.json
PPO,DENSE,7,DENSE,0.775,3.16,1.74,100,/Users/lab4099/Desktop/Mujoco/work/results/stage19_mixed_recovery/locked_test_v1/dense/seed_07.json
PPO,DENSE,7,DENSE,0.8,3.45,1.78,100,/Users/lab4099/Desktop/Mujoco/work/results/stage19_mixed_recovery/locked_test_v1/dense/seed_07.json
PPO,DENSE,7,DENSE,0.8250000000000001,3.27,1.8,100,/Users/lab4099/Desktop/Mujoco/work/results/stage19_mixed_recovery/locked_test_v1/dense/seed_07.json
PPO,DENSE,7,DENSE,0.8500000000000001,3.4,1.77,100,/Users/lab4099/Desktop/Mujoco/work/results/stage19_mixed_recovery/locked_test_v1/dense/seed_07.json
PPO,DENSE,7,DENSE,0.875,3.34,1.74,100,/Users/lab4099/Desktop/Mujoco/work/results/stage19_mixed_recovery/locked_test_v1/dense/seed_07.json
PPO,DENSE,7,DENSE,0.9,3.41,1.95,100,/Users/lab4099/Desktop/Mujoco/work/results/stage19_mixed_recovery/locked_test_v1/dense/seed_07.json
PPO,DENSE,7,DENSE,0.925,3.36,1.81,100,/Users/lab4099/Desktop/Mujoco/work/results/stage19_mixed_recovery/locked_test_v1/dense/seed_07.json
PPO,DENSE,7,DENSE,0.9500000000000001,3.69,1.95,100,/Users/lab4099/Desktop/Mujoco/work/results/stage19_mixed_recovery/locked_test_v1/dense/seed_07.json
PPO,DENSE,7,DENSE,0.9750000000000001,3.5,1.86,100,/Users/lab4099/Desktop/Mujoco/work/results/stage19_mixed_recovery/locked_test_v1/dense/seed_07.json
PPO,DENSE,7,DENSE,1.0,4.96,2.02,100,/Users/lab4099/Desktop/Mujoco/work/results/stage19_mixed_recovery/locked_test_v1/dense/seed_07.json
PPO,DENSE,7,BURST,0.0,4.96,2.02,100,/Users/lab4099/Desktop/Mujoco/work/results/stage19_mixed_recovery/locked_test_v1/dense/seed_07.json
PPO,DENSE,7,BURST,0.025,5.94,2.2,100,/Users/lab4099/Desktop/Mujoco/work/results/stage19_mixed_recovery/locked_test_v1/dense/seed_07.json
PPO,DENSE,7,BURST,0.05,7.22,2.39,100,/Users/lab4099/Desktop/Mujoco/work/results/stage19_mixed_recovery/locked_test_v1/dense/seed_07.json
PPO,DENSE,7,BURST,0.07500000000000001,8.44,2.35,100,/Users/lab4099/Desktop/Mujoco/work/results/stage19_mixed_recovery/locked_test_v1/dense/seed_07.json
PPO,DENSE,7,BURST,0.1,9.88,2.37,100,/Users/lab4099/Desktop/Mujoco/work/results/stage19_mixed_recovery/locked_test_v1/dense/seed_07.json
PPO,DENSE,7,BURST,0.125,11.26,2.29,100,/Users/lab4099/Desktop/Mujoco/work/results/stage19_mixed_recovery/locked_test_v1/dense/seed_07.json
PPO,DENSE,7,BURST,0.15000000000000002,12.69,2.23,100,/Users/lab4099/Desktop/Mujoco/work/results/stage19_mixed_recovery/locked_test_v1/dense/seed_07.json
PPO,DENSE,7,BURST,0.17500000000000002,14.13,2.18,100,/Users/lab4099/Desktop/Mujoco/work/results/stage19_mixed_recovery/locked_test_v1/dense/seed_07.json
PPO,DENSE,7,BURST,0.2,15.64,2.14,100,/Users/lab4099/Desktop/Mujoco/work/results/stage19_mixed_recovery/locked_test_v1/dense/seed_07.json
PPO,DENSE,7,BURST,0.225,17.06,2.07,100,/Users/lab4099/Desktop/Mujoco/work/results/stage19_mixed_recovery/locked_test_v1/dense/seed_07.json
PPO,DENSE,7,BURST,0.25,18.62,2.04,100,/Users/lab4099/Desktop/Mujoco/work/results/stage19_mixed_recovery/locked_test_v1/dense/seed_07.json
PPO,DENSE,7,BURST,0.275,20.07,2.03,100,/Users/lab4099/Desktop/Mujoco/work/results/stage19_mixed_recovery/locked_test_v1/dense/seed_07.json
PPO,DENSE,7,BURST,0.30000000000000004,21.39,2.02,100,/Users/lab4099/Desktop/Mujoco/work/results/stage19_mixed_recovery/locked_test_v1/dense/seed_07.json
PPO,DENSE,7,BURST,0.325,21.72,2.02,100,/Users/lab4099/Desktop/Mujoco/work/results/stage19_mixed_recovery/locked_test_v1/dense/seed_07.json
PPO,DENSE,7,BURST,0.35000000000000003,21.71,2.02,100,/Users/lab4099/Desktop/Mujoco/work/results/stage19_mixed_recovery/locked_test_v1/dense/seed_07.json
PPO,DENSE,7,BURST,0.375,21.63,2.0,100,/Users/lab4099/Desktop/Mujoco/work/results/stage19_mixed_recovery/locked_test_v1/dense/seed_07.json
PPO,DENSE,7,BURST,0.4,21.55,2.0,100,/Users/lab4099/Desktop/Mujoco/work/results/stage19_mixed_recovery/locked_test_v1/dense/seed_07.json
PPO,DENSE,7,BURST,0.42500000000000004,21.46,2.0,100,/Users/lab4099/Desktop/Mujoco/work/results/stage19_mixed_recovery/locked_test_v1/dense/seed_07.json
PPO,DENSE,7,BURST,0.45,21.41,1.99,100,/Users/lab4099/Desktop/Mujoco/work/results/stage19_mixed_recovery/locked_test_v1/dense/seed_07.json
PPO,DENSE,7,BURST,0.47500000000000003,21.37,1.98,100,/Users/lab4099/Desktop/Mujoco/work/results/stage19_mixed_recovery/locked_test_v1/dense/seed_07.json
PPO,DENSE,7,BURST,0.5,21.32,1.98,100,/Users/lab4099/Desktop/Mujoco/work/results/stage19_mixed_recovery/locked_test_v1/dense/seed_07.json
PPO,DENSE,7,BURST,0.525,21.26,1.98,100,/Users/lab4099/Desktop/Mujoco/work/results/stage19_mixed_recovery/locked_test_v1/dense/seed_07.json
PPO,DENSE,7,BURST,0.55,21.21,1.98,100,/Users/lab4099/Desktop/Mujoco/work/results/stage19_mixed_recovery/locked_test_v1/dense/seed_07.json
PPO,DENSE,7,BURST,0.5750000000000001,21.15,1.98,100,/Users/lab4099/Desktop/Mujoco/work/results/stage19_mixed_recovery/locked_test_v1/dense/seed_07.json
PPO,DENSE,7,BURST,0.6000000000000001,21.09,1.98,100,/Users/lab4099/Desktop/Mujoco/work/results/stage19_mixed_recovery/locked_test_v1/dense/seed_07.json
PPO,DENSE,7,BURST,0.625,21.01,1.98,100,/Users/lab4099/Desktop/Mujoco/work/results/stage19_mixed_recovery/locked_test_v1/dense/seed_07.json
PPO,DENSE,7,BURST,0.65,20.89,1.97,100,/Users/lab4099/Desktop/Mujoco/work/results/stage19_mixed_recovery/locked_test_v1/dense/seed_07.json
PPO,DENSE,7,BURST,0.675,20.74,1.98,100,/Users/lab4099/Desktop/Mujoco/work/results/stage19_mixed_recovery/locked_test_v1/dense/seed_07.json
PPO,DENSE,7,BURST,0.7000000000000001,20.64,1.97,100,/Users/lab4099/Desktop/Mujoco/work/results/stage19_mixed_recovery/locked_test_v1/dense/seed_07.json
PPO,DENSE,7,BURST,0.7250000000000001,20.53,1.98,100,/Users/lab4099/Desktop/Mujoco/work/results/stage19_mixed_recovery/locked_test_v1/dense/seed_07.json
PPO,DENSE,7,BURST,0.75,20.4,1.96,100,/Users/lab4099/Desktop/Mujoco/work/results/stage19_mixed_recovery/locked_test_v1/dense/seed_07.json
PPO,DENSE,7,BURST,0.775,20.3,1.96,100,/Users/lab4099/Desktop/Mujoco/work/results/stage19_mixed_recovery/locked_test_v1/dense/seed_07.json
PPO,DENSE,7,BURST,0.8,20.15,1.95,100,/Users/lab4099/Desktop/Mujoco/work/results/stage19_mixed_recovery/locked_test_v1/dense/seed_07.json
PPO,DENSE,7,BURST,0.8250000000000001,20.05,1.94,100,/Users/lab4099/Desktop/Mujoco/work/results/stage19_mixed_recovery/locked_test_v1/dense/seed_07.json
PPO,DENSE,7,BURST,0.8500000000000001,19.95,1.94,100,/Users/lab4099/Desktop/Mujoco/work/results/stage19_mixed_recovery/locked_test_v1/dense/seed_07.json
PPO,DENSE,7,BURST,0.875,19.83,1.95,100,/Users/lab4099/Desktop/Mujoco/work/results/stage19_mixed_recovery/locked_test_v1/dense/seed_07.json
PPO,DENSE,7,BURST,0.9,19.75,1.95,100,/Users/lab4099/Desktop/Mujoco/work/results/stage19_mixed_recovery/locked_test_v1/dense/seed_07.json
PPO,DENSE,7,BURST,0.925,19.71,1.93,100,/Users/lab4099/Desktop/Mujoco/work/results/stage19_mixed_recovery/locked_test_v1/dense/seed_07.json
PPO,DENSE,7,BURST,0.9500000000000001,19.64,1.93,100,/Users/lab4099/Desktop/Mujoco/work/results/stage19_mixed_recovery/locked_test_v1/dense/seed_07.json
PPO,DENSE,7,BURST,0.9750000000000001,19.58,1.92,100,/Users/lab4099/Desktop/Mujoco/work/results/stage19_mixed_recovery/locked_test_v1/dense/seed_07.json
PPO,DENSE,7,BURST,1.0,20.53,1.93,100,/Users/lab4099/Desktop/Mujoco/work/results/stage19_mixed_recovery/locked_test_v1/dense/seed_07.json
PPO,DENSE,7,RECOVERY,0.0,20.53,1.93,100,/Users/lab4099/Desktop/Mujoco/work/results/stage19_mixed_recovery/locked_test_v1/dense/seed_07.json
PPO,DENSE,7,RECOVERY,0.025,19.4,1.96,100,/Users/lab4099/Desktop/Mujoco/work/results/stage19_mixed_recovery/locked_test_v1/dense/seed_07.json
PPO,DENSE,7,RECOVERY,0.05,18.63,1.92,100,/Users/lab4099/Desktop/Mujoco/work/results/stage19_mixed_recovery/locked_test_v1/dense/seed_07.json
PPO,DENSE,7,RECOVERY,0.07500000000000001,17.76,2.01,100,/Users/lab4099/Desktop/Mujoco/work/results/stage19_mixed_recovery/locked_test_v1/dense/seed_07.json
PPO,DENSE,7,RECOVERY,0.1,16.33,2.01,100,/Users/lab4099/Desktop/Mujoco/work/results/stage19_mixed_recovery/locked_test_v1/dense/seed_07.json
PPO,DENSE,7,RECOVERY,0.125,14.54,2.13,100,/Users/lab4099/Desktop/Mujoco/work/results/stage19_mixed_recovery/locked_test_v1/dense/seed_07.json
PPO,DENSE,7,RECOVERY,0.15000000000000002,11.85,2.12,100,/Users/lab4099/Desktop/Mujoco/work/results/stage19_mixed_recovery/locked_test_v1/dense/seed_07.json
PPO,DENSE,7,RECOVERY,0.17500000000000002,10.02,2.03,100,/Users/lab4099/Desktop/Mujoco/work/results/stage19_mixed_recovery/locked_test_v1/dense/seed_07.json
PPO,DENSE,7,RECOVERY,0.2,7.59,2.0,100,/Users/lab4099/Desktop/Mujoco/work/results/stage19_mixed_recovery/locked_test_v1/dense/seed_07.json
PPO,DENSE,7,RECOVERY,0.225,5.99,1.81,100,/Users/lab4099/Desktop/Mujoco/work/results/stage19_mixed_recovery/locked_test_v1/dense/seed_07.json
PPO,DENSE,7,RECOVERY,0.25,4.19,1.72,100,/Users/lab4099/Desktop/Mujoco/work/results/stage19_mixed_recovery/locked_test_v1/dense/seed_07.json
PPO,DENSE,7,RECOVERY,0.275,3.64,1.57,100,/Users/lab4099/Desktop/Mujoco/work/results/stage19_mixed_recovery/locked_test_v1/dense/seed_07.json
PPO,DENSE,7,RECOVERY,0.30000000000000004,2.64,1.41,100,/Users/lab4099/Desktop/Mujoco/work/results/stage19_mixed_recovery/locked_test_v1/dense/seed_07.json
PPO,DENSE,7,RECOVERY,0.325,2.25,1.36,100,/Users/lab4099/Desktop/Mujoco/work/results/stage19_mixed_recovery/locked_test_v1/dense/seed_07.json
PPO,DENSE,7,RECOVERY,0.35000000000000003,1.59,1.28,100,/Users/lab4099/Desktop/Mujoco/work/results/stage19_mixed_recovery/locked_test_v1/dense/seed_07.json
PPO,DENSE,7,RECOVERY,0.375,1.25,1.16,100,/Users/lab4099/Desktop/Mujoco/work/results/stage19_mixed_recovery/locked_test_v1/dense/seed_07.json
PPO,DENSE,7,RECOVERY,0.4,0.79,1.02,100,/Users/lab4099/Desktop/Mujoco/work/results/stage19_mixed_recovery/locked_test_v1/dense/seed_07.json
PPO,DENSE,7,RECOVERY,0.42500000000000004,0.61,1.0,100,/Users/lab4099/Desktop/Mujoco/work/results/stage19_mixed_recovery/locked_test_v1/dense/seed_07.json
PPO,DENSE,7,RECOVERY,0.45,0.44,0.85,100,/Users/lab4099/Desktop/Mujoco/work/results/stage19_mixed_recovery/locked_test_v1/dense/seed_07.json
PPO,DENSE,7,RECOVERY,0.47500000000000003,0.28,0.78,100,/Users/lab4099/Desktop/Mujoco/work/results/stage19_mixed_recovery/locked_test_v1/dense/seed_07.json
PPO,DENSE,7,RECOVERY,0.5,0.15,0.73,100,/Users/lab4099/Desktop/Mujoco/work/results/stage19_mixed_recovery/locked_test_v1/dense/seed_07.json
PPO,DENSE,7,RECOVERY,0.525,0.11,0.57,100,/Users/lab4099/Desktop/Mujoco/work/results/stage19_mixed_recovery/locked_test_v1/dense/seed_07.json
PPO,DENSE,7,RECOVERY,0.55,0.06,0.48,100,/Users/lab4099/Desktop/Mujoco/work/results/stage19_mixed_recovery/locked_test_v1/dense/seed_07.json
PPO,DENSE,7,RECOVERY,0.5750000000000001,0.05,0.51,100,/Users/lab4099/Desktop/Mujoco/work/results/stage19_mixed_recovery/locked_test_v1/dense/seed_07.json
PPO,DENSE,7,RECOVERY,0.6000000000000001,0.01,0.55,100,/Users/lab4099/Desktop/Mujoco/work/results/stage19_mixed_recovery/locked_test_v1/dense/seed_07.json
PPO,DENSE,7,RECOVERY,0.625,0.01,0.42,100,/Users/lab4099/Desktop/Mujoco/work/results/stage19_mixed_recovery/locked_test_v1/dense/seed_07.json
PPO,DENSE,7,RECOVERY,0.65,0.01,0.44,100,/Users/lab4099/Desktop/Mujoco/work/results/stage19_mixed_recovery/locked_test_v1/dense/seed_07.json
PPO,DENSE,7,RECOVERY,0.675,0.0,0.51,100,/Users/lab4099/Desktop/Mujoco/work/results/stage19_mixed_recovery/locked_test_v1/dense/seed_07.json
PPO,DENSE,7,RECOVERY,0.7000000000000001,0.01,0.54,100,/Users/lab4099/Desktop/Mujoco/work/results/stage19_mixed_recovery/locked_test_v1/dense/seed_07.json
PPO,DENSE,7,RECOVERY,0.7250000000000001,0.0,0.46,100,/Users/lab4099/Desktop/Mujoco/work/results/stage19_mixed_recovery/locked_test_v1/dense/seed_07.json
PPO,DENSE,7,RECOVERY,0.75,0.0,0.51,100,/Users/lab4099/Desktop/Mujoco/work/results/stage19_mixed_recovery/locked_test_v1/dense/seed_07.json
PPO,DENSE,7,RECOVERY,0.775,0.0,0.38,100,/Users/lab4099/Desktop/Mujoco/work/results/stage19_mixed_recovery/locked_test_v1/dense/seed_07.json
PPO,DENSE,7,RECOVERY,0.8,0.0,0.48,100,/Users/lab4099/Desktop/Mujoco/work/results/stage19_mixed_recovery/locked_test_v1/dense/seed_07.json
PPO,DENSE,7,RECOVERY,0.8250000000000001,0.0,0.42,100,/Users/lab4099/Desktop/Mujoco/work/results/stage19_mixed_recovery/locked_test_v1/dense/seed_07.json
PPO,DENSE,7,RECOVERY,0.8500000000000001,0.0,0.5,100,/Users/lab4099/Desktop/Mujoco/work/results/stage19_mixed_recovery/locked_test_v1/dense/seed_07.json
PPO,DENSE,7,RECOVERY,0.875,0.0,0.47,100,/Users/lab4099/Desktop/Mujoco/work/results/stage19_mixed_recovery/locked_test_v1/dense/seed_07.json
PPO,DENSE,7,RECOVERY,0.9,0.01,0.55,100,/Users/lab4099/Desktop/Mujoco/work/results/stage19_mixed_recovery/locked_test_v1/dense/seed_07.json
PPO,DENSE,7,RECOVERY,0.925,0.0,0.46,100,/Users/lab4099/Desktop/Mujoco/work/results/stage19_mixed_recovery/locked_test_v1/dense/seed_07.json
PPO,DENSE,7,RECOVERY,0.9500000000000001,0.0,0.5,100,/Users/lab4099/Desktop/Mujoco/work/results/stage19_mixed_recovery/locked_test_v1/dense/seed_07.json
PPO,DENSE,7,RECOVERY,0.9750000000000001,0.0,0.77,100,/Users/lab4099/Desktop/Mujoco/work/results/stage19_mixed_recovery/locked_test_v1/dense/seed_07.json
PPO,DENSE,7,RECOVERY,1.0,0.0,0.0,100,/Users/lab4099/Desktop/Mujoco/work/results/stage19_mixed_recovery/locked_test_v1/dense/seed_07.json
PPO,DENSE,8,NORMAL,0.0,0.0,1.0,100,/Users/lab4099/Desktop/Mujoco/work/results/stage19_mixed_recovery/locked_test_v1/dense/seed_08.json
PPO,DENSE,8,NORMAL,0.025,0.0,0.27,100,/Users/lab4099/Desktop/Mujoco/work/results/stage19_mixed_recovery/locked_test_v1/dense/seed_08.json
PPO,DENSE,8,NORMAL,0.05,0.0,0.37,100,/Users/lab4099/Desktop/Mujoco/work/results/stage19_mixed_recovery/locked_test_v1/dense/seed_08.json
PPO,DENSE,8,NORMAL,0.07500000000000001,0.0,0.31,100,/Users/lab4099/Desktop/Mujoco/work/results/stage19_mixed_recovery/locked_test_v1/dense/seed_08.json
PPO,DENSE,8,NORMAL,0.1,0.0,0.29,100,/Users/lab4099/Desktop/Mujoco/work/results/stage19_mixed_recovery/locked_test_v1/dense/seed_08.json
PPO,DENSE,8,NORMAL,0.125,0.0,0.51,100,/Users/lab4099/Desktop/Mujoco/work/results/stage19_mixed_recovery/locked_test_v1/dense/seed_08.json
PPO,DENSE,8,NORMAL,0.15000000000000002,0.0,0.27,100,/Users/lab4099/Desktop/Mujoco/work/results/stage19_mixed_recovery/locked_test_v1/dense/seed_08.json
PPO,DENSE,8,NORMAL,0.17500000000000002,0.0,0.45,100,/Users/lab4099/Desktop/Mujoco/work/results/stage19_mixed_recovery/locked_test_v1/dense/seed_08.json
PPO,DENSE,8,NORMAL,0.2,0.0,0.24,100,/Users/lab4099/Desktop/Mujoco/work/results/stage19_mixed_recovery/locked_test_v1/dense/seed_08.json
PPO,DENSE,8,NORMAL,0.225,0.0,0.56,100,/Users/lab4099/Desktop/Mujoco/work/results/stage19_mixed_recovery/locked_test_v1/dense/seed_08.json
PPO,DENSE,8,NORMAL,0.25,0.0,0.18,100,/Users/lab4099/Desktop/Mujoco/work/results/stage19_mixed_recovery/locked_test_v1/dense/seed_08.json
PPO,DENSE,8,NORMAL,0.275,0.0,0.52,100,/Users/lab4099/Desktop/Mujoco/work/results/stage19_mixed_recovery/locked_test_v1/dense/seed_08.json
PPO,DENSE,8,NORMAL,0.30000000000000004,0.0,0.26,100,/Users/lab4099/Desktop/Mujoco/work/results/stage19_mixed_recovery/locked_test_v1/dense/seed_08.json
PPO,DENSE,8,NORMAL,0.325,0.0,0.56,100,/Users/lab4099/Desktop/Mujoco/work/results/stage19_mixed_recovery/locked_test_v1/dense/seed_08.json
PPO,DENSE,8,NORMAL,0.35000000000000003,0.0,0.29,100,/Users/lab4099/Desktop/Mujoco/work/results/stage19_mixed_recovery/locked_test_v1/dense/seed_08.json
PPO,DENSE,8,NORMAL,0.375,0.0,0.62,100,/Users/lab4099/Desktop/Mujoco/work/results/stage19_mixed_recovery/locked_test_v1/dense/seed_08.json
PPO,DENSE,8,NORMAL,0.4,0.0,0.36,100,/Users/lab4099/Desktop/Mujoco/work/results/stage19_mixed_recovery/locked_test_v1/dense/seed_08.json
PPO,DENSE,8,NORMAL,0.42500000000000004,0.0,0.56,100,/Users/lab4099/Desktop/Mujoco/work/results/stage19_mixed_recovery/locked_test_v1/dense/seed_08.json
PPO,DENSE,8,NORMAL,0.45,0.0,0.29,100,/Users/lab4099/Desktop/Mujoco/work/results/stage19_mixed_recovery/locked_test_v1/dense/seed_08.json
PPO,DENSE,8,NORMAL,0.47500000000000003,0.0,0.67,100,/Users/lab4099/Desktop/Mujoco/work/results/stage19_mixed_recovery/locked_test_v1/dense/seed_08.json
PPO,DENSE,8,NORMAL,0.5,0.0,0.41,100,/Users/lab4099/Desktop/Mujoco/work/results/stage19_mixed_recovery/locked_test_v1/dense/seed_08.json
PPO,DENSE,8,NORMAL,0.525,0.0,0.65,100,/Users/lab4099/Desktop/Mujoco/work/results/stage19_mixed_recovery/locked_test_v1/dense/seed_08.json
PPO,DENSE,8,NORMAL,0.55,0.0,0.53,100,/Users/lab4099/Desktop/Mujoco/work/results/stage19_mixed_recovery/locked_test_v1/dense/seed_08.json
PPO,DENSE,8,NORMAL,0.5750000000000001,0.0,0.59,100,/Users/lab4099/Desktop/Mujoco/work/results/stage19_mixed_recovery/locked_test_v1/dense/seed_08.json
PPO,DENSE,8,NORMAL,0.6000000000000001,0.0,0.49,100,/Users/lab4099/Desktop/Mujoco/work/results/stage19_mixed_recovery/locked_test_v1/dense/seed_08.json
PPO,DENSE,8,NORMAL,0.625,0.01,0.55,100,/Users/lab4099/Desktop/Mujoco/work/results/stage19_mixed_recovery/locked_test_v1/dense/seed_08.json
PPO,DENSE,8,NORMAL,0.65,0.0,0.38,100,/Users/lab4099/Desktop/Mujoco/work/results/stage19_mixed_recovery/locked_test_v1/dense/seed_08.json
PPO,DENSE,8,NORMAL,0.675,0.0,0.33,100,/Users/lab4099/Desktop/Mujoco/work/results/stage19_mixed_recovery/locked_test_v1/dense/seed_08.json
PPO,DENSE,8,NORMAL,0.7000000000000001,0.0,0.41,100,/Users/lab4099/Desktop/Mujoco/work/results/stage19_mixed_recovery/locked_test_v1/dense/seed_08.json
PPO,DENSE,8,NORMAL,0.7250000000000001,0.0,0.31,100,/Users/lab4099/Desktop/Mujoco/work/results/stage19_mixed_recovery/locked_test_v1/dense/seed_08.json
PPO,DENSE,8,NORMAL,0.75,0.0,0.51,100,/Users/lab4099/Desktop/Mujoco/work/results/stage19_mixed_recovery/locked_test_v1/dense/seed_08.json
PPO,DENSE,8,NORMAL,0.775,0.0,0.33,100,/Users/lab4099/Desktop/Mujoco/work/results/stage19_mixed_recovery/locked_test_v1/dense/seed_08.json
PPO,DENSE,8,NORMAL,0.8,0.0,0.55,100,/Users/lab4099/Desktop/Mujoco/work/results/stage19_mixed_recovery/locked_test_v1/dense/seed_08.json
PPO,DENSE,8,NORMAL,0.8250000000000001,0.0,0.22,100,/Users/lab4099/Desktop/Mujoco/work/results/stage19_mixed_recovery/locked_test_v1/dense/seed_08.json
PPO,DENSE,8,NORMAL,0.8500000000000001,0.0,0.5,100,/Users/lab4099/Desktop/Mujoco/work/results/stage19_mixed_recovery/locked_test_v1/dense/seed_08.json
PPO,DENSE,8,NORMAL,0.875,0.0,0.25,100,/Users/lab4099/Desktop/Mujoco/work/results/stage19_mixed_recovery/locked_test_v1/dense/seed_08.json
PPO,DENSE,8,NORMAL,0.9,0.0,0.52,100,/Users/lab4099/Desktop/Mujoco/work/results/stage19_mixed_recovery/locked_test_v1/dense/seed_08.json
PPO,DENSE,8,NORMAL,0.925,0.0,0.33,100,/Users/lab4099/Desktop/Mujoco/work/results/stage19_mixed_recovery/locked_test_v1/dense/seed_08.json
PPO,DENSE,8,NORMAL,0.9500000000000001,0.0,0.61,100,/Users/lab4099/Desktop/Mujoco/work/results/stage19_mixed_recovery/locked_test_v1/dense/seed_08.json
PPO,DENSE,8,NORMAL,0.9750000000000001,0.0,0.36,100,/Users/lab4099/Desktop/Mujoco/work/results/stage19_mixed_recovery/locked_test_v1/dense/seed_08.json
PPO,DENSE,8,NORMAL,1.0,0.3,1.31,100,/Users/lab4099/Desktop/Mujoco/work/results/stage19_mixed_recovery/locked_test_v1/dense/seed_08.json
PPO,DENSE,8,DENSE,0.0,0.3,1.31,100,/Users/lab4099/Desktop/Mujoco/work/results/stage19_mixed_recovery/locked_test_v1/dense/seed_08.json
PPO,DENSE,8,DENSE,0.025,0.29,1.03,100,/Users/lab4099/Desktop/Mujoco/work/results/stage19_mixed_recovery/locked_test_v1/dense/seed_08.json
PPO,DENSE,8,DENSE,0.05,0.56,1.04,100,/Users/lab4099/Desktop/Mujoco/work/results/stage19_mixed_recovery/locked_test_v1/dense/seed_08.json
PPO,DENSE,8,DENSE,0.07500000000000001,0.84,1.21,100,/Users/lab4099/Desktop/Mujoco/work/results/stage19_mixed_recovery/locked_test_v1/dense/seed_08.json
PPO,DENSE,8,DENSE,0.1,1.03,1.19,100,/Users/lab4099/Desktop/Mujoco/work/results/stage19_mixed_recovery/locked_test_v1/dense/seed_08.json
PPO,DENSE,8,DENSE,0.125,1.46,1.33,100,/Users/lab4099/Desktop/Mujoco/work/results/stage19_mixed_recovery/locked_test_v1/dense/seed_08.json
PPO,DENSE,8,DENSE,0.15000000000000002,1.49,1.27,100,/Users/lab4099/Desktop/Mujoco/work/results/stage19_mixed_recovery/locked_test_v1/dense/seed_08.json
PPO,DENSE,8,DENSE,0.17500000000000002,1.55,1.36,100,/Users/lab4099/Desktop/Mujoco/work/results/stage19_mixed_recovery/locked_test_v1/dense/seed_08.json
PPO,DENSE,8,DENSE,0.2,1.54,1.31,100,/Users/lab4099/Desktop/Mujoco/work/results/stage19_mixed_recovery/locked_test_v1/dense/seed_08.json
PPO,DENSE,8,DENSE,0.225,1.68,1.38,100,/Users/lab4099/Desktop/Mujoco/work/results/stage19_mixed_recovery/locked_test_v1/dense/seed_08.json
PPO,DENSE,8,DENSE,0.25,1.6,1.46,100,/Users/lab4099/Desktop/Mujoco/work/results/stage19_mixed_recovery/locked_test_v1/dense/seed_08.json
PPO,DENSE,8,DENSE,0.275,1.84,1.51,100,/Users/lab4099/Desktop/Mujoco/work/results/stage19_mixed_recovery/locked_test_v1/dense/seed_08.json
PPO,DENSE,8,DENSE,0.30000000000000004,1.91,1.53,100,/Users/lab4099/Desktop/Mujoco/work/results/stage19_mixed_recovery/locked_test_v1/dense/seed_08.json
PPO,DENSE,8,DENSE,0.325,2.11,1.49,100,/Users/lab4099/Desktop/Mujoco/work/results/stage19_mixed_recovery/locked_test_v1/dense/seed_08.json
PPO,DENSE,8,DENSE,0.35000000000000003,2.21,1.54,100,/Users/lab4099/Desktop/Mujoco/work/results/stage19_mixed_recovery/locked_test_v1/dense/seed_08.json
PPO,DENSE,8,DENSE,0.375,2.27,1.59,100,/Users/lab4099/Desktop/Mujoco/work/results/stage19_mixed_recovery/locked_test_v1/dense/seed_08.json
PPO,DENSE,8,DENSE,0.4,2.29,1.62,100,/Users/lab4099/Desktop/Mujoco/work/results/stage19_mixed_recovery/locked_test_v1/dense/seed_08.json
PPO,DENSE,8,DENSE,0.42500000000000004,2.39,1.69,100,/Users/lab4099/Desktop/Mujoco/work/results/stage19_mixed_recovery/locked_test_v1/dense/seed_08.json
PPO,DENSE,8,DENSE,0.45,2.27,1.69,100,/Users/lab4099/Desktop/Mujoco/work/results/stage19_mixed_recovery/locked_test_v1/dense/seed_08.json
PPO,DENSE,8,DENSE,0.47500000000000003,2.36,1.75,100,/Users/lab4099/Desktop/Mujoco/work/results/stage19_mixed_recovery/locked_test_v1/dense/seed_08.json
PPO,DENSE,8,DENSE,0.5,2.59,1.74,100,/Users/lab4099/Desktop/Mujoco/work/results/stage19_mixed_recovery/locked_test_v1/dense/seed_08.json
PPO,DENSE,8,DENSE,0.525,2.72,1.68,100,/Users/lab4099/Desktop/Mujoco/work/results/stage19_mixed_recovery/locked_test_v1/dense/seed_08.json
PPO,DENSE,8,DENSE,0.55,2.94,1.72,100,/Users/lab4099/Desktop/Mujoco/work/results/stage19_mixed_recovery/locked_test_v1/dense/seed_08.json
PPO,DENSE,8,DENSE,0.5750000000000001,2.92,1.68,100,/Users/lab4099/Desktop/Mujoco/work/results/stage19_mixed_recovery/locked_test_v1/dense/seed_08.json
PPO,DENSE,8,DENSE,0.6000000000000001,3.03,1.67,100,/Users/lab4099/Desktop/Mujoco/work/results/stage19_mixed_recovery/locked_test_v1/dense/seed_08.json
PPO,DENSE,8,DENSE,0.625,2.93,1.67,100,/Users/lab4099/Desktop/Mujoco/work/results/stage19_mixed_recovery/locked_test_v1/dense/seed_08.json
PPO,DENSE,8,DENSE,0.65,3.06,1.7,100,/Users/lab4099/Desktop/Mujoco/work/results/stage19_mixed_recovery/locked_test_v1/dense/seed_08.json
PPO,DENSE,8,DENSE,0.675,2.95,1.66,100,/Users/lab4099/Desktop/Mujoco/work/results/stage19_mixed_recovery/locked_test_v1/dense/seed_08.json
PPO,DENSE,8,DENSE,0.7000000000000001,3.08,1.72,100,/Users/lab4099/Desktop/Mujoco/work/results/stage19_mixed_recovery/locked_test_v1/dense/seed_08.json
PPO,DENSE,8,DENSE,0.7250000000000001,3.05,1.73,100,/Users/lab4099/Desktop/Mujoco/work/results/stage19_mixed_recovery/locked_test_v1/dense/seed_08.json
PPO,DENSE,8,DENSE,0.75,3.25,1.8,100,/Users/lab4099/Desktop/Mujoco/work/results/stage19_mixed_recovery/locked_test_v1/dense/seed_08.json
PPO,DENSE,8,DENSE,0.775,3.27,1.82,100,/Users/lab4099/Desktop/Mujoco/work/results/stage19_mixed_recovery/locked_test_v1/dense/seed_08.json
PPO,DENSE,8,DENSE,0.8,3.51,1.81,100,/Users/lab4099/Desktop/Mujoco/work/results/stage19_mixed_recovery/locked_test_v1/dense/seed_08.json
PPO,DENSE,8,DENSE,0.8250000000000001,3.45,1.77,100,/Users/lab4099/Desktop/Mujoco/work/results/stage19_mixed_recovery/locked_test_v1/dense/seed_08.json
PPO,DENSE,8,DENSE,0.8500000000000001,3.62,1.8,100,/Users/lab4099/Desktop/Mujoco/work/results/stage19_mixed_recovery/locked_test_v1/dense/seed_08.json
PPO,DENSE,8,DENSE,0.875,3.57,1.76,100,/Users/lab4099/Desktop/Mujoco/work/results/stage19_mixed_recovery/locked_test_v1/dense/seed_08.json
PPO,DENSE,8,DENSE,0.9,3.67,1.93,100,/Users/lab4099/Desktop/Mujoco/work/results/stage19_mixed_recovery/locked_test_v1/dense/seed_08.json
PPO,DENSE,8,DENSE,0.925,3.53,1.82,100,/Users/lab4099/Desktop/Mujoco/work/results/stage19_mixed_recovery/locked_test_v1/dense/seed_08.json
PPO,DENSE,8,DENSE,0.9500000000000001,3.96,1.87,100,/Users/lab4099/Desktop/Mujoco/work/results/stage19_mixed_recovery/locked_test_v1/dense/seed_08.json
PPO,DENSE,8,DENSE,0.9750000000000001,3.78,1.82,100,/Users/lab4099/Desktop/Mujoco/work/results/stage19_mixed_recovery/locked_test_v1/dense/seed_08.json
PPO,DENSE,8,DENSE,1.0,5.16,2.0,100,/Users/lab4099/Desktop/Mujoco/work/results/stage19_mixed_recovery/locked_test_v1/dense/seed_08.json
PPO,DENSE,8,BURST,0.0,5.16,2.0,100,/Users/lab4099/Desktop/Mujoco/work/results/stage19_mixed_recovery/locked_test_v1/dense/seed_08.json
PPO,DENSE,8,BURST,0.025,6.14,2.18,100,/Users/lab4099/Desktop/Mujoco/work/results/stage19_mixed_recovery/locked_test_v1/dense/seed_08.json
PPO,DENSE,8,BURST,0.05,7.38,2.36,100,/Users/lab4099/Desktop/Mujoco/work/results/stage19_mixed_recovery/locked_test_v1/dense/seed_08.json
PPO,DENSE,8,BURST,0.07500000000000001,8.53,2.36,100,/Users/lab4099/Desktop/Mujoco/work/results/stage19_mixed_recovery/locked_test_v1/dense/seed_08.json
PPO,DENSE,8,BURST,0.1,9.93,2.45,100,/Users/lab4099/Desktop/Mujoco/work/results/stage19_mixed_recovery/locked_test_v1/dense/seed_08.json
PPO,DENSE,8,BURST,0.125,11.35,2.31,100,/Users/lab4099/Desktop/Mujoco/work/results/stage19_mixed_recovery/locked_test_v1/dense/seed_08.json
PPO,DENSE,8,BURST,0.15000000000000002,12.79,2.22,100,/Users/lab4099/Desktop/Mujoco/work/results/stage19_mixed_recovery/locked_test_v1/dense/seed_08.json
PPO,DENSE,8,BURST,0.17500000000000002,14.24,2.15,100,/Users/lab4099/Desktop/Mujoco/work/results/stage19_mixed_recovery/locked_test_v1/dense/seed_08.json
PPO,DENSE,8,BURST,0.2,15.75,2.14,100,/Users/lab4099/Desktop/Mujoco/work/results/stage19_mixed_recovery/locked_test_v1/dense/seed_08.json
PPO,DENSE,8,BURST,0.225,17.17,2.1,100,/Users/lab4099/Desktop/Mujoco/work/results/stage19_mixed_recovery/locked_test_v1/dense/seed_08.json
PPO,DENSE,8,BURST,0.25,18.82,2.05,100,/Users/lab4099/Desktop/Mujoco/work/results/stage19_mixed_recovery/locked_test_v1/dense/seed_08.json
PPO,DENSE,8,BURST,0.275,20.31,2.02,100,/Users/lab4099/Desktop/Mujoco/work/results/stage19_mixed_recovery/locked_test_v1/dense/seed_08.json
PPO,DENSE,8,BURST,0.30000000000000004,21.64,2.01,100,/Users/lab4099/Desktop/Mujoco/work/results/stage19_mixed_recovery/locked_test_v1/dense/seed_08.json
PPO,DENSE,8,BURST,0.325,21.96,2.01,100,/Users/lab4099/Desktop/Mujoco/work/results/stage19_mixed_recovery/locked_test_v1/dense/seed_08.json
PPO,DENSE,8,BURST,0.35000000000000003,21.86,2.0,100,/Users/lab4099/Desktop/Mujoco/work/results/stage19_mixed_recovery/locked_test_v1/dense/seed_08.json
PPO,DENSE,8,BURST,0.375,21.8,2.0,100,/Users/lab4099/Desktop/Mujoco/work/results/stage19_mixed_recovery/locked_test_v1/dense/seed_08.json
PPO,DENSE,8,BURST,0.4,21.76,2.0,100,/Users/lab4099/Desktop/Mujoco/work/results/stage19_mixed_recovery/locked_test_v1/dense/seed_08.json
PPO,DENSE,8,BURST,0.42500000000000004,21.68,1.99,100,/Users/lab4099/Desktop/Mujoco/work/results/stage19_mixed_recovery/locked_test_v1/dense/seed_08.json
PPO,DENSE,8,BURST,0.45,21.57,2.0,100,/Users/lab4099/Desktop/Mujoco/work/results/stage19_mixed_recovery/locked_test_v1/dense/seed_08.json
PPO,DENSE,8,BURST,0.47500000000000003,21.48,2.0,100,/Users/lab4099/Desktop/Mujoco/work/results/stage19_mixed_recovery/locked_test_v1/dense/seed_08.json
PPO,DENSE,8,BURST,0.5,21.41,2.0,100,/Users/lab4099/Desktop/Mujoco/work/results/stage19_mixed_recovery/locked_test_v1/dense/seed_08.json
PPO,DENSE,8,BURST,0.525,21.37,2.0,100,/Users/lab4099/Desktop/Mujoco/work/results/stage19_mixed_recovery/locked_test_v1/dense/seed_08.json
PPO,DENSE,8,BURST,0.55,21.32,1.98,100,/Users/lab4099/Desktop/Mujoco/work/results/stage19_mixed_recovery/locked_test_v1/dense/seed_08.json
PPO,DENSE,8,BURST,0.5750000000000001,21.25,1.98,100,/Users/lab4099/Desktop/Mujoco/work/results/stage19_mixed_recovery/locked_test_v1/dense/seed_08.json
PPO,DENSE,8,BURST,0.6000000000000001,21.25,1.98,100,/Users/lab4099/Desktop/Mujoco/work/results/stage19_mixed_recovery/locked_test_v1/dense/seed_08.json
PPO,DENSE,8,BURST,0.625,21.13,1.98,100,/Users/lab4099/Desktop/Mujoco/work/results/stage19_mixed_recovery/locked_test_v1/dense/seed_08.json
PPO,DENSE,8,BURST,0.65,21.03,1.98,100,/Users/lab4099/Desktop/Mujoco/work/results/stage19_mixed_recovery/locked_test_v1/dense/seed_08.json
PPO,DENSE,8,BURST,0.675,20.93,1.99,100,/Users/lab4099/Desktop/Mujoco/work/results/stage19_mixed_recovery/locked_test_v1/dense/seed_08.json
PPO,DENSE,8,BURST,0.7000000000000001,20.83,1.96,100,/Users/lab4099/Desktop/Mujoco/work/results/stage19_mixed_recovery/locked_test_v1/dense/seed_08.json
PPO,DENSE,8,BURST,0.7250000000000001,20.71,1.98,100,/Users/lab4099/Desktop/Mujoco/work/results/stage19_mixed_recovery/locked_test_v1/dense/seed_08.json
PPO,DENSE,8,BURST,0.75,20.66,1.97,100,/Users/lab4099/Desktop/Mujoco/work/results/stage19_mixed_recovery/locked_test_v1/dense/seed_08.json
PPO,DENSE,8,BURST,0.775,20.56,1.96,100,/Users/lab4099/Desktop/Mujoco/work/results/stage19_mixed_recovery/locked_test_v1/dense/seed_08.json
PPO,DENSE,8,BURST,0.8,20.49,1.95,100,/Users/lab4099/Desktop/Mujoco/work/results/stage19_mixed_recovery/locked_test_v1/dense/seed_08.json
PPO,DENSE,8,BURST,0.8250000000000001,20.36,1.96,100,/Users/lab4099/Desktop/Mujoco/work/results/stage19_mixed_recovery/locked_test_v1/dense/seed_08.json
PPO,DENSE,8,BURST,0.8500000000000001,20.24,1.96,100,/Users/lab4099/Desktop/Mujoco/work/results/stage19_mixed_recovery/locked_test_v1/dense/seed_08.json
PPO,DENSE,8,BURST,0.875,20.15,1.95,100,/Users/lab4099/Desktop/Mujoco/work/results/stage19_mixed_recovery/locked_test_v1/dense/seed_08.json
PPO,DENSE,8,BURST,0.9,20.07,1.95,100,/Users/lab4099/Desktop/Mujoco/work/results/stage19_mixed_recovery/locked_test_v1/dense/seed_08.json
PPO,DENSE,8,BURST,0.925,20.02,1.95,100,/Users/lab4099/Desktop/Mujoco/work/results/stage19_mixed_recovery/locked_test_v1/dense/seed_08.json
PPO,DENSE,8,BURST,0.9500000000000001,19.91,1.95,100,/Users/lab4099/Desktop/Mujoco/work/results/stage19_mixed_recovery/locked_test_v1/dense/seed_08.json
PPO,DENSE,8,BURST,0.9750000000000001,19.81,1.95,100,/Users/lab4099/Desktop/Mujoco/work/results/stage19_mixed_recovery/locked_test_v1/dense/seed_08.json
PPO,DENSE,8,BURST,1.0,20.75,1.94,100,/Users/lab4099/Desktop/Mujoco/work/results/stage19_mixed_recovery/locked_test_v1/dense/seed_08.json
PPO,DENSE,8,RECOVERY,0.0,20.75,1.94,100,/Users/lab4099/Desktop/Mujoco/work/results/stage19_mixed_recovery/locked_test_v1/dense/seed_08.json
PPO,DENSE,8,RECOVERY,0.025,19.67,1.95,100,/Users/lab4099/Desktop/Mujoco/work/results/stage19_mixed_recovery/locked_test_v1/dense/seed_08.json
PPO,DENSE,8,RECOVERY,0.05,18.9,1.92,100,/Users/lab4099/Desktop/Mujoco/work/results/stage19_mixed_recovery/locked_test_v1/dense/seed_08.json
PPO,DENSE,8,RECOVERY,0.07500000000000001,18.22,1.97,100,/Users/lab4099/Desktop/Mujoco/work/results/stage19_mixed_recovery/locked_test_v1/dense/seed_08.json
PPO,DENSE,8,RECOVERY,0.1,16.88,2.04,100,/Users/lab4099/Desktop/Mujoco/work/results/stage19_mixed_recovery/locked_test_v1/dense/seed_08.json
PPO,DENSE,8,RECOVERY,0.125,15.35,2.04,100,/Users/lab4099/Desktop/Mujoco/work/results/stage19_mixed_recovery/locked_test_v1/dense/seed_08.json
PPO,DENSE,8,RECOVERY,0.15000000000000002,13.3,2.07,100,/Users/lab4099/Desktop/Mujoco/work/results/stage19_mixed_recovery/locked_test_v1/dense/seed_08.json
PPO,DENSE,8,RECOVERY,0.17500000000000002,11.0,2.07,100,/Users/lab4099/Desktop/Mujoco/work/results/stage19_mixed_recovery/locked_test_v1/dense/seed_08.json
PPO,DENSE,8,RECOVERY,0.2,8.9,1.98,100,/Users/lab4099/Desktop/Mujoco/work/results/stage19_mixed_recovery/locked_test_v1/dense/seed_08.json
PPO,DENSE,8,RECOVERY,0.225,7.04,1.9,100,/Users/lab4099/Desktop/Mujoco/work/results/stage19_mixed_recovery/locked_test_v1/dense/seed_08.json
PPO,DENSE,8,RECOVERY,0.25,5.31,1.75,100,/Users/lab4099/Desktop/Mujoco/work/results/stage19_mixed_recovery/locked_test_v1/dense/seed_08.json
PPO,DENSE,8,RECOVERY,0.275,4.43,1.65,100,/Users/lab4099/Desktop/Mujoco/work/results/stage19_mixed_recovery/locked_test_v1/dense/seed_08.json
PPO,DENSE,8,RECOVERY,0.30000000000000004,3.33,1.56,100,/Users/lab4099/Desktop/Mujoco/work/results/stage19_mixed_recovery/locked_test_v1/dense/seed_08.json
PPO,DENSE,8,RECOVERY,0.325,2.82,1.41,100,/Users/lab4099/Desktop/Mujoco/work/results/stage19_mixed_recovery/locked_test_v1/dense/seed_08.json
PPO,DENSE,8,RECOVERY,0.35000000000000003,2.12,1.38,100,/Users/lab4099/Desktop/Mujoco/work/results/stage19_mixed_recovery/locked_test_v1/dense/seed_08.json
PPO,DENSE,8,RECOVERY,0.375,1.7,1.26,100,/Users/lab4099/Desktop/Mujoco/work/results/stage19_mixed_recovery/locked_test_v1/dense/seed_08.json
PPO,DENSE,8,RECOVERY,0.4,1.15,1.17,100,/Users/lab4099/Desktop/Mujoco/work/results/stage19_mixed_recovery/locked_test_v1/dense/seed_08.json
PPO,DENSE,8,RECOVERY,0.42500000000000004,0.91,1.14,100,/Users/lab4099/Desktop/Mujoco/work/results/stage19_mixed_recovery/locked_test_v1/dense/seed_08.json
PPO,DENSE,8,RECOVERY,0.45,0.55,1.04,100,/Users/lab4099/Desktop/Mujoco/work/results/stage19_mixed_recovery/locked_test_v1/dense/seed_08.json
PPO,DENSE,8,RECOVERY,0.47500000000000003,0.54,0.88,100,/Users/lab4099/Desktop/Mujoco/work/results/stage19_mixed_recovery/locked_test_v1/dense/seed_08.json
PPO,DENSE,8,RECOVERY,0.5,0.31,0.76,100,/Users/lab4099/Desktop/Mujoco/work/results/stage19_mixed_recovery/locked_test_v1/dense/seed_08.json
PPO,DENSE,8,RECOVERY,0.525,0.24,0.66,100,/Users/lab4099/Desktop/Mujoco/work/results/stage19_mixed_recovery/locked_test_v1/dense/seed_08.json
PPO,DENSE,8,RECOVERY,0.55,0.11,0.65,100,/Users/lab4099/Desktop/Mujoco/work/results/stage19_mixed_recovery/locked_test_v1/dense/seed_08.json
PPO,DENSE,8,RECOVERY,0.5750000000000001,0.12,0.58,100,/Users/lab4099/Desktop/Mujoco/work/results/stage19_mixed_recovery/locked_test_v1/dense/seed_08.json
PPO,DENSE,8,RECOVERY,0.6000000000000001,0.05,0.58,100,/Users/lab4099/Desktop/Mujoco/work/results/stage19_mixed_recovery/locked_test_v1/dense/seed_08.json
PPO,DENSE,8,RECOVERY,0.625,0.06,0.45,100,/Users/lab4099/Desktop/Mujoco/work/results/stage19_mixed_recovery/locked_test_v1/dense/seed_08.json
PPO,DENSE,8,RECOVERY,0.65,0.04,0.49,100,/Users/lab4099/Desktop/Mujoco/work/results/stage19_mixed_recovery/locked_test_v1/dense/seed_08.json
PPO,DENSE,8,RECOVERY,0.675,0.0,0.57,100,/Users/lab4099/Desktop/Mujoco/work/results/stage19_mixed_recovery/locked_test_v1/dense/seed_08.json
PPO,DENSE,8,RECOVERY,0.7000000000000001,0.02,0.55,100,/Users/lab4099/Desktop/Mujoco/work/results/stage19_mixed_recovery/locked_test_v1/dense/seed_08.json
PPO,DENSE,8,RECOVERY,0.7250000000000001,0.0,0.49,100,/Users/lab4099/Desktop/Mujoco/work/results/stage19_mixed_recovery/locked_test_v1/dense/seed_08.json
PPO,DENSE,8,RECOVERY,0.75,0.01,0.56,100,/Users/lab4099/Desktop/Mujoco/work/results/stage19_mixed_recovery/locked_test_v1/dense/seed_08.json
PPO,DENSE,8,RECOVERY,0.775,0.0,0.37,100,/Users/lab4099/Desktop/Mujoco/work/results/stage19_mixed_recovery/locked_test_v1/dense/seed_08.json
PPO,DENSE,8,RECOVERY,0.8,0.0,0.57,100,/Users/lab4099/Desktop/Mujoco/work/results/stage19_mixed_recovery/locked_test_v1/dense/seed_08.json
PPO,DENSE,8,RECOVERY,0.8250000000000001,0.0,0.45,100,/Users/lab4099/Desktop/Mujoco/work/results/stage19_mixed_recovery/locked_test_v1/dense/seed_08.json
PPO,DENSE,8,RECOVERY,0.8500000000000001,0.0,0.55,100,/Users/lab4099/Desktop/Mujoco/work/results/stage19_mixed_recovery/locked_test_v1/dense/seed_08.json
PPO,DENSE,8,RECOVERY,0.875,0.0,0.48,100,/Users/lab4099/Desktop/Mujoco/work/results/stage19_mixed_recovery/locked_test_v1/dense/seed_08.json
PPO,DENSE,8,RECOVERY,0.9,0.02,0.59,100,/Users/lab4099/Desktop/Mujoco/work/results/stage19_mixed_recovery/locked_test_v1/dense/seed_08.json
PPO,DENSE,8,RECOVERY,0.925,0.0,0.48,100,/Users/lab4099/Desktop/Mujoco/work/results/stage19_mixed_recovery/locked_test_v1/dense/seed_08.json
PPO,DENSE,8,RECOVERY,0.9500000000000001,0.02,0.54,100,/Users/lab4099/Desktop/Mujoco/work/results/stage19_mixed_recovery/locked_test_v1/dense/seed_08.json
PPO,DENSE,8,RECOVERY,0.9750000000000001,0.0,0.77,100,/Users/lab4099/Desktop/Mujoco/work/results/stage19_mixed_recovery/locked_test_v1/dense/seed_08.json
PPO,DENSE,8,RECOVERY,1.0,0.0,0.0,100,/Users/lab4099/Desktop/Mujoco/work/results/stage19_mixed_recovery/locked_test_v1/dense/seed_08.json
PPO,DENSE,9,NORMAL,0.0,0.0,1.0,100,/Users/lab4099/Desktop/Mujoco/work/results/stage19_mixed_recovery/locked_test_v1/dense/seed_09.json
PPO,DENSE,9,NORMAL,0.025,0.0,0.27,100,/Users/lab4099/Desktop/Mujoco/work/results/stage19_mixed_recovery/locked_test_v1/dense/seed_09.json
PPO,DENSE,9,NORMAL,0.05,0.0,0.37,100,/Users/lab4099/Desktop/Mujoco/work/results/stage19_mixed_recovery/locked_test_v1/dense/seed_09.json
PPO,DENSE,9,NORMAL,0.07500000000000001,0.0,0.31,100,/Users/lab4099/Desktop/Mujoco/work/results/stage19_mixed_recovery/locked_test_v1/dense/seed_09.json
PPO,DENSE,9,NORMAL,0.1,0.0,0.28,100,/Users/lab4099/Desktop/Mujoco/work/results/stage19_mixed_recovery/locked_test_v1/dense/seed_09.json
PPO,DENSE,9,NORMAL,0.125,0.0,0.51,100,/Users/lab4099/Desktop/Mujoco/work/results/stage19_mixed_recovery/locked_test_v1/dense/seed_09.json
PPO,DENSE,9,NORMAL,0.15000000000000002,0.0,0.27,100,/Users/lab4099/Desktop/Mujoco/work/results/stage19_mixed_recovery/locked_test_v1/dense/seed_09.json
PPO,DENSE,9,NORMAL,0.17500000000000002,0.0,0.45,100,/Users/lab4099/Desktop/Mujoco/work/results/stage19_mixed_recovery/locked_test_v1/dense/seed_09.json
PPO,DENSE,9,NORMAL,0.2,0.0,0.22,100,/Users/lab4099/Desktop/Mujoco/work/results/stage19_mixed_recovery/locked_test_v1/dense/seed_09.json
PPO,DENSE,9,NORMAL,0.225,0.0,0.56,100,/Users/lab4099/Desktop/Mujoco/work/results/stage19_mixed_recovery/locked_test_v1/dense/seed_09.json
PPO,DENSE,9,NORMAL,0.25,0.0,0.18,100,/Users/lab4099/Desktop/Mujoco/work/results/stage19_mixed_recovery/locked_test_v1/dense/seed_09.json
PPO,DENSE,9,NORMAL,0.275,0.0,0.5,100,/Users/lab4099/Desktop/Mujoco/work/results/stage19_mixed_recovery/locked_test_v1/dense/seed_09.json
PPO,DENSE,9,NORMAL,0.30000000000000004,0.0,0.24,100,/Users/lab4099/Desktop/Mujoco/work/results/stage19_mixed_recovery/locked_test_v1/dense/seed_09.json
PPO,DENSE,9,NORMAL,0.325,0.0,0.56,100,/Users/lab4099/Desktop/Mujoco/work/results/stage19_mixed_recovery/locked_test_v1/dense/seed_09.json
PPO,DENSE,9,NORMAL,0.35000000000000003,0.0,0.29,100,/Users/lab4099/Desktop/Mujoco/work/results/stage19_mixed_recovery/locked_test_v1/dense/seed_09.json
PPO,DENSE,9,NORMAL,0.375,0.0,0.61,100,/Users/lab4099/Desktop/Mujoco/work/results/stage19_mixed_recovery/locked_test_v1/dense/seed_09.json
PPO,DENSE,9,NORMAL,0.4,0.0,0.35,100,/Users/lab4099/Desktop/Mujoco/work/results/stage19_mixed_recovery/locked_test_v1/dense/seed_09.json
PPO,DENSE,9,NORMAL,0.42500000000000004,0.0,0.55,100,/Users/lab4099/Desktop/Mujoco/work/results/stage19_mixed_recovery/locked_test_v1/dense/seed_09.json
PPO,DENSE,9,NORMAL,0.45,0.0,0.28,100,/Users/lab4099/Desktop/Mujoco/work/results/stage19_mixed_recovery/locked_test_v1/dense/seed_09.json
PPO,DENSE,9,NORMAL,0.47500000000000003,0.0,0.68,100,/Users/lab4099/Desktop/Mujoco/work/results/stage19_mixed_recovery/locked_test_v1/dense/seed_09.json
PPO,DENSE,9,NORMAL,0.5,0.0,0.42,100,/Users/lab4099/Desktop/Mujoco/work/results/stage19_mixed_recovery/locked_test_v1/dense/seed_09.json
PPO,DENSE,9,NORMAL,0.525,0.0,0.64,100,/Users/lab4099/Desktop/Mujoco/work/results/stage19_mixed_recovery/locked_test_v1/dense/seed_09.json
PPO,DENSE,9,NORMAL,0.55,0.0,0.52,100,/Users/lab4099/Desktop/Mujoco/work/results/stage19_mixed_recovery/locked_test_v1/dense/seed_09.json
PPO,DENSE,9,NORMAL,0.5750000000000001,0.0,0.58,100,/Users/lab4099/Desktop/Mujoco/work/results/stage19_mixed_recovery/locked_test_v1/dense/seed_09.json
PPO,DENSE,9,NORMAL,0.6000000000000001,0.0,0.49,100,/Users/lab4099/Desktop/Mujoco/work/results/stage19_mixed_recovery/locked_test_v1/dense/seed_09.json
PPO,DENSE,9,NORMAL,0.625,0.0,0.53,100,/Users/lab4099/Desktop/Mujoco/work/results/stage19_mixed_recovery/locked_test_v1/dense/seed_09.json
PPO,DENSE,9,NORMAL,0.65,0.0,0.38,100,/Users/lab4099/Desktop/Mujoco/work/results/stage19_mixed_recovery/locked_test_v1/dense/seed_09.json
PPO,DENSE,9,NORMAL,0.675,0.0,0.32,100,/Users/lab4099/Desktop/Mujoco/work/results/stage19_mixed_recovery/locked_test_v1/dense/seed_09.json
PPO,DENSE,9,NORMAL,0.7000000000000001,0.0,0.42,100,/Users/lab4099/Desktop/Mujoco/work/results/stage19_mixed_recovery/locked_test_v1/dense/seed_09.json
PPO,DENSE,9,NORMAL,0.7250000000000001,0.0,0.3,100,/Users/lab4099/Desktop/Mujoco/work/results/stage19_mixed_recovery/locked_test_v1/dense/seed_09.json
PPO,DENSE,9,NORMAL,0.75,0.0,0.51,100,/Users/lab4099/Desktop/Mujoco/work/results/stage19_mixed_recovery/locked_test_v1/dense/seed_09.json
PPO,DENSE,9,NORMAL,0.775,0.0,0.31,100,/Users/lab4099/Desktop/Mujoco/work/results/stage19_mixed_recovery/locked_test_v1/dense/seed_09.json
PPO,DENSE,9,NORMAL,0.8,0.0,0.54,100,/Users/lab4099/Desktop/Mujoco/work/results/stage19_mixed_recovery/locked_test_v1/dense/seed_09.json
PPO,DENSE,9,NORMAL,0.8250000000000001,0.0,0.22,100,/Users/lab4099/Desktop/Mujoco/work/results/stage19_mixed_recovery/locked_test_v1/dense/seed_09.json
PPO,DENSE,9,NORMAL,0.8500000000000001,0.0,0.49,100,/Users/lab4099/Desktop/Mujoco/work/results/stage19_mixed_recovery/locked_test_v1/dense/seed_09.json
PPO,DENSE,9,NORMAL,0.875,0.0,0.21,100,/Users/lab4099/Desktop/Mujoco/work/results/stage19_mixed_recovery/locked_test_v1/dense/seed_09.json
PPO,DENSE,9,NORMAL,0.9,0.0,0.52,100,/Users/lab4099/Desktop/Mujoco/work/results/stage19_mixed_recovery/locked_test_v1/dense/seed_09.json
PPO,DENSE,9,NORMAL,0.925,0.0,0.25,100,/Users/lab4099/Desktop/Mujoco/work/results/stage19_mixed_recovery/locked_test_v1/dense/seed_09.json
PPO,DENSE,9,NORMAL,0.9500000000000001,0.0,0.61,100,/Users/lab4099/Desktop/Mujoco/work/results/stage19_mixed_recovery/locked_test_v1/dense/seed_09.json
PPO,DENSE,9,NORMAL,0.9750000000000001,0.0,0.34,100,/Users/lab4099/Desktop/Mujoco/work/results/stage19_mixed_recovery/locked_test_v1/dense/seed_09.json
PPO,DENSE,9,NORMAL,1.0,0.3,1.31,100,/Users/lab4099/Desktop/Mujoco/work/results/stage19_mixed_recovery/locked_test_v1/dense/seed_09.json
PPO,DENSE,9,DENSE,0.0,0.3,1.31,100,/Users/lab4099/Desktop/Mujoco/work/results/stage19_mixed_recovery/locked_test_v1/dense/seed_09.json
PPO,DENSE,9,DENSE,0.025,0.29,1.03,100,/Users/lab4099/Desktop/Mujoco/work/results/stage19_mixed_recovery/locked_test_v1/dense/seed_09.json
PPO,DENSE,9,DENSE,0.05,0.56,1.04,100,/Users/lab4099/Desktop/Mujoco/work/results/stage19_mixed_recovery/locked_test_v1/dense/seed_09.json
PPO,DENSE,9,DENSE,0.07500000000000001,0.85,1.2,100,/Users/lab4099/Desktop/Mujoco/work/results/stage19_mixed_recovery/locked_test_v1/dense/seed_09.json
PPO,DENSE,9,DENSE,0.1,1.03,1.19,100,/Users/lab4099/Desktop/Mujoco/work/results/stage19_mixed_recovery/locked_test_v1/dense/seed_09.json
PPO,DENSE,9,DENSE,0.125,1.46,1.34,100,/Users/lab4099/Desktop/Mujoco/work/results/stage19_mixed_recovery/locked_test_v1/dense/seed_09.json
PPO,DENSE,9,DENSE,0.15000000000000002,1.45,1.26,100,/Users/lab4099/Desktop/Mujoco/work/results/stage19_mixed_recovery/locked_test_v1/dense/seed_09.json
PPO,DENSE,9,DENSE,0.17500000000000002,1.5,1.37,100,/Users/lab4099/Desktop/Mujoco/work/results/stage19_mixed_recovery/locked_test_v1/dense/seed_09.json
PPO,DENSE,9,DENSE,0.2,1.34,1.38,100,/Users/lab4099/Desktop/Mujoco/work/results/stage19_mixed_recovery/locked_test_v1/dense/seed_09.json
PPO,DENSE,9,DENSE,0.225,1.53,1.41,100,/Users/lab4099/Desktop/Mujoco/work/results/stage19_mixed_recovery/locked_test_v1/dense/seed_09.json
PPO,DENSE,9,DENSE,0.25,1.49,1.42,100,/Users/lab4099/Desktop/Mujoco/work/results/stage19_mixed_recovery/locked_test_v1/dense/seed_09.json
PPO,DENSE,9,DENSE,0.275,1.8,1.51,100,/Users/lab4099/Desktop/Mujoco/work/results/stage19_mixed_recovery/locked_test_v1/dense/seed_09.json
PPO,DENSE,9,DENSE,0.30000000000000004,1.89,1.51,100,/Users/lab4099/Desktop/Mujoco/work/results/stage19_mixed_recovery/locked_test_v1/dense/seed_09.json
PPO,DENSE,9,DENSE,0.325,2.06,1.49,100,/Users/lab4099/Desktop/Mujoco/work/results/stage19_mixed_recovery/locked_test_v1/dense/seed_09.json
PPO,DENSE,9,DENSE,0.35000000000000003,2.09,1.56,100,/Users/lab4099/Desktop/Mujoco/work/results/stage19_mixed_recovery/locked_test_v1/dense/seed_09.json
PPO,DENSE,9,DENSE,0.375,2.07,1.62,100,/Users/lab4099/Desktop/Mujoco/work/results/stage19_mixed_recovery/locked_test_v1/dense/seed_09.json
PPO,DENSE,9,DENSE,0.4,2.11,1.67,100,/Users/lab4099/Desktop/Mujoco/work/results/stage19_mixed_recovery/locked_test_v1/dense/seed_09.json
PPO,DENSE,9,DENSE,0.42500000000000004,2.12,1.67,100,/Users/lab4099/Desktop/Mujoco/work/results/stage19_mixed_recovery/locked_test_v1/dense/seed_09.json
PPO,DENSE,9,DENSE,0.45,2.2,1.67,100,/Users/lab4099/Desktop/Mujoco/work/results/stage19_mixed_recovery/locked_test_v1/dense/seed_09.json
PPO,DENSE,9,DENSE,0.47500000000000003,2.23,1.73,100,/Users/lab4099/Desktop/Mujoco/work/results/stage19_mixed_recovery/locked_test_v1/dense/seed_09.json
PPO,DENSE,9,DENSE,0.5,2.51,1.67,100,/Users/lab4099/Desktop/Mujoco/work/results/stage19_mixed_recovery/locked_test_v1/dense/seed_09.json
PPO,DENSE,9,DENSE,0.525,2.56,1.66,100,/Users/lab4099/Desktop/Mujoco/work/results/stage19_mixed_recovery/locked_test_v1/dense/seed_09.json
PPO,DENSE,9,DENSE,0.55,2.71,1.68,100,/Users/lab4099/Desktop/Mujoco/work/results/stage19_mixed_recovery/locked_test_v1/dense/seed_09.json
PPO,DENSE,9,DENSE,0.5750000000000001,2.73,1.68,100,/Users/lab4099/Desktop/Mujoco/work/results/stage19_mixed_recovery/locked_test_v1/dense/seed_09.json
PPO,DENSE,9,DENSE,0.6000000000000001,2.74,1.73,100,/Users/lab4099/Desktop/Mujoco/work/results/stage19_mixed_recovery/locked_test_v1/dense/seed_09.json
PPO,DENSE,9,DENSE,0.625,2.72,1.66,100,/Users/lab4099/Desktop/Mujoco/work/results/stage19_mixed_recovery/locked_test_v1/dense/seed_09.json
PPO,DENSE,9,DENSE,0.65,2.89,1.65,100,/Users/lab4099/Desktop/Mujoco/work/results/stage19_mixed_recovery/locked_test_v1/dense/seed_09.json
PPO,DENSE,9,DENSE,0.675,2.85,1.62,100,/Users/lab4099/Desktop/Mujoco/work/results/stage19_mixed_recovery/locked_test_v1/dense/seed_09.json
PPO,DENSE,9,DENSE,0.7000000000000001,3.05,1.65,100,/Users/lab4099/Desktop/Mujoco/work/results/stage19_mixed_recovery/locked_test_v1/dense/seed_09.json
PPO,DENSE,9,DENSE,0.7250000000000001,3.1,1.7,100,/Users/lab4099/Desktop/Mujoco/work/results/stage19_mixed_recovery/locked_test_v1/dense/seed_09.json
PPO,DENSE,9,DENSE,0.75,3.24,1.71,100,/Users/lab4099/Desktop/Mujoco/work/results/stage19_mixed_recovery/locked_test_v1/dense/seed_09.json
PPO,DENSE,9,DENSE,0.775,3.2,1.75,100,/Users/lab4099/Desktop/Mujoco/work/results/stage19_mixed_recovery/locked_test_v1/dense/seed_09.json
PPO,DENSE,9,DENSE,0.8,3.35,1.76,100,/Users/lab4099/Desktop/Mujoco/work/results/stage19_mixed_recovery/locked_test_v1/dense/seed_09.json
PPO,DENSE,9,DENSE,0.8250000000000001,3.15,1.73,100,/Users/lab4099/Desktop/Mujoco/work/results/stage19_mixed_recovery/locked_test_v1/dense/seed_09.json
PPO,DENSE,9,DENSE,0.8500000000000001,3.23,1.77,100,/Users/lab4099/Desktop/Mujoco/work/results/stage19_mixed_recovery/locked_test_v1/dense/seed_09.json
PPO,DENSE,9,DENSE,0.875,3.21,1.79,100,/Users/lab4099/Desktop/Mujoco/work/results/stage19_mixed_recovery/locked_test_v1/dense/seed_09.json
PPO,DENSE,9,DENSE,0.9,3.43,1.95,100,/Users/lab4099/Desktop/Mujoco/work/results/stage19_mixed_recovery/locked_test_v1/dense/seed_09.json
PPO,DENSE,9,DENSE,0.925,3.43,1.88,100,/Users/lab4099/Desktop/Mujoco/work/results/stage19_mixed_recovery/locked_test_v1/dense/seed_09.json
PPO,DENSE,9,DENSE,0.9500000000000001,3.78,1.92,100,/Users/lab4099/Desktop/Mujoco/work/results/stage19_mixed_recovery/locked_test_v1/dense/seed_09.json
PPO,DENSE,9,DENSE,0.9750000000000001,3.59,1.86,100,/Users/lab4099/Desktop/Mujoco/work/results/stage19_mixed_recovery/locked_test_v1/dense/seed_09.json
PPO,DENSE,9,DENSE,1.0,4.95,2.03,100,/Users/lab4099/Desktop/Mujoco/work/results/stage19_mixed_recovery/locked_test_v1/dense/seed_09.json
PPO,DENSE,9,BURST,0.0,4.95,2.03,100,/Users/lab4099/Desktop/Mujoco/work/results/stage19_mixed_recovery/locked_test_v1/dense/seed_09.json
PPO,DENSE,9,BURST,0.025,5.87,2.19,100,/Users/lab4099/Desktop/Mujoco/work/results/stage19_mixed_recovery/locked_test_v1/dense/seed_09.json
PPO,DENSE,9,BURST,0.05,7.18,2.32,100,/Users/lab4099/Desktop/Mujoco/work/results/stage19_mixed_recovery/locked_test_v1/dense/seed_09.json
PPO,DENSE,9,BURST,0.07500000000000001,8.31,2.38,100,/Users/lab4099/Desktop/Mujoco/work/results/stage19_mixed_recovery/locked_test_v1/dense/seed_09.json
PPO,DENSE,9,BURST,0.1,9.7,2.41,100,/Users/lab4099/Desktop/Mujoco/work/results/stage19_mixed_recovery/locked_test_v1/dense/seed_09.json
PPO,DENSE,9,BURST,0.125,11.11,2.32,100,/Users/lab4099/Desktop/Mujoco/work/results/stage19_mixed_recovery/locked_test_v1/dense/seed_09.json
PPO,DENSE,9,BURST,0.15000000000000002,12.47,2.18,100,/Users/lab4099/Desktop/Mujoco/work/results/stage19_mixed_recovery/locked_test_v1/dense/seed_09.json
PPO,DENSE,9,BURST,0.17500000000000002,13.88,2.19,100,/Users/lab4099/Desktop/Mujoco/work/results/stage19_mixed_recovery/locked_test_v1/dense/seed_09.json
PPO,DENSE,9,BURST,0.2,15.45,2.15,100,/Users/lab4099/Desktop/Mujoco/work/results/stage19_mixed_recovery/locked_test_v1/dense/seed_09.json
PPO,DENSE,9,BURST,0.225,16.85,2.07,100,/Users/lab4099/Desktop/Mujoco/work/results/stage19_mixed_recovery/locked_test_v1/dense/seed_09.json
PPO,DENSE,9,BURST,0.25,18.44,2.06,100,/Users/lab4099/Desktop/Mujoco/work/results/stage19_mixed_recovery/locked_test_v1/dense/seed_09.json
PPO,DENSE,9,BURST,0.275,19.91,2.01,100,/Users/lab4099/Desktop/Mujoco/work/results/stage19_mixed_recovery/locked_test_v1/dense/seed_09.json
PPO,DENSE,9,BURST,0.30000000000000004,21.25,2.01,100,/Users/lab4099/Desktop/Mujoco/work/results/stage19_mixed_recovery/locked_test_v1/dense/seed_09.json
PPO,DENSE,9,BURST,0.325,21.56,1.99,100,/Users/lab4099/Desktop/Mujoco/work/results/stage19_mixed_recovery/locked_test_v1/dense/seed_09.json
PPO,DENSE,9,BURST,0.35000000000000003,21.51,1.99,100,/Users/lab4099/Desktop/Mujoco/work/results/stage19_mixed_recovery/locked_test_v1/dense/seed_09.json
PPO,DENSE,9,BURST,0.375,21.49,1.99,100,/Users/lab4099/Desktop/Mujoco/work/results/stage19_mixed_recovery/locked_test_v1/dense/seed_09.json
PPO,DENSE,9,BURST,0.4,21.4,1.99,100,/Users/lab4099/Desktop/Mujoco/work/results/stage19_mixed_recovery/locked_test_v1/dense/seed_09.json
PPO,DENSE,9,BURST,0.42500000000000004,21.33,1.99,100,/Users/lab4099/Desktop/Mujoco/work/results/stage19_mixed_recovery/locked_test_v1/dense/seed_09.json
PPO,DENSE,9,BURST,0.45,21.25,1.99,100,/Users/lab4099/Desktop/Mujoco/work/results/stage19_mixed_recovery/locked_test_v1/dense/seed_09.json
PPO,DENSE,9,BURST,0.47500000000000003,21.2,1.97,100,/Users/lab4099/Desktop/Mujoco/work/results/stage19_mixed_recovery/locked_test_v1/dense/seed_09.json
PPO,DENSE,9,BURST,0.5,21.16,1.97,100,/Users/lab4099/Desktop/Mujoco/work/results/stage19_mixed_recovery/locked_test_v1/dense/seed_09.json
PPO,DENSE,9,BURST,0.525,21.08,1.97,100,/Users/lab4099/Desktop/Mujoco/work/results/stage19_mixed_recovery/locked_test_v1/dense/seed_09.json
PPO,DENSE,9,BURST,0.55,21.02,1.97,100,/Users/lab4099/Desktop/Mujoco/work/results/stage19_mixed_recovery/locked_test_v1/dense/seed_09.json
PPO,DENSE,9,BURST,0.5750000000000001,20.94,1.96,100,/Users/lab4099/Desktop/Mujoco/work/results/stage19_mixed_recovery/locked_test_v1/dense/seed_09.json
PPO,DENSE,9,BURST,0.6000000000000001,20.83,1.97,100,/Users/lab4099/Desktop/Mujoco/work/results/stage19_mixed_recovery/locked_test_v1/dense/seed_09.json
PPO,DENSE,9,BURST,0.625,20.68,1.97,100,/Users/lab4099/Desktop/Mujoco/work/results/stage19_mixed_recovery/locked_test_v1/dense/seed_09.json
PPO,DENSE,9,BURST,0.65,20.59,1.97,100,/Users/lab4099/Desktop/Mujoco/work/results/stage19_mixed_recovery/locked_test_v1/dense/seed_09.json
PPO,DENSE,9,BURST,0.675,20.46,1.98,100,/Users/lab4099/Desktop/Mujoco/work/results/stage19_mixed_recovery/locked_test_v1/dense/seed_09.json
PPO,DENSE,9,BURST,0.7000000000000001,20.42,1.96,100,/Users/lab4099/Desktop/Mujoco/work/results/stage19_mixed_recovery/locked_test_v1/dense/seed_09.json
PPO,DENSE,9,BURST,0.7250000000000001,20.33,1.94,100,/Users/lab4099/Desktop/Mujoco/work/results/stage19_mixed_recovery/locked_test_v1/dense/seed_09.json
PPO,DENSE,9,BURST,0.75,20.24,1.93,100,/Users/lab4099/Desktop/Mujoco/work/results/stage19_mixed_recovery/locked_test_v1/dense/seed_09.json
PPO,DENSE,9,BURST,0.775,20.07,1.92,100,/Users/lab4099/Desktop/Mujoco/work/results/stage19_mixed_recovery/locked_test_v1/dense/seed_09.json
PPO,DENSE,9,BURST,0.8,19.98,1.92,100,/Users/lab4099/Desktop/Mujoco/work/results/stage19_mixed_recovery/locked_test_v1/dense/seed_09.json
PPO,DENSE,9,BURST,0.8250000000000001,19.87,1.93,100,/Users/lab4099/Desktop/Mujoco/work/results/stage19_mixed_recovery/locked_test_v1/dense/seed_09.json
PPO,DENSE,9,BURST,0.8500000000000001,19.77,1.91,100,/Users/lab4099/Desktop/Mujoco/work/results/stage19_mixed_recovery/locked_test_v1/dense/seed_09.json
PPO,DENSE,9,BURST,0.875,19.69,1.93,100,/Users/lab4099/Desktop/Mujoco/work/results/stage19_mixed_recovery/locked_test_v1/dense/seed_09.json
PPO,DENSE,9,BURST,0.9,19.62,1.91,100,/Users/lab4099/Desktop/Mujoco/work/results/stage19_mixed_recovery/locked_test_v1/dense/seed_09.json
PPO,DENSE,9,BURST,0.925,19.55,1.9,100,/Users/lab4099/Desktop/Mujoco/work/results/stage19_mixed_recovery/locked_test_v1/dense/seed_09.json
PPO,DENSE,9,BURST,0.9500000000000001,19.48,1.91,100,/Users/lab4099/Desktop/Mujoco/work/results/stage19_mixed_recovery/locked_test_v1/dense/seed_09.json
PPO,DENSE,9,BURST,0.9750000000000001,19.44,1.92,100,/Users/lab4099/Desktop/Mujoco/work/results/stage19_mixed_recovery/locked_test_v1/dense/seed_09.json
PPO,DENSE,9,BURST,1.0,20.4,1.92,100,/Users/lab4099/Desktop/Mujoco/work/results/stage19_mixed_recovery/locked_test_v1/dense/seed_09.json
PPO,DENSE,9,RECOVERY,0.0,20.4,1.92,100,/Users/lab4099/Desktop/Mujoco/work/results/stage19_mixed_recovery/locked_test_v1/dense/seed_09.json
PPO,DENSE,9,RECOVERY,0.025,19.2,1.9,100,/Users/lab4099/Desktop/Mujoco/work/results/stage19_mixed_recovery/locked_test_v1/dense/seed_09.json
PPO,DENSE,9,RECOVERY,0.05,18.25,1.99,100,/Users/lab4099/Desktop/Mujoco/work/results/stage19_mixed_recovery/locked_test_v1/dense/seed_09.json
PPO,DENSE,9,RECOVERY,0.07500000000000001,17.36,1.99,100,/Users/lab4099/Desktop/Mujoco/work/results/stage19_mixed_recovery/locked_test_v1/dense/seed_09.json
PPO,DENSE,9,RECOVERY,0.1,15.95,2.02,100,/Users/lab4099/Desktop/Mujoco/work/results/stage19_mixed_recovery/locked_test_v1/dense/seed_09.json
PPO,DENSE,9,RECOVERY,0.125,13.98,2.13,100,/Users/lab4099/Desktop/Mujoco/work/results/stage19_mixed_recovery/locked_test_v1/dense/seed_09.json
PPO,DENSE,9,RECOVERY,0.15000000000000002,11.56,2.01,100,/Users/lab4099/Desktop/Mujoco/work/results/stage19_mixed_recovery/locked_test_v1/dense/seed_09.json
PPO,DENSE,9,RECOVERY,0.17500000000000002,9.71,2.14,100,/Users/lab4099/Desktop/Mujoco/work/results/stage19_mixed_recovery/locked_test_v1/dense/seed_09.json
PPO,DENSE,9,RECOVERY,0.2,7.33,1.89,100,/Users/lab4099/Desktop/Mujoco/work/results/stage19_mixed_recovery/locked_test_v1/dense/seed_09.json
PPO,DENSE,9,RECOVERY,0.225,5.67,1.75,100,/Users/lab4099/Desktop/Mujoco/work/results/stage19_mixed_recovery/locked_test_v1/dense/seed_09.json
PPO,DENSE,9,RECOVERY,0.25,4.06,1.69,100,/Users/lab4099/Desktop/Mujoco/work/results/stage19_mixed_recovery/locked_test_v1/dense/seed_09.json
PPO,DENSE,9,RECOVERY,0.275,3.48,1.44,100,/Users/lab4099/Desktop/Mujoco/work/results/stage19_mixed_recovery/locked_test_v1/dense/seed_09.json
PPO,DENSE,9,RECOVERY,0.30000000000000004,2.67,1.36,100,/Users/lab4099/Desktop/Mujoco/work/results/stage19_mixed_recovery/locked_test_v1/dense/seed_09.json
PPO,DENSE,9,RECOVERY,0.325,2.27,1.27,100,/Users/lab4099/Desktop/Mujoco/work/results/stage19_mixed_recovery/locked_test_v1/dense/seed_09.json
PPO,DENSE,9,RECOVERY,0.35000000000000003,1.64,1.18,100,/Users/lab4099/Desktop/Mujoco/work/results/stage19_mixed_recovery/locked_test_v1/dense/seed_09.json
PPO,DENSE,9,RECOVERY,0.375,1.24,1.14,100,/Users/lab4099/Desktop/Mujoco/work/results/stage19_mixed_recovery/locked_test_v1/dense/seed_09.json
PPO,DENSE,9,RECOVERY,0.4,0.72,1.02,100,/Users/lab4099/Desktop/Mujoco/work/results/stage19_mixed_recovery/locked_test_v1/dense/seed_09.json
PPO,DENSE,9,RECOVERY,0.42500000000000004,0.65,0.97,100,/Users/lab4099/Desktop/Mujoco/work/results/stage19_mixed_recovery/locked_test_v1/dense/seed_09.json
PPO,DENSE,9,RECOVERY,0.45,0.33,0.79,100,/Users/lab4099/Desktop/Mujoco/work/results/stage19_mixed_recovery/locked_test_v1/dense/seed_09.json
PPO,DENSE,9,RECOVERY,0.47500000000000003,0.26,0.79,100,/Users/lab4099/Desktop/Mujoco/work/results/stage19_mixed_recovery/locked_test_v1/dense/seed_09.json
PPO,DENSE,9,RECOVERY,0.5,0.12,0.64,100,/Users/lab4099/Desktop/Mujoco/work/results/stage19_mixed_recovery/locked_test_v1/dense/seed_09.json
PPO,DENSE,9,RECOVERY,0.525,0.1,0.53,100,/Users/lab4099/Desktop/Mujoco/work/results/stage19_mixed_recovery/locked_test_v1/dense/seed_09.json
PPO,DENSE,9,RECOVERY,0.55,0.03,0.47,100,/Users/lab4099/Desktop/Mujoco/work/results/stage19_mixed_recovery/locked_test_v1/dense/seed_09.json
PPO,DENSE,9,RECOVERY,0.5750000000000001,0.05,0.52,100,/Users/lab4099/Desktop/Mujoco/work/results/stage19_mixed_recovery/locked_test_v1/dense/seed_09.json
PPO,DENSE,9,RECOVERY,0.6000000000000001,0.0,0.49,100,/Users/lab4099/Desktop/Mujoco/work/results/stage19_mixed_recovery/locked_test_v1/dense/seed_09.json
PPO,DENSE,9,RECOVERY,0.625,0.0,0.41,100,/Users/lab4099/Desktop/Mujoco/work/results/stage19_mixed_recovery/locked_test_v1/dense/seed_09.json
PPO,DENSE,9,RECOVERY,0.65,0.0,0.42,100,/Users/lab4099/Desktop/Mujoco/work/results/stage19_mixed_recovery/locked_test_v1/dense/seed_09.json
PPO,DENSE,9,RECOVERY,0.675,0.0,0.47,100,/Users/lab4099/Desktop/Mujoco/work/results/stage19_mixed_recovery/locked_test_v1/dense/seed_09.json
PPO,DENSE,9,RECOVERY,0.7000000000000001,0.0,0.53,100,/Users/lab4099/Desktop/Mujoco/work/results/stage19_mixed_recovery/locked_test_v1/dense/seed_09.json
PPO,DENSE,9,RECOVERY,0.7250000000000001,0.0,0.44,100,/Users/lab4099/Desktop/Mujoco/work/results/stage19_mixed_recovery/locked_test_v1/dense/seed_09.json
PPO,DENSE,9,RECOVERY,0.75,0.0,0.51,100,/Users/lab4099/Desktop/Mujoco/work/results/stage19_mixed_recovery/locked_test_v1/dense/seed_09.json
PPO,DENSE,9,RECOVERY,0.775,0.0,0.34,100,/Users/lab4099/Desktop/Mujoco/work/results/stage19_mixed_recovery/locked_test_v1/dense/seed_09.json
PPO,DENSE,9,RECOVERY,0.8,0.0,0.52,100,/Users/lab4099/Desktop/Mujoco/work/results/stage19_mixed_recovery/locked_test_v1/dense/seed_09.json
PPO,DENSE,9,RECOVERY,0.8250000000000001,0.0,0.41,100,/Users/lab4099/Desktop/Mujoco/work/results/stage19_mixed_recovery/locked_test_v1/dense/seed_09.json
PPO,DENSE,9,RECOVERY,0.8500000000000001,0.0,0.49,100,/Users/lab4099/Desktop/Mujoco/work/results/stage19_mixed_recovery/locked_test_v1/dense/seed_09.json
PPO,DENSE,9,RECOVERY,0.875,0.0,0.43,100,/Users/lab4099/Desktop/Mujoco/work/results/stage19_mixed_recovery/locked_test_v1/dense/seed_09.json
PPO,DENSE,9,RECOVERY,0.9,0.0,0.55,100,/Users/lab4099/Desktop/Mujoco/work/results/stage19_mixed_recovery/locked_test_v1/dense/seed_09.json
PPO,DENSE,9,RECOVERY,0.925,0.0,0.44,100,/Users/lab4099/Desktop/Mujoco/work/results/stage19_mixed_recovery/locked_test_v1/dense/seed_09.json
PPO,DENSE,9,RECOVERY,0.9500000000000001,0.0,0.48,100,/Users/lab4099/Desktop/Mujoco/work/results/stage19_mixed_recovery/locked_test_v1/dense/seed_09.json
PPO,DENSE,9,RECOVERY,0.9750000000000001,0.0,0.77,100,/Users/lab4099/Desktop/Mujoco/work/results/stage19_mixed_recovery/locked_test_v1/dense/seed_09.json
PPO,DENSE,9,RECOVERY,1.0,0.0,0.0,100,/Users/lab4099/Desktop/Mujoco/work/results/stage19_mixed_recovery/locked_test_v1/dense/seed_09.json
PPO,DENSE,10,NORMAL,0.0,0.0,1.0,100,/Users/lab4099/Desktop/Mujoco/work/results/stage19_mixed_recovery/locked_test_v1/dense/seed_10.json
PPO,DENSE,10,NORMAL,0.025,0.0,0.27,100,/Users/lab4099/Desktop/Mujoco/work/results/stage19_mixed_recovery/locked_test_v1/dense/seed_10.json
PPO,DENSE,10,NORMAL,0.05,0.0,0.37,100,/Users/lab4099/Desktop/Mujoco/work/results/stage19_mixed_recovery/locked_test_v1/dense/seed_10.json
PPO,DENSE,10,NORMAL,0.07500000000000001,0.0,0.31,100,/Users/lab4099/Desktop/Mujoco/work/results/stage19_mixed_recovery/locked_test_v1/dense/seed_10.json
PPO,DENSE,10,NORMAL,0.1,0.0,0.29,100,/Users/lab4099/Desktop/Mujoco/work/results/stage19_mixed_recovery/locked_test_v1/dense/seed_10.json
PPO,DENSE,10,NORMAL,0.125,0.0,0.51,100,/Users/lab4099/Desktop/Mujoco/work/results/stage19_mixed_recovery/locked_test_v1/dense/seed_10.json
PPO,DENSE,10,NORMAL,0.15000000000000002,0.0,0.27,100,/Users/lab4099/Desktop/Mujoco/work/results/stage19_mixed_recovery/locked_test_v1/dense/seed_10.json
PPO,DENSE,10,NORMAL,0.17500000000000002,0.0,0.45,100,/Users/lab4099/Desktop/Mujoco/work/results/stage19_mixed_recovery/locked_test_v1/dense/seed_10.json
PPO,DENSE,10,NORMAL,0.2,0.0,0.22,100,/Users/lab4099/Desktop/Mujoco/work/results/stage19_mixed_recovery/locked_test_v1/dense/seed_10.json
PPO,DENSE,10,NORMAL,0.225,0.0,0.57,100,/Users/lab4099/Desktop/Mujoco/work/results/stage19_mixed_recovery/locked_test_v1/dense/seed_10.json
PPO,DENSE,10,NORMAL,0.25,0.0,0.18,100,/Users/lab4099/Desktop/Mujoco/work/results/stage19_mixed_recovery/locked_test_v1/dense/seed_10.json
PPO,DENSE,10,NORMAL,0.275,0.0,0.51,100,/Users/lab4099/Desktop/Mujoco/work/results/stage19_mixed_recovery/locked_test_v1/dense/seed_10.json
PPO,DENSE,10,NORMAL,0.30000000000000004,0.0,0.24,100,/Users/lab4099/Desktop/Mujoco/work/results/stage19_mixed_recovery/locked_test_v1/dense/seed_10.json
PPO,DENSE,10,NORMAL,0.325,0.0,0.56,100,/Users/lab4099/Desktop/Mujoco/work/results/stage19_mixed_recovery/locked_test_v1/dense/seed_10.json
PPO,DENSE,10,NORMAL,0.35000000000000003,0.0,0.28,100,/Users/lab4099/Desktop/Mujoco/work/results/stage19_mixed_recovery/locked_test_v1/dense/seed_10.json
PPO,DENSE,10,NORMAL,0.375,0.0,0.62,100,/Users/lab4099/Desktop/Mujoco/work/results/stage19_mixed_recovery/locked_test_v1/dense/seed_10.json
PPO,DENSE,10,NORMAL,0.4,0.0,0.35,100,/Users/lab4099/Desktop/Mujoco/work/results/stage19_mixed_recovery/locked_test_v1/dense/seed_10.json
PPO,DENSE,10,NORMAL,0.42500000000000004,0.0,0.54,100,/Users/lab4099/Desktop/Mujoco/work/results/stage19_mixed_recovery/locked_test_v1/dense/seed_10.json
PPO,DENSE,10,NORMAL,0.45,0.0,0.29,100,/Users/lab4099/Desktop/Mujoco/work/results/stage19_mixed_recovery/locked_test_v1/dense/seed_10.json
PPO,DENSE,10,NORMAL,0.47500000000000003,0.0,0.68,100,/Users/lab4099/Desktop/Mujoco/work/results/stage19_mixed_recovery/locked_test_v1/dense/seed_10.json
PPO,DENSE,10,NORMAL,0.5,0.0,0.42,100,/Users/lab4099/Desktop/Mujoco/work/results/stage19_mixed_recovery/locked_test_v1/dense/seed_10.json
PPO,DENSE,10,NORMAL,0.525,0.0,0.65,100,/Users/lab4099/Desktop/Mujoco/work/results/stage19_mixed_recovery/locked_test_v1/dense/seed_10.json
PPO,DENSE,10,NORMAL,0.55,0.0,0.52,100,/Users/lab4099/Desktop/Mujoco/work/results/stage19_mixed_recovery/locked_test_v1/dense/seed_10.json
PPO,DENSE,10,NORMAL,0.5750000000000001,0.0,0.58,100,/Users/lab4099/Desktop/Mujoco/work/results/stage19_mixed_recovery/locked_test_v1/dense/seed_10.json
PPO,DENSE,10,NORMAL,0.6000000000000001,0.0,0.5,100,/Users/lab4099/Desktop/Mujoco/work/results/stage19_mixed_recovery/locked_test_v1/dense/seed_10.json
PPO,DENSE,10,NORMAL,0.625,0.0,0.53,100,/Users/lab4099/Desktop/Mujoco/work/results/stage19_mixed_recovery/locked_test_v1/dense/seed_10.json
PPO,DENSE,10,NORMAL,0.65,0.0,0.38,100,/Users/lab4099/Desktop/Mujoco/work/results/stage19_mixed_recovery/locked_test_v1/dense/seed_10.json
PPO,DENSE,10,NORMAL,0.675,0.0,0.32,100,/Users/lab4099/Desktop/Mujoco/work/results/stage19_mixed_recovery/locked_test_v1/dense/seed_10.json
PPO,DENSE,10,NORMAL,0.7000000000000001,0.0,0.41,100,/Users/lab4099/Desktop/Mujoco/work/results/stage19_mixed_recovery/locked_test_v1/dense/seed_10.json
PPO,DENSE,10,NORMAL,0.7250000000000001,0.0,0.31,100,/Users/lab4099/Desktop/Mujoco/work/results/stage19_mixed_recovery/locked_test_v1/dense/seed_10.json
PPO,DENSE,10,NORMAL,0.75,0.0,0.51,100,/Users/lab4099/Desktop/Mujoco/work/results/stage19_mixed_recovery/locked_test_v1/dense/seed_10.json
PPO,DENSE,10,NORMAL,0.775,0.0,0.31,100,/Users/lab4099/Desktop/Mujoco/work/results/stage19_mixed_recovery/locked_test_v1/dense/seed_10.json
PPO,DENSE,10,NORMAL,0.8,0.0,0.54,100,/Users/lab4099/Desktop/Mujoco/work/results/stage19_mixed_recovery/locked_test_v1/dense/seed_10.json
PPO,DENSE,10,NORMAL,0.8250000000000001,0.0,0.22,100,/Users/lab4099/Desktop/Mujoco/work/results/stage19_mixed_recovery/locked_test_v1/dense/seed_10.json
PPO,DENSE,10,NORMAL,0.8500000000000001,0.0,0.49,100,/Users/lab4099/Desktop/Mujoco/work/results/stage19_mixed_recovery/locked_test_v1/dense/seed_10.json
PPO,DENSE,10,NORMAL,0.875,0.0,0.24,100,/Users/lab4099/Desktop/Mujoco/work/results/stage19_mixed_recovery/locked_test_v1/dense/seed_10.json
PPO,DENSE,10,NORMAL,0.9,0.0,0.52,100,/Users/lab4099/Desktop/Mujoco/work/results/stage19_mixed_recovery/locked_test_v1/dense/seed_10.json
PPO,DENSE,10,NORMAL,0.925,0.0,0.29,100,/Users/lab4099/Desktop/Mujoco/work/results/stage19_mixed_recovery/locked_test_v1/dense/seed_10.json
PPO,DENSE,10,NORMAL,0.9500000000000001,0.0,0.6,100,/Users/lab4099/Desktop/Mujoco/work/results/stage19_mixed_recovery/locked_test_v1/dense/seed_10.json
PPO,DENSE,10,NORMAL,0.9750000000000001,0.0,0.34,100,/Users/lab4099/Desktop/Mujoco/work/results/stage19_mixed_recovery/locked_test_v1/dense/seed_10.json
PPO,DENSE,10,NORMAL,1.0,0.3,1.31,100,/Users/lab4099/Desktop/Mujoco/work/results/stage19_mixed_recovery/locked_test_v1/dense/seed_10.json
PPO,DENSE,10,DENSE,0.0,0.3,1.31,100,/Users/lab4099/Desktop/Mujoco/work/results/stage19_mixed_recovery/locked_test_v1/dense/seed_10.json
PPO,DENSE,10,DENSE,0.025,0.29,1.01,100,/Users/lab4099/Desktop/Mujoco/work/results/stage19_mixed_recovery/locked_test_v1/dense/seed_10.json
PPO,DENSE,10,DENSE,0.05,0.56,1.04,100,/Users/lab4099/Desktop/Mujoco/work/results/stage19_mixed_recovery/locked_test_v1/dense/seed_10.json
PPO,DENSE,10,DENSE,0.07500000000000001,0.85,1.2,100,/Users/lab4099/Desktop/Mujoco/work/results/stage19_mixed_recovery/locked_test_v1/dense/seed_10.json
PPO,DENSE,10,DENSE,0.1,1.03,1.19,100,/Users/lab4099/Desktop/Mujoco/work/results/stage19_mixed_recovery/locked_test_v1/dense/seed_10.json
PPO,DENSE,10,DENSE,0.125,1.46,1.33,100,/Users/lab4099/Desktop/Mujoco/work/results/stage19_mixed_recovery/locked_test_v1/dense/seed_10.json
PPO,DENSE,10,DENSE,0.15000000000000002,1.46,1.27,100,/Users/lab4099/Desktop/Mujoco/work/results/stage19_mixed_recovery/locked_test_v1/dense/seed_10.json
PPO,DENSE,10,DENSE,0.17500000000000002,1.49,1.36,100,/Users/lab4099/Desktop/Mujoco/work/results/stage19_mixed_recovery/locked_test_v1/dense/seed_10.json
PPO,DENSE,10,DENSE,0.2,1.53,1.3,100,/Users/lab4099/Desktop/Mujoco/work/results/stage19_mixed_recovery/locked_test_v1/dense/seed_10.json
PPO,DENSE,10,DENSE,0.225,1.55,1.41,100,/Users/lab4099/Desktop/Mujoco/work/results/stage19_mixed_recovery/locked_test_v1/dense/seed_10.json
PPO,DENSE,10,DENSE,0.25,1.53,1.42,100,/Users/lab4099/Desktop/Mujoco/work/results/stage19_mixed_recovery/locked_test_v1/dense/seed_10.json
PPO,DENSE,10,DENSE,0.275,1.76,1.52,100,/Users/lab4099/Desktop/Mujoco/work/results/stage19_mixed_recovery/locked_test_v1/dense/seed_10.json
PPO,DENSE,10,DENSE,0.30000000000000004,1.86,1.52,100,/Users/lab4099/Desktop/Mujoco/work/results/stage19_mixed_recovery/locked_test_v1/dense/seed_10.json
PPO,DENSE,10,DENSE,0.325,2.01,1.51,100,/Users/lab4099/Desktop/Mujoco/work/results/stage19_mixed_recovery/locked_test_v1/dense/seed_10.json
PPO,DENSE,10,DENSE,0.35000000000000003,2.15,1.53,100,/Users/lab4099/Desktop/Mujoco/work/results/stage19_mixed_recovery/locked_test_v1/dense/seed_10.json
PPO,DENSE,10,DENSE,0.375,2.18,1.59,100,/Users/lab4099/Desktop/Mujoco/work/results/stage19_mixed_recovery/locked_test_v1/dense/seed_10.json
PPO,DENSE,10,DENSE,0.4,2.23,1.65,100,/Users/lab4099/Desktop/Mujoco/work/results/stage19_mixed_recovery/locked_test_v1/dense/seed_10.json
PPO,DENSE,10,DENSE,0.42500000000000004,2.24,1.67,100,/Users/lab4099/Desktop/Mujoco/work/results/stage19_mixed_recovery/locked_test_v1/dense/seed_10.json
PPO,DENSE,10,DENSE,0.45,2.22,1.63,100,/Users/lab4099/Desktop/Mujoco/work/results/stage19_mixed_recovery/locked_test_v1/dense/seed_10.json
PPO,DENSE,10,DENSE,0.47500000000000003,2.29,1.69,100,/Users/lab4099/Desktop/Mujoco/work/results/stage19_mixed_recovery/locked_test_v1/dense/seed_10.json
PPO,DENSE,10,DENSE,0.5,2.5,1.63,100,/Users/lab4099/Desktop/Mujoco/work/results/stage19_mixed_recovery/locked_test_v1/dense/seed_10.json
PPO,DENSE,10,DENSE,0.525,2.58,1.63,100,/Users/lab4099/Desktop/Mujoco/work/results/stage19_mixed_recovery/locked_test_v1/dense/seed_10.json
PPO,DENSE,10,DENSE,0.55,2.79,1.65,100,/Users/lab4099/Desktop/Mujoco/work/results/stage19_mixed_recovery/locked_test_v1/dense/seed_10.json
PPO,DENSE,10,DENSE,0.5750000000000001,2.74,1.7,100,/Users/lab4099/Desktop/Mujoco/work/results/stage19_mixed_recovery/locked_test_v1/dense/seed_10.json
PPO,DENSE,10,DENSE,0.6000000000000001,2.92,1.63,100,/Users/lab4099/Desktop/Mujoco/work/results/stage19_mixed_recovery/locked_test_v1/dense/seed_10.json
PPO,DENSE,10,DENSE,0.625,2.94,1.63,100,/Users/lab4099/Desktop/Mujoco/work/results/stage19_mixed_recovery/locked_test_v1/dense/seed_10.json
PPO,DENSE,10,DENSE,0.65,3.1,1.7,100,/Users/lab4099/Desktop/Mujoco/work/results/stage19_mixed_recovery/locked_test_v1/dense/seed_10.json
PPO,DENSE,10,DENSE,0.675,3.03,1.59,100,/Users/lab4099/Desktop/Mujoco/work/results/stage19_mixed_recovery/locked_test_v1/dense/seed_10.json
PPO,DENSE,10,DENSE,0.7000000000000001,3.04,1.7,100,/Users/lab4099/Desktop/Mujoco/work/results/stage19_mixed_recovery/locked_test_v1/dense/seed_10.json
PPO,DENSE,10,DENSE,0.7250000000000001,3.09,1.7,100,/Users/lab4099/Desktop/Mujoco/work/results/stage19_mixed_recovery/locked_test_v1/dense/seed_10.json
PPO,DENSE,10,DENSE,0.75,3.19,1.79,100,/Users/lab4099/Desktop/Mujoco/work/results/stage19_mixed_recovery/locked_test_v1/dense/seed_10.json
PPO,DENSE,10,DENSE,0.775,3.16,1.75,100,/Users/lab4099/Desktop/Mujoco/work/results/stage19_mixed_recovery/locked_test_v1/dense/seed_10.json
PPO,DENSE,10,DENSE,0.8,3.34,1.79,100,/Users/lab4099/Desktop/Mujoco/work/results/stage19_mixed_recovery/locked_test_v1/dense/seed_10.json
PPO,DENSE,10,DENSE,0.8250000000000001,3.28,1.72,100,/Users/lab4099/Desktop/Mujoco/work/results/stage19_mixed_recovery/locked_test_v1/dense/seed_10.json
PPO,DENSE,10,DENSE,0.8500000000000001,3.45,1.71,100,/Users/lab4099/Desktop/Mujoco/work/results/stage19_mixed_recovery/locked_test_v1/dense/seed_10.json
PPO,DENSE,10,DENSE,0.875,3.44,1.75,100,/Users/lab4099/Desktop/Mujoco/work/results/stage19_mixed_recovery/locked_test_v1/dense/seed_10.json
PPO,DENSE,10,DENSE,0.9,3.5,1.92,100,/Users/lab4099/Desktop/Mujoco/work/results/stage19_mixed_recovery/locked_test_v1/dense/seed_10.json
PPO,DENSE,10,DENSE,0.925,3.39,1.78,100,/Users/lab4099/Desktop/Mujoco/work/results/stage19_mixed_recovery/locked_test_v1/dense/seed_10.json
PPO,DENSE,10,DENSE,0.9500000000000001,3.78,1.86,100,/Users/lab4099/Desktop/Mujoco/work/results/stage19_mixed_recovery/locked_test_v1/dense/seed_10.json
PPO,DENSE,10,DENSE,0.9750000000000001,3.54,1.81,100,/Users/lab4099/Desktop/Mujoco/work/results/stage19_mixed_recovery/locked_test_v1/dense/seed_10.json
PPO,DENSE,10,DENSE,1.0,5.08,1.99,100,/Users/lab4099/Desktop/Mujoco/work/results/stage19_mixed_recovery/locked_test_v1/dense/seed_10.json
PPO,DENSE,10,BURST,0.0,5.08,1.99,100,/Users/lab4099/Desktop/Mujoco/work/results/stage19_mixed_recovery/locked_test_v1/dense/seed_10.json
PPO,DENSE,10,BURST,0.025,6.06,2.15,100,/Users/lab4099/Desktop/Mujoco/work/results/stage19_mixed_recovery/locked_test_v1/dense/seed_10.json
PPO,DENSE,10,BURST,0.05,7.34,2.29,100,/Users/lab4099/Desktop/Mujoco/work/results/stage19_mixed_recovery/locked_test_v1/dense/seed_10.json
PPO,DENSE,10,BURST,0.07500000000000001,8.49,2.32,100,/Users/lab4099/Desktop/Mujoco/work/results/stage19_mixed_recovery/locked_test_v1/dense/seed_10.json
PPO,DENSE,10,BURST,0.1,9.88,2.34,100,/Users/lab4099/Desktop/Mujoco/work/results/stage19_mixed_recovery/locked_test_v1/dense/seed_10.json
PPO,DENSE,10,BURST,0.125,11.25,2.27,100,/Users/lab4099/Desktop/Mujoco/work/results/stage19_mixed_recovery/locked_test_v1/dense/seed_10.json
PPO,DENSE,10,BURST,0.15000000000000002,12.69,2.16,100,/Users/lab4099/Desktop/Mujoco/work/results/stage19_mixed_recovery/locked_test_v1/dense/seed_10.json
PPO,DENSE,10,BURST,0.17500000000000002,14.1,2.12,100,/Users/lab4099/Desktop/Mujoco/work/results/stage19_mixed_recovery/locked_test_v1/dense/seed_10.json
PPO,DENSE,10,BURST,0.2,15.62,2.08,100,/Users/lab4099/Desktop/Mujoco/work/results/stage19_mixed_recovery/locked_test_v1/dense/seed_10.json
PPO,DENSE,10,BURST,0.225,17.08,2.04,100,/Users/lab4099/Desktop/Mujoco/work/results/stage19_mixed_recovery/locked_test_v1/dense/seed_10.json
PPO,DENSE,10,BURST,0.25,18.69,2.02,100,/Users/lab4099/Desktop/Mujoco/work/results/stage19_mixed_recovery/locked_test_v1/dense/seed_10.json
PPO,DENSE,10,BURST,0.275,20.15,1.95,100,/Users/lab4099/Desktop/Mujoco/work/results/stage19_mixed_recovery/locked_test_v1/dense/seed_10.json
PPO,DENSE,10,BURST,0.30000000000000004,21.42,1.98,100,/Users/lab4099/Desktop/Mujoco/work/results/stage19_mixed_recovery/locked_test_v1/dense/seed_10.json
PPO,DENSE,10,BURST,0.325,21.73,1.97,100,/Users/lab4099/Desktop/Mujoco/work/results/stage19_mixed_recovery/locked_test_v1/dense/seed_10.json
PPO,DENSE,10,BURST,0.35000000000000003,21.69,1.97,100,/Users/lab4099/Desktop/Mujoco/work/results/stage19_mixed_recovery/locked_test_v1/dense/seed_10.json
PPO,DENSE,10,BURST,0.375,21.63,1.97,100,/Users/lab4099/Desktop/Mujoco/work/results/stage19_mixed_recovery/locked_test_v1/dense/seed_10.json
PPO,DENSE,10,BURST,0.4,21.55,1.96,100,/Users/lab4099/Desktop/Mujoco/work/results/stage19_mixed_recovery/locked_test_v1/dense/seed_10.json
PPO,DENSE,10,BURST,0.42500000000000004,21.44,1.96,100,/Users/lab4099/Desktop/Mujoco/work/results/stage19_mixed_recovery/locked_test_v1/dense/seed_10.json
PPO,DENSE,10,BURST,0.45,21.39,1.97,100,/Users/lab4099/Desktop/Mujoco/work/results/stage19_mixed_recovery/locked_test_v1/dense/seed_10.json
PPO,DENSE,10,BURST,0.47500000000000003,21.37,1.97,100,/Users/lab4099/Desktop/Mujoco/work/results/stage19_mixed_recovery/locked_test_v1/dense/seed_10.json
PPO,DENSE,10,BURST,0.5,21.32,1.97,100,/Users/lab4099/Desktop/Mujoco/work/results/stage19_mixed_recovery/locked_test_v1/dense/seed_10.json
PPO,DENSE,10,BURST,0.525,21.25,1.96,100,/Users/lab4099/Desktop/Mujoco/work/results/stage19_mixed_recovery/locked_test_v1/dense/seed_10.json
PPO,DENSE,10,BURST,0.55,21.2,1.97,100,/Users/lab4099/Desktop/Mujoco/work/results/stage19_mixed_recovery/locked_test_v1/dense/seed_10.json
PPO,DENSE,10,BURST,0.5750000000000001,21.14,1.95,100,/Users/lab4099/Desktop/Mujoco/work/results/stage19_mixed_recovery/locked_test_v1/dense/seed_10.json
PPO,DENSE,10,BURST,0.6000000000000001,21.03,1.94,100,/Users/lab4099/Desktop/Mujoco/work/results/stage19_mixed_recovery/locked_test_v1/dense/seed_10.json
PPO,DENSE,10,BURST,0.625,20.97,1.93,100,/Users/lab4099/Desktop/Mujoco/work/results/stage19_mixed_recovery/locked_test_v1/dense/seed_10.json
PPO,DENSE,10,BURST,0.65,20.86,1.95,100,/Users/lab4099/Desktop/Mujoco/work/results/stage19_mixed_recovery/locked_test_v1/dense/seed_10.json
PPO,DENSE,10,BURST,0.675,20.77,1.94,100,/Users/lab4099/Desktop/Mujoco/work/results/stage19_mixed_recovery/locked_test_v1/dense/seed_10.json
PPO,DENSE,10,BURST,0.7000000000000001,20.66,1.93,100,/Users/lab4099/Desktop/Mujoco/work/results/stage19_mixed_recovery/locked_test_v1/dense/seed_10.json
PPO,DENSE,10,BURST,0.7250000000000001,20.56,1.92,100,/Users/lab4099/Desktop/Mujoco/work/results/stage19_mixed_recovery/locked_test_v1/dense/seed_10.json
PPO,DENSE,10,BURST,0.75,20.47,1.91,100,/Users/lab4099/Desktop/Mujoco/work/results/stage19_mixed_recovery/locked_test_v1/dense/seed_10.json
PPO,DENSE,10,BURST,0.775,20.39,1.9,100,/Users/lab4099/Desktop/Mujoco/work/results/stage19_mixed_recovery/locked_test_v1/dense/seed_10.json
PPO,DENSE,10,BURST,0.8,20.27,1.9,100,/Users/lab4099/Desktop/Mujoco/work/results/stage19_mixed_recovery/locked_test_v1/dense/seed_10.json
PPO,DENSE,10,BURST,0.8250000000000001,20.2,1.9,100,/Users/lab4099/Desktop/Mujoco/work/results/stage19_mixed_recovery/locked_test_v1/dense/seed_10.json
PPO,DENSE,10,BURST,0.8500000000000001,20.11,1.9,100,/Users/lab4099/Desktop/Mujoco/work/results/stage19_mixed_recovery/locked_test_v1/dense/seed_10.json
PPO,DENSE,10,BURST,0.875,20.01,1.88,100,/Users/lab4099/Desktop/Mujoco/work/results/stage19_mixed_recovery/locked_test_v1/dense/seed_10.json
PPO,DENSE,10,BURST,0.9,19.93,1.89,100,/Users/lab4099/Desktop/Mujoco/work/results/stage19_mixed_recovery/locked_test_v1/dense/seed_10.json
PPO,DENSE,10,BURST,0.925,19.85,1.86,100,/Users/lab4099/Desktop/Mujoco/work/results/stage19_mixed_recovery/locked_test_v1/dense/seed_10.json
PPO,DENSE,10,BURST,0.9500000000000001,19.76,1.87,100,/Users/lab4099/Desktop/Mujoco/work/results/stage19_mixed_recovery/locked_test_v1/dense/seed_10.json
PPO,DENSE,10,BURST,0.9750000000000001,19.68,1.86,100,/Users/lab4099/Desktop/Mujoco/work/results/stage19_mixed_recovery/locked_test_v1/dense/seed_10.json
PPO,DENSE,10,BURST,1.0,20.62,1.86,100,/Users/lab4099/Desktop/Mujoco/work/results/stage19_mixed_recovery/locked_test_v1/dense/seed_10.json
PPO,DENSE,10,RECOVERY,0.0,20.62,1.86,100,/Users/lab4099/Desktop/Mujoco/work/results/stage19_mixed_recovery/locked_test_v1/dense/seed_10.json
PPO,DENSE,10,RECOVERY,0.025,19.49,1.9,100,/Users/lab4099/Desktop/Mujoco/work/results/stage19_mixed_recovery/locked_test_v1/dense/seed_10.json
PPO,DENSE,10,RECOVERY,0.05,18.54,1.95,100,/Users/lab4099/Desktop/Mujoco/work/results/stage19_mixed_recovery/locked_test_v1/dense/seed_10.json
PPO,DENSE,10,RECOVERY,0.07500000000000001,17.83,1.96,100,/Users/lab4099/Desktop/Mujoco/work/results/stage19_mixed_recovery/locked_test_v1/dense/seed_10.json
PPO,DENSE,10,RECOVERY,0.1,16.22,2.05,100,/Users/lab4099/Desktop/Mujoco/work/results/stage19_mixed_recovery/locked_test_v1/dense/seed_10.json
PPO,DENSE,10,RECOVERY,0.125,14.77,2.05,100,/Users/lab4099/Desktop/Mujoco/work/results/stage19_mixed_recovery/locked_test_v1/dense/seed_10.json
PPO,DENSE,10,RECOVERY,0.15000000000000002,12.33,2.13,100,/Users/lab4099/Desktop/Mujoco/work/results/stage19_mixed_recovery/locked_test_v1/dense/seed_10.json
PPO,DENSE,10,RECOVERY,0.17500000000000002,10.69,1.98,100,/Users/lab4099/Desktop/Mujoco/work/results/stage19_mixed_recovery/locked_test_v1/dense/seed_10.json
PPO,DENSE,10,RECOVERY,0.2,8.28,2.03,100,/Users/lab4099/Desktop/Mujoco/work/results/stage19_mixed_recovery/locked_test_v1/dense/seed_10.json
PPO,DENSE,10,RECOVERY,0.225,6.66,1.87,100,/Users/lab4099/Desktop/Mujoco/work/results/stage19_mixed_recovery/locked_test_v1/dense/seed_10.json
PPO,DENSE,10,RECOVERY,0.25,4.83,1.74,100,/Users/lab4099/Desktop/Mujoco/work/results/stage19_mixed_recovery/locked_test_v1/dense/seed_10.json
PPO,DENSE,10,RECOVERY,0.275,4.07,1.46,100,/Users/lab4099/Desktop/Mujoco/work/results/stage19_mixed_recovery/locked_test_v1/dense/seed_10.json
PPO,DENSE,10,RECOVERY,0.30000000000000004,2.89,1.34,100,/Users/lab4099/Desktop/Mujoco/work/results/stage19_mixed_recovery/locked_test_v1/dense/seed_10.json
PPO,DENSE,10,RECOVERY,0.325,2.5,1.35,100,/Users/lab4099/Desktop/Mujoco/work/results/stage19_mixed_recovery/locked_test_v1/dense/seed_10.json
PPO,DENSE,10,RECOVERY,0.35000000000000003,1.81,1.24,100,/Users/lab4099/Desktop/Mujoco/work/results/stage19_mixed_recovery/locked_test_v1/dense/seed_10.json
PPO,DENSE,10,RECOVERY,0.375,1.44,1.24,100,/Users/lab4099/Desktop/Mujoco/work/results/stage19_mixed_recovery/locked_test_v1/dense/seed_10.json
PPO,DENSE,10,RECOVERY,0.4,1.0,1.04,100,/Users/lab4099/Desktop/Mujoco/work/results/stage19_mixed_recovery/locked_test_v1/dense/seed_10.json
PPO,DENSE,10,RECOVERY,0.42500000000000004,0.82,1.09,100,/Users/lab4099/Desktop/Mujoco/work/results/stage19_mixed_recovery/locked_test_v1/dense/seed_10.json
PPO,DENSE,10,RECOVERY,0.45,0.5,0.95,100,/Users/lab4099/Desktop/Mujoco/work/results/stage19_mixed_recovery/locked_test_v1/dense/seed_10.json
PPO,DENSE,10,RECOVERY,0.47500000000000003,0.39,0.8,100,/Users/lab4099/Desktop/Mujoco/work/results/stage19_mixed_recovery/locked_test_v1/dense/seed_10.json
PPO,DENSE,10,RECOVERY,0.5,0.22,0.69,100,/Users/lab4099/Desktop/Mujoco/work/results/stage19_mixed_recovery/locked_test_v1/dense/seed_10.json
PPO,DENSE,10,RECOVERY,0.525,0.17,0.62,100,/Users/lab4099/Desktop/Mujoco/work/results/stage19_mixed_recovery/locked_test_v1/dense/seed_10.json
PPO,DENSE,10,RECOVERY,0.55,0.1,0.54,100,/Users/lab4099/Desktop/Mujoco/work/results/stage19_mixed_recovery/locked_test_v1/dense/seed_10.json
PPO,DENSE,10,RECOVERY,0.5750000000000001,0.05,0.54,100,/Users/lab4099/Desktop/Mujoco/work/results/stage19_mixed_recovery/locked_test_v1/dense/seed_10.json
PPO,DENSE,10,RECOVERY,0.6000000000000001,0.04,0.56,100,/Users/lab4099/Desktop/Mujoco/work/results/stage19_mixed_recovery/locked_test_v1/dense/seed_10.json
PPO,DENSE,10,RECOVERY,0.625,0.02,0.44,100,/Users/lab4099/Desktop/Mujoco/work/results/stage19_mixed_recovery/locked_test_v1/dense/seed_10.json
PPO,DENSE,10,RECOVERY,0.65,0.01,0.44,100,/Users/lab4099/Desktop/Mujoco/work/results/stage19_mixed_recovery/locked_test_v1/dense/seed_10.json
PPO,DENSE,10,RECOVERY,0.675,0.0,0.51,100,/Users/lab4099/Desktop/Mujoco/work/results/stage19_mixed_recovery/locked_test_v1/dense/seed_10.json
PPO,DENSE,10,RECOVERY,0.7000000000000001,0.01,0.53,100,/Users/lab4099/Desktop/Mujoco/work/results/stage19_mixed_recovery/locked_test_v1/dense/seed_10.json
PPO,DENSE,10,RECOVERY,0.7250000000000001,0.0,0.49,100,/Users/lab4099/Desktop/Mujoco/work/results/stage19_mixed_recovery/locked_test_v1/dense/seed_10.json
PPO,DENSE,10,RECOVERY,0.75,0.0,0.51,100,/Users/lab4099/Desktop/Mujoco/work/results/stage19_mixed_recovery/locked_test_v1/dense/seed_10.json
PPO,DENSE,10,RECOVERY,0.775,0.0,0.38,100,/Users/lab4099/Desktop/Mujoco/work/results/stage19_mixed_recovery/locked_test_v1/dense/seed_10.json
PPO,DENSE,10,RECOVERY,0.8,0.0,0.49,100,/Users/lab4099/Desktop/Mujoco/work/results/stage19_mixed_recovery/locked_test_v1/dense/seed_10.json
PPO,DENSE,10,RECOVERY,0.8250000000000001,0.0,0.44,100,/Users/lab4099/Desktop/Mujoco/work/results/stage19_mixed_recovery/locked_test_v1/dense/seed_10.json
PPO,DENSE,10,RECOVERY,0.8500000000000001,0.0,0.5,100,/Users/lab4099/Desktop/Mujoco/work/results/stage19_mixed_recovery/locked_test_v1/dense/seed_10.json
PPO,DENSE,10,RECOVERY,0.875,0.0,0.47,100,/Users/lab4099/Desktop/Mujoco/work/results/stage19_mixed_recovery/locked_test_v1/dense/seed_10.json
PPO,DENSE,10,RECOVERY,0.9,0.01,0.59,100,/Users/lab4099/Desktop/Mujoco/work/results/stage19_mixed_recovery/locked_test_v1/dense/seed_10.json
PPO,DENSE,10,RECOVERY,0.925,0.0,0.46,100,/Users/lab4099/Desktop/Mujoco/work/results/stage19_mixed_recovery/locked_test_v1/dense/seed_10.json
PPO,DENSE,10,RECOVERY,0.9500000000000001,0.0,0.51,100,/Users/lab4099/Desktop/Mujoco/work/results/stage19_mixed_recovery/locked_test_v1/dense/seed_10.json
PPO,DENSE,10,RECOVERY,0.9750000000000001,0.0,0.77,100,/Users/lab4099/Desktop/Mujoco/work/results/stage19_mixed_recovery/locked_test_v1/dense/seed_10.json
PPO,DENSE,10,RECOVERY,1.0,0.0,0.0,100,/Users/lab4099/Desktop/Mujoco/work/results/stage19_mixed_recovery/locked_test_v1/dense/seed_10.json
PPO,BURST,1,NORMAL,0.0,0.0,1.0,100,/Users/lab4099/Desktop/Mujoco/work/results/stage19_mixed_recovery/locked_test_v1/burst/seed_01.json
PPO,BURST,1,NORMAL,0.025,0.0,0.27,100,/Users/lab4099/Desktop/Mujoco/work/results/stage19_mixed_recovery/locked_test_v1/burst/seed_01.json
PPO,BURST,1,NORMAL,0.05,0.0,0.37,100,/Users/lab4099/Desktop/Mujoco/work/results/stage19_mixed_recovery/locked_test_v1/burst/seed_01.json
PPO,BURST,1,NORMAL,0.07500000000000001,0.0,0.31,100,/Users/lab4099/Desktop/Mujoco/work/results/stage19_mixed_recovery/locked_test_v1/burst/seed_01.json
PPO,BURST,1,NORMAL,0.1,0.0,0.29,100,/Users/lab4099/Desktop/Mujoco/work/results/stage19_mixed_recovery/locked_test_v1/burst/seed_01.json
PPO,BURST,1,NORMAL,0.125,0.0,0.51,100,/Users/lab4099/Desktop/Mujoco/work/results/stage19_mixed_recovery/locked_test_v1/burst/seed_01.json
PPO,BURST,1,NORMAL,0.15000000000000002,0.0,0.27,100,/Users/lab4099/Desktop/Mujoco/work/results/stage19_mixed_recovery/locked_test_v1/burst/seed_01.json
PPO,BURST,1,NORMAL,0.17500000000000002,0.0,0.45,100,/Users/lab4099/Desktop/Mujoco/work/results/stage19_mixed_recovery/locked_test_v1/burst/seed_01.json
PPO,BURST,1,NORMAL,0.2,0.0,0.22,100,/Users/lab4099/Desktop/Mujoco/work/results/stage19_mixed_recovery/locked_test_v1/burst/seed_01.json
PPO,BURST,1,NORMAL,0.225,0.0,0.56,100,/Users/lab4099/Desktop/Mujoco/work/results/stage19_mixed_recovery/locked_test_v1/burst/seed_01.json
PPO,BURST,1,NORMAL,0.25,0.0,0.18,100,/Users/lab4099/Desktop/Mujoco/work/results/stage19_mixed_recovery/locked_test_v1/burst/seed_01.json
PPO,BURST,1,NORMAL,0.275,0.0,0.52,100,/Users/lab4099/Desktop/Mujoco/work/results/stage19_mixed_recovery/locked_test_v1/burst/seed_01.json
PPO,BURST,1,NORMAL,0.30000000000000004,0.0,0.24,100,/Users/lab4099/Desktop/Mujoco/work/results/stage19_mixed_recovery/locked_test_v1/burst/seed_01.json
PPO,BURST,1,NORMAL,0.325,0.0,0.56,100,/Users/lab4099/Desktop/Mujoco/work/results/stage19_mixed_recovery/locked_test_v1/burst/seed_01.json
PPO,BURST,1,NORMAL,0.35000000000000003,0.0,0.28,100,/Users/lab4099/Desktop/Mujoco/work/results/stage19_mixed_recovery/locked_test_v1/burst/seed_01.json
PPO,BURST,1,NORMAL,0.375,0.0,0.61,100,/Users/lab4099/Desktop/Mujoco/work/results/stage19_mixed_recovery/locked_test_v1/burst/seed_01.json
PPO,BURST,1,NORMAL,0.4,0.0,0.35,100,/Users/lab4099/Desktop/Mujoco/work/results/stage19_mixed_recovery/locked_test_v1/burst/seed_01.json
PPO,BURST,1,NORMAL,0.42500000000000004,0.0,0.54,100,/Users/lab4099/Desktop/Mujoco/work/results/stage19_mixed_recovery/locked_test_v1/burst/seed_01.json
PPO,BURST,1,NORMAL,0.45,0.0,0.3,100,/Users/lab4099/Desktop/Mujoco/work/results/stage19_mixed_recovery/locked_test_v1/burst/seed_01.json
PPO,BURST,1,NORMAL,0.47500000000000003,0.0,0.68,100,/Users/lab4099/Desktop/Mujoco/work/results/stage19_mixed_recovery/locked_test_v1/burst/seed_01.json
PPO,BURST,1,NORMAL,0.5,0.0,0.43,100,/Users/lab4099/Desktop/Mujoco/work/results/stage19_mixed_recovery/locked_test_v1/burst/seed_01.json
PPO,BURST,1,NORMAL,0.525,0.0,0.65,100,/Users/lab4099/Desktop/Mujoco/work/results/stage19_mixed_recovery/locked_test_v1/burst/seed_01.json
PPO,BURST,1,NORMAL,0.55,0.0,0.52,100,/Users/lab4099/Desktop/Mujoco/work/results/stage19_mixed_recovery/locked_test_v1/burst/seed_01.json
PPO,BURST,1,NORMAL,0.5750000000000001,0.0,0.58,100,/Users/lab4099/Desktop/Mujoco/work/results/stage19_mixed_recovery/locked_test_v1/burst/seed_01.json
PPO,BURST,1,NORMAL,0.6000000000000001,0.0,0.49,100,/Users/lab4099/Desktop/Mujoco/work/results/stage19_mixed_recovery/locked_test_v1/burst/seed_01.json
PPO,BURST,1,NORMAL,0.625,0.0,0.54,100,/Users/lab4099/Desktop/Mujoco/work/results/stage19_mixed_recovery/locked_test_v1/burst/seed_01.json
PPO,BURST,1,NORMAL,0.65,0.0,0.37,100,/Users/lab4099/Desktop/Mujoco/work/results/stage19_mixed_recovery/locked_test_v1/burst/seed_01.json
PPO,BURST,1,NORMAL,0.675,0.0,0.33,100,/Users/lab4099/Desktop/Mujoco/work/results/stage19_mixed_recovery/locked_test_v1/burst/seed_01.json
PPO,BURST,1,NORMAL,0.7000000000000001,0.0,0.42,100,/Users/lab4099/Desktop/Mujoco/work/results/stage19_mixed_recovery/locked_test_v1/burst/seed_01.json
PPO,BURST,1,NORMAL,0.7250000000000001,0.0,0.3,100,/Users/lab4099/Desktop/Mujoco/work/results/stage19_mixed_recovery/locked_test_v1/burst/seed_01.json
PPO,BURST,1,NORMAL,0.75,0.0,0.51,100,/Users/lab4099/Desktop/Mujoco/work/results/stage19_mixed_recovery/locked_test_v1/burst/seed_01.json
PPO,BURST,1,NORMAL,0.775,0.0,0.33,100,/Users/lab4099/Desktop/Mujoco/work/results/stage19_mixed_recovery/locked_test_v1/burst/seed_01.json
PPO,BURST,1,NORMAL,0.8,0.0,0.54,100,/Users/lab4099/Desktop/Mujoco/work/results/stage19_mixed_recovery/locked_test_v1/burst/seed_01.json
PPO,BURST,1,NORMAL,0.8250000000000001,0.0,0.22,100,/Users/lab4099/Desktop/Mujoco/work/results/stage19_mixed_recovery/locked_test_v1/burst/seed_01.json
PPO,BURST,1,NORMAL,0.8500000000000001,0.0,0.49,100,/Users/lab4099/Desktop/Mujoco/work/results/stage19_mixed_recovery/locked_test_v1/burst/seed_01.json
PPO,BURST,1,NORMAL,0.875,0.0,0.25,100,/Users/lab4099/Desktop/Mujoco/work/results/stage19_mixed_recovery/locked_test_v1/burst/seed_01.json
PPO,BURST,1,NORMAL,0.9,0.0,0.52,100,/Users/lab4099/Desktop/Mujoco/work/results/stage19_mixed_recovery/locked_test_v1/burst/seed_01.json
PPO,BURST,1,NORMAL,0.925,0.0,0.34,100,/Users/lab4099/Desktop/Mujoco/work/results/stage19_mixed_recovery/locked_test_v1/burst/seed_01.json
PPO,BURST,1,NORMAL,0.9500000000000001,0.0,0.62,100,/Users/lab4099/Desktop/Mujoco/work/results/stage19_mixed_recovery/locked_test_v1/burst/seed_01.json
PPO,BURST,1,NORMAL,0.9750000000000001,0.0,0.35,100,/Users/lab4099/Desktop/Mujoco/work/results/stage19_mixed_recovery/locked_test_v1/burst/seed_01.json
PPO,BURST,1,NORMAL,1.0,0.3,1.31,100,/Users/lab4099/Desktop/Mujoco/work/results/stage19_mixed_recovery/locked_test_v1/burst/seed_01.json
PPO,BURST,1,DENSE,0.0,0.3,1.31,100,/Users/lab4099/Desktop/Mujoco/work/results/stage19_mixed_recovery/locked_test_v1/burst/seed_01.json
PPO,BURST,1,DENSE,0.025,0.29,0.99,100,/Users/lab4099/Desktop/Mujoco/work/results/stage19_mixed_recovery/locked_test_v1/burst/seed_01.json
PPO,BURST,1,DENSE,0.05,0.56,1.04,100,/Users/lab4099/Desktop/Mujoco/work/results/stage19_mixed_recovery/locked_test_v1/burst/seed_01.json
PPO,BURST,1,DENSE,0.07500000000000001,0.85,1.2,100,/Users/lab4099/Desktop/Mujoco/work/results/stage19_mixed_recovery/locked_test_v1/burst/seed_01.json
PPO,BURST,1,DENSE,0.1,1.03,1.19,100,/Users/lab4099/Desktop/Mujoco/work/results/stage19_mixed_recovery/locked_test_v1/burst/seed_01.json
PPO,BURST,1,DENSE,0.125,1.46,1.33,100,/Users/lab4099/Desktop/Mujoco/work/results/stage19_mixed_recovery/locked_test_v1/burst/seed_01.json
PPO,BURST,1,DENSE,0.15000000000000002,1.47,1.27,100,/Users/lab4099/Desktop/Mujoco/work/results/stage19_mixed_recovery/locked_test_v1/burst/seed_01.json
PPO,BURST,1,DENSE,0.17500000000000002,1.52,1.35,100,/Users/lab4099/Desktop/Mujoco/work/results/stage19_mixed_recovery/locked_test_v1/burst/seed_01.json
PPO,BURST,1,DENSE,0.2,1.57,1.29,100,/Users/lab4099/Desktop/Mujoco/work/results/stage19_mixed_recovery/locked_test_v1/burst/seed_01.json
PPO,BURST,1,DENSE,0.225,1.67,1.38,100,/Users/lab4099/Desktop/Mujoco/work/results/stage19_mixed_recovery/locked_test_v1/burst/seed_01.json
PPO,BURST,1,DENSE,0.25,1.58,1.43,100,/Users/lab4099/Desktop/Mujoco/work/results/stage19_mixed_recovery/locked_test_v1/burst/seed_01.json
PPO,BURST,1,DENSE,0.275,1.83,1.5,100,/Users/lab4099/Desktop/Mujoco/work/results/stage19_mixed_recovery/locked_test_v1/burst/seed_01.json
PPO,BURST,1,DENSE,0.30000000000000004,1.9,1.52,100,/Users/lab4099/Desktop/Mujoco/work/results/stage19_mixed_recovery/locked_test_v1/burst/seed_01.json
PPO,BURST,1,DENSE,0.325,2.05,1.52,100,/Users/lab4099/Desktop/Mujoco/work/results/stage19_mixed_recovery/locked_test_v1/burst/seed_01.json
PPO,BURST,1,DENSE,0.35000000000000003,2.21,1.55,100,/Users/lab4099/Desktop/Mujoco/work/results/stage19_mixed_recovery/locked_test_v1/burst/seed_01.json
PPO,BURST,1,DENSE,0.375,2.28,1.59,100,/Users/lab4099/Desktop/Mujoco/work/results/stage19_mixed_recovery/locked_test_v1/burst/seed_01.json
PPO,BURST,1,DENSE,0.4,2.33,1.64,100,/Users/lab4099/Desktop/Mujoco/work/results/stage19_mixed_recovery/locked_test_v1/burst/seed_01.json
PPO,BURST,1,DENSE,0.42500000000000004,2.41,1.66,100,/Users/lab4099/Desktop/Mujoco/work/results/stage19_mixed_recovery/locked_test_v1/burst/seed_01.json
PPO,BURST,1,DENSE,0.45,2.33,1.61,100,/Users/lab4099/Desktop/Mujoco/work/results/stage19_mixed_recovery/locked_test_v1/burst/seed_01.json
PPO,BURST,1,DENSE,0.47500000000000003,2.38,1.73,100,/Users/lab4099/Desktop/Mujoco/work/results/stage19_mixed_recovery/locked_test_v1/burst/seed_01.json
PPO,BURST,1,DENSE,0.5,2.58,1.71,100,/Users/lab4099/Desktop/Mujoco/work/results/stage19_mixed_recovery/locked_test_v1/burst/seed_01.json
PPO,BURST,1,DENSE,0.525,2.69,1.66,100,/Users/lab4099/Desktop/Mujoco/work/results/stage19_mixed_recovery/locked_test_v1/burst/seed_01.json
PPO,BURST,1,DENSE,0.55,2.87,1.72,100,/Users/lab4099/Desktop/Mujoco/work/results/stage19_mixed_recovery/locked_test_v1/burst/seed_01.json
PPO,BURST,1,DENSE,0.5750000000000001,2.83,1.7,100,/Users/lab4099/Desktop/Mujoco/work/results/stage19_mixed_recovery/locked_test_v1/burst/seed_01.json
PPO,BURST,1,DENSE,0.6000000000000001,3.05,1.67,100,/Users/lab4099/Desktop/Mujoco/work/results/stage19_mixed_recovery/locked_test_v1/burst/seed_01.json
PPO,BURST,1,DENSE,0.625,2.99,1.66,100,/Users/lab4099/Desktop/Mujoco/work/results/stage19_mixed_recovery/locked_test_v1/burst/seed_01.json
PPO,BURST,1,DENSE,0.65,3.1,1.73,100,/Users/lab4099/Desktop/Mujoco/work/results/stage19_mixed_recovery/locked_test_v1/burst/seed_01.json
PPO,BURST,1,DENSE,0.675,3.03,1.61,100,/Users/lab4099/Desktop/Mujoco/work/results/stage19_mixed_recovery/locked_test_v1/burst/seed_01.json
PPO,BURST,1,DENSE,0.7000000000000001,3.08,1.66,100,/Users/lab4099/Desktop/Mujoco/work/results/stage19_mixed_recovery/locked_test_v1/burst/seed_01.json
PPO,BURST,1,DENSE,0.7250000000000001,3.08,1.68,100,/Users/lab4099/Desktop/Mujoco/work/results/stage19_mixed_recovery/locked_test_v1/burst/seed_01.json
PPO,BURST,1,DENSE,0.75,3.23,1.77,100,/Users/lab4099/Desktop/Mujoco/work/results/stage19_mixed_recovery/locked_test_v1/burst/seed_01.json
PPO,BURST,1,DENSE,0.775,3.2,1.76,100,/Users/lab4099/Desktop/Mujoco/work/results/stage19_mixed_recovery/locked_test_v1/burst/seed_01.json
PPO,BURST,1,DENSE,0.8,3.46,1.77,100,/Users/lab4099/Desktop/Mujoco/work/results/stage19_mixed_recovery/locked_test_v1/burst/seed_01.json
PPO,BURST,1,DENSE,0.8250000000000001,3.38,1.75,100,/Users/lab4099/Desktop/Mujoco/work/results/stage19_mixed_recovery/locked_test_v1/burst/seed_01.json
PPO,BURST,1,DENSE,0.8500000000000001,3.61,1.7,100,/Users/lab4099/Desktop/Mujoco/work/results/stage19_mixed_recovery/locked_test_v1/burst/seed_01.json
PPO,BURST,1,DENSE,0.875,3.58,1.73,100,/Users/lab4099/Desktop/Mujoco/work/results/stage19_mixed_recovery/locked_test_v1/burst/seed_01.json
PPO,BURST,1,DENSE,0.9,3.65,1.89,100,/Users/lab4099/Desktop/Mujoco/work/results/stage19_mixed_recovery/locked_test_v1/burst/seed_01.json
PPO,BURST,1,DENSE,0.925,3.6,1.72,100,/Users/lab4099/Desktop/Mujoco/work/results/stage19_mixed_recovery/locked_test_v1/burst/seed_01.json
PPO,BURST,1,DENSE,0.9500000000000001,3.96,1.86,100,/Users/lab4099/Desktop/Mujoco/work/results/stage19_mixed_recovery/locked_test_v1/burst/seed_01.json
PPO,BURST,1,DENSE,0.9750000000000001,3.75,1.77,100,/Users/lab4099/Desktop/Mujoco/work/results/stage19_mixed_recovery/locked_test_v1/burst/seed_01.json
PPO,BURST,1,DENSE,1.0,5.11,2.03,100,/Users/lab4099/Desktop/Mujoco/work/results/stage19_mixed_recovery/locked_test_v1/burst/seed_01.json
PPO,BURST,1,BURST,0.0,5.11,2.03,100,/Users/lab4099/Desktop/Mujoco/work/results/stage19_mixed_recovery/locked_test_v1/burst/seed_01.json
PPO,BURST,1,BURST,0.025,6.12,2.11,100,/Users/lab4099/Desktop/Mujoco/work/results/stage19_mixed_recovery/locked_test_v1/burst/seed_01.json
PPO,BURST,1,BURST,0.05,7.38,2.28,100,/Users/lab4099/Desktop/Mujoco/work/results/stage19_mixed_recovery/locked_test_v1/burst/seed_01.json
PPO,BURST,1,BURST,0.07500000000000001,8.56,2.33,100,/Users/lab4099/Desktop/Mujoco/work/results/stage19_mixed_recovery/locked_test_v1/burst/seed_01.json
PPO,BURST,1,BURST,0.1,9.96,2.32,100,/Users/lab4099/Desktop/Mujoco/work/results/stage19_mixed_recovery/locked_test_v1/burst/seed_01.json
PPO,BURST,1,BURST,0.125,11.34,2.27,100,/Users/lab4099/Desktop/Mujoco/work/results/stage19_mixed_recovery/locked_test_v1/burst/seed_01.json
PPO,BURST,1,BURST,0.15000000000000002,12.77,2.16,100,/Users/lab4099/Desktop/Mujoco/work/results/stage19_mixed_recovery/locked_test_v1/burst/seed_01.json
PPO,BURST,1,BURST,0.17500000000000002,14.22,2.1,100,/Users/lab4099/Desktop/Mujoco/work/results/stage19_mixed_recovery/locked_test_v1/burst/seed_01.json
PPO,BURST,1,BURST,0.2,15.74,2.07,100,/Users/lab4099/Desktop/Mujoco/work/results/stage19_mixed_recovery/locked_test_v1/burst/seed_01.json
PPO,BURST,1,BURST,0.225,17.19,2.02,100,/Users/lab4099/Desktop/Mujoco/work/results/stage19_mixed_recovery/locked_test_v1/burst/seed_01.json
PPO,BURST,1,BURST,0.25,18.81,2.0,100,/Users/lab4099/Desktop/Mujoco/work/results/stage19_mixed_recovery/locked_test_v1/burst/seed_01.json
PPO,BURST,1,BURST,0.275,20.26,1.93,100,/Users/lab4099/Desktop/Mujoco/work/results/stage19_mixed_recovery/locked_test_v1/burst/seed_01.json
PPO,BURST,1,BURST,0.30000000000000004,21.59,1.94,100,/Users/lab4099/Desktop/Mujoco/work/results/stage19_mixed_recovery/locked_test_v1/burst/seed_01.json
PPO,BURST,1,BURST,0.325,21.92,1.94,100,/Users/lab4099/Desktop/Mujoco/work/results/stage19_mixed_recovery/locked_test_v1/burst/seed_01.json
PPO,BURST,1,BURST,0.35000000000000003,21.81,1.95,100,/Users/lab4099/Desktop/Mujoco/work/results/stage19_mixed_recovery/locked_test_v1/burst/seed_01.json
PPO,BURST,1,BURST,0.375,21.75,1.95,100,/Users/lab4099/Desktop/Mujoco/work/results/stage19_mixed_recovery/locked_test_v1/burst/seed_01.json
PPO,BURST,1,BURST,0.4,21.72,1.95,100,/Users/lab4099/Desktop/Mujoco/work/results/stage19_mixed_recovery/locked_test_v1/burst/seed_01.json
PPO,BURST,1,BURST,0.42500000000000004,21.6,1.94,100,/Users/lab4099/Desktop/Mujoco/work/results/stage19_mixed_recovery/locked_test_v1/burst/seed_01.json
PPO,BURST,1,BURST,0.45,21.54,1.96,100,/Users/lab4099/Desktop/Mujoco/work/results/stage19_mixed_recovery/locked_test_v1/burst/seed_01.json
PPO,BURST,1,BURST,0.47500000000000003,21.5,1.96,100,/Users/lab4099/Desktop/Mujoco/work/results/stage19_mixed_recovery/locked_test_v1/burst/seed_01.json
PPO,BURST,1,BURST,0.5,21.45,1.96,100,/Users/lab4099/Desktop/Mujoco/work/results/stage19_mixed_recovery/locked_test_v1/burst/seed_01.json
PPO,BURST,1,BURST,0.525,21.37,1.96,100,/Users/lab4099/Desktop/Mujoco/work/results/stage19_mixed_recovery/locked_test_v1/burst/seed_01.json
PPO,BURST,1,BURST,0.55,21.26,1.96,100,/Users/lab4099/Desktop/Mujoco/work/results/stage19_mixed_recovery/locked_test_v1/burst/seed_01.json
PPO,BURST,1,BURST,0.5750000000000001,21.18,1.96,100,/Users/lab4099/Desktop/Mujoco/work/results/stage19_mixed_recovery/locked_test_v1/burst/seed_01.json
PPO,BURST,1,BURST,0.6000000000000001,21.13,1.96,100,/Users/lab4099/Desktop/Mujoco/work/results/stage19_mixed_recovery/locked_test_v1/burst/seed_01.json
PPO,BURST,1,BURST,0.625,21.01,1.96,100,/Users/lab4099/Desktop/Mujoco/work/results/stage19_mixed_recovery/locked_test_v1/burst/seed_01.json
PPO,BURST,1,BURST,0.65,20.92,1.97,100,/Users/lab4099/Desktop/Mujoco/work/results/stage19_mixed_recovery/locked_test_v1/burst/seed_01.json
PPO,BURST,1,BURST,0.675,20.86,1.96,100,/Users/lab4099/Desktop/Mujoco/work/results/stage19_mixed_recovery/locked_test_v1/burst/seed_01.json
PPO,BURST,1,BURST,0.7000000000000001,20.72,1.96,100,/Users/lab4099/Desktop/Mujoco/work/results/stage19_mixed_recovery/locked_test_v1/burst/seed_01.json
PPO,BURST,1,BURST,0.7250000000000001,20.61,1.96,100,/Users/lab4099/Desktop/Mujoco/work/results/stage19_mixed_recovery/locked_test_v1/burst/seed_01.json
PPO,BURST,1,BURST,0.75,20.52,1.95,100,/Users/lab4099/Desktop/Mujoco/work/results/stage19_mixed_recovery/locked_test_v1/burst/seed_01.json
PPO,BURST,1,BURST,0.775,20.45,1.94,100,/Users/lab4099/Desktop/Mujoco/work/results/stage19_mixed_recovery/locked_test_v1/burst/seed_01.json
PPO,BURST,1,BURST,0.8,20.38,1.94,100,/Users/lab4099/Desktop/Mujoco/work/results/stage19_mixed_recovery/locked_test_v1/burst/seed_01.json
PPO,BURST,1,BURST,0.8250000000000001,20.3,1.95,100,/Users/lab4099/Desktop/Mujoco/work/results/stage19_mixed_recovery/locked_test_v1/burst/seed_01.json
PPO,BURST,1,BURST,0.8500000000000001,20.16,1.95,100,/Users/lab4099/Desktop/Mujoco/work/results/stage19_mixed_recovery/locked_test_v1/burst/seed_01.json
PPO,BURST,1,BURST,0.875,20.03,1.94,100,/Users/lab4099/Desktop/Mujoco/work/results/stage19_mixed_recovery/locked_test_v1/burst/seed_01.json
PPO,BURST,1,BURST,0.9,19.98,1.93,100,/Users/lab4099/Desktop/Mujoco/work/results/stage19_mixed_recovery/locked_test_v1/burst/seed_01.json
PPO,BURST,1,BURST,0.925,19.85,1.94,100,/Users/lab4099/Desktop/Mujoco/work/results/stage19_mixed_recovery/locked_test_v1/burst/seed_01.json
PPO,BURST,1,BURST,0.9500000000000001,19.77,1.94,100,/Users/lab4099/Desktop/Mujoco/work/results/stage19_mixed_recovery/locked_test_v1/burst/seed_01.json
PPO,BURST,1,BURST,0.9750000000000001,19.74,1.94,100,/Users/lab4099/Desktop/Mujoco/work/results/stage19_mixed_recovery/locked_test_v1/burst/seed_01.json
PPO,BURST,1,BURST,1.0,20.68,1.94,100,/Users/lab4099/Desktop/Mujoco/work/results/stage19_mixed_recovery/locked_test_v1/burst/seed_01.json
PPO,BURST,1,RECOVERY,0.0,20.68,1.94,100,/Users/lab4099/Desktop/Mujoco/work/results/stage19_mixed_recovery/locked_test_v1/burst/seed_01.json
PPO,BURST,1,RECOVERY,0.025,19.52,1.91,100,/Users/lab4099/Desktop/Mujoco/work/results/stage19_mixed_recovery/locked_test_v1/burst/seed_01.json
PPO,BURST,1,RECOVERY,0.05,18.59,1.99,100,/Users/lab4099/Desktop/Mujoco/work/results/stage19_mixed_recovery/locked_test_v1/burst/seed_01.json
PPO,BURST,1,RECOVERY,0.07500000000000001,17.93,2.01,100,/Users/lab4099/Desktop/Mujoco/work/results/stage19_mixed_recovery/locked_test_v1/burst/seed_01.json
PPO,BURST,1,RECOVERY,0.1,16.49,2.03,100,/Users/lab4099/Desktop/Mujoco/work/results/stage19_mixed_recovery/locked_test_v1/burst/seed_01.json
PPO,BURST,1,RECOVERY,0.125,14.91,2.03,100,/Users/lab4099/Desktop/Mujoco/work/results/stage19_mixed_recovery/locked_test_v1/burst/seed_01.json
PPO,BURST,1,RECOVERY,0.15000000000000002,12.72,2.14,100,/Users/lab4099/Desktop/Mujoco/work/results/stage19_mixed_recovery/locked_test_v1/burst/seed_01.json
PPO,BURST,1,RECOVERY,0.17500000000000002,10.73,2.07,100,/Users/lab4099/Desktop/Mujoco/work/results/stage19_mixed_recovery/locked_test_v1/burst/seed_01.json
PPO,BURST,1,RECOVERY,0.2,8.21,1.97,100,/Users/lab4099/Desktop/Mujoco/work/results/stage19_mixed_recovery/locked_test_v1/burst/seed_01.json
PPO,BURST,1,RECOVERY,0.225,6.48,1.83,100,/Users/lab4099/Desktop/Mujoco/work/results/stage19_mixed_recovery/locked_test_v1/burst/seed_01.json
PPO,BURST,1,RECOVERY,0.25,5.0,1.72,100,/Users/lab4099/Desktop/Mujoco/work/results/stage19_mixed_recovery/locked_test_v1/burst/seed_01.json
PPO,BURST,1,RECOVERY,0.275,3.99,1.51,100,/Users/lab4099/Desktop/Mujoco/work/results/stage19_mixed_recovery/locked_test_v1/burst/seed_01.json
PPO,BURST,1,RECOVERY,0.30000000000000004,3.13,1.45,100,/Users/lab4099/Desktop/Mujoco/work/results/stage19_mixed_recovery/locked_test_v1/burst/seed_01.json
PPO,BURST,1,RECOVERY,0.325,2.61,1.41,100,/Users/lab4099/Desktop/Mujoco/work/results/stage19_mixed_recovery/locked_test_v1/burst/seed_01.json
PPO,BURST,1,RECOVERY,0.35000000000000003,1.98,1.26,100,/Users/lab4099/Desktop/Mujoco/work/results/stage19_mixed_recovery/locked_test_v1/burst/seed_01.json
PPO,BURST,1,RECOVERY,0.375,1.75,1.21,100,/Users/lab4099/Desktop/Mujoco/work/results/stage19_mixed_recovery/locked_test_v1/burst/seed_01.json
PPO,BURST,1,RECOVERY,0.4,1.11,1.08,100,/Users/lab4099/Desktop/Mujoco/work/results/stage19_mixed_recovery/locked_test_v1/burst/seed_01.json
PPO,BURST,1,RECOVERY,0.42500000000000004,0.98,1.21,100,/Users/lab4099/Desktop/Mujoco/work/results/stage19_mixed_recovery/locked_test_v1/burst/seed_01.json
PPO,BURST,1,RECOVERY,0.45,0.59,1.04,100,/Users/lab4099/Desktop/Mujoco/work/results/stage19_mixed_recovery/locked_test_v1/burst/seed_01.json
PPO,BURST,1,RECOVERY,0.47500000000000003,0.55,0.95,100,/Users/lab4099/Desktop/Mujoco/work/results/stage19_mixed_recovery/locked_test_v1/burst/seed_01.json
PPO,BURST,1,RECOVERY,0.5,0.27,0.81,100,/Users/lab4099/Desktop/Mujoco/work/results/stage19_mixed_recovery/locked_test_v1/burst/seed_01.json
PPO,BURST,1,RECOVERY,0.525,0.25,0.64,100,/Users/lab4099/Desktop/Mujoco/work/results/stage19_mixed_recovery/locked_test_v1/burst/seed_01.json
PPO,BURST,1,RECOVERY,0.55,0.12,0.59,100,/Users/lab4099/Desktop/Mujoco/work/results/stage19_mixed_recovery/locked_test_v1/burst/seed_01.json
PPO,BURST,1,RECOVERY,0.5750000000000001,0.09,0.62,100,/Users/lab4099/Desktop/Mujoco/work/results/stage19_mixed_recovery/locked_test_v1/burst/seed_01.json
PPO,BURST,1,RECOVERY,0.6000000000000001,0.06,0.59,100,/Users/lab4099/Desktop/Mujoco/work/results/stage19_mixed_recovery/locked_test_v1/burst/seed_01.json
PPO,BURST,1,RECOVERY,0.625,0.03,0.43,100,/Users/lab4099/Desktop/Mujoco/work/results/stage19_mixed_recovery/locked_test_v1/burst/seed_01.json
PPO,BURST,1,RECOVERY,0.65,0.02,0.46,100,/Users/lab4099/Desktop/Mujoco/work/results/stage19_mixed_recovery/locked_test_v1/burst/seed_01.json
PPO,BURST,1,RECOVERY,0.675,0.01,0.54,100,/Users/lab4099/Desktop/Mujoco/work/results/stage19_mixed_recovery/locked_test_v1/burst/seed_01.json
PPO,BURST,1,RECOVERY,0.7000000000000001,0.0,0.52,100,/Users/lab4099/Desktop/Mujoco/work/results/stage19_mixed_recovery/locked_test_v1/burst/seed_01.json
PPO,BURST,1,RECOVERY,0.7250000000000001,0.0,0.49,100,/Users/lab4099/Desktop/Mujoco/work/results/stage19_mixed_recovery/locked_test_v1/burst/seed_01.json
PPO,BURST,1,RECOVERY,0.75,0.0,0.54,100,/Users/lab4099/Desktop/Mujoco/work/results/stage19_mixed_recovery/locked_test_v1/burst/seed_01.json
PPO,BURST,1,RECOVERY,0.775,0.0,0.39,100,/Users/lab4099/Desktop/Mujoco/work/results/stage19_mixed_recovery/locked_test_v1/burst/seed_01.json
PPO,BURST,1,RECOVERY,0.8,0.0,0.53,100,/Users/lab4099/Desktop/Mujoco/work/results/stage19_mixed_recovery/locked_test_v1/burst/seed_01.json
PPO,BURST,1,RECOVERY,0.8250000000000001,0.0,0.45,100,/Users/lab4099/Desktop/Mujoco/work/results/stage19_mixed_recovery/locked_test_v1/burst/seed_01.json
PPO,BURST,1,RECOVERY,0.8500000000000001,0.0,0.56,100,/Users/lab4099/Desktop/Mujoco/work/results/stage19_mixed_recovery/locked_test_v1/burst/seed_01.json
PPO,BURST,1,RECOVERY,0.875,0.0,0.48,100,/Users/lab4099/Desktop/Mujoco/work/results/stage19_mixed_recovery/locked_test_v1/burst/seed_01.json
PPO,BURST,1,RECOVERY,0.9,0.01,0.58,100,/Users/lab4099/Desktop/Mujoco/work/results/stage19_mixed_recovery/locked_test_v1/burst/seed_01.json
PPO,BURST,1,RECOVERY,0.925,0.0,0.46,100,/Users/lab4099/Desktop/Mujoco/work/results/stage19_mixed_recovery/locked_test_v1/burst/seed_01.json
PPO,BURST,1,RECOVERY,0.9500000000000001,0.01,0.53,100,/Users/lab4099/Desktop/Mujoco/work/results/stage19_mixed_recovery/locked_test_v1/burst/seed_01.json
PPO,BURST,1,RECOVERY,0.9750000000000001,0.0,0.77,100,/Users/lab4099/Desktop/Mujoco/work/results/stage19_mixed_recovery/locked_test_v1/burst/seed_01.json
PPO,BURST,1,RECOVERY,1.0,0.0,0.0,100,/Users/lab4099/Desktop/Mujoco/work/results/stage19_mixed_recovery/locked_test_v1/burst/seed_01.json
PPO,BURST,2,NORMAL,0.0,0.0,1.0,100,/Users/lab4099/Desktop/Mujoco/work/results/stage19_mixed_recovery/locked_test_v1/burst/seed_02.json
PPO,BURST,2,NORMAL,0.025,0.0,0.27,100,/Users/lab4099/Desktop/Mujoco/work/results/stage19_mixed_recovery/locked_test_v1/burst/seed_02.json
PPO,BURST,2,NORMAL,0.05,0.0,0.37,100,/Users/lab4099/Desktop/Mujoco/work/results/stage19_mixed_recovery/locked_test_v1/burst/seed_02.json
PPO,BURST,2,NORMAL,0.07500000000000001,0.0,0.31,100,/Users/lab4099/Desktop/Mujoco/work/results/stage19_mixed_recovery/locked_test_v1/burst/seed_02.json
PPO,BURST,2,NORMAL,0.1,0.0,0.28,100,/Users/lab4099/Desktop/Mujoco/work/results/stage19_mixed_recovery/locked_test_v1/burst/seed_02.json
PPO,BURST,2,NORMAL,0.125,0.0,0.51,100,/Users/lab4099/Desktop/Mujoco/work/results/stage19_mixed_recovery/locked_test_v1/burst/seed_02.json
PPO,BURST,2,NORMAL,0.15000000000000002,0.0,0.26,100,/Users/lab4099/Desktop/Mujoco/work/results/stage19_mixed_recovery/locked_test_v1/burst/seed_02.json
PPO,BURST,2,NORMAL,0.17500000000000002,0.0,0.45,100,/Users/lab4099/Desktop/Mujoco/work/results/stage19_mixed_recovery/locked_test_v1/burst/seed_02.json
PPO,BURST,2,NORMAL,0.2,0.0,0.22,100,/Users/lab4099/Desktop/Mujoco/work/results/stage19_mixed_recovery/locked_test_v1/burst/seed_02.json
PPO,BURST,2,NORMAL,0.225,0.0,0.56,100,/Users/lab4099/Desktop/Mujoco/work/results/stage19_mixed_recovery/locked_test_v1/burst/seed_02.json
PPO,BURST,2,NORMAL,0.25,0.0,0.18,100,/Users/lab4099/Desktop/Mujoco/work/results/stage19_mixed_recovery/locked_test_v1/burst/seed_02.json
PPO,BURST,2,NORMAL,0.275,0.0,0.51,100,/Users/lab4099/Desktop/Mujoco/work/results/stage19_mixed_recovery/locked_test_v1/burst/seed_02.json
PPO,BURST,2,NORMAL,0.30000000000000004,0.0,0.24,100,/Users/lab4099/Desktop/Mujoco/work/results/stage19_mixed_recovery/locked_test_v1/burst/seed_02.json
PPO,BURST,2,NORMAL,0.325,0.0,0.56,100,/Users/lab4099/Desktop/Mujoco/work/results/stage19_mixed_recovery/locked_test_v1/burst/seed_02.json
PPO,BURST,2,NORMAL,0.35000000000000003,0.0,0.3,100,/Users/lab4099/Desktop/Mujoco/work/results/stage19_mixed_recovery/locked_test_v1/burst/seed_02.json
PPO,BURST,2,NORMAL,0.375,0.0,0.61,100,/Users/lab4099/Desktop/Mujoco/work/results/stage19_mixed_recovery/locked_test_v1/burst/seed_02.json
PPO,BURST,2,NORMAL,0.4,0.0,0.35,100,/Users/lab4099/Desktop/Mujoco/work/results/stage19_mixed_recovery/locked_test_v1/burst/seed_02.json
PPO,BURST,2,NORMAL,0.42500000000000004,0.0,0.55,100,/Users/lab4099/Desktop/Mujoco/work/results/stage19_mixed_recovery/locked_test_v1/burst/seed_02.json
PPO,BURST,2,NORMAL,0.45,0.0,0.28,100,/Users/lab4099/Desktop/Mujoco/work/results/stage19_mixed_recovery/locked_test_v1/burst/seed_02.json
PPO,BURST,2,NORMAL,0.47500000000000003,0.0,0.68,100,/Users/lab4099/Desktop/Mujoco/work/results/stage19_mixed_recovery/locked_test_v1/burst/seed_02.json
PPO,BURST,2,NORMAL,0.5,0.0,0.43,100,/Users/lab4099/Desktop/Mujoco/work/results/stage19_mixed_recovery/locked_test_v1/burst/seed_02.json
PPO,BURST,2,NORMAL,0.525,0.0,0.65,100,/Users/lab4099/Desktop/Mujoco/work/results/stage19_mixed_recovery/locked_test_v1/burst/seed_02.json
PPO,BURST,2,NORMAL,0.55,0.0,0.52,100,/Users/lab4099/Desktop/Mujoco/work/results/stage19_mixed_recovery/locked_test_v1/burst/seed_02.json
PPO,BURST,2,NORMAL,0.5750000000000001,0.0,0.58,100,/Users/lab4099/Desktop/Mujoco/work/results/stage19_mixed_recovery/locked_test_v1/burst/seed_02.json
PPO,BURST,2,NORMAL,0.6000000000000001,0.0,0.5,100,/Users/lab4099/Desktop/Mujoco/work/results/stage19_mixed_recovery/locked_test_v1/burst/seed_02.json
PPO,BURST,2,NORMAL,0.625,0.0,0.52,100,/Users/lab4099/Desktop/Mujoco/work/results/stage19_mixed_recovery/locked_test_v1/burst/seed_02.json
PPO,BURST,2,NORMAL,0.65,0.0,0.38,100,/Users/lab4099/Desktop/Mujoco/work/results/stage19_mixed_recovery/locked_test_v1/burst/seed_02.json
PPO,BURST,2,NORMAL,0.675,0.0,0.32,100,/Users/lab4099/Desktop/Mujoco/work/results/stage19_mixed_recovery/locked_test_v1/burst/seed_02.json
PPO,BURST,2,NORMAL,0.7000000000000001,0.0,0.41,100,/Users/lab4099/Desktop/Mujoco/work/results/stage19_mixed_recovery/locked_test_v1/burst/seed_02.json
PPO,BURST,2,NORMAL,0.7250000000000001,0.0,0.31,100,/Users/lab4099/Desktop/Mujoco/work/results/stage19_mixed_recovery/locked_test_v1/burst/seed_02.json
PPO,BURST,2,NORMAL,0.75,0.0,0.51,100,/Users/lab4099/Desktop/Mujoco/work/results/stage19_mixed_recovery/locked_test_v1/burst/seed_02.json
PPO,BURST,2,NORMAL,0.775,0.0,0.32,100,/Users/lab4099/Desktop/Mujoco/work/results/stage19_mixed_recovery/locked_test_v1/burst/seed_02.json
PPO,BURST,2,NORMAL,0.8,0.0,0.54,100,/Users/lab4099/Desktop/Mujoco/work/results/stage19_mixed_recovery/locked_test_v1/burst/seed_02.json
PPO,BURST,2,NORMAL,0.8250000000000001,0.0,0.24,100,/Users/lab4099/Desktop/Mujoco/work/results/stage19_mixed_recovery/locked_test_v1/burst/seed_02.json
PPO,BURST,2,NORMAL,0.8500000000000001,0.0,0.5,100,/Users/lab4099/Desktop/Mujoco/work/results/stage19_mixed_recovery/locked_test_v1/burst/seed_02.json
PPO,BURST,2,NORMAL,0.875,0.0,0.22,100,/Users/lab4099/Desktop/Mujoco/work/results/stage19_mixed_recovery/locked_test_v1/burst/seed_02.json
PPO,BURST,2,NORMAL,0.9,0.0,0.52,100,/Users/lab4099/Desktop/Mujoco/work/results/stage19_mixed_recovery/locked_test_v1/burst/seed_02.json
PPO,BURST,2,NORMAL,0.925,0.0,0.28,100,/Users/lab4099/Desktop/Mujoco/work/results/stage19_mixed_recovery/locked_test_v1/burst/seed_02.json
PPO,BURST,2,NORMAL,0.9500000000000001,0.0,0.61,100,/Users/lab4099/Desktop/Mujoco/work/results/stage19_mixed_recovery/locked_test_v1/burst/seed_02.json
PPO,BURST,2,NORMAL,0.9750000000000001,0.0,0.33,100,/Users/lab4099/Desktop/Mujoco/work/results/stage19_mixed_recovery/locked_test_v1/burst/seed_02.json
PPO,BURST,2,NORMAL,1.0,0.3,1.31,100,/Users/lab4099/Desktop/Mujoco/work/results/stage19_mixed_recovery/locked_test_v1/burst/seed_02.json
PPO,BURST,2,DENSE,0.0,0.3,1.31,100,/Users/lab4099/Desktop/Mujoco/work/results/stage19_mixed_recovery/locked_test_v1/burst/seed_02.json
PPO,BURST,2,DENSE,0.025,0.29,1.05,100,/Users/lab4099/Desktop/Mujoco/work/results/stage19_mixed_recovery/locked_test_v1/burst/seed_02.json
PPO,BURST,2,DENSE,0.05,0.56,1.04,100,/Users/lab4099/Desktop/Mujoco/work/results/stage19_mixed_recovery/locked_test_v1/burst/seed_02.json
PPO,BURST,2,DENSE,0.07500000000000001,0.85,1.22,100,/Users/lab4099/Desktop/Mujoco/work/results/stage19_mixed_recovery/locked_test_v1/burst/seed_02.json
PPO,BURST,2,DENSE,0.1,1.03,1.2,100,/Users/lab4099/Desktop/Mujoco/work/results/stage19_mixed_recovery/locked_test_v1/burst/seed_02.json
PPO,BURST,2,DENSE,0.125,1.46,1.34,100,/Users/lab4099/Desktop/Mujoco/work/results/stage19_mixed_recovery/locked_test_v1/burst/seed_02.json
PPO,BURST,2,DENSE,0.15000000000000002,1.46,1.26,100,/Users/lab4099/Desktop/Mujoco/work/results/stage19_mixed_recovery/locked_test_v1/burst/seed_02.json
PPO,BURST,2,DENSE,0.17500000000000002,1.49,1.36,100,/Users/lab4099/Desktop/Mujoco/work/results/stage19_mixed_recovery/locked_test_v1/burst/seed_02.json
PPO,BURST,2,DENSE,0.2,1.46,1.33,100,/Users/lab4099/Desktop/Mujoco/work/results/stage19_mixed_recovery/locked_test_v1/burst/seed_02.json
PPO,BURST,2,DENSE,0.225,1.53,1.37,100,/Users/lab4099/Desktop/Mujoco/work/results/stage19_mixed_recovery/locked_test_v1/burst/seed_02.json
PPO,BURST,2,DENSE,0.25,1.5,1.42,100,/Users/lab4099/Desktop/Mujoco/work/results/stage19_mixed_recovery/locked_test_v1/burst/seed_02.json
PPO,BURST,2,DENSE,0.275,1.74,1.52,100,/Users/lab4099/Desktop/Mujoco/work/results/stage19_mixed_recovery/locked_test_v1/burst/seed_02.json
PPO,BURST,2,DENSE,0.30000000000000004,1.83,1.53,100,/Users/lab4099/Desktop/Mujoco/work/results/stage19_mixed_recovery/locked_test_v1/burst/seed_02.json
PPO,BURST,2,DENSE,0.325,1.99,1.48,100,/Users/lab4099/Desktop/Mujoco/work/results/stage19_mixed_recovery/locked_test_v1/burst/seed_02.json
PPO,BURST,2,DENSE,0.35000000000000003,2.09,1.52,100,/Users/lab4099/Desktop/Mujoco/work/results/stage19_mixed_recovery/locked_test_v1/burst/seed_02.json
PPO,BURST,2,DENSE,0.375,2.13,1.59,100,/Users/lab4099/Desktop/Mujoco/work/results/stage19_mixed_recovery/locked_test_v1/burst/seed_02.json
PPO,BURST,2,DENSE,0.4,2.19,1.63,100,/Users/lab4099/Desktop/Mujoco/work/results/stage19_mixed_recovery/locked_test_v1/burst/seed_02.json
PPO,BURST,2,DENSE,0.42500000000000004,2.22,1.66,100,/Users/lab4099/Desktop/Mujoco/work/results/stage19_mixed_recovery/locked_test_v1/burst/seed_02.json
PPO,BURST,2,DENSE,0.45,2.24,1.62,100,/Users/lab4099/Desktop/Mujoco/work/results/stage19_mixed_recovery/locked_test_v1/burst/seed_02.json
PPO,BURST,2,DENSE,0.47500000000000003,2.27,1.72,100,/Users/lab4099/Desktop/Mujoco/work/results/stage19_mixed_recovery/locked_test_v1/burst/seed_02.json
PPO,BURST,2,DENSE,0.5,2.42,1.64,100,/Users/lab4099/Desktop/Mujoco/work/results/stage19_mixed_recovery/locked_test_v1/burst/seed_02.json
PPO,BURST,2,DENSE,0.525,2.52,1.63,100,/Users/lab4099/Desktop/Mujoco/work/results/stage19_mixed_recovery/locked_test_v1/burst/seed_02.json
PPO,BURST,2,DENSE,0.55,2.71,1.69,100,/Users/lab4099/Desktop/Mujoco/work/results/stage19_mixed_recovery/locked_test_v1/burst/seed_02.json
PPO,BURST,2,DENSE,0.5750000000000001,2.73,1.7,100,/Users/lab4099/Desktop/Mujoco/work/results/stage19_mixed_recovery/locked_test_v1/burst/seed_02.json
PPO,BURST,2,DENSE,0.6000000000000001,2.92,1.64,100,/Users/lab4099/Desktop/Mujoco/work/results/stage19_mixed_recovery/locked_test_v1/burst/seed_02.json
PPO,BURST,2,DENSE,0.625,2.89,1.62,100,/Users/lab4099/Desktop/Mujoco/work/results/stage19_mixed_recovery/locked_test_v1/burst/seed_02.json
PPO,BURST,2,DENSE,0.65,3.02,1.69,100,/Users/lab4099/Desktop/Mujoco/work/results/stage19_mixed_recovery/locked_test_v1/burst/seed_02.json
PPO,BURST,2,DENSE,0.675,2.94,1.64,100,/Users/lab4099/Desktop/Mujoco/work/results/stage19_mixed_recovery/locked_test_v1/burst/seed_02.json
PPO,BURST,2,DENSE,0.7000000000000001,2.98,1.69,100,/Users/lab4099/Desktop/Mujoco/work/results/stage19_mixed_recovery/locked_test_v1/burst/seed_02.json
PPO,BURST,2,DENSE,0.7250000000000001,2.96,1.7,100,/Users/lab4099/Desktop/Mujoco/work/results/stage19_mixed_recovery/locked_test_v1/burst/seed_02.json
PPO,BURST,2,DENSE,0.75,3.15,1.75,100,/Users/lab4099/Desktop/Mujoco/work/results/stage19_mixed_recovery/locked_test_v1/burst/seed_02.json
PPO,BURST,2,DENSE,0.775,3.17,1.72,100,/Users/lab4099/Desktop/Mujoco/work/results/stage19_mixed_recovery/locked_test_v1/burst/seed_02.json
PPO,BURST,2,DENSE,0.8,3.43,1.77,100,/Users/lab4099/Desktop/Mujoco/work/results/stage19_mixed_recovery/locked_test_v1/burst/seed_02.json
PPO,BURST,2,DENSE,0.8250000000000001,3.26,1.71,100,/Users/lab4099/Desktop/Mujoco/work/results/stage19_mixed_recovery/locked_test_v1/burst/seed_02.json
PPO,BURST,2,DENSE,0.8500000000000001,3.42,1.72,100,/Users/lab4099/Desktop/Mujoco/work/results/stage19_mixed_recovery/locked_test_v1/burst/seed_02.json
PPO,BURST,2,DENSE,0.875,3.51,1.67,100,/Users/lab4099/Desktop/Mujoco/work/results/stage19_mixed_recovery/locked_test_v1/burst/seed_02.json
PPO,BURST,2,DENSE,0.9,3.52,1.9,100,/Users/lab4099/Desktop/Mujoco/work/results/stage19_mixed_recovery/locked_test_v1/burst/seed_02.json
PPO,BURST,2,DENSE,0.925,3.37,1.77,100,/Users/lab4099/Desktop/Mujoco/work/results/stage19_mixed_recovery/locked_test_v1/burst/seed_02.json
PPO,BURST,2,DENSE,0.9500000000000001,3.71,1.88,100,/Users/lab4099/Desktop/Mujoco/work/results/stage19_mixed_recovery/locked_test_v1/burst/seed_02.json
PPO,BURST,2,DENSE,0.9750000000000001,3.51,1.8,100,/Users/lab4099/Desktop/Mujoco/work/results/stage19_mixed_recovery/locked_test_v1/burst/seed_02.json
PPO,BURST,2,DENSE,1.0,4.96,1.98,100,/Users/lab4099/Desktop/Mujoco/work/results/stage19_mixed_recovery/locked_test_v1/burst/seed_02.json
PPO,BURST,2,BURST,0.0,4.96,1.98,100,/Users/lab4099/Desktop/Mujoco/work/results/stage19_mixed_recovery/locked_test_v1/burst/seed_02.json
PPO,BURST,2,BURST,0.025,5.89,2.21,100,/Users/lab4099/Desktop/Mujoco/work/results/stage19_mixed_recovery/locked_test_v1/burst/seed_02.json
PPO,BURST,2,BURST,0.05,7.18,2.35,100,/Users/lab4099/Desktop/Mujoco/work/results/stage19_mixed_recovery/locked_test_v1/burst/seed_02.json
PPO,BURST,2,BURST,0.07500000000000001,8.41,2.33,100,/Users/lab4099/Desktop/Mujoco/work/results/stage19_mixed_recovery/locked_test_v1/burst/seed_02.json
PPO,BURST,2,BURST,0.1,9.81,2.38,100,/Users/lab4099/Desktop/Mujoco/work/results/stage19_mixed_recovery/locked_test_v1/burst/seed_02.json
PPO,BURST,2,BURST,0.125,11.17,2.29,100,/Users/lab4099/Desktop/Mujoco/work/results/stage19_mixed_recovery/locked_test_v1/burst/seed_02.json
PPO,BURST,2,BURST,0.15000000000000002,12.58,2.24,100,/Users/lab4099/Desktop/Mujoco/work/results/stage19_mixed_recovery/locked_test_v1/burst/seed_02.json
PPO,BURST,2,BURST,0.17500000000000002,14.02,2.15,100,/Users/lab4099/Desktop/Mujoco/work/results/stage19_mixed_recovery/locked_test_v1/burst/seed_02.json
PPO,BURST,2,BURST,0.2,15.54,2.08,100,/Users/lab4099/Desktop/Mujoco/work/results/stage19_mixed_recovery/locked_test_v1/burst/seed_02.json
PPO,BURST,2,BURST,0.225,16.97,2.05,100,/Users/lab4099/Desktop/Mujoco/work/results/stage19_mixed_recovery/locked_test_v1/burst/seed_02.json
PPO,BURST,2,BURST,0.25,18.55,2.01,100,/Users/lab4099/Desktop/Mujoco/work/results/stage19_mixed_recovery/locked_test_v1/burst/seed_02.json
PPO,BURST,2,BURST,0.275,20.03,1.98,100,/Users/lab4099/Desktop/Mujoco/work/results/stage19_mixed_recovery/locked_test_v1/burst/seed_02.json
PPO,BURST,2,BURST,0.30000000000000004,21.36,1.99,100,/Users/lab4099/Desktop/Mujoco/work/results/stage19_mixed_recovery/locked_test_v1/burst/seed_02.json
PPO,BURST,2,BURST,0.325,21.68,1.98,100,/Users/lab4099/Desktop/Mujoco/work/results/stage19_mixed_recovery/locked_test_v1/burst/seed_02.json
PPO,BURST,2,BURST,0.35000000000000003,21.64,1.98,100,/Users/lab4099/Desktop/Mujoco/work/results/stage19_mixed_recovery/locked_test_v1/burst/seed_02.json
PPO,BURST,2,BURST,0.375,21.55,1.97,100,/Users/lab4099/Desktop/Mujoco/work/results/stage19_mixed_recovery/locked_test_v1/burst/seed_02.json
PPO,BURST,2,BURST,0.4,21.43,1.97,100,/Users/lab4099/Desktop/Mujoco/work/results/stage19_mixed_recovery/locked_test_v1/burst/seed_02.json
PPO,BURST,2,BURST,0.42500000000000004,21.37,1.95,100,/Users/lab4099/Desktop/Mujoco/work/results/stage19_mixed_recovery/locked_test_v1/burst/seed_02.json
PPO,BURST,2,BURST,0.45,21.31,1.97,100,/Users/lab4099/Desktop/Mujoco/work/results/stage19_mixed_recovery/locked_test_v1/burst/seed_02.json
PPO,BURST,2,BURST,0.47500000000000003,21.25,1.97,100,/Users/lab4099/Desktop/Mujoco/work/results/stage19_mixed_recovery/locked_test_v1/burst/seed_02.json
PPO,BURST,2,BURST,0.5,21.22,1.97,100,/Users/lab4099/Desktop/Mujoco/work/results/stage19_mixed_recovery/locked_test_v1/burst/seed_02.json
PPO,BURST,2,BURST,0.525,21.13,1.95,100,/Users/lab4099/Desktop/Mujoco/work/results/stage19_mixed_recovery/locked_test_v1/burst/seed_02.json
PPO,BURST,2,BURST,0.55,21.06,1.95,100,/Users/lab4099/Desktop/Mujoco/work/results/stage19_mixed_recovery/locked_test_v1/burst/seed_02.json
PPO,BURST,2,BURST,0.5750000000000001,20.96,1.96,100,/Users/lab4099/Desktop/Mujoco/work/results/stage19_mixed_recovery/locked_test_v1/burst/seed_02.json
PPO,BURST,2,BURST,0.6000000000000001,20.87,1.97,100,/Users/lab4099/Desktop/Mujoco/work/results/stage19_mixed_recovery/locked_test_v1/burst/seed_02.json
PPO,BURST,2,BURST,0.625,20.74,1.96,100,/Users/lab4099/Desktop/Mujoco/work/results/stage19_mixed_recovery/locked_test_v1/burst/seed_02.json
PPO,BURST,2,BURST,0.65,20.66,1.96,100,/Users/lab4099/Desktop/Mujoco/work/results/stage19_mixed_recovery/locked_test_v1/burst/seed_02.json
PPO,BURST,2,BURST,0.675,20.55,1.95,100,/Users/lab4099/Desktop/Mujoco/work/results/stage19_mixed_recovery/locked_test_v1/burst/seed_02.json
PPO,BURST,2,BURST,0.7000000000000001,20.47,1.94,100,/Users/lab4099/Desktop/Mujoco/work/results/stage19_mixed_recovery/locked_test_v1/burst/seed_02.json
PPO,BURST,2,BURST,0.7250000000000001,20.43,1.93,100,/Users/lab4099/Desktop/Mujoco/work/results/stage19_mixed_recovery/locked_test_v1/burst/seed_02.json
PPO,BURST,2,BURST,0.75,20.37,1.93,100,/Users/lab4099/Desktop/Mujoco/work/results/stage19_mixed_recovery/locked_test_v1/burst/seed_02.json
PPO,BURST,2,BURST,0.775,20.26,1.92,100,/Users/lab4099/Desktop/Mujoco/work/results/stage19_mixed_recovery/locked_test_v1/burst/seed_02.json
PPO,BURST,2,BURST,0.8,20.17,1.93,100,/Users/lab4099/Desktop/Mujoco/work/results/stage19_mixed_recovery/locked_test_v1/burst/seed_02.json
PPO,BURST,2,BURST,0.8250000000000001,20.09,1.91,100,/Users/lab4099/Desktop/Mujoco/work/results/stage19_mixed_recovery/locked_test_v1/burst/seed_02.json
PPO,BURST,2,BURST,0.8500000000000001,19.99,1.89,100,/Users/lab4099/Desktop/Mujoco/work/results/stage19_mixed_recovery/locked_test_v1/burst/seed_02.json
PPO,BURST,2,BURST,0.875,19.9,1.89,100,/Users/lab4099/Desktop/Mujoco/work/results/stage19_mixed_recovery/locked_test_v1/burst/seed_02.json
PPO,BURST,2,BURST,0.9,19.8,1.89,100,/Users/lab4099/Desktop/Mujoco/work/results/stage19_mixed_recovery/locked_test_v1/burst/seed_02.json
PPO,BURST,2,BURST,0.925,19.74,1.88,100,/Users/lab4099/Desktop/Mujoco/work/results/stage19_mixed_recovery/locked_test_v1/burst/seed_02.json
PPO,BURST,2,BURST,0.9500000000000001,19.69,1.87,100,/Users/lab4099/Desktop/Mujoco/work/results/stage19_mixed_recovery/locked_test_v1/burst/seed_02.json
PPO,BURST,2,BURST,0.9750000000000001,19.64,1.87,100,/Users/lab4099/Desktop/Mujoco/work/results/stage19_mixed_recovery/locked_test_v1/burst/seed_02.json
PPO,BURST,2,BURST,1.0,20.56,1.87,100,/Users/lab4099/Desktop/Mujoco/work/results/stage19_mixed_recovery/locked_test_v1/burst/seed_02.json
PPO,BURST,2,RECOVERY,0.0,20.56,1.87,100,/Users/lab4099/Desktop/Mujoco/work/results/stage19_mixed_recovery/locked_test_v1/burst/seed_02.json
PPO,BURST,2,RECOVERY,0.025,19.34,1.91,100,/Users/lab4099/Desktop/Mujoco/work/results/stage19_mixed_recovery/locked_test_v1/burst/seed_02.json
PPO,BURST,2,RECOVERY,0.05,18.33,1.99,100,/Users/lab4099/Desktop/Mujoco/work/results/stage19_mixed_recovery/locked_test_v1/burst/seed_02.json
PPO,BURST,2,RECOVERY,0.07500000000000001,17.61,1.95,100,/Users/lab4099/Desktop/Mujoco/work/results/stage19_mixed_recovery/locked_test_v1/burst/seed_02.json
PPO,BURST,2,RECOVERY,0.1,15.79,2.02,100,/Users/lab4099/Desktop/Mujoco/work/results/stage19_mixed_recovery/locked_test_v1/burst/seed_02.json
PPO,BURST,2,RECOVERY,0.125,14.38,1.98,100,/Users/lab4099/Desktop/Mujoco/work/results/stage19_mixed_recovery/locked_test_v1/burst/seed_02.json
PPO,BURST,2,RECOVERY,0.15000000000000002,11.59,2.14,100,/Users/lab4099/Desktop/Mujoco/work/results/stage19_mixed_recovery/locked_test_v1/burst/seed_02.json
PPO,BURST,2,RECOVERY,0.17500000000000002,9.96,2.07,100,/Users/lab4099/Desktop/Mujoco/work/results/stage19_mixed_recovery/locked_test_v1/burst/seed_02.json
PPO,BURST,2,RECOVERY,0.2,7.67,1.93,100,/Users/lab4099/Desktop/Mujoco/work/results/stage19_mixed_recovery/locked_test_v1/burst/seed_02.json
PPO,BURST,2,RECOVERY,0.225,6.24,1.79,100,/Users/lab4099/Desktop/Mujoco/work/results/stage19_mixed_recovery/locked_test_v1/burst/seed_02.json
PPO,BURST,2,RECOVERY,0.25,4.6,1.61,100,/Users/lab4099/Desktop/Mujoco/work/results/stage19_mixed_recovery/locked_test_v1/burst/seed_02.json
PPO,BURST,2,RECOVERY,0.275,3.79,1.49,100,/Users/lab4099/Desktop/Mujoco/work/results/stage19_mixed_recovery/locked_test_v1/burst/seed_02.json
PPO,BURST,2,RECOVERY,0.30000000000000004,2.74,1.42,100,/Users/lab4099/Desktop/Mujoco/work/results/stage19_mixed_recovery/locked_test_v1/burst/seed_02.json
PPO,BURST,2,RECOVERY,0.325,2.35,1.35,100,/Users/lab4099/Desktop/Mujoco/work/results/stage19_mixed_recovery/locked_test_v1/burst/seed_02.json
PPO,BURST,2,RECOVERY,0.35000000000000003,1.7,1.27,100,/Users/lab4099/Desktop/Mujoco/work/results/stage19_mixed_recovery/locked_test_v1/burst/seed_02.json
PPO,BURST,2,RECOVERY,0.375,1.34,1.16,100,/Users/lab4099/Desktop/Mujoco/work/results/stage19_mixed_recovery/locked_test_v1/burst/seed_02.json
PPO,BURST,2,RECOVERY,0.4,0.84,1.02,100,/Users/lab4099/Desktop/Mujoco/work/results/stage19_mixed_recovery/locked_test_v1/burst/seed_02.json
PPO,BURST,2,RECOVERY,0.42500000000000004,0.67,1.07,100,/Users/lab4099/Desktop/Mujoco/work/results/stage19_mixed_recovery/locked_test_v1/burst/seed_02.json
PPO,BURST,2,RECOVERY,0.45,0.46,0.88,100,/Users/lab4099/Desktop/Mujoco/work/results/stage19_mixed_recovery/locked_test_v1/burst/seed_02.json
PPO,BURST,2,RECOVERY,0.47500000000000003,0.31,0.78,100,/Users/lab4099/Desktop/Mujoco/work/results/stage19_mixed_recovery/locked_test_v1/burst/seed_02.json
PPO,BURST,2,RECOVERY,0.5,0.15,0.7,100,/Users/lab4099/Desktop/Mujoco/work/results/stage19_mixed_recovery/locked_test_v1/burst/seed_02.json
PPO,BURST,2,RECOVERY,0.525,0.14,0.58,100,/Users/lab4099/Desktop/Mujoco/work/results/stage19_mixed_recovery/locked_test_v1/burst/seed_02.json
PPO,BURST,2,RECOVERY,0.55,0.05,0.5,100,/Users/lab4099/Desktop/Mujoco/work/results/stage19_mixed_recovery/locked_test_v1/burst/seed_02.json
PPO,BURST,2,RECOVERY,0.5750000000000001,0.05,0.53,100,/Users/lab4099/Desktop/Mujoco/work/results/stage19_mixed_recovery/locked_test_v1/burst/seed_02.json
PPO,BURST,2,RECOVERY,0.6000000000000001,0.02,0.54,100,/Users/lab4099/Desktop/Mujoco/work/results/stage19_mixed_recovery/locked_test_v1/burst/seed_02.json
PPO,BURST,2,RECOVERY,0.625,0.02,0.41,100,/Users/lab4099/Desktop/Mujoco/work/results/stage19_mixed_recovery/locked_test_v1/burst/seed_02.json
PPO,BURST,2,RECOVERY,0.65,0.01,0.44,100,/Users/lab4099/Desktop/Mujoco/work/results/stage19_mixed_recovery/locked_test_v1/burst/seed_02.json
PPO,BURST,2,RECOVERY,0.675,0.0,0.5,100,/Users/lab4099/Desktop/Mujoco/work/results/stage19_mixed_recovery/locked_test_v1/burst/seed_02.json
PPO,BURST,2,RECOVERY,0.7000000000000001,0.01,0.55,100,/Users/lab4099/Desktop/Mujoco/work/results/stage19_mixed_recovery/locked_test_v1/burst/seed_02.json
PPO,BURST,2,RECOVERY,0.7250000000000001,0.0,0.48,100,/Users/lab4099/Desktop/Mujoco/work/results/stage19_mixed_recovery/locked_test_v1/burst/seed_02.json
PPO,BURST,2,RECOVERY,0.75,0.0,0.51,100,/Users/lab4099/Desktop/Mujoco/work/results/stage19_mixed_recovery/locked_test_v1/burst/seed_02.json
PPO,BURST,2,RECOVERY,0.775,0.0,0.37,100,/Users/lab4099/Desktop/Mujoco/work/results/stage19_mixed_recovery/locked_test_v1/burst/seed_02.json
PPO,BURST,2,RECOVERY,0.8,0.0,0.49,100,/Users/lab4099/Desktop/Mujoco/work/results/stage19_mixed_recovery/locked_test_v1/burst/seed_02.json
PPO,BURST,2,RECOVERY,0.8250000000000001,0.0,0.43,100,/Users/lab4099/Desktop/Mujoco/work/results/stage19_mixed_recovery/locked_test_v1/burst/seed_02.json
PPO,BURST,2,RECOVERY,0.8500000000000001,0.0,0.5,100,/Users/lab4099/Desktop/Mujoco/work/results/stage19_mixed_recovery/locked_test_v1/burst/seed_02.json
PPO,BURST,2,RECOVERY,0.875,0.0,0.46,100,/Users/lab4099/Desktop/Mujoco/work/results/stage19_mixed_recovery/locked_test_v1/burst/seed_02.json
PPO,BURST,2,RECOVERY,0.9,0.01,0.56,100,/Users/lab4099/Desktop/Mujoco/work/results/stage19_mixed_recovery/locked_test_v1/burst/seed_02.json
PPO,BURST,2,RECOVERY,0.925,0.0,0.46,100,/Users/lab4099/Desktop/Mujoco/work/results/stage19_mixed_recovery/locked_test_v1/burst/seed_02.json
PPO,BURST,2,RECOVERY,0.9500000000000001,0.0,0.5,100,/Users/lab4099/Desktop/Mujoco/work/results/stage19_mixed_recovery/locked_test_v1/burst/seed_02.json
PPO,BURST,2,RECOVERY,0.9750000000000001,0.0,0.77,100,/Users/lab4099/Desktop/Mujoco/work/results/stage19_mixed_recovery/locked_test_v1/burst/seed_02.json
PPO,BURST,2,RECOVERY,1.0,0.0,0.0,100,/Users/lab4099/Desktop/Mujoco/work/results/stage19_mixed_recovery/locked_test_v1/burst/seed_02.json
PPO,BURST,3,NORMAL,0.0,0.0,1.0,100,/Users/lab4099/Desktop/Mujoco/work/results/stage19_mixed_recovery/locked_test_v1/burst/seed_03.json
PPO,BURST,3,NORMAL,0.025,0.0,0.27,100,/Users/lab4099/Desktop/Mujoco/work/results/stage19_mixed_recovery/locked_test_v1/burst/seed_03.json
PPO,BURST,3,NORMAL,0.05,0.0,0.37,100,/Users/lab4099/Desktop/Mujoco/work/results/stage19_mixed_recovery/locked_test_v1/burst/seed_03.json
PPO,BURST,3,NORMAL,0.07500000000000001,0.0,0.31,100,/Users/lab4099/Desktop/Mujoco/work/results/stage19_mixed_recovery/locked_test_v1/burst/seed_03.json
PPO,BURST,3,NORMAL,0.1,0.0,0.29,100,/Users/lab4099/Desktop/Mujoco/work/results/stage19_mixed_recovery/locked_test_v1/burst/seed_03.json
PPO,BURST,3,NORMAL,0.125,0.0,0.51,100,/Users/lab4099/Desktop/Mujoco/work/results/stage19_mixed_recovery/locked_test_v1/burst/seed_03.json
PPO,BURST,3,NORMAL,0.15000000000000002,0.0,0.27,100,/Users/lab4099/Desktop/Mujoco/work/results/stage19_mixed_recovery/locked_test_v1/burst/seed_03.json
PPO,BURST,3,NORMAL,0.17500000000000002,0.0,0.45,100,/Users/lab4099/Desktop/Mujoco/work/results/stage19_mixed_recovery/locked_test_v1/burst/seed_03.json
PPO,BURST,3,NORMAL,0.2,0.0,0.22,100,/Users/lab4099/Desktop/Mujoco/work/results/stage19_mixed_recovery/locked_test_v1/burst/seed_03.json
PPO,BURST,3,NORMAL,0.225,0.0,0.56,100,/Users/lab4099/Desktop/Mujoco/work/results/stage19_mixed_recovery/locked_test_v1/burst/seed_03.json
PPO,BURST,3,NORMAL,0.25,0.0,0.18,100,/Users/lab4099/Desktop/Mujoco/work/results/stage19_mixed_recovery/locked_test_v1/burst/seed_03.json
PPO,BURST,3,NORMAL,0.275,0.0,0.51,100,/Users/lab4099/Desktop/Mujoco/work/results/stage19_mixed_recovery/locked_test_v1/burst/seed_03.json
PPO,BURST,3,NORMAL,0.30000000000000004,0.0,0.25,100,/Users/lab4099/Desktop/Mujoco/work/results/stage19_mixed_recovery/locked_test_v1/burst/seed_03.json
PPO,BURST,3,NORMAL,0.325,0.0,0.56,100,/Users/lab4099/Desktop/Mujoco/work/results/stage19_mixed_recovery/locked_test_v1/burst/seed_03.json
PPO,BURST,3,NORMAL,0.35000000000000003,0.0,0.28,100,/Users/lab4099/Desktop/Mujoco/work/results/stage19_mixed_recovery/locked_test_v1/burst/seed_03.json
PPO,BURST,3,NORMAL,0.375,0.0,0.62,100,/Users/lab4099/Desktop/Mujoco/work/results/stage19_mixed_recovery/locked_test_v1/burst/seed_03.json
PPO,BURST,3,NORMAL,0.4,0.0,0.35,100,/Users/lab4099/Desktop/Mujoco/work/results/stage19_mixed_recovery/locked_test_v1/burst/seed_03.json
PPO,BURST,3,NORMAL,0.42500000000000004,0.0,0.55,100,/Users/lab4099/Desktop/Mujoco/work/results/stage19_mixed_recovery/locked_test_v1/burst/seed_03.json
PPO,BURST,3,NORMAL,0.45,0.0,0.28,100,/Users/lab4099/Desktop/Mujoco/work/results/stage19_mixed_recovery/locked_test_v1/burst/seed_03.json
PPO,BURST,3,NORMAL,0.47500000000000003,0.0,0.68,100,/Users/lab4099/Desktop/Mujoco/work/results/stage19_mixed_recovery/locked_test_v1/burst/seed_03.json
PPO,BURST,3,NORMAL,0.5,0.0,0.42,100,/Users/lab4099/Desktop/Mujoco/work/results/stage19_mixed_recovery/locked_test_v1/burst/seed_03.json
PPO,BURST,3,NORMAL,0.525,0.0,0.65,100,/Users/lab4099/Desktop/Mujoco/work/results/stage19_mixed_recovery/locked_test_v1/burst/seed_03.json
PPO,BURST,3,NORMAL,0.55,0.0,0.53,100,/Users/lab4099/Desktop/Mujoco/work/results/stage19_mixed_recovery/locked_test_v1/burst/seed_03.json
PPO,BURST,3,NORMAL,0.5750000000000001,0.0,0.6,100,/Users/lab4099/Desktop/Mujoco/work/results/stage19_mixed_recovery/locked_test_v1/burst/seed_03.json
PPO,BURST,3,NORMAL,0.6000000000000001,0.0,0.5,100,/Users/lab4099/Desktop/Mujoco/work/results/stage19_mixed_recovery/locked_test_v1/burst/seed_03.json
PPO,BURST,3,NORMAL,0.625,0.0,0.52,100,/Users/lab4099/Desktop/Mujoco/work/results/stage19_mixed_recovery/locked_test_v1/burst/seed_03.json
PPO,BURST,3,NORMAL,0.65,0.0,0.38,100,/Users/lab4099/Desktop/Mujoco/work/results/stage19_mixed_recovery/locked_test_v1/burst/seed_03.json
PPO,BURST,3,NORMAL,0.675,0.0,0.36,100,/Users/lab4099/Desktop/Mujoco/work/results/stage19_mixed_recovery/locked_test_v1/burst/seed_03.json
PPO,BURST,3,NORMAL,0.7000000000000001,0.0,0.41,100,/Users/lab4099/Desktop/Mujoco/work/results/stage19_mixed_recovery/locked_test_v1/burst/seed_03.json
PPO,BURST,3,NORMAL,0.7250000000000001,0.0,0.31,100,/Users/lab4099/Desktop/Mujoco/work/results/stage19_mixed_recovery/locked_test_v1/burst/seed_03.json
PPO,BURST,3,NORMAL,0.75,0.0,0.52,100,/Users/lab4099/Desktop/Mujoco/work/results/stage19_mixed_recovery/locked_test_v1/burst/seed_03.json
PPO,BURST,3,NORMAL,0.775,0.01,0.33,100,/Users/lab4099/Desktop/Mujoco/work/results/stage19_mixed_recovery/locked_test_v1/burst/seed_03.json
PPO,BURST,3,NORMAL,0.8,0.0,0.55,100,/Users/lab4099/Desktop/Mujoco/work/results/stage19_mixed_recovery/locked_test_v1/burst/seed_03.json
PPO,BURST,3,NORMAL,0.8250000000000001,0.0,0.25,100,/Users/lab4099/Desktop/Mujoco/work/results/stage19_mixed_recovery/locked_test_v1/burst/seed_03.json
PPO,BURST,3,NORMAL,0.8500000000000001,0.0,0.49,100,/Users/lab4099/Desktop/Mujoco/work/results/stage19_mixed_recovery/locked_test_v1/burst/seed_03.json
PPO,BURST,3,NORMAL,0.875,0.0,0.29,100,/Users/lab4099/Desktop/Mujoco/work/results/stage19_mixed_recovery/locked_test_v1/burst/seed_03.json
PPO,BURST,3,NORMAL,0.9,0.0,0.52,100,/Users/lab4099/Desktop/Mujoco/work/results/stage19_mixed_recovery/locked_test_v1/burst/seed_03.json
PPO,BURST,3,NORMAL,0.925,0.0,0.34,100,/Users/lab4099/Desktop/Mujoco/work/results/stage19_mixed_recovery/locked_test_v1/burst/seed_03.json
PPO,BURST,3,NORMAL,0.9500000000000001,0.0,0.62,100,/Users/lab4099/Desktop/Mujoco/work/results/stage19_mixed_recovery/locked_test_v1/burst/seed_03.json
PPO,BURST,3,NORMAL,0.9750000000000001,0.0,0.36,100,/Users/lab4099/Desktop/Mujoco/work/results/stage19_mixed_recovery/locked_test_v1/burst/seed_03.json
PPO,BURST,3,NORMAL,1.0,0.3,1.31,100,/Users/lab4099/Desktop/Mujoco/work/results/stage19_mixed_recovery/locked_test_v1/burst/seed_03.json
PPO,BURST,3,DENSE,0.0,0.3,1.31,100,/Users/lab4099/Desktop/Mujoco/work/results/stage19_mixed_recovery/locked_test_v1/burst/seed_03.json
PPO,BURST,3,DENSE,0.025,0.29,1.03,100,/Users/lab4099/Desktop/Mujoco/work/results/stage19_mixed_recovery/locked_test_v1/burst/seed_03.json
PPO,BURST,3,DENSE,0.05,0.56,1.04,100,/Users/lab4099/Desktop/Mujoco/work/results/stage19_mixed_recovery/locked_test_v1/burst/seed_03.json
PPO,BURST,3,DENSE,0.07500000000000001,0.85,1.21,100,/Users/lab4099/Desktop/Mujoco/work/results/stage19_mixed_recovery/locked_test_v1/burst/seed_03.json
PPO,BURST,3,DENSE,0.1,1.03,1.19,100,/Users/lab4099/Desktop/Mujoco/work/results/stage19_mixed_recovery/locked_test_v1/burst/seed_03.json
PPO,BURST,3,DENSE,0.125,1.47,1.33,100,/Users/lab4099/Desktop/Mujoco/work/results/stage19_mixed_recovery/locked_test_v1/burst/seed_03.json
PPO,BURST,3,DENSE,0.15000000000000002,1.52,1.27,100,/Users/lab4099/Desktop/Mujoco/work/results/stage19_mixed_recovery/locked_test_v1/burst/seed_03.json
PPO,BURST,3,DENSE,0.17500000000000002,1.64,1.35,100,/Users/lab4099/Desktop/Mujoco/work/results/stage19_mixed_recovery/locked_test_v1/burst/seed_03.json
PPO,BURST,3,DENSE,0.2,1.54,1.33,100,/Users/lab4099/Desktop/Mujoco/work/results/stage19_mixed_recovery/locked_test_v1/burst/seed_03.json
PPO,BURST,3,DENSE,0.225,1.7,1.41,100,/Users/lab4099/Desktop/Mujoco/work/results/stage19_mixed_recovery/locked_test_v1/burst/seed_03.json
PPO,BURST,3,DENSE,0.25,1.59,1.44,100,/Users/lab4099/Desktop/Mujoco/work/results/stage19_mixed_recovery/locked_test_v1/burst/seed_03.json
PPO,BURST,3,DENSE,0.275,1.81,1.48,100,/Users/lab4099/Desktop/Mujoco/work/results/stage19_mixed_recovery/locked_test_v1/burst/seed_03.json
PPO,BURST,3,DENSE,0.30000000000000004,1.84,1.53,100,/Users/lab4099/Desktop/Mujoco/work/results/stage19_mixed_recovery/locked_test_v1/burst/seed_03.json
PPO,BURST,3,DENSE,0.325,2.02,1.52,100,/Users/lab4099/Desktop/Mujoco/work/results/stage19_mixed_recovery/locked_test_v1/burst/seed_03.json
PPO,BURST,3,DENSE,0.35000000000000003,2.18,1.55,100,/Users/lab4099/Desktop/Mujoco/work/results/stage19_mixed_recovery/locked_test_v1/burst/seed_03.json
PPO,BURST,3,DENSE,0.375,2.31,1.56,100,/Users/lab4099/Desktop/Mujoco/work/results/stage19_mixed_recovery/locked_test_v1/burst/seed_03.json
PPO,BURST,3,DENSE,0.4,2.39,1.64,100,/Users/lab4099/Desktop/Mujoco/work/results/stage19_mixed_recovery/locked_test_v1/burst/seed_03.json
PPO,BURST,3,DENSE,0.42500000000000004,2.43,1.72,100,/Users/lab4099/Desktop/Mujoco/work/results/stage19_mixed_recovery/locked_test_v1/burst/seed_03.json
PPO,BURST,3,DENSE,0.45,2.32,1.69,100,/Users/lab4099/Desktop/Mujoco/work/results/stage19_mixed_recovery/locked_test_v1/burst/seed_03.json
PPO,BURST,3,DENSE,0.47500000000000003,2.34,1.74,100,/Users/lab4099/Desktop/Mujoco/work/results/stage19_mixed_recovery/locked_test_v1/burst/seed_03.json
PPO,BURST,3,DENSE,0.5,2.55,1.71,100,/Users/lab4099/Desktop/Mujoco/work/results/stage19_mixed_recovery/locked_test_v1/burst/seed_03.json
PPO,BURST,3,DENSE,0.525,2.67,1.66,100,/Users/lab4099/Desktop/Mujoco/work/results/stage19_mixed_recovery/locked_test_v1/burst/seed_03.json
PPO,BURST,3,DENSE,0.55,2.84,1.69,100,/Users/lab4099/Desktop/Mujoco/work/results/stage19_mixed_recovery/locked_test_v1/burst/seed_03.json
PPO,BURST,3,DENSE,0.5750000000000001,2.86,1.69,100,/Users/lab4099/Desktop/Mujoco/work/results/stage19_mixed_recovery/locked_test_v1/burst/seed_03.json
PPO,BURST,3,DENSE,0.6000000000000001,3.02,1.66,100,/Users/lab4099/Desktop/Mujoco/work/results/stage19_mixed_recovery/locked_test_v1/burst/seed_03.json
PPO,BURST,3,DENSE,0.625,3.04,1.64,100,/Users/lab4099/Desktop/Mujoco/work/results/stage19_mixed_recovery/locked_test_v1/burst/seed_03.json
PPO,BURST,3,DENSE,0.65,3.16,1.72,100,/Users/lab4099/Desktop/Mujoco/work/results/stage19_mixed_recovery/locked_test_v1/burst/seed_03.json
PPO,BURST,3,DENSE,0.675,3.07,1.64,100,/Users/lab4099/Desktop/Mujoco/work/results/stage19_mixed_recovery/locked_test_v1/burst/seed_03.json
PPO,BURST,3,DENSE,0.7000000000000001,3.09,1.72,100,/Users/lab4099/Desktop/Mujoco/work/results/stage19_mixed_recovery/locked_test_v1/burst/seed_03.json
PPO,BURST,3,DENSE,0.7250000000000001,3.05,1.75,100,/Users/lab4099/Desktop/Mujoco/work/results/stage19_mixed_recovery/locked_test_v1/burst/seed_03.json
PPO,BURST,3,DENSE,0.75,3.29,1.76,100,/Users/lab4099/Desktop/Mujoco/work/results/stage19_mixed_recovery/locked_test_v1/burst/seed_03.json
PPO,BURST,3,DENSE,0.775,3.25,1.79,100,/Users/lab4099/Desktop/Mujoco/work/results/stage19_mixed_recovery/locked_test_v1/burst/seed_03.json
PPO,BURST,3,DENSE,0.8,3.51,1.78,100,/Users/lab4099/Desktop/Mujoco/work/results/stage19_mixed_recovery/locked_test_v1/burst/seed_03.json
PPO,BURST,3,DENSE,0.8250000000000001,3.38,1.8,100,/Users/lab4099/Desktop/Mujoco/work/results/stage19_mixed_recovery/locked_test_v1/burst/seed_03.json
PPO,BURST,3,DENSE,0.8500000000000001,3.54,1.78,100,/Users/lab4099/Desktop/Mujoco/work/results/stage19_mixed_recovery/locked_test_v1/burst/seed_03.json
PPO,BURST,3,DENSE,0.875,3.49,1.78,100,/Users/lab4099/Desktop/Mujoco/work/results/stage19_mixed_recovery/locked_test_v1/burst/seed_03.json
PPO,BURST,3,DENSE,0.9,3.58,1.9,100,/Users/lab4099/Desktop/Mujoco/work/results/stage19_mixed_recovery/locked_test_v1/burst/seed_03.json
PPO,BURST,3,DENSE,0.925,3.47,1.83,100,/Users/lab4099/Desktop/Mujoco/work/results/stage19_mixed_recovery/locked_test_v1/burst/seed_03.json
PPO,BURST,3,DENSE,0.9500000000000001,3.9,1.91,100,/Users/lab4099/Desktop/Mujoco/work/results/stage19_mixed_recovery/locked_test_v1/burst/seed_03.json
PPO,BURST,3,DENSE,0.9750000000000001,3.72,1.83,100,/Users/lab4099/Desktop/Mujoco/work/results/stage19_mixed_recovery/locked_test_v1/burst/seed_03.json
PPO,BURST,3,DENSE,1.0,5.17,2.01,100,/Users/lab4099/Desktop/Mujoco/work/results/stage19_mixed_recovery/locked_test_v1/burst/seed_03.json
PPO,BURST,3,BURST,0.0,5.17,2.01,100,/Users/lab4099/Desktop/Mujoco/work/results/stage19_mixed_recovery/locked_test_v1/burst/seed_03.json
PPO,BURST,3,BURST,0.025,6.15,2.13,100,/Users/lab4099/Desktop/Mujoco/work/results/stage19_mixed_recovery/locked_test_v1/burst/seed_03.json
PPO,BURST,3,BURST,0.05,7.41,2.28,100,/Users/lab4099/Desktop/Mujoco/work/results/stage19_mixed_recovery/locked_test_v1/burst/seed_03.json
PPO,BURST,3,BURST,0.07500000000000001,8.48,2.37,100,/Users/lab4099/Desktop/Mujoco/work/results/stage19_mixed_recovery/locked_test_v1/burst/seed_03.json
PPO,BURST,3,BURST,0.1,9.9,2.41,100,/Users/lab4099/Desktop/Mujoco/work/results/stage19_mixed_recovery/locked_test_v1/burst/seed_03.json
PPO,BURST,3,BURST,0.125,11.31,2.27,100,/Users/lab4099/Desktop/Mujoco/work/results/stage19_mixed_recovery/locked_test_v1/burst/seed_03.json
PPO,BURST,3,BURST,0.15000000000000002,12.8,2.16,100,/Users/lab4099/Desktop/Mujoco/work/results/stage19_mixed_recovery/locked_test_v1/burst/seed_03.json
PPO,BURST,3,BURST,0.17500000000000002,14.22,2.11,100,/Users/lab4099/Desktop/Mujoco/work/results/stage19_mixed_recovery/locked_test_v1/burst/seed_03.json
PPO,BURST,3,BURST,0.2,15.7,2.12,100,/Users/lab4099/Desktop/Mujoco/work/results/stage19_mixed_recovery/locked_test_v1/burst/seed_03.json
PPO,BURST,3,BURST,0.225,17.16,2.11,100,/Users/lab4099/Desktop/Mujoco/work/results/stage19_mixed_recovery/locked_test_v1/burst/seed_03.json
PPO,BURST,3,BURST,0.25,18.76,2.04,100,/Users/lab4099/Desktop/Mujoco/work/results/stage19_mixed_recovery/locked_test_v1/burst/seed_03.json
PPO,BURST,3,BURST,0.275,20.22,2.03,100,/Users/lab4099/Desktop/Mujoco/work/results/stage19_mixed_recovery/locked_test_v1/burst/seed_03.json
PPO,BURST,3,BURST,0.30000000000000004,21.55,2.0,100,/Users/lab4099/Desktop/Mujoco/work/results/stage19_mixed_recovery/locked_test_v1/burst/seed_03.json
PPO,BURST,3,BURST,0.325,21.86,1.99,100,/Users/lab4099/Desktop/Mujoco/work/results/stage19_mixed_recovery/locked_test_v1/burst/seed_03.json
PPO,BURST,3,BURST,0.35000000000000003,21.76,2.0,100,/Users/lab4099/Desktop/Mujoco/work/results/stage19_mixed_recovery/locked_test_v1/burst/seed_03.json
PPO,BURST,3,BURST,0.375,21.73,1.99,100,/Users/lab4099/Desktop/Mujoco/work/results/stage19_mixed_recovery/locked_test_v1/burst/seed_03.json
PPO,BURST,3,BURST,0.4,21.68,1.97,100,/Users/lab4099/Desktop/Mujoco/work/results/stage19_mixed_recovery/locked_test_v1/burst/seed_03.json
PPO,BURST,3,BURST,0.42500000000000004,21.6,1.98,100,/Users/lab4099/Desktop/Mujoco/work/results/stage19_mixed_recovery/locked_test_v1/burst/seed_03.json
PPO,BURST,3,BURST,0.45,21.53,1.98,100,/Users/lab4099/Desktop/Mujoco/work/results/stage19_mixed_recovery/locked_test_v1/burst/seed_03.json
PPO,BURST,3,BURST,0.47500000000000003,21.47,1.98,100,/Users/lab4099/Desktop/Mujoco/work/results/stage19_mixed_recovery/locked_test_v1/burst/seed_03.json
PPO,BURST,3,BURST,0.5,21.38,1.97,100,/Users/lab4099/Desktop/Mujoco/work/results/stage19_mixed_recovery/locked_test_v1/burst/seed_03.json
PPO,BURST,3,BURST,0.525,21.35,1.97,100,/Users/lab4099/Desktop/Mujoco/work/results/stage19_mixed_recovery/locked_test_v1/burst/seed_03.json
PPO,BURST,3,BURST,0.55,21.25,1.96,100,/Users/lab4099/Desktop/Mujoco/work/results/stage19_mixed_recovery/locked_test_v1/burst/seed_03.json
PPO,BURST,3,BURST,0.5750000000000001,21.16,1.96,100,/Users/lab4099/Desktop/Mujoco/work/results/stage19_mixed_recovery/locked_test_v1/burst/seed_03.json
PPO,BURST,3,BURST,0.6000000000000001,21.1,1.96,100,/Users/lab4099/Desktop/Mujoco/work/results/stage19_mixed_recovery/locked_test_v1/burst/seed_03.json
PPO,BURST,3,BURST,0.625,21.01,1.97,100,/Users/lab4099/Desktop/Mujoco/work/results/stage19_mixed_recovery/locked_test_v1/burst/seed_03.json
PPO,BURST,3,BURST,0.65,20.9,1.97,100,/Users/lab4099/Desktop/Mujoco/work/results/stage19_mixed_recovery/locked_test_v1/burst/seed_03.json
PPO,BURST,3,BURST,0.675,20.82,1.97,100,/Users/lab4099/Desktop/Mujoco/work/results/stage19_mixed_recovery/locked_test_v1/burst/seed_03.json
PPO,BURST,3,BURST,0.7000000000000001,20.72,1.97,100,/Users/lab4099/Desktop/Mujoco/work/results/stage19_mixed_recovery/locked_test_v1/burst/seed_03.json
PPO,BURST,3,BURST,0.7250000000000001,20.64,1.96,100,/Users/lab4099/Desktop/Mujoco/work/results/stage19_mixed_recovery/locked_test_v1/burst/seed_03.json
PPO,BURST,3,BURST,0.75,20.53,1.96,100,/Users/lab4099/Desktop/Mujoco/work/results/stage19_mixed_recovery/locked_test_v1/burst/seed_03.json
PPO,BURST,3,BURST,0.775,20.43,1.94,100,/Users/lab4099/Desktop/Mujoco/work/results/stage19_mixed_recovery/locked_test_v1/burst/seed_03.json
PPO,BURST,3,BURST,0.8,20.3,1.94,100,/Users/lab4099/Desktop/Mujoco/work/results/stage19_mixed_recovery/locked_test_v1/burst/seed_03.json
PPO,BURST,3,BURST,0.8250000000000001,20.19,1.94,100,/Users/lab4099/Desktop/Mujoco/work/results/stage19_mixed_recovery/locked_test_v1/burst/seed_03.json
PPO,BURST,3,BURST,0.8500000000000001,20.07,1.94,100,/Users/lab4099/Desktop/Mujoco/work/results/stage19_mixed_recovery/locked_test_v1/burst/seed_03.json
PPO,BURST,3,BURST,0.875,19.98,1.95,100,/Users/lab4099/Desktop/Mujoco/work/results/stage19_mixed_recovery/locked_test_v1/burst/seed_03.json
PPO,BURST,3,BURST,0.9,19.95,1.95,100,/Users/lab4099/Desktop/Mujoco/work/results/stage19_mixed_recovery/locked_test_v1/burst/seed_03.json
PPO,BURST,3,BURST,0.925,19.83,1.94,100,/Users/lab4099/Desktop/Mujoco/work/results/stage19_mixed_recovery/locked_test_v1/burst/seed_03.json
PPO,BURST,3,BURST,0.9500000000000001,19.8,1.94,100,/Users/lab4099/Desktop/Mujoco/work/results/stage19_mixed_recovery/locked_test_v1/burst/seed_03.json
PPO,BURST,3,BURST,0.9750000000000001,19.74,1.93,100,/Users/lab4099/Desktop/Mujoco/work/results/stage19_mixed_recovery/locked_test_v1/burst/seed_03.json
PPO,BURST,3,BURST,1.0,20.65,1.94,100,/Users/lab4099/Desktop/Mujoco/work/results/stage19_mixed_recovery/locked_test_v1/burst/seed_03.json
PPO,BURST,3,RECOVERY,0.0,20.65,1.94,100,/Users/lab4099/Desktop/Mujoco/work/results/stage19_mixed_recovery/locked_test_v1/burst/seed_03.json
PPO,BURST,3,RECOVERY,0.025,19.41,1.93,100,/Users/lab4099/Desktop/Mujoco/work/results/stage19_mixed_recovery/locked_test_v1/burst/seed_03.json
PPO,BURST,3,RECOVERY,0.05,18.6,1.98,100,/Users/lab4099/Desktop/Mujoco/work/results/stage19_mixed_recovery/locked_test_v1/burst/seed_03.json
PPO,BURST,3,RECOVERY,0.07500000000000001,17.76,1.95,100,/Users/lab4099/Desktop/Mujoco/work/results/stage19_mixed_recovery/locked_test_v1/burst/seed_03.json
PPO,BURST,3,RECOVERY,0.1,16.19,2.11,100,/Users/lab4099/Desktop/Mujoco/work/results/stage19_mixed_recovery/locked_test_v1/burst/seed_03.json
PPO,BURST,3,RECOVERY,0.125,14.32,2.16,100,/Users/lab4099/Desktop/Mujoco/work/results/stage19_mixed_recovery/locked_test_v1/burst/seed_03.json
PPO,BURST,3,RECOVERY,0.15000000000000002,12.14,2.17,100,/Users/lab4099/Desktop/Mujoco/work/results/stage19_mixed_recovery/locked_test_v1/burst/seed_03.json
PPO,BURST,3,RECOVERY,0.17500000000000002,10.12,1.98,100,/Users/lab4099/Desktop/Mujoco/work/results/stage19_mixed_recovery/locked_test_v1/burst/seed_03.json
PPO,BURST,3,RECOVERY,0.2,7.92,1.99,100,/Users/lab4099/Desktop/Mujoco/work/results/stage19_mixed_recovery/locked_test_v1/burst/seed_03.json
PPO,BURST,3,RECOVERY,0.225,6.18,1.9,100,/Users/lab4099/Desktop/Mujoco/work/results/stage19_mixed_recovery/locked_test_v1/burst/seed_03.json
PPO,BURST,3,RECOVERY,0.25,4.81,1.6,100,/Users/lab4099/Desktop/Mujoco/work/results/stage19_mixed_recovery/locked_test_v1/burst/seed_03.json
PPO,BURST,3,RECOVERY,0.275,3.92,1.55,100,/Users/lab4099/Desktop/Mujoco/work/results/stage19_mixed_recovery/locked_test_v1/burst/seed_03.json
PPO,BURST,3,RECOVERY,0.30000000000000004,3.03,1.45,100,/Users/lab4099/Desktop/Mujoco/work/results/stage19_mixed_recovery/locked_test_v1/burst/seed_03.json
PPO,BURST,3,RECOVERY,0.325,2.66,1.33,100,/Users/lab4099/Desktop/Mujoco/work/results/stage19_mixed_recovery/locked_test_v1/burst/seed_03.json
PPO,BURST,3,RECOVERY,0.35000000000000003,1.84,1.35,100,/Users/lab4099/Desktop/Mujoco/work/results/stage19_mixed_recovery/locked_test_v1/burst/seed_03.json
PPO,BURST,3,RECOVERY,0.375,1.62,1.26,100,/Users/lab4099/Desktop/Mujoco/work/results/stage19_mixed_recovery/locked_test_v1/burst/seed_03.json
PPO,BURST,3,RECOVERY,0.4,1.0,1.08,100,/Users/lab4099/Desktop/Mujoco/work/results/stage19_mixed_recovery/locked_test_v1/burst/seed_03.json
PPO,BURST,3,RECOVERY,0.42500000000000004,0.94,1.16,100,/Users/lab4099/Desktop/Mujoco/work/results/stage19_mixed_recovery/locked_test_v1/burst/seed_03.json
PPO,BURST,3,RECOVERY,0.45,0.49,1.06,100,/Users/lab4099/Desktop/Mujoco/work/results/stage19_mixed_recovery/locked_test_v1/burst/seed_03.json
PPO,BURST,3,RECOVERY,0.47500000000000003,0.48,0.89,100,/Users/lab4099/Desktop/Mujoco/work/results/stage19_mixed_recovery/locked_test_v1/burst/seed_03.json
PPO,BURST,3,RECOVERY,0.5,0.23,0.77,100,/Users/lab4099/Desktop/Mujoco/work/results/stage19_mixed_recovery/locked_test_v1/burst/seed_03.json
PPO,BURST,3,RECOVERY,0.525,0.22,0.6,100,/Users/lab4099/Desktop/Mujoco/work/results/stage19_mixed_recovery/locked_test_v1/burst/seed_03.json
PPO,BURST,3,RECOVERY,0.55,0.07,0.59,100,/Users/lab4099/Desktop/Mujoco/work/results/stage19_mixed_recovery/locked_test_v1/burst/seed_03.json
PPO,BURST,3,RECOVERY,0.5750000000000001,0.13,0.59,100,/Users/lab4099/Desktop/Mujoco/work/results/stage19_mixed_recovery/locked_test_v1/burst/seed_03.json
PPO,BURST,3,RECOVERY,0.6000000000000001,0.06,0.57,100,/Users/lab4099/Desktop/Mujoco/work/results/stage19_mixed_recovery/locked_test_v1/burst/seed_03.json
PPO,BURST,3,RECOVERY,0.625,0.06,0.46,100,/Users/lab4099/Desktop/Mujoco/work/results/stage19_mixed_recovery/locked_test_v1/burst/seed_03.json
PPO,BURST,3,RECOVERY,0.65,0.01,0.52,100,/Users/lab4099/Desktop/Mujoco/work/results/stage19_mixed_recovery/locked_test_v1/burst/seed_03.json
PPO,BURST,3,RECOVERY,0.675,0.0,0.57,100,/Users/lab4099/Desktop/Mujoco/work/results/stage19_mixed_recovery/locked_test_v1/burst/seed_03.json
PPO,BURST,3,RECOVERY,0.7000000000000001,0.01,0.56,100,/Users/lab4099/Desktop/Mujoco/work/results/stage19_mixed_recovery/locked_test_v1/burst/seed_03.json
PPO,BURST,3,RECOVERY,0.7250000000000001,0.0,0.47,100,/Users/lab4099/Desktop/Mujoco/work/results/stage19_mixed_recovery/locked_test_v1/burst/seed_03.json
PPO,BURST,3,RECOVERY,0.75,0.0,0.58,100,/Users/lab4099/Desktop/Mujoco/work/results/stage19_mixed_recovery/locked_test_v1/burst/seed_03.json
PPO,BURST,3,RECOVERY,0.775,0.0,0.38,100,/Users/lab4099/Desktop/Mujoco/work/results/stage19_mixed_recovery/locked_test_v1/burst/seed_03.json
PPO,BURST,3,RECOVERY,0.8,0.0,0.57,100,/Users/lab4099/Desktop/Mujoco/work/results/stage19_mixed_recovery/locked_test_v1/burst/seed_03.json
PPO,BURST,3,RECOVERY,0.8250000000000001,0.0,0.46,100,/Users/lab4099/Desktop/Mujoco/work/results/stage19_mixed_recovery/locked_test_v1/burst/seed_03.json
PPO,BURST,3,RECOVERY,0.8500000000000001,0.0,0.56,100,/Users/lab4099/Desktop/Mujoco/work/results/stage19_mixed_recovery/locked_test_v1/burst/seed_03.json
PPO,BURST,3,RECOVERY,0.875,0.0,0.46,100,/Users/lab4099/Desktop/Mujoco/work/results/stage19_mixed_recovery/locked_test_v1/burst/seed_03.json
PPO,BURST,3,RECOVERY,0.9,0.02,0.6,100,/Users/lab4099/Desktop/Mujoco/work/results/stage19_mixed_recovery/locked_test_v1/burst/seed_03.json
PPO,BURST,3,RECOVERY,0.925,0.0,0.47,100,/Users/lab4099/Desktop/Mujoco/work/results/stage19_mixed_recovery/locked_test_v1/burst/seed_03.json
PPO,BURST,3,RECOVERY,0.9500000000000001,0.02,0.56,100,/Users/lab4099/Desktop/Mujoco/work/results/stage19_mixed_recovery/locked_test_v1/burst/seed_03.json
PPO,BURST,3,RECOVERY,0.9750000000000001,0.0,0.77,100,/Users/lab4099/Desktop/Mujoco/work/results/stage19_mixed_recovery/locked_test_v1/burst/seed_03.json
PPO,BURST,3,RECOVERY,1.0,0.0,0.0,100,/Users/lab4099/Desktop/Mujoco/work/results/stage19_mixed_recovery/locked_test_v1/burst/seed_03.json
PPO,BURST,4,NORMAL,0.0,0.0,1.0,100,/Users/lab4099/Desktop/Mujoco/work/results/stage19_mixed_recovery/locked_test_v1/burst/seed_04.json
PPO,BURST,4,NORMAL,0.025,0.0,0.27,100,/Users/lab4099/Desktop/Mujoco/work/results/stage19_mixed_recovery/locked_test_v1/burst/seed_04.json
PPO,BURST,4,NORMAL,0.05,0.0,0.37,100,/Users/lab4099/Desktop/Mujoco/work/results/stage19_mixed_recovery/locked_test_v1/burst/seed_04.json
PPO,BURST,4,NORMAL,0.07500000000000001,0.0,0.31,100,/Users/lab4099/Desktop/Mujoco/work/results/stage19_mixed_recovery/locked_test_v1/burst/seed_04.json
PPO,BURST,4,NORMAL,0.1,0.0,0.28,100,/Users/lab4099/Desktop/Mujoco/work/results/stage19_mixed_recovery/locked_test_v1/burst/seed_04.json
PPO,BURST,4,NORMAL,0.125,0.0,0.51,100,/Users/lab4099/Desktop/Mujoco/work/results/stage19_mixed_recovery/locked_test_v1/burst/seed_04.json
PPO,BURST,4,NORMAL,0.15000000000000002,0.0,0.27,100,/Users/lab4099/Desktop/Mujoco/work/results/stage19_mixed_recovery/locked_test_v1/burst/seed_04.json
PPO,BURST,4,NORMAL,0.17500000000000002,0.0,0.45,100,/Users/lab4099/Desktop/Mujoco/work/results/stage19_mixed_recovery/locked_test_v1/burst/seed_04.json
PPO,BURST,4,NORMAL,0.2,0.0,0.22,100,/Users/lab4099/Desktop/Mujoco/work/results/stage19_mixed_recovery/locked_test_v1/burst/seed_04.json
PPO,BURST,4,NORMAL,0.225,0.0,0.56,100,/Users/lab4099/Desktop/Mujoco/work/results/stage19_mixed_recovery/locked_test_v1/burst/seed_04.json
PPO,BURST,4,NORMAL,0.25,0.0,0.18,100,/Users/lab4099/Desktop/Mujoco/work/results/stage19_mixed_recovery/locked_test_v1/burst/seed_04.json
PPO,BURST,4,NORMAL,0.275,0.0,0.5,100,/Users/lab4099/Desktop/Mujoco/work/results/stage19_mixed_recovery/locked_test_v1/burst/seed_04.json
PPO,BURST,4,NORMAL,0.30000000000000004,0.0,0.24,100,/Users/lab4099/Desktop/Mujoco/work/results/stage19_mixed_recovery/locked_test_v1/burst/seed_04.json
PPO,BURST,4,NORMAL,0.325,0.0,0.56,100,/Users/lab4099/Desktop/Mujoco/work/results/stage19_mixed_recovery/locked_test_v1/burst/seed_04.json
PPO,BURST,4,NORMAL,0.35000000000000003,0.0,0.28,100,/Users/lab4099/Desktop/Mujoco/work/results/stage19_mixed_recovery/locked_test_v1/burst/seed_04.json
PPO,BURST,4,NORMAL,0.375,0.0,0.61,100,/Users/lab4099/Desktop/Mujoco/work/results/stage19_mixed_recovery/locked_test_v1/burst/seed_04.json
PPO,BURST,4,NORMAL,0.4,0.0,0.35,100,/Users/lab4099/Desktop/Mujoco/work/results/stage19_mixed_recovery/locked_test_v1/burst/seed_04.json
PPO,BURST,4,NORMAL,0.42500000000000004,0.0,0.55,100,/Users/lab4099/Desktop/Mujoco/work/results/stage19_mixed_recovery/locked_test_v1/burst/seed_04.json
PPO,BURST,4,NORMAL,0.45,0.0,0.28,100,/Users/lab4099/Desktop/Mujoco/work/results/stage19_mixed_recovery/locked_test_v1/burst/seed_04.json
PPO,BURST,4,NORMAL,0.47500000000000003,0.0,0.68,100,/Users/lab4099/Desktop/Mujoco/work/results/stage19_mixed_recovery/locked_test_v1/burst/seed_04.json
PPO,BURST,4,NORMAL,0.5,0.0,0.43,100,/Users/lab4099/Desktop/Mujoco/work/results/stage19_mixed_recovery/locked_test_v1/burst/seed_04.json
PPO,BURST,4,NORMAL,0.525,0.0,0.65,100,/Users/lab4099/Desktop/Mujoco/work/results/stage19_mixed_recovery/locked_test_v1/burst/seed_04.json
PPO,BURST,4,NORMAL,0.55,0.0,0.52,100,/Users/lab4099/Desktop/Mujoco/work/results/stage19_mixed_recovery/locked_test_v1/burst/seed_04.json
PPO,BURST,4,NORMAL,0.5750000000000001,0.0,0.58,100,/Users/lab4099/Desktop/Mujoco/work/results/stage19_mixed_recovery/locked_test_v1/burst/seed_04.json
PPO,BURST,4,NORMAL,0.6000000000000001,0.0,0.49,100,/Users/lab4099/Desktop/Mujoco/work/results/stage19_mixed_recovery/locked_test_v1/burst/seed_04.json
PPO,BURST,4,NORMAL,0.625,0.0,0.52,100,/Users/lab4099/Desktop/Mujoco/work/results/stage19_mixed_recovery/locked_test_v1/burst/seed_04.json
PPO,BURST,4,NORMAL,0.65,0.0,0.37,100,/Users/lab4099/Desktop/Mujoco/work/results/stage19_mixed_recovery/locked_test_v1/burst/seed_04.json
PPO,BURST,4,NORMAL,0.675,0.0,0.32,100,/Users/lab4099/Desktop/Mujoco/work/results/stage19_mixed_recovery/locked_test_v1/burst/seed_04.json
PPO,BURST,4,NORMAL,0.7000000000000001,0.0,0.43,100,/Users/lab4099/Desktop/Mujoco/work/results/stage19_mixed_recovery/locked_test_v1/burst/seed_04.json
PPO,BURST,4,NORMAL,0.7250000000000001,0.0,0.31,100,/Users/lab4099/Desktop/Mujoco/work/results/stage19_mixed_recovery/locked_test_v1/burst/seed_04.json
PPO,BURST,4,NORMAL,0.75,0.0,0.51,100,/Users/lab4099/Desktop/Mujoco/work/results/stage19_mixed_recovery/locked_test_v1/burst/seed_04.json
PPO,BURST,4,NORMAL,0.775,0.0,0.31,100,/Users/lab4099/Desktop/Mujoco/work/results/stage19_mixed_recovery/locked_test_v1/burst/seed_04.json
PPO,BURST,4,NORMAL,0.8,0.0,0.55,100,/Users/lab4099/Desktop/Mujoco/work/results/stage19_mixed_recovery/locked_test_v1/burst/seed_04.json
PPO,BURST,4,NORMAL,0.8250000000000001,0.0,0.24,100,/Users/lab4099/Desktop/Mujoco/work/results/stage19_mixed_recovery/locked_test_v1/burst/seed_04.json
PPO,BURST,4,NORMAL,0.8500000000000001,0.0,0.5,100,/Users/lab4099/Desktop/Mujoco/work/results/stage19_mixed_recovery/locked_test_v1/burst/seed_04.json
PPO,BURST,4,NORMAL,0.875,0.0,0.22,100,/Users/lab4099/Desktop/Mujoco/work/results/stage19_mixed_recovery/locked_test_v1/burst/seed_04.json
PPO,BURST,4,NORMAL,0.9,0.0,0.52,100,/Users/lab4099/Desktop/Mujoco/work/results/stage19_mixed_recovery/locked_test_v1/burst/seed_04.json
PPO,BURST,4,NORMAL,0.925,0.0,0.27,100,/Users/lab4099/Desktop/Mujoco/work/results/stage19_mixed_recovery/locked_test_v1/burst/seed_04.json
PPO,BURST,4,NORMAL,0.9500000000000001,0.0,0.61,100,/Users/lab4099/Desktop/Mujoco/work/results/stage19_mixed_recovery/locked_test_v1/burst/seed_04.json
PPO,BURST,4,NORMAL,0.9750000000000001,0.0,0.34,100,/Users/lab4099/Desktop/Mujoco/work/results/stage19_mixed_recovery/locked_test_v1/burst/seed_04.json
PPO,BURST,4,NORMAL,1.0,0.3,1.31,100,/Users/lab4099/Desktop/Mujoco/work/results/stage19_mixed_recovery/locked_test_v1/burst/seed_04.json
PPO,BURST,4,DENSE,0.0,0.3,1.31,100,/Users/lab4099/Desktop/Mujoco/work/results/stage19_mixed_recovery/locked_test_v1/burst/seed_04.json
PPO,BURST,4,DENSE,0.025,0.29,0.99,100,/Users/lab4099/Desktop/Mujoco/work/results/stage19_mixed_recovery/locked_test_v1/burst/seed_04.json
PPO,BURST,4,DENSE,0.05,0.56,1.04,100,/Users/lab4099/Desktop/Mujoco/work/results/stage19_mixed_recovery/locked_test_v1/burst/seed_04.json
PPO,BURST,4,DENSE,0.07500000000000001,0.85,1.2,100,/Users/lab4099/Desktop/Mujoco/work/results/stage19_mixed_recovery/locked_test_v1/burst/seed_04.json
PPO,BURST,4,DENSE,0.1,1.03,1.19,100,/Users/lab4099/Desktop/Mujoco/work/results/stage19_mixed_recovery/locked_test_v1/burst/seed_04.json
PPO,BURST,4,DENSE,0.125,1.46,1.33,100,/Users/lab4099/Desktop/Mujoco/work/results/stage19_mixed_recovery/locked_test_v1/burst/seed_04.json
PPO,BURST,4,DENSE,0.15000000000000002,1.45,1.26,100,/Users/lab4099/Desktop/Mujoco/work/results/stage19_mixed_recovery/locked_test_v1/burst/seed_04.json
PPO,BURST,4,DENSE,0.17500000000000002,1.49,1.36,100,/Users/lab4099/Desktop/Mujoco/work/results/stage19_mixed_recovery/locked_test_v1/burst/seed_04.json
PPO,BURST,4,DENSE,0.2,1.36,1.34,100,/Users/lab4099/Desktop/Mujoco/work/results/stage19_mixed_recovery/locked_test_v1/burst/seed_04.json
PPO,BURST,4,DENSE,0.225,1.52,1.39,100,/Users/lab4099/Desktop/Mujoco/work/results/stage19_mixed_recovery/locked_test_v1/burst/seed_04.json
PPO,BURST,4,DENSE,0.25,1.51,1.41,100,/Users/lab4099/Desktop/Mujoco/work/results/stage19_mixed_recovery/locked_test_v1/burst/seed_04.json
PPO,BURST,4,DENSE,0.275,1.73,1.52,100,/Users/lab4099/Desktop/Mujoco/work/results/stage19_mixed_recovery/locked_test_v1/burst/seed_04.json
PPO,BURST,4,DENSE,0.30000000000000004,1.81,1.51,100,/Users/lab4099/Desktop/Mujoco/work/results/stage19_mixed_recovery/locked_test_v1/burst/seed_04.json
PPO,BURST,4,DENSE,0.325,1.98,1.46,100,/Users/lab4099/Desktop/Mujoco/work/results/stage19_mixed_recovery/locked_test_v1/burst/seed_04.json
PPO,BURST,4,DENSE,0.35000000000000003,2.08,1.53,100,/Users/lab4099/Desktop/Mujoco/work/results/stage19_mixed_recovery/locked_test_v1/burst/seed_04.json
PPO,BURST,4,DENSE,0.375,2.02,1.64,100,/Users/lab4099/Desktop/Mujoco/work/results/stage19_mixed_recovery/locked_test_v1/burst/seed_04.json
PPO,BURST,4,DENSE,0.4,2.14,1.64,100,/Users/lab4099/Desktop/Mujoco/work/results/stage19_mixed_recovery/locked_test_v1/burst/seed_04.json
PPO,BURST,4,DENSE,0.42500000000000004,2.14,1.65,100,/Users/lab4099/Desktop/Mujoco/work/results/stage19_mixed_recovery/locked_test_v1/burst/seed_04.json
PPO,BURST,4,DENSE,0.45,2.14,1.65,100,/Users/lab4099/Desktop/Mujoco/work/results/stage19_mixed_recovery/locked_test_v1/burst/seed_04.json
PPO,BURST,4,DENSE,0.47500000000000003,2.19,1.7,100,/Users/lab4099/Desktop/Mujoco/work/results/stage19_mixed_recovery/locked_test_v1/burst/seed_04.json
PPO,BURST,4,DENSE,0.5,2.43,1.67,100,/Users/lab4099/Desktop/Mujoco/work/results/stage19_mixed_recovery/locked_test_v1/burst/seed_04.json
PPO,BURST,4,DENSE,0.525,2.49,1.66,100,/Users/lab4099/Desktop/Mujoco/work/results/stage19_mixed_recovery/locked_test_v1/burst/seed_04.json
PPO,BURST,4,DENSE,0.55,2.69,1.68,100,/Users/lab4099/Desktop/Mujoco/work/results/stage19_mixed_recovery/locked_test_v1/burst/seed_04.json
PPO,BURST,4,DENSE,0.5750000000000001,2.73,1.65,100,/Users/lab4099/Desktop/Mujoco/work/results/stage19_mixed_recovery/locked_test_v1/burst/seed_04.json
PPO,BURST,4,DENSE,0.6000000000000001,2.79,1.72,100,/Users/lab4099/Desktop/Mujoco/work/results/stage19_mixed_recovery/locked_test_v1/burst/seed_04.json
PPO,BURST,4,DENSE,0.625,2.82,1.62,100,/Users/lab4099/Desktop/Mujoco/work/results/stage19_mixed_recovery/locked_test_v1/burst/seed_04.json
PPO,BURST,4,DENSE,0.65,2.96,1.67,100,/Users/lab4099/Desktop/Mujoco/work/results/stage19_mixed_recovery/locked_test_v1/burst/seed_04.json
PPO,BURST,4,DENSE,0.675,2.9,1.62,100,/Users/lab4099/Desktop/Mujoco/work/results/stage19_mixed_recovery/locked_test_v1/burst/seed_04.json
PPO,BURST,4,DENSE,0.7000000000000001,2.99,1.67,100,/Users/lab4099/Desktop/Mujoco/work/results/stage19_mixed_recovery/locked_test_v1/burst/seed_04.json
PPO,BURST,4,DENSE,0.7250000000000001,3.01,1.73,100,/Users/lab4099/Desktop/Mujoco/work/results/stage19_mixed_recovery/locked_test_v1/burst/seed_04.json
PPO,BURST,4,DENSE,0.75,3.16,1.74,100,/Users/lab4099/Desktop/Mujoco/work/results/stage19_mixed_recovery/locked_test_v1/burst/seed_04.json
PPO,BURST,4,DENSE,0.775,3.07,1.8,100,/Users/lab4099/Desktop/Mujoco/work/results/stage19_mixed_recovery/locked_test_v1/burst/seed_04.json
PPO,BURST,4,DENSE,0.8,3.28,1.73,100,/Users/lab4099/Desktop/Mujoco/work/results/stage19_mixed_recovery/locked_test_v1/burst/seed_04.json
PPO,BURST,4,DENSE,0.8250000000000001,3.16,1.72,100,/Users/lab4099/Desktop/Mujoco/work/results/stage19_mixed_recovery/locked_test_v1/burst/seed_04.json
PPO,BURST,4,DENSE,0.8500000000000001,3.25,1.74,100,/Users/lab4099/Desktop/Mujoco/work/results/stage19_mixed_recovery/locked_test_v1/burst/seed_04.json
PPO,BURST,4,DENSE,0.875,3.19,1.72,100,/Users/lab4099/Desktop/Mujoco/work/results/stage19_mixed_recovery/locked_test_v1/burst/seed_04.json
PPO,BURST,4,DENSE,0.9,3.29,1.96,100,/Users/lab4099/Desktop/Mujoco/work/results/stage19_mixed_recovery/locked_test_v1/burst/seed_04.json
PPO,BURST,4,DENSE,0.925,3.32,1.8,100,/Users/lab4099/Desktop/Mujoco/work/results/stage19_mixed_recovery/locked_test_v1/burst/seed_04.json
PPO,BURST,4,DENSE,0.9500000000000001,3.61,1.95,100,/Users/lab4099/Desktop/Mujoco/work/results/stage19_mixed_recovery/locked_test_v1/burst/seed_04.json
PPO,BURST,4,DENSE,0.9750000000000001,3.37,1.91,100,/Users/lab4099/Desktop/Mujoco/work/results/stage19_mixed_recovery/locked_test_v1/burst/seed_04.json
PPO,BURST,4,DENSE,1.0,4.85,2.04,100,/Users/lab4099/Desktop/Mujoco/work/results/stage19_mixed_recovery/locked_test_v1/burst/seed_04.json
PPO,BURST,4,BURST,0.0,4.85,2.04,100,/Users/lab4099/Desktop/Mujoco/work/results/stage19_mixed_recovery/locked_test_v1/burst/seed_04.json
PPO,BURST,4,BURST,0.025,5.86,2.18,100,/Users/lab4099/Desktop/Mujoco/work/results/stage19_mixed_recovery/locked_test_v1/burst/seed_04.json
PPO,BURST,4,BURST,0.05,7.14,2.36,100,/Users/lab4099/Desktop/Mujoco/work/results/stage19_mixed_recovery/locked_test_v1/burst/seed_04.json
PPO,BURST,4,BURST,0.07500000000000001,8.36,2.34,100,/Users/lab4099/Desktop/Mujoco/work/results/stage19_mixed_recovery/locked_test_v1/burst/seed_04.json
PPO,BURST,4,BURST,0.1,9.8,2.36,100,/Users/lab4099/Desktop/Mujoco/work/results/stage19_mixed_recovery/locked_test_v1/burst/seed_04.json
PPO,BURST,4,BURST,0.125,11.19,2.3,100,/Users/lab4099/Desktop/Mujoco/work/results/stage19_mixed_recovery/locked_test_v1/burst/seed_04.json
PPO,BURST,4,BURST,0.15000000000000002,12.53,2.24,100,/Users/lab4099/Desktop/Mujoco/work/results/stage19_mixed_recovery/locked_test_v1/burst/seed_04.json
PPO,BURST,4,BURST,0.17500000000000002,13.93,2.21,100,/Users/lab4099/Desktop/Mujoco/work/results/stage19_mixed_recovery/locked_test_v1/burst/seed_04.json
PPO,BURST,4,BURST,0.2,15.48,2.17,100,/Users/lab4099/Desktop/Mujoco/work/results/stage19_mixed_recovery/locked_test_v1/burst/seed_04.json
PPO,BURST,4,BURST,0.225,16.9,2.09,100,/Users/lab4099/Desktop/Mujoco/work/results/stage19_mixed_recovery/locked_test_v1/burst/seed_04.json
PPO,BURST,4,BURST,0.25,18.48,2.05,100,/Users/lab4099/Desktop/Mujoco/work/results/stage19_mixed_recovery/locked_test_v1/burst/seed_04.json
PPO,BURST,4,BURST,0.275,19.98,2.03,100,/Users/lab4099/Desktop/Mujoco/work/results/stage19_mixed_recovery/locked_test_v1/burst/seed_04.json
PPO,BURST,4,BURST,0.30000000000000004,21.3,2.02,100,/Users/lab4099/Desktop/Mujoco/work/results/stage19_mixed_recovery/locked_test_v1/burst/seed_04.json
PPO,BURST,4,BURST,0.325,21.61,2.02,100,/Users/lab4099/Desktop/Mujoco/work/results/stage19_mixed_recovery/locked_test_v1/burst/seed_04.json
PPO,BURST,4,BURST,0.35000000000000003,21.55,2.01,100,/Users/lab4099/Desktop/Mujoco/work/results/stage19_mixed_recovery/locked_test_v1/burst/seed_04.json
PPO,BURST,4,BURST,0.375,21.48,2.01,100,/Users/lab4099/Desktop/Mujoco/work/results/stage19_mixed_recovery/locked_test_v1/burst/seed_04.json
PPO,BURST,4,BURST,0.4,21.41,1.99,100,/Users/lab4099/Desktop/Mujoco/work/results/stage19_mixed_recovery/locked_test_v1/burst/seed_04.json
PPO,BURST,4,BURST,0.42500000000000004,21.3,1.98,100,/Users/lab4099/Desktop/Mujoco/work/results/stage19_mixed_recovery/locked_test_v1/burst/seed_04.json
PPO,BURST,4,BURST,0.45,21.22,1.99,100,/Users/lab4099/Desktop/Mujoco/work/results/stage19_mixed_recovery/locked_test_v1/burst/seed_04.json
PPO,BURST,4,BURST,0.47500000000000003,21.16,1.97,100,/Users/lab4099/Desktop/Mujoco/work/results/stage19_mixed_recovery/locked_test_v1/burst/seed_04.json
PPO,BURST,4,BURST,0.5,21.13,1.97,100,/Users/lab4099/Desktop/Mujoco/work/results/stage19_mixed_recovery/locked_test_v1/burst/seed_04.json
PPO,BURST,4,BURST,0.525,21.07,1.97,100,/Users/lab4099/Desktop/Mujoco/work/results/stage19_mixed_recovery/locked_test_v1/burst/seed_04.json
PPO,BURST,4,BURST,0.55,20.99,1.95,100,/Users/lab4099/Desktop/Mujoco/work/results/stage19_mixed_recovery/locked_test_v1/burst/seed_04.json
PPO,BURST,4,BURST,0.5750000000000001,20.85,1.96,100,/Users/lab4099/Desktop/Mujoco/work/results/stage19_mixed_recovery/locked_test_v1/burst/seed_04.json
PPO,BURST,4,BURST,0.6000000000000001,20.77,1.97,100,/Users/lab4099/Desktop/Mujoco/work/results/stage19_mixed_recovery/locked_test_v1/burst/seed_04.json
PPO,BURST,4,BURST,0.625,20.69,1.96,100,/Users/lab4099/Desktop/Mujoco/work/results/stage19_mixed_recovery/locked_test_v1/burst/seed_04.json
PPO,BURST,4,BURST,0.65,20.6,1.97,100,/Users/lab4099/Desktop/Mujoco/work/results/stage19_mixed_recovery/locked_test_v1/burst/seed_04.json
PPO,BURST,4,BURST,0.675,20.53,1.97,100,/Users/lab4099/Desktop/Mujoco/work/results/stage19_mixed_recovery/locked_test_v1/burst/seed_04.json
PPO,BURST,4,BURST,0.7000000000000001,20.46,1.96,100,/Users/lab4099/Desktop/Mujoco/work/results/stage19_mixed_recovery/locked_test_v1/burst/seed_04.json
PPO,BURST,4,BURST,0.7250000000000001,20.31,1.96,100,/Users/lab4099/Desktop/Mujoco/work/results/stage19_mixed_recovery/locked_test_v1/burst/seed_04.json
PPO,BURST,4,BURST,0.75,20.22,1.96,100,/Users/lab4099/Desktop/Mujoco/work/results/stage19_mixed_recovery/locked_test_v1/burst/seed_04.json
PPO,BURST,4,BURST,0.775,20.12,1.96,100,/Users/lab4099/Desktop/Mujoco/work/results/stage19_mixed_recovery/locked_test_v1/burst/seed_04.json
PPO,BURST,4,BURST,0.8,19.99,1.96,100,/Users/lab4099/Desktop/Mujoco/work/results/stage19_mixed_recovery/locked_test_v1/burst/seed_04.json
PPO,BURST,4,BURST,0.8250000000000001,19.88,1.97,100,/Users/lab4099/Desktop/Mujoco/work/results/stage19_mixed_recovery/locked_test_v1/burst/seed_04.json
PPO,BURST,4,BURST,0.8500000000000001,19.78,1.95,100,/Users/lab4099/Desktop/Mujoco/work/results/stage19_mixed_recovery/locked_test_v1/burst/seed_04.json
PPO,BURST,4,BURST,0.875,19.69,1.96,100,/Users/lab4099/Desktop/Mujoco/work/results/stage19_mixed_recovery/locked_test_v1/burst/seed_04.json
PPO,BURST,4,BURST,0.9,19.62,1.95,100,/Users/lab4099/Desktop/Mujoco/work/results/stage19_mixed_recovery/locked_test_v1/burst/seed_04.json
PPO,BURST,4,BURST,0.925,19.57,1.94,100,/Users/lab4099/Desktop/Mujoco/work/results/stage19_mixed_recovery/locked_test_v1/burst/seed_04.json
PPO,BURST,4,BURST,0.9500000000000001,19.47,1.93,100,/Users/lab4099/Desktop/Mujoco/work/results/stage19_mixed_recovery/locked_test_v1/burst/seed_04.json
PPO,BURST,4,BURST,0.9750000000000001,19.39,1.94,100,/Users/lab4099/Desktop/Mujoco/work/results/stage19_mixed_recovery/locked_test_v1/burst/seed_04.json
PPO,BURST,4,BURST,1.0,20.32,1.94,100,/Users/lab4099/Desktop/Mujoco/work/results/stage19_mixed_recovery/locked_test_v1/burst/seed_04.json
PPO,BURST,4,RECOVERY,0.0,20.32,1.94,100,/Users/lab4099/Desktop/Mujoco/work/results/stage19_mixed_recovery/locked_test_v1/burst/seed_04.json
PPO,BURST,4,RECOVERY,0.025,19.19,1.95,100,/Users/lab4099/Desktop/Mujoco/work/results/stage19_mixed_recovery/locked_test_v1/burst/seed_04.json
PPO,BURST,4,RECOVERY,0.05,18.24,1.97,100,/Users/lab4099/Desktop/Mujoco/work/results/stage19_mixed_recovery/locked_test_v1/burst/seed_04.json
PPO,BURST,4,RECOVERY,0.07500000000000001,17.28,2.03,100,/Users/lab4099/Desktop/Mujoco/work/results/stage19_mixed_recovery/locked_test_v1/burst/seed_04.json
PPO,BURST,4,RECOVERY,0.1,15.57,2.09,100,/Users/lab4099/Desktop/Mujoco/work/results/stage19_mixed_recovery/locked_test_v1/burst/seed_04.json
PPO,BURST,4,RECOVERY,0.125,13.83,2.04,100,/Users/lab4099/Desktop/Mujoco/work/results/stage19_mixed_recovery/locked_test_v1/burst/seed_04.json
PPO,BURST,4,RECOVERY,0.15000000000000002,11.15,2.14,100,/Users/lab4099/Desktop/Mujoco/work/results/stage19_mixed_recovery/locked_test_v1/burst/seed_04.json
PPO,BURST,4,RECOVERY,0.17500000000000002,9.33,2.09,100,/Users/lab4099/Desktop/Mujoco/work/results/stage19_mixed_recovery/locked_test_v1/burst/seed_04.json
PPO,BURST,4,RECOVERY,0.2,6.91,1.9,100,/Users/lab4099/Desktop/Mujoco/work/results/stage19_mixed_recovery/locked_test_v1/burst/seed_04.json
PPO,BURST,4,RECOVERY,0.225,5.31,1.8,100,/Users/lab4099/Desktop/Mujoco/work/results/stage19_mixed_recovery/locked_test_v1/burst/seed_04.json
PPO,BURST,4,RECOVERY,0.25,3.87,1.61,100,/Users/lab4099/Desktop/Mujoco/work/results/stage19_mixed_recovery/locked_test_v1/burst/seed_04.json
PPO,BURST,4,RECOVERY,0.275,3.19,1.46,100,/Users/lab4099/Desktop/Mujoco/work/results/stage19_mixed_recovery/locked_test_v1/burst/seed_04.json
PPO,BURST,4,RECOVERY,0.30000000000000004,2.54,1.32,100,/Users/lab4099/Desktop/Mujoco/work/results/stage19_mixed_recovery/locked_test_v1/burst/seed_04.json
PPO,BURST,4,RECOVERY,0.325,2.02,1.26,100,/Users/lab4099/Desktop/Mujoco/work/results/stage19_mixed_recovery/locked_test_v1/burst/seed_04.json
PPO,BURST,4,RECOVERY,0.35000000000000003,1.45,1.17,100,/Users/lab4099/Desktop/Mujoco/work/results/stage19_mixed_recovery/locked_test_v1/burst/seed_04.json
PPO,BURST,4,RECOVERY,0.375,1.08,1.1,100,/Users/lab4099/Desktop/Mujoco/work/results/stage19_mixed_recovery/locked_test_v1/burst/seed_04.json
PPO,BURST,4,RECOVERY,0.4,0.67,0.96,100,/Users/lab4099/Desktop/Mujoco/work/results/stage19_mixed_recovery/locked_test_v1/burst/seed_04.json
PPO,BURST,4,RECOVERY,0.42500000000000004,0.51,0.93,100,/Users/lab4099/Desktop/Mujoco/work/results/stage19_mixed_recovery/locked_test_v1/burst/seed_04.json
PPO,BURST,4,RECOVERY,0.45,0.36,0.79,100,/Users/lab4099/Desktop/Mujoco/work/results/stage19_mixed_recovery/locked_test_v1/burst/seed_04.json
PPO,BURST,4,RECOVERY,0.47500000000000003,0.26,0.74,100,/Users/lab4099/Desktop/Mujoco/work/results/stage19_mixed_recovery/locked_test_v1/burst/seed_04.json
PPO,BURST,4,RECOVERY,0.5,0.09,0.63,100,/Users/lab4099/Desktop/Mujoco/work/results/stage19_mixed_recovery/locked_test_v1/burst/seed_04.json
PPO,BURST,4,RECOVERY,0.525,0.1,0.56,100,/Users/lab4099/Desktop/Mujoco/work/results/stage19_mixed_recovery/locked_test_v1/burst/seed_04.json
PPO,BURST,4,RECOVERY,0.55,0.04,0.45,100,/Users/lab4099/Desktop/Mujoco/work/results/stage19_mixed_recovery/locked_test_v1/burst/seed_04.json
PPO,BURST,4,RECOVERY,0.5750000000000001,0.04,0.53,100,/Users/lab4099/Desktop/Mujoco/work/results/stage19_mixed_recovery/locked_test_v1/burst/seed_04.json
PPO,BURST,4,RECOVERY,0.6000000000000001,0.01,0.53,100,/Users/lab4099/Desktop/Mujoco/work/results/stage19_mixed_recovery/locked_test_v1/burst/seed_04.json
PPO,BURST,4,RECOVERY,0.625,0.0,0.42,100,/Users/lab4099/Desktop/Mujoco/work/results/stage19_mixed_recovery/locked_test_v1/burst/seed_04.json
PPO,BURST,4,RECOVERY,0.65,0.0,0.41,100,/Users/lab4099/Desktop/Mujoco/work/results/stage19_mixed_recovery/locked_test_v1/burst/seed_04.json
PPO,BURST,4,RECOVERY,0.675,0.0,0.48,100,/Users/lab4099/Desktop/Mujoco/work/results/stage19_mixed_recovery/locked_test_v1/burst/seed_04.json
PPO,BURST,4,RECOVERY,0.7000000000000001,0.0,0.52,100,/Users/lab4099/Desktop/Mujoco/work/results/stage19_mixed_recovery/locked_test_v1/burst/seed_04.json
PPO,BURST,4,RECOVERY,0.7250000000000001,0.0,0.45,100,/Users/lab4099/Desktop/Mujoco/work/results/stage19_mixed_recovery/locked_test_v1/burst/seed_04.json
PPO,BURST,4,RECOVERY,0.75,0.0,0.49,100,/Users/lab4099/Desktop/Mujoco/work/results/stage19_mixed_recovery/locked_test_v1/burst/seed_04.json
PPO,BURST,4,RECOVERY,0.775,0.0,0.37,100,/Users/lab4099/Desktop/Mujoco/work/results/stage19_mixed_recovery/locked_test_v1/burst/seed_04.json
PPO,BURST,4,RECOVERY,0.8,0.0,0.5,100,/Users/lab4099/Desktop/Mujoco/work/results/stage19_mixed_recovery/locked_test_v1/burst/seed_04.json
PPO,BURST,4,RECOVERY,0.8250000000000001,0.0,0.42,100,/Users/lab4099/Desktop/Mujoco/work/results/stage19_mixed_recovery/locked_test_v1/burst/seed_04.json
PPO,BURST,4,RECOVERY,0.8500000000000001,0.0,0.51,100,/Users/lab4099/Desktop/Mujoco/work/results/stage19_mixed_recovery/locked_test_v1/burst/seed_04.json
PPO,BURST,4,RECOVERY,0.875,0.0,0.45,100,/Users/lab4099/Desktop/Mujoco/work/results/stage19_mixed_recovery/locked_test_v1/burst/seed_04.json
PPO,BURST,4,RECOVERY,0.9,0.0,0.57,100,/Users/lab4099/Desktop/Mujoco/work/results/stage19_mixed_recovery/locked_test_v1/burst/seed_04.json
PPO,BURST,4,RECOVERY,0.925,0.0,0.45,100,/Users/lab4099/Desktop/Mujoco/work/results/stage19_mixed_recovery/locked_test_v1/burst/seed_04.json
PPO,BURST,4,RECOVERY,0.9500000000000001,0.0,0.52,100,/Users/lab4099/Desktop/Mujoco/work/results/stage19_mixed_recovery/locked_test_v1/burst/seed_04.json
PPO,BURST,4,RECOVERY,0.9750000000000001,0.0,0.77,100,/Users/lab4099/Desktop/Mujoco/work/results/stage19_mixed_recovery/locked_test_v1/burst/seed_04.json
PPO,BURST,4,RECOVERY,1.0,0.0,0.0,100,/Users/lab4099/Desktop/Mujoco/work/results/stage19_mixed_recovery/locked_test_v1/burst/seed_04.json
PPO,BURST,5,NORMAL,0.0,0.0,1.0,100,/Users/lab4099/Desktop/Mujoco/work/results/stage19_mixed_recovery/locked_test_v1/burst/seed_05.json
PPO,BURST,5,NORMAL,0.025,0.0,0.27,100,/Users/lab4099/Desktop/Mujoco/work/results/stage19_mixed_recovery/locked_test_v1/burst/seed_05.json
PPO,BURST,5,NORMAL,0.05,0.0,0.37,100,/Users/lab4099/Desktop/Mujoco/work/results/stage19_mixed_recovery/locked_test_v1/burst/seed_05.json
PPO,BURST,5,NORMAL,0.07500000000000001,0.0,0.31,100,/Users/lab4099/Desktop/Mujoco/work/results/stage19_mixed_recovery/locked_test_v1/burst/seed_05.json
PPO,BURST,5,NORMAL,0.1,0.0,0.28,100,/Users/lab4099/Desktop/Mujoco/work/results/stage19_mixed_recovery/locked_test_v1/burst/seed_05.json
PPO,BURST,5,NORMAL,0.125,0.0,0.51,100,/Users/lab4099/Desktop/Mujoco/work/results/stage19_mixed_recovery/locked_test_v1/burst/seed_05.json
PPO,BURST,5,NORMAL,0.15000000000000002,0.0,0.29,100,/Users/lab4099/Desktop/Mujoco/work/results/stage19_mixed_recovery/locked_test_v1/burst/seed_05.json
PPO,BURST,5,NORMAL,0.17500000000000002,0.0,0.45,100,/Users/lab4099/Desktop/Mujoco/work/results/stage19_mixed_recovery/locked_test_v1/burst/seed_05.json
PPO,BURST,5,NORMAL,0.2,0.0,0.22,100,/Users/lab4099/Desktop/Mujoco/work/results/stage19_mixed_recovery/locked_test_v1/burst/seed_05.json
PPO,BURST,5,NORMAL,0.225,0.0,0.56,100,/Users/lab4099/Desktop/Mujoco/work/results/stage19_mixed_recovery/locked_test_v1/burst/seed_05.json
PPO,BURST,5,NORMAL,0.25,0.0,0.18,100,/Users/lab4099/Desktop/Mujoco/work/results/stage19_mixed_recovery/locked_test_v1/burst/seed_05.json
PPO,BURST,5,NORMAL,0.275,0.0,0.5,100,/Users/lab4099/Desktop/Mujoco/work/results/stage19_mixed_recovery/locked_test_v1/burst/seed_05.json
PPO,BURST,5,NORMAL,0.30000000000000004,0.0,0.24,100,/Users/lab4099/Desktop/Mujoco/work/results/stage19_mixed_recovery/locked_test_v1/burst/seed_05.json
PPO,BURST,5,NORMAL,0.325,0.0,0.56,100,/Users/lab4099/Desktop/Mujoco/work/results/stage19_mixed_recovery/locked_test_v1/burst/seed_05.json
PPO,BURST,5,NORMAL,0.35000000000000003,0.0,0.28,100,/Users/lab4099/Desktop/Mujoco/work/results/stage19_mixed_recovery/locked_test_v1/burst/seed_05.json
PPO,BURST,5,NORMAL,0.375,0.0,0.61,100,/Users/lab4099/Desktop/Mujoco/work/results/stage19_mixed_recovery/locked_test_v1/burst/seed_05.json
PPO,BURST,5,NORMAL,0.4,0.0,0.35,100,/Users/lab4099/Desktop/Mujoco/work/results/stage19_mixed_recovery/locked_test_v1/burst/seed_05.json
PPO,BURST,5,NORMAL,0.42500000000000004,0.0,0.55,100,/Users/lab4099/Desktop/Mujoco/work/results/stage19_mixed_recovery/locked_test_v1/burst/seed_05.json
PPO,BURST,5,NORMAL,0.45,0.0,0.28,100,/Users/lab4099/Desktop/Mujoco/work/results/stage19_mixed_recovery/locked_test_v1/burst/seed_05.json
PPO,BURST,5,NORMAL,0.47500000000000003,0.0,0.68,100,/Users/lab4099/Desktop/Mujoco/work/results/stage19_mixed_recovery/locked_test_v1/burst/seed_05.json
PPO,BURST,5,NORMAL,0.5,0.0,0.42,100,/Users/lab4099/Desktop/Mujoco/work/results/stage19_mixed_recovery/locked_test_v1/burst/seed_05.json
PPO,BURST,5,NORMAL,0.525,0.0,0.65,100,/Users/lab4099/Desktop/Mujoco/work/results/stage19_mixed_recovery/locked_test_v1/burst/seed_05.json
PPO,BURST,5,NORMAL,0.55,0.0,0.52,100,/Users/lab4099/Desktop/Mujoco/work/results/stage19_mixed_recovery/locked_test_v1/burst/seed_05.json
PPO,BURST,5,NORMAL,0.5750000000000001,0.0,0.59,100,/Users/lab4099/Desktop/Mujoco/work/results/stage19_mixed_recovery/locked_test_v1/burst/seed_05.json
PPO,BURST,5,NORMAL,0.6000000000000001,0.0,0.49,100,/Users/lab4099/Desktop/Mujoco/work/results/stage19_mixed_recovery/locked_test_v1/burst/seed_05.json
PPO,BURST,5,NORMAL,0.625,0.0,0.52,100,/Users/lab4099/Desktop/Mujoco/work/results/stage19_mixed_recovery/locked_test_v1/burst/seed_05.json
PPO,BURST,5,NORMAL,0.65,0.0,0.37,100,/Users/lab4099/Desktop/Mujoco/work/results/stage19_mixed_recovery/locked_test_v1/burst/seed_05.json
PPO,BURST,5,NORMAL,0.675,0.0,0.32,100,/Users/lab4099/Desktop/Mujoco/work/results/stage19_mixed_recovery/locked_test_v1/burst/seed_05.json
PPO,BURST,5,NORMAL,0.7000000000000001,0.0,0.42,100,/Users/lab4099/Desktop/Mujoco/work/results/stage19_mixed_recovery/locked_test_v1/burst/seed_05.json
PPO,BURST,5,NORMAL,0.7250000000000001,0.0,0.31,100,/Users/lab4099/Desktop/Mujoco/work/results/stage19_mixed_recovery/locked_test_v1/burst/seed_05.json
PPO,BURST,5,NORMAL,0.75,0.0,0.51,100,/Users/lab4099/Desktop/Mujoco/work/results/stage19_mixed_recovery/locked_test_v1/burst/seed_05.json
PPO,BURST,5,NORMAL,0.775,0.0,0.31,100,/Users/lab4099/Desktop/Mujoco/work/results/stage19_mixed_recovery/locked_test_v1/burst/seed_05.json
PPO,BURST,5,NORMAL,0.8,0.0,0.54,100,/Users/lab4099/Desktop/Mujoco/work/results/stage19_mixed_recovery/locked_test_v1/burst/seed_05.json
PPO,BURST,5,NORMAL,0.8250000000000001,0.0,0.24,100,/Users/lab4099/Desktop/Mujoco/work/results/stage19_mixed_recovery/locked_test_v1/burst/seed_05.json
PPO,BURST,5,NORMAL,0.8500000000000001,0.0,0.49,100,/Users/lab4099/Desktop/Mujoco/work/results/stage19_mixed_recovery/locked_test_v1/burst/seed_05.json
PPO,BURST,5,NORMAL,0.875,0.0,0.23,100,/Users/lab4099/Desktop/Mujoco/work/results/stage19_mixed_recovery/locked_test_v1/burst/seed_05.json
PPO,BURST,5,NORMAL,0.9,0.0,0.52,100,/Users/lab4099/Desktop/Mujoco/work/results/stage19_mixed_recovery/locked_test_v1/burst/seed_05.json
PPO,BURST,5,NORMAL,0.925,0.0,0.26,100,/Users/lab4099/Desktop/Mujoco/work/results/stage19_mixed_recovery/locked_test_v1/burst/seed_05.json
PPO,BURST,5,NORMAL,0.9500000000000001,0.0,0.6,100,/Users/lab4099/Desktop/Mujoco/work/results/stage19_mixed_recovery/locked_test_v1/burst/seed_05.json
PPO,BURST,5,NORMAL,0.9750000000000001,0.0,0.34,100,/Users/lab4099/Desktop/Mujoco/work/results/stage19_mixed_recovery/locked_test_v1/burst/seed_05.json
PPO,BURST,5,NORMAL,1.0,0.3,1.31,100,/Users/lab4099/Desktop/Mujoco/work/results/stage19_mixed_recovery/locked_test_v1/burst/seed_05.json
PPO,BURST,5,DENSE,0.0,0.3,1.31,100,/Users/lab4099/Desktop/Mujoco/work/results/stage19_mixed_recovery/locked_test_v1/burst/seed_05.json
PPO,BURST,5,DENSE,0.025,0.29,1.02,100,/Users/lab4099/Desktop/Mujoco/work/results/stage19_mixed_recovery/locked_test_v1/burst/seed_05.json
PPO,BURST,5,DENSE,0.05,0.56,1.04,100,/Users/lab4099/Desktop/Mujoco/work/results/stage19_mixed_recovery/locked_test_v1/burst/seed_05.json
PPO,BURST,5,DENSE,0.07500000000000001,0.84,1.21,100,/Users/lab4099/Desktop/Mujoco/work/results/stage19_mixed_recovery/locked_test_v1/burst/seed_05.json
PPO,BURST,5,DENSE,0.1,1.03,1.19,100,/Users/lab4099/Desktop/Mujoco/work/results/stage19_mixed_recovery/locked_test_v1/burst/seed_05.json
PPO,BURST,5,DENSE,0.125,1.46,1.33,100,/Users/lab4099/Desktop/Mujoco/work/results/stage19_mixed_recovery/locked_test_v1/burst/seed_05.json
PPO,BURST,5,DENSE,0.15000000000000002,1.46,1.26,100,/Users/lab4099/Desktop/Mujoco/work/results/stage19_mixed_recovery/locked_test_v1/burst/seed_05.json
PPO,BURST,5,DENSE,0.17500000000000002,1.51,1.36,100,/Users/lab4099/Desktop/Mujoco/work/results/stage19_mixed_recovery/locked_test_v1/burst/seed_05.json
PPO,BURST,5,DENSE,0.2,1.36,1.32,100,/Users/lab4099/Desktop/Mujoco/work/results/stage19_mixed_recovery/locked_test_v1/burst/seed_05.json
PPO,BURST,5,DENSE,0.225,1.51,1.39,100,/Users/lab4099/Desktop/Mujoco/work/results/stage19_mixed_recovery/locked_test_v1/burst/seed_05.json
PPO,BURST,5,DENSE,0.25,1.46,1.41,100,/Users/lab4099/Desktop/Mujoco/work/results/stage19_mixed_recovery/locked_test_v1/burst/seed_05.json
PPO,BURST,5,DENSE,0.275,1.68,1.52,100,/Users/lab4099/Desktop/Mujoco/work/results/stage19_mixed_recovery/locked_test_v1/burst/seed_05.json
PPO,BURST,5,DENSE,0.30000000000000004,1.79,1.51,100,/Users/lab4099/Desktop/Mujoco/work/results/stage19_mixed_recovery/locked_test_v1/burst/seed_05.json
PPO,BURST,5,DENSE,0.325,1.94,1.46,100,/Users/lab4099/Desktop/Mujoco/work/results/stage19_mixed_recovery/locked_test_v1/burst/seed_05.json
PPO,BURST,5,DENSE,0.35000000000000003,2.01,1.56,100,/Users/lab4099/Desktop/Mujoco/work/results/stage19_mixed_recovery/locked_test_v1/burst/seed_05.json
PPO,BURST,5,DENSE,0.375,2.01,1.63,100,/Users/lab4099/Desktop/Mujoco/work/results/stage19_mixed_recovery/locked_test_v1/burst/seed_05.json
PPO,BURST,5,DENSE,0.4,2.14,1.64,100,/Users/lab4099/Desktop/Mujoco/work/results/stage19_mixed_recovery/locked_test_v1/burst/seed_05.json
PPO,BURST,5,DENSE,0.42500000000000004,2.14,1.67,100,/Users/lab4099/Desktop/Mujoco/work/results/stage19_mixed_recovery/locked_test_v1/burst/seed_05.json
PPO,BURST,5,DENSE,0.45,2.16,1.66,100,/Users/lab4099/Desktop/Mujoco/work/results/stage19_mixed_recovery/locked_test_v1/burst/seed_05.json
PPO,BURST,5,DENSE,0.47500000000000003,2.19,1.7,100,/Users/lab4099/Desktop/Mujoco/work/results/stage19_mixed_recovery/locked_test_v1/burst/seed_05.json
PPO,BURST,5,DENSE,0.5,2.37,1.68,100,/Users/lab4099/Desktop/Mujoco/work/results/stage19_mixed_recovery/locked_test_v1/burst/seed_05.json
PPO,BURST,5,DENSE,0.525,2.5,1.65,100,/Users/lab4099/Desktop/Mujoco/work/results/stage19_mixed_recovery/locked_test_v1/burst/seed_05.json
PPO,BURST,5,DENSE,0.55,2.6,1.7,100,/Users/lab4099/Desktop/Mujoco/work/results/stage19_mixed_recovery/locked_test_v1/burst/seed_05.json
PPO,BURST,5,DENSE,0.5750000000000001,2.66,1.65,100,/Users/lab4099/Desktop/Mujoco/work/results/stage19_mixed_recovery/locked_test_v1/burst/seed_05.json
PPO,BURST,5,DENSE,0.6000000000000001,2.76,1.71,100,/Users/lab4099/Desktop/Mujoco/work/results/stage19_mixed_recovery/locked_test_v1/burst/seed_05.json
PPO,BURST,5,DENSE,0.625,2.79,1.61,100,/Users/lab4099/Desktop/Mujoco/work/results/stage19_mixed_recovery/locked_test_v1/burst/seed_05.json
PPO,BURST,5,DENSE,0.65,2.92,1.66,100,/Users/lab4099/Desktop/Mujoco/work/results/stage19_mixed_recovery/locked_test_v1/burst/seed_05.json
PPO,BURST,5,DENSE,0.675,2.9,1.57,100,/Users/lab4099/Desktop/Mujoco/work/results/stage19_mixed_recovery/locked_test_v1/burst/seed_05.json
PPO,BURST,5,DENSE,0.7000000000000001,3.03,1.63,100,/Users/lab4099/Desktop/Mujoco/work/results/stage19_mixed_recovery/locked_test_v1/burst/seed_05.json
PPO,BURST,5,DENSE,0.7250000000000001,2.98,1.71,100,/Users/lab4099/Desktop/Mujoco/work/results/stage19_mixed_recovery/locked_test_v1/burst/seed_05.json
PPO,BURST,5,DENSE,0.75,3.19,1.69,100,/Users/lab4099/Desktop/Mujoco/work/results/stage19_mixed_recovery/locked_test_v1/burst/seed_05.json
PPO,BURST,5,DENSE,0.775,3.06,1.73,100,/Users/lab4099/Desktop/Mujoco/work/results/stage19_mixed_recovery/locked_test_v1/burst/seed_05.json
PPO,BURST,5,DENSE,0.8,3.27,1.75,100,/Users/lab4099/Desktop/Mujoco/work/results/stage19_mixed_recovery/locked_test_v1/burst/seed_05.json
PPO,BURST,5,DENSE,0.8250000000000001,3.1,1.72,100,/Users/lab4099/Desktop/Mujoco/work/results/stage19_mixed_recovery/locked_test_v1/burst/seed_05.json
PPO,BURST,5,DENSE,0.8500000000000001,3.23,1.74,100,/Users/lab4099/Desktop/Mujoco/work/results/stage19_mixed_recovery/locked_test_v1/burst/seed_05.json
PPO,BURST,5,DENSE,0.875,3.19,1.74,100,/Users/lab4099/Desktop/Mujoco/work/results/stage19_mixed_recovery/locked_test_v1/burst/seed_05.json
PPO,BURST,5,DENSE,0.9,3.42,1.92,100,/Users/lab4099/Desktop/Mujoco/work/results/stage19_mixed_recovery/locked_test_v1/burst/seed_05.json
PPO,BURST,5,DENSE,0.925,3.49,1.79,100,/Users/lab4099/Desktop/Mujoco/work/results/stage19_mixed_recovery/locked_test_v1/burst/seed_05.json
PPO,BURST,5,DENSE,0.9500000000000001,3.8,1.92,100,/Users/lab4099/Desktop/Mujoco/work/results/stage19_mixed_recovery/locked_test_v1/burst/seed_05.json
PPO,BURST,5,DENSE,0.9750000000000001,3.53,1.85,100,/Users/lab4099/Desktop/Mujoco/work/results/stage19_mixed_recovery/locked_test_v1/burst/seed_05.json
PPO,BURST,5,DENSE,1.0,4.89,2.05,100,/Users/lab4099/Desktop/Mujoco/work/results/stage19_mixed_recovery/locked_test_v1/burst/seed_05.json
PPO,BURST,5,BURST,0.0,4.89,2.05,100,/Users/lab4099/Desktop/Mujoco/work/results/stage19_mixed_recovery/locked_test_v1/burst/seed_05.json
PPO,BURST,5,BURST,0.025,5.89,2.22,100,/Users/lab4099/Desktop/Mujoco/work/results/stage19_mixed_recovery/locked_test_v1/burst/seed_05.json
PPO,BURST,5,BURST,0.05,7.2,2.32,100,/Users/lab4099/Desktop/Mujoco/work/results/stage19_mixed_recovery/locked_test_v1/burst/seed_05.json
PPO,BURST,5,BURST,0.07500000000000001,8.36,2.27,100,/Users/lab4099/Desktop/Mujoco/work/results/stage19_mixed_recovery/locked_test_v1/burst/seed_05.json
PPO,BURST,5,BURST,0.1,9.72,2.36,100,/Users/lab4099/Desktop/Mujoco/work/results/stage19_mixed_recovery/locked_test_v1/burst/seed_05.json
PPO,BURST,5,BURST,0.125,11.04,2.32,100,/Users/lab4099/Desktop/Mujoco/work/results/stage19_mixed_recovery/locked_test_v1/burst/seed_05.json
PPO,BURST,5,BURST,0.15000000000000002,12.43,2.22,100,/Users/lab4099/Desktop/Mujoco/work/results/stage19_mixed_recovery/locked_test_v1/burst/seed_05.json
PPO,BURST,5,BURST,0.17500000000000002,13.83,2.2,100,/Users/lab4099/Desktop/Mujoco/work/results/stage19_mixed_recovery/locked_test_v1/burst/seed_05.json
PPO,BURST,5,BURST,0.2,15.37,2.12,100,/Users/lab4099/Desktop/Mujoco/work/results/stage19_mixed_recovery/locked_test_v1/burst/seed_05.json
PPO,BURST,5,BURST,0.225,16.79,2.09,100,/Users/lab4099/Desktop/Mujoco/work/results/stage19_mixed_recovery/locked_test_v1/burst/seed_05.json
PPO,BURST,5,BURST,0.25,18.39,2.03,100,/Users/lab4099/Desktop/Mujoco/work/results/stage19_mixed_recovery/locked_test_v1/burst/seed_05.json
PPO,BURST,5,BURST,0.275,19.91,2.01,100,/Users/lab4099/Desktop/Mujoco/work/results/stage19_mixed_recovery/locked_test_v1/burst/seed_05.json
PPO,BURST,5,BURST,0.30000000000000004,21.24,2.01,100,/Users/lab4099/Desktop/Mujoco/work/results/stage19_mixed_recovery/locked_test_v1/burst/seed_05.json
PPO,BURST,5,BURST,0.325,21.59,2.01,100,/Users/lab4099/Desktop/Mujoco/work/results/stage19_mixed_recovery/locked_test_v1/burst/seed_05.json
PPO,BURST,5,BURST,0.35000000000000003,21.54,2.0,100,/Users/lab4099/Desktop/Mujoco/work/results/stage19_mixed_recovery/locked_test_v1/burst/seed_05.json
PPO,BURST,5,BURST,0.375,21.48,1.99,100,/Users/lab4099/Desktop/Mujoco/work/results/stage19_mixed_recovery/locked_test_v1/burst/seed_05.json
PPO,BURST,5,BURST,0.4,21.35,1.98,100,/Users/lab4099/Desktop/Mujoco/work/results/stage19_mixed_recovery/locked_test_v1/burst/seed_05.json
PPO,BURST,5,BURST,0.42500000000000004,21.28,1.98,100,/Users/lab4099/Desktop/Mujoco/work/results/stage19_mixed_recovery/locked_test_v1/burst/seed_05.json
PPO,BURST,5,BURST,0.45,21.23,1.98,100,/Users/lab4099/Desktop/Mujoco/work/results/stage19_mixed_recovery/locked_test_v1/burst/seed_05.json
PPO,BURST,5,BURST,0.47500000000000003,21.15,1.97,100,/Users/lab4099/Desktop/Mujoco/work/results/stage19_mixed_recovery/locked_test_v1/burst/seed_05.json
PPO,BURST,5,BURST,0.5,21.09,1.96,100,/Users/lab4099/Desktop/Mujoco/work/results/stage19_mixed_recovery/locked_test_v1/burst/seed_05.json
PPO,BURST,5,BURST,0.525,21.02,1.96,100,/Users/lab4099/Desktop/Mujoco/work/results/stage19_mixed_recovery/locked_test_v1/burst/seed_05.json
PPO,BURST,5,BURST,0.55,20.89,1.96,100,/Users/lab4099/Desktop/Mujoco/work/results/stage19_mixed_recovery/locked_test_v1/burst/seed_05.json
PPO,BURST,5,BURST,0.5750000000000001,20.84,1.96,100,/Users/lab4099/Desktop/Mujoco/work/results/stage19_mixed_recovery/locked_test_v1/burst/seed_05.json
PPO,BURST,5,BURST,0.6000000000000001,20.76,1.96,100,/Users/lab4099/Desktop/Mujoco/work/results/stage19_mixed_recovery/locked_test_v1/burst/seed_05.json
PPO,BURST,5,BURST,0.625,20.62,1.96,100,/Users/lab4099/Desktop/Mujoco/work/results/stage19_mixed_recovery/locked_test_v1/burst/seed_05.json
PPO,BURST,5,BURST,0.65,20.52,1.97,100,/Users/lab4099/Desktop/Mujoco/work/results/stage19_mixed_recovery/locked_test_v1/burst/seed_05.json
PPO,BURST,5,BURST,0.675,20.45,1.98,100,/Users/lab4099/Desktop/Mujoco/work/results/stage19_mixed_recovery/locked_test_v1/burst/seed_05.json
PPO,BURST,5,BURST,0.7000000000000001,20.31,1.98,100,/Users/lab4099/Desktop/Mujoco/work/results/stage19_mixed_recovery/locked_test_v1/burst/seed_05.json
PPO,BURST,5,BURST,0.7250000000000001,20.26,1.96,100,/Users/lab4099/Desktop/Mujoco/work/results/stage19_mixed_recovery/locked_test_v1/burst/seed_05.json
PPO,BURST,5,BURST,0.75,20.14,1.94,100,/Users/lab4099/Desktop/Mujoco/work/results/stage19_mixed_recovery/locked_test_v1/burst/seed_05.json
PPO,BURST,5,BURST,0.775,19.99,1.96,100,/Users/lab4099/Desktop/Mujoco/work/results/stage19_mixed_recovery/locked_test_v1/burst/seed_05.json
PPO,BURST,5,BURST,0.8,19.91,1.96,100,/Users/lab4099/Desktop/Mujoco/work/results/stage19_mixed_recovery/locked_test_v1/burst/seed_05.json
PPO,BURST,5,BURST,0.8250000000000001,19.82,1.96,100,/Users/lab4099/Desktop/Mujoco/work/results/stage19_mixed_recovery/locked_test_v1/burst/seed_05.json
PPO,BURST,5,BURST,0.8500000000000001,19.71,1.96,100,/Users/lab4099/Desktop/Mujoco/work/results/stage19_mixed_recovery/locked_test_v1/burst/seed_05.json
PPO,BURST,5,BURST,0.875,19.66,1.96,100,/Users/lab4099/Desktop/Mujoco/work/results/stage19_mixed_recovery/locked_test_v1/burst/seed_05.json
PPO,BURST,5,BURST,0.9,19.59,1.94,100,/Users/lab4099/Desktop/Mujoco/work/results/stage19_mixed_recovery/locked_test_v1/burst/seed_05.json
PPO,BURST,5,BURST,0.925,19.51,1.95,100,/Users/lab4099/Desktop/Mujoco/work/results/stage19_mixed_recovery/locked_test_v1/burst/seed_05.json
PPO,BURST,5,BURST,0.9500000000000001,19.4,1.94,100,/Users/lab4099/Desktop/Mujoco/work/results/stage19_mixed_recovery/locked_test_v1/burst/seed_05.json
PPO,BURST,5,BURST,0.9750000000000001,19.33,1.95,100,/Users/lab4099/Desktop/Mujoco/work/results/stage19_mixed_recovery/locked_test_v1/burst/seed_05.json
PPO,BURST,5,BURST,1.0,20.26,1.96,100,/Users/lab4099/Desktop/Mujoco/work/results/stage19_mixed_recovery/locked_test_v1/burst/seed_05.json
PPO,BURST,5,RECOVERY,0.0,20.26,1.96,100,/Users/lab4099/Desktop/Mujoco/work/results/stage19_mixed_recovery/locked_test_v1/burst/seed_05.json
PPO,BURST,5,RECOVERY,0.025,19.04,1.92,100,/Users/lab4099/Desktop/Mujoco/work/results/stage19_mixed_recovery/locked_test_v1/burst/seed_05.json
PPO,BURST,5,RECOVERY,0.05,18.19,1.94,100,/Users/lab4099/Desktop/Mujoco/work/results/stage19_mixed_recovery/locked_test_v1/burst/seed_05.json
PPO,BURST,5,RECOVERY,0.07500000000000001,17.18,1.99,100,/Users/lab4099/Desktop/Mujoco/work/results/stage19_mixed_recovery/locked_test_v1/burst/seed_05.json
PPO,BURST,5,RECOVERY,0.1,15.58,2.03,100,/Users/lab4099/Desktop/Mujoco/work/results/stage19_mixed_recovery/locked_test_v1/burst/seed_05.json
PPO,BURST,5,RECOVERY,0.125,13.63,2.11,100,/Users/lab4099/Desktop/Mujoco/work/results/stage19_mixed_recovery/locked_test_v1/burst/seed_05.json
PPO,BURST,5,RECOVERY,0.15000000000000002,11.11,2.16,100,/Users/lab4099/Desktop/Mujoco/work/results/stage19_mixed_recovery/locked_test_v1/burst/seed_05.json
PPO,BURST,5,RECOVERY,0.17500000000000002,8.75,2.22,100,/Users/lab4099/Desktop/Mujoco/work/results/stage19_mixed_recovery/locked_test_v1/burst/seed_05.json
PPO,BURST,5,RECOVERY,0.2,6.66,1.9,100,/Users/lab4099/Desktop/Mujoco/work/results/stage19_mixed_recovery/locked_test_v1/burst/seed_05.json
PPO,BURST,5,RECOVERY,0.225,5.33,1.76,100,/Users/lab4099/Desktop/Mujoco/work/results/stage19_mixed_recovery/locked_test_v1/burst/seed_05.json
PPO,BURST,5,RECOVERY,0.25,3.9,1.55,100,/Users/lab4099/Desktop/Mujoco/work/results/stage19_mixed_recovery/locked_test_v1/burst/seed_05.json
PPO,BURST,5,RECOVERY,0.275,3.28,1.48,100,/Users/lab4099/Desktop/Mujoco/work/results/stage19_mixed_recovery/locked_test_v1/burst/seed_05.json
PPO,BURST,5,RECOVERY,0.30000000000000004,2.42,1.32,100,/Users/lab4099/Desktop/Mujoco/work/results/stage19_mixed_recovery/locked_test_v1/burst/seed_05.json
PPO,BURST,5,RECOVERY,0.325,2.08,1.25,100,/Users/lab4099/Desktop/Mujoco/work/results/stage19_mixed_recovery/locked_test_v1/burst/seed_05.json
PPO,BURST,5,RECOVERY,0.35000000000000003,1.3,1.25,100,/Users/lab4099/Desktop/Mujoco/work/results/stage19_mixed_recovery/locked_test_v1/burst/seed_05.json
PPO,BURST,5,RECOVERY,0.375,1.17,1.1,100,/Users/lab4099/Desktop/Mujoco/work/results/stage19_mixed_recovery/locked_test_v1/burst/seed_05.json
PPO,BURST,5,RECOVERY,0.4,0.67,0.91,100,/Users/lab4099/Desktop/Mujoco/work/results/stage19_mixed_recovery/locked_test_v1/burst/seed_05.json
PPO,BURST,5,RECOVERY,0.42500000000000004,0.66,0.95,100,/Users/lab4099/Desktop/Mujoco/work/results/stage19_mixed_recovery/locked_test_v1/burst/seed_05.json
PPO,BURST,5,RECOVERY,0.45,0.35,0.82,100,/Users/lab4099/Desktop/Mujoco/work/results/stage19_mixed_recovery/locked_test_v1/burst/seed_05.json
PPO,BURST,5,RECOVERY,0.47500000000000003,0.27,0.84,100,/Users/lab4099/Desktop/Mujoco/work/results/stage19_mixed_recovery/locked_test_v1/burst/seed_05.json
PPO,BURST,5,RECOVERY,0.5,0.09,0.69,100,/Users/lab4099/Desktop/Mujoco/work/results/stage19_mixed_recovery/locked_test_v1/burst/seed_05.json
PPO,BURST,5,RECOVERY,0.525,0.11,0.56,100,/Users/lab4099/Desktop/Mujoco/work/results/stage19_mixed_recovery/locked_test_v1/burst/seed_05.json
PPO,BURST,5,RECOVERY,0.55,0.01,0.44,100,/Users/lab4099/Desktop/Mujoco/work/results/stage19_mixed_recovery/locked_test_v1/burst/seed_05.json
PPO,BURST,5,RECOVERY,0.5750000000000001,0.03,0.52,100,/Users/lab4099/Desktop/Mujoco/work/results/stage19_mixed_recovery/locked_test_v1/burst/seed_05.json
PPO,BURST,5,RECOVERY,0.6000000000000001,0.0,0.49,100,/Users/lab4099/Desktop/Mujoco/work/results/stage19_mixed_recovery/locked_test_v1/burst/seed_05.json
PPO,BURST,5,RECOVERY,0.625,0.0,0.39,100,/Users/lab4099/Desktop/Mujoco/work/results/stage19_mixed_recovery/locked_test_v1/burst/seed_05.json
PPO,BURST,5,RECOVERY,0.65,0.0,0.42,100,/Users/lab4099/Desktop/Mujoco/work/results/stage19_mixed_recovery/locked_test_v1/burst/seed_05.json
PPO,BURST,5,RECOVERY,0.675,0.0,0.47,100,/Users/lab4099/Desktop/Mujoco/work/results/stage19_mixed_recovery/locked_test_v1/burst/seed_05.json
PPO,BURST,5,RECOVERY,0.7000000000000001,0.0,0.52,100,/Users/lab4099/Desktop/Mujoco/work/results/stage19_mixed_recovery/locked_test_v1/burst/seed_05.json
PPO,BURST,5,RECOVERY,0.7250000000000001,0.0,0.43,100,/Users/lab4099/Desktop/Mujoco/work/results/stage19_mixed_recovery/locked_test_v1/burst/seed_05.json
PPO,BURST,5,RECOVERY,0.75,0.0,0.49,100,/Users/lab4099/Desktop/Mujoco/work/results/stage19_mixed_recovery/locked_test_v1/burst/seed_05.json
PPO,BURST,5,RECOVERY,0.775,0.0,0.35,100,/Users/lab4099/Desktop/Mujoco/work/results/stage19_mixed_recovery/locked_test_v1/burst/seed_05.json
PPO,BURST,5,RECOVERY,0.8,0.0,0.5,100,/Users/lab4099/Desktop/Mujoco/work/results/stage19_mixed_recovery/locked_test_v1/burst/seed_05.json
PPO,BURST,5,RECOVERY,0.8250000000000001,0.0,0.4,100,/Users/lab4099/Desktop/Mujoco/work/results/stage19_mixed_recovery/locked_test_v1/burst/seed_05.json
PPO,BURST,5,RECOVERY,0.8500000000000001,0.0,0.46,100,/Users/lab4099/Desktop/Mujoco/work/results/stage19_mixed_recovery/locked_test_v1/burst/seed_05.json
PPO,BURST,5,RECOVERY,0.875,0.0,0.42,100,/Users/lab4099/Desktop/Mujoco/work/results/stage19_mixed_recovery/locked_test_v1/burst/seed_05.json
PPO,BURST,5,RECOVERY,0.9,0.0,0.56,100,/Users/lab4099/Desktop/Mujoco/work/results/stage19_mixed_recovery/locked_test_v1/burst/seed_05.json
PPO,BURST,5,RECOVERY,0.925,0.0,0.44,100,/Users/lab4099/Desktop/Mujoco/work/results/stage19_mixed_recovery/locked_test_v1/burst/seed_05.json
PPO,BURST,5,RECOVERY,0.9500000000000001,0.0,0.48,100,/Users/lab4099/Desktop/Mujoco/work/results/stage19_mixed_recovery/locked_test_v1/burst/seed_05.json
PPO,BURST,5,RECOVERY,0.9750000000000001,0.0,0.77,100,/Users/lab4099/Desktop/Mujoco/work/results/stage19_mixed_recovery/locked_test_v1/burst/seed_05.json
PPO,BURST,5,RECOVERY,1.0,0.0,0.0,100,/Users/lab4099/Desktop/Mujoco/work/results/stage19_mixed_recovery/locked_test_v1/burst/seed_05.json
PPO,BURST,6,NORMAL,0.0,0.0,1.0,100,/Users/lab4099/Desktop/Mujoco/work/results/stage19_mixed_recovery/locked_test_v1/burst/seed_06.json
PPO,BURST,6,NORMAL,0.025,0.0,0.27,100,/Users/lab4099/Desktop/Mujoco/work/results/stage19_mixed_recovery/locked_test_v1/burst/seed_06.json
PPO,BURST,6,NORMAL,0.05,0.0,0.37,100,/Users/lab4099/Desktop/Mujoco/work/results/stage19_mixed_recovery/locked_test_v1/burst/seed_06.json
PPO,BURST,6,NORMAL,0.07500000000000001,0.0,0.31,100,/Users/lab4099/Desktop/Mujoco/work/results/stage19_mixed_recovery/locked_test_v1/burst/seed_06.json
PPO,BURST,6,NORMAL,0.1,0.0,0.29,100,/Users/lab4099/Desktop/Mujoco/work/results/stage19_mixed_recovery/locked_test_v1/burst/seed_06.json
PPO,BURST,6,NORMAL,0.125,0.0,0.51,100,/Users/lab4099/Desktop/Mujoco/work/results/stage19_mixed_recovery/locked_test_v1/burst/seed_06.json
PPO,BURST,6,NORMAL,0.15000000000000002,0.0,0.27,100,/Users/lab4099/Desktop/Mujoco/work/results/stage19_mixed_recovery/locked_test_v1/burst/seed_06.json
PPO,BURST,6,NORMAL,0.17500000000000002,0.0,0.45,100,/Users/lab4099/Desktop/Mujoco/work/results/stage19_mixed_recovery/locked_test_v1/burst/seed_06.json
PPO,BURST,6,NORMAL,0.2,0.0,0.22,100,/Users/lab4099/Desktop/Mujoco/work/results/stage19_mixed_recovery/locked_test_v1/burst/seed_06.json
PPO,BURST,6,NORMAL,0.225,0.0,0.56,100,/Users/lab4099/Desktop/Mujoco/work/results/stage19_mixed_recovery/locked_test_v1/burst/seed_06.json
PPO,BURST,6,NORMAL,0.25,0.0,0.18,100,/Users/lab4099/Desktop/Mujoco/work/results/stage19_mixed_recovery/locked_test_v1/burst/seed_06.json
PPO,BURST,6,NORMAL,0.275,0.0,0.5,100,/Users/lab4099/Desktop/Mujoco/work/results/stage19_mixed_recovery/locked_test_v1/burst/seed_06.json
PPO,BURST,6,NORMAL,0.30000000000000004,0.0,0.24,100,/Users/lab4099/Desktop/Mujoco/work/results/stage19_mixed_recovery/locked_test_v1/burst/seed_06.json
PPO,BURST,6,NORMAL,0.325,0.0,0.56,100,/Users/lab4099/Desktop/Mujoco/work/results/stage19_mixed_recovery/locked_test_v1/burst/seed_06.json
PPO,BURST,6,NORMAL,0.35000000000000003,0.0,0.28,100,/Users/lab4099/Desktop/Mujoco/work/results/stage19_mixed_recovery/locked_test_v1/burst/seed_06.json
PPO,BURST,6,NORMAL,0.375,0.0,0.61,100,/Users/lab4099/Desktop/Mujoco/work/results/stage19_mixed_recovery/locked_test_v1/burst/seed_06.json
PPO,BURST,6,NORMAL,0.4,0.0,0.36,100,/Users/lab4099/Desktop/Mujoco/work/results/stage19_mixed_recovery/locked_test_v1/burst/seed_06.json
PPO,BURST,6,NORMAL,0.42500000000000004,0.0,0.55,100,/Users/lab4099/Desktop/Mujoco/work/results/stage19_mixed_recovery/locked_test_v1/burst/seed_06.json
PPO,BURST,6,NORMAL,0.45,0.0,0.28,100,/Users/lab4099/Desktop/Mujoco/work/results/stage19_mixed_recovery/locked_test_v1/burst/seed_06.json
PPO,BURST,6,NORMAL,0.47500000000000003,0.0,0.68,100,/Users/lab4099/Desktop/Mujoco/work/results/stage19_mixed_recovery/locked_test_v1/burst/seed_06.json
PPO,BURST,6,NORMAL,0.5,0.0,0.42,100,/Users/lab4099/Desktop/Mujoco/work/results/stage19_mixed_recovery/locked_test_v1/burst/seed_06.json
PPO,BURST,6,NORMAL,0.525,0.0,0.65,100,/Users/lab4099/Desktop/Mujoco/work/results/stage19_mixed_recovery/locked_test_v1/burst/seed_06.json
PPO,BURST,6,NORMAL,0.55,0.0,0.52,100,/Users/lab4099/Desktop/Mujoco/work/results/stage19_mixed_recovery/locked_test_v1/burst/seed_06.json
PPO,BURST,6,NORMAL,0.5750000000000001,0.0,0.58,100,/Users/lab4099/Desktop/Mujoco/work/results/stage19_mixed_recovery/locked_test_v1/burst/seed_06.json
PPO,BURST,6,NORMAL,0.6000000000000001,0.0,0.49,100,/Users/lab4099/Desktop/Mujoco/work/results/stage19_mixed_recovery/locked_test_v1/burst/seed_06.json
PPO,BURST,6,NORMAL,0.625,0.01,0.53,100,/Users/lab4099/Desktop/Mujoco/work/results/stage19_mixed_recovery/locked_test_v1/burst/seed_06.json
PPO,BURST,6,NORMAL,0.65,0.0,0.37,100,/Users/lab4099/Desktop/Mujoco/work/results/stage19_mixed_recovery/locked_test_v1/burst/seed_06.json
PPO,BURST,6,NORMAL,0.675,0.0,0.32,100,/Users/lab4099/Desktop/Mujoco/work/results/stage19_mixed_recovery/locked_test_v1/burst/seed_06.json
PPO,BURST,6,NORMAL,0.7000000000000001,0.0,0.42,100,/Users/lab4099/Desktop/Mujoco/work/results/stage19_mixed_recovery/locked_test_v1/burst/seed_06.json
PPO,BURST,6,NORMAL,0.7250000000000001,0.0,0.31,100,/Users/lab4099/Desktop/Mujoco/work/results/stage19_mixed_recovery/locked_test_v1/burst/seed_06.json
PPO,BURST,6,NORMAL,0.75,0.0,0.51,100,/Users/lab4099/Desktop/Mujoco/work/results/stage19_mixed_recovery/locked_test_v1/burst/seed_06.json
PPO,BURST,6,NORMAL,0.775,0.0,0.31,100,/Users/lab4099/Desktop/Mujoco/work/results/stage19_mixed_recovery/locked_test_v1/burst/seed_06.json
PPO,BURST,6,NORMAL,0.8,0.0,0.55,100,/Users/lab4099/Desktop/Mujoco/work/results/stage19_mixed_recovery/locked_test_v1/burst/seed_06.json
PPO,BURST,6,NORMAL,0.8250000000000001,0.0,0.24,100,/Users/lab4099/Desktop/Mujoco/work/results/stage19_mixed_recovery/locked_test_v1/burst/seed_06.json
PPO,BURST,6,NORMAL,0.8500000000000001,0.0,0.49,100,/Users/lab4099/Desktop/Mujoco/work/results/stage19_mixed_recovery/locked_test_v1/burst/seed_06.json
PPO,BURST,6,NORMAL,0.875,0.0,0.24,100,/Users/lab4099/Desktop/Mujoco/work/results/stage19_mixed_recovery/locked_test_v1/burst/seed_06.json
PPO,BURST,6,NORMAL,0.9,0.0,0.52,100,/Users/lab4099/Desktop/Mujoco/work/results/stage19_mixed_recovery/locked_test_v1/burst/seed_06.json
PPO,BURST,6,NORMAL,0.925,0.0,0.28,100,/Users/lab4099/Desktop/Mujoco/work/results/stage19_mixed_recovery/locked_test_v1/burst/seed_06.json
PPO,BURST,6,NORMAL,0.9500000000000001,0.0,0.6,100,/Users/lab4099/Desktop/Mujoco/work/results/stage19_mixed_recovery/locked_test_v1/burst/seed_06.json
PPO,BURST,6,NORMAL,0.9750000000000001,0.0,0.34,100,/Users/lab4099/Desktop/Mujoco/work/results/stage19_mixed_recovery/locked_test_v1/burst/seed_06.json
PPO,BURST,6,NORMAL,1.0,0.3,1.31,100,/Users/lab4099/Desktop/Mujoco/work/results/stage19_mixed_recovery/locked_test_v1/burst/seed_06.json
PPO,BURST,6,DENSE,0.0,0.3,1.31,100,/Users/lab4099/Desktop/Mujoco/work/results/stage19_mixed_recovery/locked_test_v1/burst/seed_06.json
PPO,BURST,6,DENSE,0.025,0.29,1.04,100,/Users/lab4099/Desktop/Mujoco/work/results/stage19_mixed_recovery/locked_test_v1/burst/seed_06.json
PPO,BURST,6,DENSE,0.05,0.56,1.04,100,/Users/lab4099/Desktop/Mujoco/work/results/stage19_mixed_recovery/locked_test_v1/burst/seed_06.json
PPO,BURST,6,DENSE,0.07500000000000001,0.85,1.21,100,/Users/lab4099/Desktop/Mujoco/work/results/stage19_mixed_recovery/locked_test_v1/burst/seed_06.json
PPO,BURST,6,DENSE,0.1,1.03,1.19,100,/Users/lab4099/Desktop/Mujoco/work/results/stage19_mixed_recovery/locked_test_v1/burst/seed_06.json
PPO,BURST,6,DENSE,0.125,1.46,1.35,100,/Users/lab4099/Desktop/Mujoco/work/results/stage19_mixed_recovery/locked_test_v1/burst/seed_06.json
PPO,BURST,6,DENSE,0.15000000000000002,1.46,1.27,100,/Users/lab4099/Desktop/Mujoco/work/results/stage19_mixed_recovery/locked_test_v1/burst/seed_06.json
PPO,BURST,6,DENSE,0.17500000000000002,1.51,1.38,100,/Users/lab4099/Desktop/Mujoco/work/results/stage19_mixed_recovery/locked_test_v1/burst/seed_06.json
PPO,BURST,6,DENSE,0.2,1.47,1.31,100,/Users/lab4099/Desktop/Mujoco/work/results/stage19_mixed_recovery/locked_test_v1/burst/seed_06.json
PPO,BURST,6,DENSE,0.225,1.52,1.4,100,/Users/lab4099/Desktop/Mujoco/work/results/stage19_mixed_recovery/locked_test_v1/burst/seed_06.json
PPO,BURST,6,DENSE,0.25,1.46,1.42,100,/Users/lab4099/Desktop/Mujoco/work/results/stage19_mixed_recovery/locked_test_v1/burst/seed_06.json
PPO,BURST,6,DENSE,0.275,1.71,1.51,100,/Users/lab4099/Desktop/Mujoco/work/results/stage19_mixed_recovery/locked_test_v1/burst/seed_06.json
PPO,BURST,6,DENSE,0.30000000000000004,1.79,1.51,100,/Users/lab4099/Desktop/Mujoco/work/results/stage19_mixed_recovery/locked_test_v1/burst/seed_06.json
PPO,BURST,6,DENSE,0.325,1.97,1.48,100,/Users/lab4099/Desktop/Mujoco/work/results/stage19_mixed_recovery/locked_test_v1/burst/seed_06.json
PPO,BURST,6,DENSE,0.35000000000000003,2.04,1.55,100,/Users/lab4099/Desktop/Mujoco/work/results/stage19_mixed_recovery/locked_test_v1/burst/seed_06.json
PPO,BURST,6,DENSE,0.375,2.05,1.66,100,/Users/lab4099/Desktop/Mujoco/work/results/stage19_mixed_recovery/locked_test_v1/burst/seed_06.json
PPO,BURST,6,DENSE,0.4,2.15,1.68,100,/Users/lab4099/Desktop/Mujoco/work/results/stage19_mixed_recovery/locked_test_v1/burst/seed_06.json
PPO,BURST,6,DENSE,0.42500000000000004,2.17,1.65,100,/Users/lab4099/Desktop/Mujoco/work/results/stage19_mixed_recovery/locked_test_v1/burst/seed_06.json
PPO,BURST,6,DENSE,0.45,2.23,1.64,100,/Users/lab4099/Desktop/Mujoco/work/results/stage19_mixed_recovery/locked_test_v1/burst/seed_06.json
PPO,BURST,6,DENSE,0.47500000000000003,2.29,1.64,100,/Users/lab4099/Desktop/Mujoco/work/results/stage19_mixed_recovery/locked_test_v1/burst/seed_06.json
PPO,BURST,6,DENSE,0.5,2.5,1.62,100,/Users/lab4099/Desktop/Mujoco/work/results/stage19_mixed_recovery/locked_test_v1/burst/seed_06.json
PPO,BURST,6,DENSE,0.525,2.58,1.63,100,/Users/lab4099/Desktop/Mujoco/work/results/stage19_mixed_recovery/locked_test_v1/burst/seed_06.json
PPO,BURST,6,DENSE,0.55,2.81,1.65,100,/Users/lab4099/Desktop/Mujoco/work/results/stage19_mixed_recovery/locked_test_v1/burst/seed_06.json
PPO,BURST,6,DENSE,0.5750000000000001,2.75,1.7,100,/Users/lab4099/Desktop/Mujoco/work/results/stage19_mixed_recovery/locked_test_v1/burst/seed_06.json
PPO,BURST,6,DENSE,0.6000000000000001,2.85,1.66,100,/Users/lab4099/Desktop/Mujoco/work/results/stage19_mixed_recovery/locked_test_v1/burst/seed_06.json
PPO,BURST,6,DENSE,0.625,2.88,1.56,100,/Users/lab4099/Desktop/Mujoco/work/results/stage19_mixed_recovery/locked_test_v1/burst/seed_06.json
PPO,BURST,6,DENSE,0.65,3.0,1.65,100,/Users/lab4099/Desktop/Mujoco/work/results/stage19_mixed_recovery/locked_test_v1/burst/seed_06.json
PPO,BURST,6,DENSE,0.675,2.99,1.57,100,/Users/lab4099/Desktop/Mujoco/work/results/stage19_mixed_recovery/locked_test_v1/burst/seed_06.json
PPO,BURST,6,DENSE,0.7000000000000001,3.05,1.65,100,/Users/lab4099/Desktop/Mujoco/work/results/stage19_mixed_recovery/locked_test_v1/burst/seed_06.json
PPO,BURST,6,DENSE,0.7250000000000001,3.08,1.68,100,/Users/lab4099/Desktop/Mujoco/work/results/stage19_mixed_recovery/locked_test_v1/burst/seed_06.json
PPO,BURST,6,DENSE,0.75,3.14,1.75,100,/Users/lab4099/Desktop/Mujoco/work/results/stage19_mixed_recovery/locked_test_v1/burst/seed_06.json
PPO,BURST,6,DENSE,0.775,3.1,1.75,100,/Users/lab4099/Desktop/Mujoco/work/results/stage19_mixed_recovery/locked_test_v1/burst/seed_06.json
PPO,BURST,6,DENSE,0.8,3.35,1.74,100,/Users/lab4099/Desktop/Mujoco/work/results/stage19_mixed_recovery/locked_test_v1/burst/seed_06.json
PPO,BURST,6,DENSE,0.8250000000000001,3.16,1.73,100,/Users/lab4099/Desktop/Mujoco/work/results/stage19_mixed_recovery/locked_test_v1/burst/seed_06.json
PPO,BURST,6,DENSE,0.8500000000000001,3.27,1.77,100,/Users/lab4099/Desktop/Mujoco/work/results/stage19_mixed_recovery/locked_test_v1/burst/seed_06.json
PPO,BURST,6,DENSE,0.875,3.35,1.76,100,/Users/lab4099/Desktop/Mujoco/work/results/stage19_mixed_recovery/locked_test_v1/burst/seed_06.json
PPO,BURST,6,DENSE,0.9,3.43,2.0,100,/Users/lab4099/Desktop/Mujoco/work/results/stage19_mixed_recovery/locked_test_v1/burst/seed_06.json
PPO,BURST,6,DENSE,0.925,3.35,1.81,100,/Users/lab4099/Desktop/Mujoco/work/results/stage19_mixed_recovery/locked_test_v1/burst/seed_06.json
PPO,BURST,6,DENSE,0.9500000000000001,3.7,1.92,100,/Users/lab4099/Desktop/Mujoco/work/results/stage19_mixed_recovery/locked_test_v1/burst/seed_06.json
PPO,BURST,6,DENSE,0.9750000000000001,3.48,1.91,100,/Users/lab4099/Desktop/Mujoco/work/results/stage19_mixed_recovery/locked_test_v1/burst/seed_06.json
PPO,BURST,6,DENSE,1.0,4.95,2.07,100,/Users/lab4099/Desktop/Mujoco/work/results/stage19_mixed_recovery/locked_test_v1/burst/seed_06.json
PPO,BURST,6,BURST,0.0,4.95,2.07,100,/Users/lab4099/Desktop/Mujoco/work/results/stage19_mixed_recovery/locked_test_v1/burst/seed_06.json
PPO,BURST,6,BURST,0.025,5.9,2.23,100,/Users/lab4099/Desktop/Mujoco/work/results/stage19_mixed_recovery/locked_test_v1/burst/seed_06.json
PPO,BURST,6,BURST,0.05,7.21,2.4,100,/Users/lab4099/Desktop/Mujoco/work/results/stage19_mixed_recovery/locked_test_v1/burst/seed_06.json
PPO,BURST,6,BURST,0.07500000000000001,8.4,2.34,100,/Users/lab4099/Desktop/Mujoco/work/results/stage19_mixed_recovery/locked_test_v1/burst/seed_06.json
PPO,BURST,6,BURST,0.1,9.82,2.39,100,/Users/lab4099/Desktop/Mujoco/work/results/stage19_mixed_recovery/locked_test_v1/burst/seed_06.json
PPO,BURST,6,BURST,0.125,11.19,2.3,100,/Users/lab4099/Desktop/Mujoco/work/results/stage19_mixed_recovery/locked_test_v1/burst/seed_06.json
PPO,BURST,6,BURST,0.15000000000000002,12.65,2.19,100,/Users/lab4099/Desktop/Mujoco/work/results/stage19_mixed_recovery/locked_test_v1/burst/seed_06.json
PPO,BURST,6,BURST,0.17500000000000002,14.08,2.16,100,/Users/lab4099/Desktop/Mujoco/work/results/stage19_mixed_recovery/locked_test_v1/burst/seed_06.json
PPO,BURST,6,BURST,0.2,15.59,2.13,100,/Users/lab4099/Desktop/Mujoco/work/results/stage19_mixed_recovery/locked_test_v1/burst/seed_06.json
PPO,BURST,6,BURST,0.225,16.95,2.1,100,/Users/lab4099/Desktop/Mujoco/work/results/stage19_mixed_recovery/locked_test_v1/burst/seed_06.json
PPO,BURST,6,BURST,0.25,18.54,2.07,100,/Users/lab4099/Desktop/Mujoco/work/results/stage19_mixed_recovery/locked_test_v1/burst/seed_06.json
PPO,BURST,6,BURST,0.275,20.02,2.03,100,/Users/lab4099/Desktop/Mujoco/work/results/stage19_mixed_recovery/locked_test_v1/burst/seed_06.json
PPO,BURST,6,BURST,0.30000000000000004,21.38,2.0,100,/Users/lab4099/Desktop/Mujoco/work/results/stage19_mixed_recovery/locked_test_v1/burst/seed_06.json
PPO,BURST,6,BURST,0.325,21.69,2.0,100,/Users/lab4099/Desktop/Mujoco/work/results/stage19_mixed_recovery/locked_test_v1/burst/seed_06.json
PPO,BURST,6,BURST,0.35000000000000003,21.66,1.99,100,/Users/lab4099/Desktop/Mujoco/work/results/stage19_mixed_recovery/locked_test_v1/burst/seed_06.json
PPO,BURST,6,BURST,0.375,21.6,1.98,100,/Users/lab4099/Desktop/Mujoco/work/results/stage19_mixed_recovery/locked_test_v1/burst/seed_06.json
PPO,BURST,6,BURST,0.4,21.52,1.97,100,/Users/lab4099/Desktop/Mujoco/work/results/stage19_mixed_recovery/locked_test_v1/burst/seed_06.json
PPO,BURST,6,BURST,0.42500000000000004,21.41,1.96,100,/Users/lab4099/Desktop/Mujoco/work/results/stage19_mixed_recovery/locked_test_v1/burst/seed_06.json
PPO,BURST,6,BURST,0.45,21.34,1.97,100,/Users/lab4099/Desktop/Mujoco/work/results/stage19_mixed_recovery/locked_test_v1/burst/seed_06.json
PPO,BURST,6,BURST,0.47500000000000003,21.25,1.96,100,/Users/lab4099/Desktop/Mujoco/work/results/stage19_mixed_recovery/locked_test_v1/burst/seed_06.json
PPO,BURST,6,BURST,0.5,21.2,1.95,100,/Users/lab4099/Desktop/Mujoco/work/results/stage19_mixed_recovery/locked_test_v1/burst/seed_06.json
PPO,BURST,6,BURST,0.525,21.13,1.95,100,/Users/lab4099/Desktop/Mujoco/work/results/stage19_mixed_recovery/locked_test_v1/burst/seed_06.json
PPO,BURST,6,BURST,0.55,21.06,1.96,100,/Users/lab4099/Desktop/Mujoco/work/results/stage19_mixed_recovery/locked_test_v1/burst/seed_06.json
PPO,BURST,6,BURST,0.5750000000000001,21.01,1.96,100,/Users/lab4099/Desktop/Mujoco/work/results/stage19_mixed_recovery/locked_test_v1/burst/seed_06.json
PPO,BURST,6,BURST,0.6000000000000001,20.89,1.97,100,/Users/lab4099/Desktop/Mujoco/work/results/stage19_mixed_recovery/locked_test_v1/burst/seed_06.json
PPO,BURST,6,BURST,0.625,20.77,1.95,100,/Users/lab4099/Desktop/Mujoco/work/results/stage19_mixed_recovery/locked_test_v1/burst/seed_06.json
PPO,BURST,6,BURST,0.65,20.71,1.95,100,/Users/lab4099/Desktop/Mujoco/work/results/stage19_mixed_recovery/locked_test_v1/burst/seed_06.json
PPO,BURST,6,BURST,0.675,20.65,1.95,100,/Users/lab4099/Desktop/Mujoco/work/results/stage19_mixed_recovery/locked_test_v1/burst/seed_06.json
PPO,BURST,6,BURST,0.7000000000000001,20.54,1.94,100,/Users/lab4099/Desktop/Mujoco/work/results/stage19_mixed_recovery/locked_test_v1/burst/seed_06.json
PPO,BURST,6,BURST,0.7250000000000001,20.45,1.93,100,/Users/lab4099/Desktop/Mujoco/work/results/stage19_mixed_recovery/locked_test_v1/burst/seed_06.json
PPO,BURST,6,BURST,0.75,20.33,1.93,100,/Users/lab4099/Desktop/Mujoco/work/results/stage19_mixed_recovery/locked_test_v1/burst/seed_06.json
PPO,BURST,6,BURST,0.775,20.24,1.94,100,/Users/lab4099/Desktop/Mujoco/work/results/stage19_mixed_recovery/locked_test_v1/burst/seed_06.json
PPO,BURST,6,BURST,0.8,20.17,1.94,100,/Users/lab4099/Desktop/Mujoco/work/results/stage19_mixed_recovery/locked_test_v1/burst/seed_06.json
PPO,BURST,6,BURST,0.8250000000000001,20.06,1.92,100,/Users/lab4099/Desktop/Mujoco/work/results/stage19_mixed_recovery/locked_test_v1/burst/seed_06.json
PPO,BURST,6,BURST,0.8500000000000001,19.97,1.89,100,/Users/lab4099/Desktop/Mujoco/work/results/stage19_mixed_recovery/locked_test_v1/burst/seed_06.json
PPO,BURST,6,BURST,0.875,19.86,1.9,100,/Users/lab4099/Desktop/Mujoco/work/results/stage19_mixed_recovery/locked_test_v1/burst/seed_06.json
PPO,BURST,6,BURST,0.9,19.77,1.9,100,/Users/lab4099/Desktop/Mujoco/work/results/stage19_mixed_recovery/locked_test_v1/burst/seed_06.json
PPO,BURST,6,BURST,0.925,19.69,1.89,100,/Users/lab4099/Desktop/Mujoco/work/results/stage19_mixed_recovery/locked_test_v1/burst/seed_06.json
PPO,BURST,6,BURST,0.9500000000000001,19.6,1.89,100,/Users/lab4099/Desktop/Mujoco/work/results/stage19_mixed_recovery/locked_test_v1/burst/seed_06.json
PPO,BURST,6,BURST,0.9750000000000001,19.49,1.9,100,/Users/lab4099/Desktop/Mujoco/work/results/stage19_mixed_recovery/locked_test_v1/burst/seed_06.json
PPO,BURST,6,BURST,1.0,20.43,1.9,100,/Users/lab4099/Desktop/Mujoco/work/results/stage19_mixed_recovery/locked_test_v1/burst/seed_06.json
PPO,BURST,6,RECOVERY,0.0,20.43,1.9,100,/Users/lab4099/Desktop/Mujoco/work/results/stage19_mixed_recovery/locked_test_v1/burst/seed_06.json
PPO,BURST,6,RECOVERY,0.025,19.21,1.91,100,/Users/lab4099/Desktop/Mujoco/work/results/stage19_mixed_recovery/locked_test_v1/burst/seed_06.json
PPO,BURST,6,RECOVERY,0.05,18.31,1.95,100,/Users/lab4099/Desktop/Mujoco/work/results/stage19_mixed_recovery/locked_test_v1/burst/seed_06.json
PPO,BURST,6,RECOVERY,0.07500000000000001,17.39,2.03,100,/Users/lab4099/Desktop/Mujoco/work/results/stage19_mixed_recovery/locked_test_v1/burst/seed_06.json
PPO,BURST,6,RECOVERY,0.1,15.61,2.12,100,/Users/lab4099/Desktop/Mujoco/work/results/stage19_mixed_recovery/locked_test_v1/burst/seed_06.json
PPO,BURST,6,RECOVERY,0.125,14.08,2.08,100,/Users/lab4099/Desktop/Mujoco/work/results/stage19_mixed_recovery/locked_test_v1/burst/seed_06.json
PPO,BURST,6,RECOVERY,0.15000000000000002,11.4,2.21,100,/Users/lab4099/Desktop/Mujoco/work/results/stage19_mixed_recovery/locked_test_v1/burst/seed_06.json
PPO,BURST,6,RECOVERY,0.17500000000000002,9.44,2.06,100,/Users/lab4099/Desktop/Mujoco/work/results/stage19_mixed_recovery/locked_test_v1/burst/seed_06.json
PPO,BURST,6,RECOVERY,0.2,6.99,1.94,100,/Users/lab4099/Desktop/Mujoco/work/results/stage19_mixed_recovery/locked_test_v1/burst/seed_06.json
PPO,BURST,6,RECOVERY,0.225,5.67,1.74,100,/Users/lab4099/Desktop/Mujoco/work/results/stage19_mixed_recovery/locked_test_v1/burst/seed_06.json
PPO,BURST,6,RECOVERY,0.25,4.26,1.58,100,/Users/lab4099/Desktop/Mujoco/work/results/stage19_mixed_recovery/locked_test_v1/burst/seed_06.json
PPO,BURST,6,RECOVERY,0.275,3.45,1.58,100,/Users/lab4099/Desktop/Mujoco/work/results/stage19_mixed_recovery/locked_test_v1/burst/seed_06.json
PPO,BURST,6,RECOVERY,0.30000000000000004,2.57,1.39,100,/Users/lab4099/Desktop/Mujoco/work/results/stage19_mixed_recovery/locked_test_v1/burst/seed_06.json
PPO,BURST,6,RECOVERY,0.325,2.25,1.29,100,/Users/lab4099/Desktop/Mujoco/work/results/stage19_mixed_recovery/locked_test_v1/burst/seed_06.json
PPO,BURST,6,RECOVERY,0.35000000000000003,1.63,1.19,100,/Users/lab4099/Desktop/Mujoco/work/results/stage19_mixed_recovery/locked_test_v1/burst/seed_06.json
PPO,BURST,6,RECOVERY,0.375,1.31,1.15,100,/Users/lab4099/Desktop/Mujoco/work/results/stage19_mixed_recovery/locked_test_v1/burst/seed_06.json
PPO,BURST,6,RECOVERY,0.4,0.75,0.97,100,/Users/lab4099/Desktop/Mujoco/work/results/stage19_mixed_recovery/locked_test_v1/burst/seed_06.json
PPO,BURST,6,RECOVERY,0.42500000000000004,0.69,0.97,100,/Users/lab4099/Desktop/Mujoco/work/results/stage19_mixed_recovery/locked_test_v1/burst/seed_06.json
PPO,BURST,6,RECOVERY,0.45,0.38,0.91,100,/Users/lab4099/Desktop/Mujoco/work/results/stage19_mixed_recovery/locked_test_v1/burst/seed_06.json
PPO,BURST,6,RECOVERY,0.47500000000000003,0.28,0.83,100,/Users/lab4099/Desktop/Mujoco/work/results/stage19_mixed_recovery/locked_test_v1/burst/seed_06.json
PPO,BURST,6,RECOVERY,0.5,0.15,0.67,100,/Users/lab4099/Desktop/Mujoco/work/results/stage19_mixed_recovery/locked_test_v1/burst/seed_06.json
PPO,BURST,6,RECOVERY,0.525,0.1,0.56,100,/Users/lab4099/Desktop/Mujoco/work/results/stage19_mixed_recovery/locked_test_v1/burst/seed_06.json
PPO,BURST,6,RECOVERY,0.55,0.04,0.49,100,/Users/lab4099/Desktop/Mujoco/work/results/stage19_mixed_recovery/locked_test_v1/burst/seed_06.json
PPO,BURST,6,RECOVERY,0.5750000000000001,0.02,0.53,100,/Users/lab4099/Desktop/Mujoco/work/results/stage19_mixed_recovery/locked_test_v1/burst/seed_06.json
PPO,BURST,6,RECOVERY,0.6000000000000001,0.02,0.54,100,/Users/lab4099/Desktop/Mujoco/work/results/stage19_mixed_recovery/locked_test_v1/burst/seed_06.json
PPO,BURST,6,RECOVERY,0.625,0.0,0.42,100,/Users/lab4099/Desktop/Mujoco/work/results/stage19_mixed_recovery/locked_test_v1/burst/seed_06.json
PPO,BURST,6,RECOVERY,0.65,0.01,0.42,100,/Users/lab4099/Desktop/Mujoco/work/results/stage19_mixed_recovery/locked_test_v1/burst/seed_06.json
PPO,BURST,6,RECOVERY,0.675,0.0,0.51,100,/Users/lab4099/Desktop/Mujoco/work/results/stage19_mixed_recovery/locked_test_v1/burst/seed_06.json
PPO,BURST,6,RECOVERY,0.7000000000000001,0.01,0.55,100,/Users/lab4099/Desktop/Mujoco/work/results/stage19_mixed_recovery/locked_test_v1/burst/seed_06.json
PPO,BURST,6,RECOVERY,0.7250000000000001,0.0,0.47,100,/Users/lab4099/Desktop/Mujoco/work/results/stage19_mixed_recovery/locked_test_v1/burst/seed_06.json
PPO,BURST,6,RECOVERY,0.75,0.0,0.49,100,/Users/lab4099/Desktop/Mujoco/work/results/stage19_mixed_recovery/locked_test_v1/burst/seed_06.json
PPO,BURST,6,RECOVERY,0.775,0.0,0.36,100,/Users/lab4099/Desktop/Mujoco/work/results/stage19_mixed_recovery/locked_test_v1/burst/seed_06.json
PPO,BURST,6,RECOVERY,0.8,0.0,0.5,100,/Users/lab4099/Desktop/Mujoco/work/results/stage19_mixed_recovery/locked_test_v1/burst/seed_06.json
PPO,BURST,6,RECOVERY,0.8250000000000001,0.0,0.42,100,/Users/lab4099/Desktop/Mujoco/work/results/stage19_mixed_recovery/locked_test_v1/burst/seed_06.json
PPO,BURST,6,RECOVERY,0.8500000000000001,0.0,0.5,100,/Users/lab4099/Desktop/Mujoco/work/results/stage19_mixed_recovery/locked_test_v1/burst/seed_06.json
PPO,BURST,6,RECOVERY,0.875,0.0,0.45,100,/Users/lab4099/Desktop/Mujoco/work/results/stage19_mixed_recovery/locked_test_v1/burst/seed_06.json
PPO,BURST,6,RECOVERY,0.9,0.0,0.57,100,/Users/lab4099/Desktop/Mujoco/work/results/stage19_mixed_recovery/locked_test_v1/burst/seed_06.json
PPO,BURST,6,RECOVERY,0.925,0.0,0.46,100,/Users/lab4099/Desktop/Mujoco/work/results/stage19_mixed_recovery/locked_test_v1/burst/seed_06.json
PPO,BURST,6,RECOVERY,0.9500000000000001,0.0,0.5,100,/Users/lab4099/Desktop/Mujoco/work/results/stage19_mixed_recovery/locked_test_v1/burst/seed_06.json
PPO,BURST,6,RECOVERY,0.9750000000000001,0.0,0.77,100,/Users/lab4099/Desktop/Mujoco/work/results/stage19_mixed_recovery/locked_test_v1/burst/seed_06.json
PPO,BURST,6,RECOVERY,1.0,0.0,0.0,100,/Users/lab4099/Desktop/Mujoco/work/results/stage19_mixed_recovery/locked_test_v1/burst/seed_06.json
PPO,BURST,7,NORMAL,0.0,0.0,1.0,100,/Users/lab4099/Desktop/Mujoco/work/results/stage19_mixed_recovery/locked_test_v1/burst/seed_07.json
PPO,BURST,7,NORMAL,0.025,0.0,0.27,100,/Users/lab4099/Desktop/Mujoco/work/results/stage19_mixed_recovery/locked_test_v1/burst/seed_07.json
PPO,BURST,7,NORMAL,0.05,0.0,0.37,100,/Users/lab4099/Desktop/Mujoco/work/results/stage19_mixed_recovery/locked_test_v1/burst/seed_07.json
PPO,BURST,7,NORMAL,0.07500000000000001,0.0,0.31,100,/Users/lab4099/Desktop/Mujoco/work/results/stage19_mixed_recovery/locked_test_v1/burst/seed_07.json
PPO,BURST,7,NORMAL,0.1,0.0,0.29,100,/Users/lab4099/Desktop/Mujoco/work/results/stage19_mixed_recovery/locked_test_v1/burst/seed_07.json
PPO,BURST,7,NORMAL,0.125,0.0,0.51,100,/Users/lab4099/Desktop/Mujoco/work/results/stage19_mixed_recovery/locked_test_v1/burst/seed_07.json
PPO,BURST,7,NORMAL,0.15000000000000002,0.0,0.27,100,/Users/lab4099/Desktop/Mujoco/work/results/stage19_mixed_recovery/locked_test_v1/burst/seed_07.json
PPO,BURST,7,NORMAL,0.17500000000000002,0.0,0.45,100,/Users/lab4099/Desktop/Mujoco/work/results/stage19_mixed_recovery/locked_test_v1/burst/seed_07.json
PPO,BURST,7,NORMAL,0.2,0.0,0.22,100,/Users/lab4099/Desktop/Mujoco/work/results/stage19_mixed_recovery/locked_test_v1/burst/seed_07.json
PPO,BURST,7,NORMAL,0.225,0.0,0.56,100,/Users/lab4099/Desktop/Mujoco/work/results/stage19_mixed_recovery/locked_test_v1/burst/seed_07.json
PPO,BURST,7,NORMAL,0.25,0.0,0.18,100,/Users/lab4099/Desktop/Mujoco/work/results/stage19_mixed_recovery/locked_test_v1/burst/seed_07.json
PPO,BURST,7,NORMAL,0.275,0.0,0.52,100,/Users/lab4099/Desktop/Mujoco/work/results/stage19_mixed_recovery/locked_test_v1/burst/seed_07.json
PPO,BURST,7,NORMAL,0.30000000000000004,0.0,0.24,100,/Users/lab4099/Desktop/Mujoco/work/results/stage19_mixed_recovery/locked_test_v1/burst/seed_07.json
PPO,BURST,7,NORMAL,0.325,0.0,0.56,100,/Users/lab4099/Desktop/Mujoco/work/results/stage19_mixed_recovery/locked_test_v1/burst/seed_07.json
PPO,BURST,7,NORMAL,0.35000000000000003,0.0,0.28,100,/Users/lab4099/Desktop/Mujoco/work/results/stage19_mixed_recovery/locked_test_v1/burst/seed_07.json
PPO,BURST,7,NORMAL,0.375,0.0,0.62,100,/Users/lab4099/Desktop/Mujoco/work/results/stage19_mixed_recovery/locked_test_v1/burst/seed_07.json
PPO,BURST,7,NORMAL,0.4,0.0,0.35,100,/Users/lab4099/Desktop/Mujoco/work/results/stage19_mixed_recovery/locked_test_v1/burst/seed_07.json
PPO,BURST,7,NORMAL,0.42500000000000004,0.0,0.54,100,/Users/lab4099/Desktop/Mujoco/work/results/stage19_mixed_recovery/locked_test_v1/burst/seed_07.json
PPO,BURST,7,NORMAL,0.45,0.0,0.28,100,/Users/lab4099/Desktop/Mujoco/work/results/stage19_mixed_recovery/locked_test_v1/burst/seed_07.json
PPO,BURST,7,NORMAL,0.47500000000000003,0.0,0.68,100,/Users/lab4099/Desktop/Mujoco/work/results/stage19_mixed_recovery/locked_test_v1/burst/seed_07.json
PPO,BURST,7,NORMAL,0.5,0.0,0.42,100,/Users/lab4099/Desktop/Mujoco/work/results/stage19_mixed_recovery/locked_test_v1/burst/seed_07.json
PPO,BURST,7,NORMAL,0.525,0.0,0.65,100,/Users/lab4099/Desktop/Mujoco/work/results/stage19_mixed_recovery/locked_test_v1/burst/seed_07.json
PPO,BURST,7,NORMAL,0.55,0.0,0.52,100,/Users/lab4099/Desktop/Mujoco/work/results/stage19_mixed_recovery/locked_test_v1/burst/seed_07.json
PPO,BURST,7,NORMAL,0.5750000000000001,0.0,0.58,100,/Users/lab4099/Desktop/Mujoco/work/results/stage19_mixed_recovery/locked_test_v1/burst/seed_07.json
PPO,BURST,7,NORMAL,0.6000000000000001,0.0,0.49,100,/Users/lab4099/Desktop/Mujoco/work/results/stage19_mixed_recovery/locked_test_v1/burst/seed_07.json
PPO,BURST,7,NORMAL,0.625,0.0,0.52,100,/Users/lab4099/Desktop/Mujoco/work/results/stage19_mixed_recovery/locked_test_v1/burst/seed_07.json
PPO,BURST,7,NORMAL,0.65,0.0,0.37,100,/Users/lab4099/Desktop/Mujoco/work/results/stage19_mixed_recovery/locked_test_v1/burst/seed_07.json
PPO,BURST,7,NORMAL,0.675,0.0,0.32,100,/Users/lab4099/Desktop/Mujoco/work/results/stage19_mixed_recovery/locked_test_v1/burst/seed_07.json
PPO,BURST,7,NORMAL,0.7000000000000001,0.0,0.42,100,/Users/lab4099/Desktop/Mujoco/work/results/stage19_mixed_recovery/locked_test_v1/burst/seed_07.json
PPO,BURST,7,NORMAL,0.7250000000000001,0.0,0.31,100,/Users/lab4099/Desktop/Mujoco/work/results/stage19_mixed_recovery/locked_test_v1/burst/seed_07.json
PPO,BURST,7,NORMAL,0.75,0.0,0.51,100,/Users/lab4099/Desktop/Mujoco/work/results/stage19_mixed_recovery/locked_test_v1/burst/seed_07.json
PPO,BURST,7,NORMAL,0.775,0.0,0.31,100,/Users/lab4099/Desktop/Mujoco/work/results/stage19_mixed_recovery/locked_test_v1/burst/seed_07.json
PPO,BURST,7,NORMAL,0.8,0.0,0.54,100,/Users/lab4099/Desktop/Mujoco/work/results/stage19_mixed_recovery/locked_test_v1/burst/seed_07.json
PPO,BURST,7,NORMAL,0.8250000000000001,0.0,0.23,100,/Users/lab4099/Desktop/Mujoco/work/results/stage19_mixed_recovery/locked_test_v1/burst/seed_07.json
PPO,BURST,7,NORMAL,0.8500000000000001,0.0,0.49,100,/Users/lab4099/Desktop/Mujoco/work/results/stage19_mixed_recovery/locked_test_v1/burst/seed_07.json
PPO,BURST,7,NORMAL,0.875,0.0,0.23,100,/Users/lab4099/Desktop/Mujoco/work/results/stage19_mixed_recovery/locked_test_v1/burst/seed_07.json
PPO,BURST,7,NORMAL,0.9,0.0,0.52,100,/Users/lab4099/Desktop/Mujoco/work/results/stage19_mixed_recovery/locked_test_v1/burst/seed_07.json
PPO,BURST,7,NORMAL,0.925,0.0,0.28,100,/Users/lab4099/Desktop/Mujoco/work/results/stage19_mixed_recovery/locked_test_v1/burst/seed_07.json
PPO,BURST,7,NORMAL,0.9500000000000001,0.0,0.61,100,/Users/lab4099/Desktop/Mujoco/work/results/stage19_mixed_recovery/locked_test_v1/burst/seed_07.json
PPO,BURST,7,NORMAL,0.9750000000000001,0.0,0.35,100,/Users/lab4099/Desktop/Mujoco/work/results/stage19_mixed_recovery/locked_test_v1/burst/seed_07.json
PPO,BURST,7,NORMAL,1.0,0.3,1.31,100,/Users/lab4099/Desktop/Mujoco/work/results/stage19_mixed_recovery/locked_test_v1/burst/seed_07.json
PPO,BURST,7,DENSE,0.0,0.3,1.31,100,/Users/lab4099/Desktop/Mujoco/work/results/stage19_mixed_recovery/locked_test_v1/burst/seed_07.json
PPO,BURST,7,DENSE,0.025,0.29,1.0,100,/Users/lab4099/Desktop/Mujoco/work/results/stage19_mixed_recovery/locked_test_v1/burst/seed_07.json
PPO,BURST,7,DENSE,0.05,0.56,1.04,100,/Users/lab4099/Desktop/Mujoco/work/results/stage19_mixed_recovery/locked_test_v1/burst/seed_07.json
PPO,BURST,7,DENSE,0.07500000000000001,0.85,1.2,100,/Users/lab4099/Desktop/Mujoco/work/results/stage19_mixed_recovery/locked_test_v1/burst/seed_07.json
PPO,BURST,7,DENSE,0.1,1.03,1.19,100,/Users/lab4099/Desktop/Mujoco/work/results/stage19_mixed_recovery/locked_test_v1/burst/seed_07.json
PPO,BURST,7,DENSE,0.125,1.46,1.34,100,/Users/lab4099/Desktop/Mujoco/work/results/stage19_mixed_recovery/locked_test_v1/burst/seed_07.json
PPO,BURST,7,DENSE,0.15000000000000002,1.46,1.26,100,/Users/lab4099/Desktop/Mujoco/work/results/stage19_mixed_recovery/locked_test_v1/burst/seed_07.json
PPO,BURST,7,DENSE,0.17500000000000002,1.5,1.36,100,/Users/lab4099/Desktop/Mujoco/work/results/stage19_mixed_recovery/locked_test_v1/burst/seed_07.json
PPO,BURST,7,DENSE,0.2,1.5,1.31,100,/Users/lab4099/Desktop/Mujoco/work/results/stage19_mixed_recovery/locked_test_v1/burst/seed_07.json
PPO,BURST,7,DENSE,0.225,1.54,1.4,100,/Users/lab4099/Desktop/Mujoco/work/results/stage19_mixed_recovery/locked_test_v1/burst/seed_07.json
PPO,BURST,7,DENSE,0.25,1.51,1.44,100,/Users/lab4099/Desktop/Mujoco/work/results/stage19_mixed_recovery/locked_test_v1/burst/seed_07.json
PPO,BURST,7,DENSE,0.275,1.76,1.52,100,/Users/lab4099/Desktop/Mujoco/work/results/stage19_mixed_recovery/locked_test_v1/burst/seed_07.json
PPO,BURST,7,DENSE,0.30000000000000004,1.82,1.53,100,/Users/lab4099/Desktop/Mujoco/work/results/stage19_mixed_recovery/locked_test_v1/burst/seed_07.json
PPO,BURST,7,DENSE,0.325,1.98,1.5,100,/Users/lab4099/Desktop/Mujoco/work/results/stage19_mixed_recovery/locked_test_v1/burst/seed_07.json
PPO,BURST,7,DENSE,0.35000000000000003,2.08,1.55,100,/Users/lab4099/Desktop/Mujoco/work/results/stage19_mixed_recovery/locked_test_v1/burst/seed_07.json
PPO,BURST,7,DENSE,0.375,2.13,1.62,100,/Users/lab4099/Desktop/Mujoco/work/results/stage19_mixed_recovery/locked_test_v1/burst/seed_07.json
PPO,BURST,7,DENSE,0.4,2.25,1.64,100,/Users/lab4099/Desktop/Mujoco/work/results/stage19_mixed_recovery/locked_test_v1/burst/seed_07.json
PPO,BURST,7,DENSE,0.42500000000000004,2.25,1.67,100,/Users/lab4099/Desktop/Mujoco/work/results/stage19_mixed_recovery/locked_test_v1/burst/seed_07.json
PPO,BURST,7,DENSE,0.45,2.23,1.66,100,/Users/lab4099/Desktop/Mujoco/work/results/stage19_mixed_recovery/locked_test_v1/burst/seed_07.json
PPO,BURST,7,DENSE,0.47500000000000003,2.26,1.71,100,/Users/lab4099/Desktop/Mujoco/work/results/stage19_mixed_recovery/locked_test_v1/burst/seed_07.json
PPO,BURST,7,DENSE,0.5,2.46,1.64,100,/Users/lab4099/Desktop/Mujoco/work/results/stage19_mixed_recovery/locked_test_v1/burst/seed_07.json
PPO,BURST,7,DENSE,0.525,2.54,1.66,100,/Users/lab4099/Desktop/Mujoco/work/results/stage19_mixed_recovery/locked_test_v1/burst/seed_07.json
PPO,BURST,7,DENSE,0.55,2.77,1.67,100,/Users/lab4099/Desktop/Mujoco/work/results/stage19_mixed_recovery/locked_test_v1/burst/seed_07.json
PPO,BURST,7,DENSE,0.5750000000000001,2.75,1.68,100,/Users/lab4099/Desktop/Mujoco/work/results/stage19_mixed_recovery/locked_test_v1/burst/seed_07.json
PPO,BURST,7,DENSE,0.6000000000000001,2.91,1.67,100,/Users/lab4099/Desktop/Mujoco/work/results/stage19_mixed_recovery/locked_test_v1/burst/seed_07.json
PPO,BURST,7,DENSE,0.625,2.9,1.62,100,/Users/lab4099/Desktop/Mujoco/work/results/stage19_mixed_recovery/locked_test_v1/burst/seed_07.json
PPO,BURST,7,DENSE,0.65,3.02,1.67,100,/Users/lab4099/Desktop/Mujoco/work/results/stage19_mixed_recovery/locked_test_v1/burst/seed_07.json
PPO,BURST,7,DENSE,0.675,2.98,1.61,100,/Users/lab4099/Desktop/Mujoco/work/results/stage19_mixed_recovery/locked_test_v1/burst/seed_07.json
PPO,BURST,7,DENSE,0.7000000000000001,3.01,1.71,100,/Users/lab4099/Desktop/Mujoco/work/results/stage19_mixed_recovery/locked_test_v1/burst/seed_07.json
PPO,BURST,7,DENSE,0.7250000000000001,3.03,1.71,100,/Users/lab4099/Desktop/Mujoco/work/results/stage19_mixed_recovery/locked_test_v1/burst/seed_07.json
PPO,BURST,7,DENSE,0.75,3.2,1.75,100,/Users/lab4099/Desktop/Mujoco/work/results/stage19_mixed_recovery/locked_test_v1/burst/seed_07.json
PPO,BURST,7,DENSE,0.775,3.15,1.76,100,/Users/lab4099/Desktop/Mujoco/work/results/stage19_mixed_recovery/locked_test_v1/burst/seed_07.json
PPO,BURST,7,DENSE,0.8,3.38,1.8,100,/Users/lab4099/Desktop/Mujoco/work/results/stage19_mixed_recovery/locked_test_v1/burst/seed_07.json
PPO,BURST,7,DENSE,0.8250000000000001,3.26,1.71,100,/Users/lab4099/Desktop/Mujoco/work/results/stage19_mixed_recovery/locked_test_v1/burst/seed_07.json
PPO,BURST,7,DENSE,0.8500000000000001,3.42,1.74,100,/Users/lab4099/Desktop/Mujoco/work/results/stage19_mixed_recovery/locked_test_v1/burst/seed_07.json
PPO,BURST,7,DENSE,0.875,3.49,1.71,100,/Users/lab4099/Desktop/Mujoco/work/results/stage19_mixed_recovery/locked_test_v1/burst/seed_07.json
PPO,BURST,7,DENSE,0.9,3.51,1.88,100,/Users/lab4099/Desktop/Mujoco/work/results/stage19_mixed_recovery/locked_test_v1/burst/seed_07.json
PPO,BURST,7,DENSE,0.925,3.38,1.81,100,/Users/lab4099/Desktop/Mujoco/work/results/stage19_mixed_recovery/locked_test_v1/burst/seed_07.json
PPO,BURST,7,DENSE,0.9500000000000001,3.76,1.88,100,/Users/lab4099/Desktop/Mujoco/work/results/stage19_mixed_recovery/locked_test_v1/burst/seed_07.json
PPO,BURST,7,DENSE,0.9750000000000001,3.47,1.83,100,/Users/lab4099/Desktop/Mujoco/work/results/stage19_mixed_recovery/locked_test_v1/burst/seed_07.json
PPO,BURST,7,DENSE,1.0,4.89,2.04,100,/Users/lab4099/Desktop/Mujoco/work/results/stage19_mixed_recovery/locked_test_v1/burst/seed_07.json
PPO,BURST,7,BURST,0.0,4.89,2.04,100,/Users/lab4099/Desktop/Mujoco/work/results/stage19_mixed_recovery/locked_test_v1/burst/seed_07.json
PPO,BURST,7,BURST,0.025,5.85,2.22,100,/Users/lab4099/Desktop/Mujoco/work/results/stage19_mixed_recovery/locked_test_v1/burst/seed_07.json
PPO,BURST,7,BURST,0.05,7.18,2.37,100,/Users/lab4099/Desktop/Mujoco/work/results/stage19_mixed_recovery/locked_test_v1/burst/seed_07.json
PPO,BURST,7,BURST,0.07500000000000001,8.42,2.32,100,/Users/lab4099/Desktop/Mujoco/work/results/stage19_mixed_recovery/locked_test_v1/burst/seed_07.json
PPO,BURST,7,BURST,0.1,9.77,2.38,100,/Users/lab4099/Desktop/Mujoco/work/results/stage19_mixed_recovery/locked_test_v1/burst/seed_07.json
PPO,BURST,7,BURST,0.125,11.14,2.3,100,/Users/lab4099/Desktop/Mujoco/work/results/stage19_mixed_recovery/locked_test_v1/burst/seed_07.json
PPO,BURST,7,BURST,0.15000000000000002,12.6,2.22,100,/Users/lab4099/Desktop/Mujoco/work/results/stage19_mixed_recovery/locked_test_v1/burst/seed_07.json
PPO,BURST,7,BURST,0.17500000000000002,14.01,2.15,100,/Users/lab4099/Desktop/Mujoco/work/results/stage19_mixed_recovery/locked_test_v1/burst/seed_07.json
PPO,BURST,7,BURST,0.2,15.59,2.13,100,/Users/lab4099/Desktop/Mujoco/work/results/stage19_mixed_recovery/locked_test_v1/burst/seed_07.json
PPO,BURST,7,BURST,0.225,17.05,2.06,100,/Users/lab4099/Desktop/Mujoco/work/results/stage19_mixed_recovery/locked_test_v1/burst/seed_07.json
PPO,BURST,7,BURST,0.25,18.67,2.04,100,/Users/lab4099/Desktop/Mujoco/work/results/stage19_mixed_recovery/locked_test_v1/burst/seed_07.json
PPO,BURST,7,BURST,0.275,20.12,2.0,100,/Users/lab4099/Desktop/Mujoco/work/results/stage19_mixed_recovery/locked_test_v1/burst/seed_07.json
PPO,BURST,7,BURST,0.30000000000000004,21.46,1.99,100,/Users/lab4099/Desktop/Mujoco/work/results/stage19_mixed_recovery/locked_test_v1/burst/seed_07.json
PPO,BURST,7,BURST,0.325,21.75,1.99,100,/Users/lab4099/Desktop/Mujoco/work/results/stage19_mixed_recovery/locked_test_v1/burst/seed_07.json
PPO,BURST,7,BURST,0.35000000000000003,21.71,1.98,100,/Users/lab4099/Desktop/Mujoco/work/results/stage19_mixed_recovery/locked_test_v1/burst/seed_07.json
PPO,BURST,7,BURST,0.375,21.64,1.98,100,/Users/lab4099/Desktop/Mujoco/work/results/stage19_mixed_recovery/locked_test_v1/burst/seed_07.json
PPO,BURST,7,BURST,0.4,21.54,1.97,100,/Users/lab4099/Desktop/Mujoco/work/results/stage19_mixed_recovery/locked_test_v1/burst/seed_07.json
PPO,BURST,7,BURST,0.42500000000000004,21.42,1.97,100,/Users/lab4099/Desktop/Mujoco/work/results/stage19_mixed_recovery/locked_test_v1/burst/seed_07.json
PPO,BURST,7,BURST,0.45,21.33,1.99,100,/Users/lab4099/Desktop/Mujoco/work/results/stage19_mixed_recovery/locked_test_v1/burst/seed_07.json
PPO,BURST,7,BURST,0.47500000000000003,21.3,1.98,100,/Users/lab4099/Desktop/Mujoco/work/results/stage19_mixed_recovery/locked_test_v1/burst/seed_07.json
PPO,BURST,7,BURST,0.5,21.24,1.98,100,/Users/lab4099/Desktop/Mujoco/work/results/stage19_mixed_recovery/locked_test_v1/burst/seed_07.json
PPO,BURST,7,BURST,0.525,21.18,1.97,100,/Users/lab4099/Desktop/Mujoco/work/results/stage19_mixed_recovery/locked_test_v1/burst/seed_07.json
PPO,BURST,7,BURST,0.55,21.05,1.97,100,/Users/lab4099/Desktop/Mujoco/work/results/stage19_mixed_recovery/locked_test_v1/burst/seed_07.json
PPO,BURST,7,BURST,0.5750000000000001,20.95,1.98,100,/Users/lab4099/Desktop/Mujoco/work/results/stage19_mixed_recovery/locked_test_v1/burst/seed_07.json
PPO,BURST,7,BURST,0.6000000000000001,20.85,1.98,100,/Users/lab4099/Desktop/Mujoco/work/results/stage19_mixed_recovery/locked_test_v1/burst/seed_07.json
PPO,BURST,7,BURST,0.625,20.81,1.97,100,/Users/lab4099/Desktop/Mujoco/work/results/stage19_mixed_recovery/locked_test_v1/burst/seed_07.json
PPO,BURST,7,BURST,0.65,20.71,1.97,100,/Users/lab4099/Desktop/Mujoco/work/results/stage19_mixed_recovery/locked_test_v1/burst/seed_07.json
PPO,BURST,7,BURST,0.675,20.6,1.97,100,/Users/lab4099/Desktop/Mujoco/work/results/stage19_mixed_recovery/locked_test_v1/burst/seed_07.json
PPO,BURST,7,BURST,0.7000000000000001,20.51,1.95,100,/Users/lab4099/Desktop/Mujoco/work/results/stage19_mixed_recovery/locked_test_v1/burst/seed_07.json
PPO,BURST,7,BURST,0.7250000000000001,20.43,1.93,100,/Users/lab4099/Desktop/Mujoco/work/results/stage19_mixed_recovery/locked_test_v1/burst/seed_07.json
PPO,BURST,7,BURST,0.75,20.33,1.93,100,/Users/lab4099/Desktop/Mujoco/work/results/stage19_mixed_recovery/locked_test_v1/burst/seed_07.json
PPO,BURST,7,BURST,0.775,20.22,1.92,100,/Users/lab4099/Desktop/Mujoco/work/results/stage19_mixed_recovery/locked_test_v1/burst/seed_07.json
PPO,BURST,7,BURST,0.8,20.15,1.93,100,/Users/lab4099/Desktop/Mujoco/work/results/stage19_mixed_recovery/locked_test_v1/burst/seed_07.json
PPO,BURST,7,BURST,0.8250000000000001,20.1,1.9,100,/Users/lab4099/Desktop/Mujoco/work/results/stage19_mixed_recovery/locked_test_v1/burst/seed_07.json
PPO,BURST,7,BURST,0.8500000000000001,19.98,1.89,100,/Users/lab4099/Desktop/Mujoco/work/results/stage19_mixed_recovery/locked_test_v1/burst/seed_07.json
PPO,BURST,7,BURST,0.875,19.89,1.9,100,/Users/lab4099/Desktop/Mujoco/work/results/stage19_mixed_recovery/locked_test_v1/burst/seed_07.json
PPO,BURST,7,BURST,0.9,19.82,1.91,100,/Users/lab4099/Desktop/Mujoco/work/results/stage19_mixed_recovery/locked_test_v1/burst/seed_07.json
PPO,BURST,7,BURST,0.925,19.77,1.89,100,/Users/lab4099/Desktop/Mujoco/work/results/stage19_mixed_recovery/locked_test_v1/burst/seed_07.json
PPO,BURST,7,BURST,0.9500000000000001,19.66,1.89,100,/Users/lab4099/Desktop/Mujoco/work/results/stage19_mixed_recovery/locked_test_v1/burst/seed_07.json
PPO,BURST,7,BURST,0.9750000000000001,19.6,1.89,100,/Users/lab4099/Desktop/Mujoco/work/results/stage19_mixed_recovery/locked_test_v1/burst/seed_07.json
PPO,BURST,7,BURST,1.0,20.52,1.9,100,/Users/lab4099/Desktop/Mujoco/work/results/stage19_mixed_recovery/locked_test_v1/burst/seed_07.json
PPO,BURST,7,RECOVERY,0.0,20.52,1.9,100,/Users/lab4099/Desktop/Mujoco/work/results/stage19_mixed_recovery/locked_test_v1/burst/seed_07.json
PPO,BURST,7,RECOVERY,0.025,19.25,1.96,100,/Users/lab4099/Desktop/Mujoco/work/results/stage19_mixed_recovery/locked_test_v1/burst/seed_07.json
PPO,BURST,7,RECOVERY,0.05,18.36,1.97,100,/Users/lab4099/Desktop/Mujoco/work/results/stage19_mixed_recovery/locked_test_v1/burst/seed_07.json
PPO,BURST,7,RECOVERY,0.07500000000000001,17.57,2.03,100,/Users/lab4099/Desktop/Mujoco/work/results/stage19_mixed_recovery/locked_test_v1/burst/seed_07.json
PPO,BURST,7,RECOVERY,0.1,15.96,2.05,100,/Users/lab4099/Desktop/Mujoco/work/results/stage19_mixed_recovery/locked_test_v1/burst/seed_07.json
PPO,BURST,7,RECOVERY,0.125,14.25,2.1,100,/Users/lab4099/Desktop/Mujoco/work/results/stage19_mixed_recovery/locked_test_v1/burst/seed_07.json
PPO,BURST,7,RECOVERY,0.15000000000000002,11.72,2.14,100,/Users/lab4099/Desktop/Mujoco/work/results/stage19_mixed_recovery/locked_test_v1/burst/seed_07.json
PPO,BURST,7,RECOVERY,0.17500000000000002,9.75,2.15,100,/Users/lab4099/Desktop/Mujoco/work/results/stage19_mixed_recovery/locked_test_v1/burst/seed_07.json
PPO,BURST,7,RECOVERY,0.2,7.54,2.04,100,/Users/lab4099/Desktop/Mujoco/work/results/stage19_mixed_recovery/locked_test_v1/burst/seed_07.json
PPO,BURST,7,RECOVERY,0.225,5.98,1.75,100,/Users/lab4099/Desktop/Mujoco/work/results/stage19_mixed_recovery/locked_test_v1/burst/seed_07.json
PPO,BURST,7,RECOVERY,0.25,4.44,1.67,100,/Users/lab4099/Desktop/Mujoco/work/results/stage19_mixed_recovery/locked_test_v1/burst/seed_07.json
PPO,BURST,7,RECOVERY,0.275,3.72,1.59,100,/Users/lab4099/Desktop/Mujoco/work/results/stage19_mixed_recovery/locked_test_v1/burst/seed_07.json
PPO,BURST,7,RECOVERY,0.30000000000000004,2.85,1.33,100,/Users/lab4099/Desktop/Mujoco/work/results/stage19_mixed_recovery/locked_test_v1/burst/seed_07.json
PPO,BURST,7,RECOVERY,0.325,2.51,1.28,100,/Users/lab4099/Desktop/Mujoco/work/results/stage19_mixed_recovery/locked_test_v1/burst/seed_07.json
PPO,BURST,7,RECOVERY,0.35000000000000003,1.66,1.29,100,/Users/lab4099/Desktop/Mujoco/work/results/stage19_mixed_recovery/locked_test_v1/burst/seed_07.json
PPO,BURST,7,RECOVERY,0.375,1.34,1.21,100,/Users/lab4099/Desktop/Mujoco/work/results/stage19_mixed_recovery/locked_test_v1/burst/seed_07.json
PPO,BURST,7,RECOVERY,0.4,0.84,0.99,100,/Users/lab4099/Desktop/Mujoco/work/results/stage19_mixed_recovery/locked_test_v1/burst/seed_07.json
PPO,BURST,7,RECOVERY,0.42500000000000004,0.72,1.04,100,/Users/lab4099/Desktop/Mujoco/work/results/stage19_mixed_recovery/locked_test_v1/burst/seed_07.json
PPO,BURST,7,RECOVERY,0.45,0.37,0.88,100,/Users/lab4099/Desktop/Mujoco/work/results/stage19_mixed_recovery/locked_test_v1/burst/seed_07.json
PPO,BURST,7,RECOVERY,0.47500000000000003,0.34,0.85,100,/Users/lab4099/Desktop/Mujoco/work/results/stage19_mixed_recovery/locked_test_v1/burst/seed_07.json
PPO,BURST,7,RECOVERY,0.5,0.16,0.67,100,/Users/lab4099/Desktop/Mujoco/work/results/stage19_mixed_recovery/locked_test_v1/burst/seed_07.json
PPO,BURST,7,RECOVERY,0.525,0.16,0.55,100,/Users/lab4099/Desktop/Mujoco/work/results/stage19_mixed_recovery/locked_test_v1/burst/seed_07.json
PPO,BURST,7,RECOVERY,0.55,0.05,0.51,100,/Users/lab4099/Desktop/Mujoco/work/results/stage19_mixed_recovery/locked_test_v1/burst/seed_07.json
PPO,BURST,7,RECOVERY,0.5750000000000001,0.1,0.54,100,/Users/lab4099/Desktop/Mujoco/work/results/stage19_mixed_recovery/locked_test_v1/burst/seed_07.json
PPO,BURST,7,RECOVERY,0.6000000000000001,0.01,0.54,100,/Users/lab4099/Desktop/Mujoco/work/results/stage19_mixed_recovery/locked_test_v1/burst/seed_07.json
PPO,BURST,7,RECOVERY,0.625,0.03,0.44,100,/Users/lab4099/Desktop/Mujoco/work/results/stage19_mixed_recovery/locked_test_v1/burst/seed_07.json
PPO,BURST,7,RECOVERY,0.65,0.0,0.45,100,/Users/lab4099/Desktop/Mujoco/work/results/stage19_mixed_recovery/locked_test_v1/burst/seed_07.json
PPO,BURST,7,RECOVERY,0.675,0.0,0.53,100,/Users/lab4099/Desktop/Mujoco/work/results/stage19_mixed_recovery/locked_test_v1/burst/seed_07.json
PPO,BURST,7,RECOVERY,0.7000000000000001,0.0,0.54,100,/Users/lab4099/Desktop/Mujoco/work/results/stage19_mixed_recovery/locked_test_v1/burst/seed_07.json
PPO,BURST,7,RECOVERY,0.7250000000000001,0.0,0.48,100,/Users/lab4099/Desktop/Mujoco/work/results/stage19_mixed_recovery/locked_test_v1/burst/seed_07.json
PPO,BURST,7,RECOVERY,0.75,0.0,0.51,100,/Users/lab4099/Desktop/Mujoco/work/results/stage19_mixed_recovery/locked_test_v1/burst/seed_07.json
PPO,BURST,7,RECOVERY,0.775,0.0,0.39,100,/Users/lab4099/Desktop/Mujoco/work/results/stage19_mixed_recovery/locked_test_v1/burst/seed_07.json
PPO,BURST,7,RECOVERY,0.8,0.0,0.49,100,/Users/lab4099/Desktop/Mujoco/work/results/stage19_mixed_recovery/locked_test_v1/burst/seed_07.json
PPO,BURST,7,RECOVERY,0.8250000000000001,0.0,0.43,100,/Users/lab4099/Desktop/Mujoco/work/results/stage19_mixed_recovery/locked_test_v1/burst/seed_07.json
PPO,BURST,7,RECOVERY,0.8500000000000001,0.0,0.5,100,/Users/lab4099/Desktop/Mujoco/work/results/stage19_mixed_recovery/locked_test_v1/burst/seed_07.json
PPO,BURST,7,RECOVERY,0.875,0.0,0.48,100,/Users/lab4099/Desktop/Mujoco/work/results/stage19_mixed_recovery/locked_test_v1/burst/seed_07.json
PPO,BURST,7,RECOVERY,0.9,0.01,0.58,100,/Users/lab4099/Desktop/Mujoco/work/results/stage19_mixed_recovery/locked_test_v1/burst/seed_07.json
PPO,BURST,7,RECOVERY,0.925,0.0,0.46,100,/Users/lab4099/Desktop/Mujoco/work/results/stage19_mixed_recovery/locked_test_v1/burst/seed_07.json
PPO,BURST,7,RECOVERY,0.9500000000000001,0.0,0.52,100,/Users/lab4099/Desktop/Mujoco/work/results/stage19_mixed_recovery/locked_test_v1/burst/seed_07.json
PPO,BURST,7,RECOVERY,0.9750000000000001,0.0,0.77,100,/Users/lab4099/Desktop/Mujoco/work/results/stage19_mixed_recovery/locked_test_v1/burst/seed_07.json
PPO,BURST,7,RECOVERY,1.0,0.0,0.0,100,/Users/lab4099/Desktop/Mujoco/work/results/stage19_mixed_recovery/locked_test_v1/burst/seed_07.json
PPO,BURST,8,NORMAL,0.0,0.0,1.0,100,/Users/lab4099/Desktop/Mujoco/work/results/stage19_mixed_recovery/locked_test_v1/burst/seed_08.json
PPO,BURST,8,NORMAL,0.025,0.0,0.27,100,/Users/lab4099/Desktop/Mujoco/work/results/stage19_mixed_recovery/locked_test_v1/burst/seed_08.json
PPO,BURST,8,NORMAL,0.05,0.0,0.37,100,/Users/lab4099/Desktop/Mujoco/work/results/stage19_mixed_recovery/locked_test_v1/burst/seed_08.json
PPO,BURST,8,NORMAL,0.07500000000000001,0.0,0.31,100,/Users/lab4099/Desktop/Mujoco/work/results/stage19_mixed_recovery/locked_test_v1/burst/seed_08.json
PPO,BURST,8,NORMAL,0.1,0.0,0.28,100,/Users/lab4099/Desktop/Mujoco/work/results/stage19_mixed_recovery/locked_test_v1/burst/seed_08.json
PPO,BURST,8,NORMAL,0.125,0.0,0.51,100,/Users/lab4099/Desktop/Mujoco/work/results/stage19_mixed_recovery/locked_test_v1/burst/seed_08.json
PPO,BURST,8,NORMAL,0.15000000000000002,0.0,0.28,100,/Users/lab4099/Desktop/Mujoco/work/results/stage19_mixed_recovery/locked_test_v1/burst/seed_08.json
PPO,BURST,8,NORMAL,0.17500000000000002,0.0,0.45,100,/Users/lab4099/Desktop/Mujoco/work/results/stage19_mixed_recovery/locked_test_v1/burst/seed_08.json
PPO,BURST,8,NORMAL,0.2,0.0,0.22,100,/Users/lab4099/Desktop/Mujoco/work/results/stage19_mixed_recovery/locked_test_v1/burst/seed_08.json
PPO,BURST,8,NORMAL,0.225,0.0,0.55,100,/Users/lab4099/Desktop/Mujoco/work/results/stage19_mixed_recovery/locked_test_v1/burst/seed_08.json
PPO,BURST,8,NORMAL,0.25,0.0,0.18,100,/Users/lab4099/Desktop/Mujoco/work/results/stage19_mixed_recovery/locked_test_v1/burst/seed_08.json
PPO,BURST,8,NORMAL,0.275,0.0,0.51,100,/Users/lab4099/Desktop/Mujoco/work/results/stage19_mixed_recovery/locked_test_v1/burst/seed_08.json
PPO,BURST,8,NORMAL,0.30000000000000004,0.0,0.24,100,/Users/lab4099/Desktop/Mujoco/work/results/stage19_mixed_recovery/locked_test_v1/burst/seed_08.json
PPO,BURST,8,NORMAL,0.325,0.0,0.56,100,/Users/lab4099/Desktop/Mujoco/work/results/stage19_mixed_recovery/locked_test_v1/burst/seed_08.json
PPO,BURST,8,NORMAL,0.35000000000000003,0.0,0.28,100,/Users/lab4099/Desktop/Mujoco/work/results/stage19_mixed_recovery/locked_test_v1/burst/seed_08.json
PPO,BURST,8,NORMAL,0.375,0.0,0.62,100,/Users/lab4099/Desktop/Mujoco/work/results/stage19_mixed_recovery/locked_test_v1/burst/seed_08.json
PPO,BURST,8,NORMAL,0.4,0.0,0.36,100,/Users/lab4099/Desktop/Mujoco/work/results/stage19_mixed_recovery/locked_test_v1/burst/seed_08.json
PPO,BURST,8,NORMAL,0.42500000000000004,0.0,0.55,100,/Users/lab4099/Desktop/Mujoco/work/results/stage19_mixed_recovery/locked_test_v1/burst/seed_08.json
PPO,BURST,8,NORMAL,0.45,0.0,0.29,100,/Users/lab4099/Desktop/Mujoco/work/results/stage19_mixed_recovery/locked_test_v1/burst/seed_08.json
PPO,BURST,8,NORMAL,0.47500000000000003,0.0,0.68,100,/Users/lab4099/Desktop/Mujoco/work/results/stage19_mixed_recovery/locked_test_v1/burst/seed_08.json
PPO,BURST,8,NORMAL,0.5,0.0,0.41,100,/Users/lab4099/Desktop/Mujoco/work/results/stage19_mixed_recovery/locked_test_v1/burst/seed_08.json
PPO,BURST,8,NORMAL,0.525,0.0,0.64,100,/Users/lab4099/Desktop/Mujoco/work/results/stage19_mixed_recovery/locked_test_v1/burst/seed_08.json
PPO,BURST,8,NORMAL,0.55,0.0,0.52,100,/Users/lab4099/Desktop/Mujoco/work/results/stage19_mixed_recovery/locked_test_v1/burst/seed_08.json
PPO,BURST,8,NORMAL,0.5750000000000001,0.0,0.59,100,/Users/lab4099/Desktop/Mujoco/work/results/stage19_mixed_recovery/locked_test_v1/burst/seed_08.json
PPO,BURST,8,NORMAL,0.6000000000000001,0.0,0.49,100,/Users/lab4099/Desktop/Mujoco/work/results/stage19_mixed_recovery/locked_test_v1/burst/seed_08.json
PPO,BURST,8,NORMAL,0.625,0.0,0.53,100,/Users/lab4099/Desktop/Mujoco/work/results/stage19_mixed_recovery/locked_test_v1/burst/seed_08.json
PPO,BURST,8,NORMAL,0.65,0.0,0.37,100,/Users/lab4099/Desktop/Mujoco/work/results/stage19_mixed_recovery/locked_test_v1/burst/seed_08.json
PPO,BURST,8,NORMAL,0.675,0.0,0.32,100,/Users/lab4099/Desktop/Mujoco/work/results/stage19_mixed_recovery/locked_test_v1/burst/seed_08.json
PPO,BURST,8,NORMAL,0.7000000000000001,0.0,0.41,100,/Users/lab4099/Desktop/Mujoco/work/results/stage19_mixed_recovery/locked_test_v1/burst/seed_08.json
PPO,BURST,8,NORMAL,0.7250000000000001,0.0,0.31,100,/Users/lab4099/Desktop/Mujoco/work/results/stage19_mixed_recovery/locked_test_v1/burst/seed_08.json
PPO,BURST,8,NORMAL,0.75,0.0,0.51,100,/Users/lab4099/Desktop/Mujoco/work/results/stage19_mixed_recovery/locked_test_v1/burst/seed_08.json
PPO,BURST,8,NORMAL,0.775,0.0,0.32,100,/Users/lab4099/Desktop/Mujoco/work/results/stage19_mixed_recovery/locked_test_v1/burst/seed_08.json
PPO,BURST,8,NORMAL,0.8,0.0,0.55,100,/Users/lab4099/Desktop/Mujoco/work/results/stage19_mixed_recovery/locked_test_v1/burst/seed_08.json
PPO,BURST,8,NORMAL,0.8250000000000001,0.0,0.23,100,/Users/lab4099/Desktop/Mujoco/work/results/stage19_mixed_recovery/locked_test_v1/burst/seed_08.json
PPO,BURST,8,NORMAL,0.8500000000000001,0.0,0.49,100,/Users/lab4099/Desktop/Mujoco/work/results/stage19_mixed_recovery/locked_test_v1/burst/seed_08.json
PPO,BURST,8,NORMAL,0.875,0.0,0.24,100,/Users/lab4099/Desktop/Mujoco/work/results/stage19_mixed_recovery/locked_test_v1/burst/seed_08.json
PPO,BURST,8,NORMAL,0.9,0.0,0.53,100,/Users/lab4099/Desktop/Mujoco/work/results/stage19_mixed_recovery/locked_test_v1/burst/seed_08.json
PPO,BURST,8,NORMAL,0.925,0.0,0.29,100,/Users/lab4099/Desktop/Mujoco/work/results/stage19_mixed_recovery/locked_test_v1/burst/seed_08.json
PPO,BURST,8,NORMAL,0.9500000000000001,0.0,0.6,100,/Users/lab4099/Desktop/Mujoco/work/results/stage19_mixed_recovery/locked_test_v1/burst/seed_08.json
PPO,BURST,8,NORMAL,0.9750000000000001,0.0,0.35,100,/Users/lab4099/Desktop/Mujoco/work/results/stage19_mixed_recovery/locked_test_v1/burst/seed_08.json
PPO,BURST,8,NORMAL,1.0,0.3,1.31,100,/Users/lab4099/Desktop/Mujoco/work/results/stage19_mixed_recovery/locked_test_v1/burst/seed_08.json
PPO,BURST,8,DENSE,0.0,0.3,1.31,100,/Users/lab4099/Desktop/Mujoco/work/results/stage19_mixed_recovery/locked_test_v1/burst/seed_08.json
PPO,BURST,8,DENSE,0.025,0.29,1.05,100,/Users/lab4099/Desktop/Mujoco/work/results/stage19_mixed_recovery/locked_test_v1/burst/seed_08.json
PPO,BURST,8,DENSE,0.05,0.56,1.04,100,/Users/lab4099/Desktop/Mujoco/work/results/stage19_mixed_recovery/locked_test_v1/burst/seed_08.json
PPO,BURST,8,DENSE,0.07500000000000001,0.84,1.22,100,/Users/lab4099/Desktop/Mujoco/work/results/stage19_mixed_recovery/locked_test_v1/burst/seed_08.json
PPO,BURST,8,DENSE,0.1,1.03,1.19,100,/Users/lab4099/Desktop/Mujoco/work/results/stage19_mixed_recovery/locked_test_v1/burst/seed_08.json
PPO,BURST,8,DENSE,0.125,1.46,1.36,100,/Users/lab4099/Desktop/Mujoco/work/results/stage19_mixed_recovery/locked_test_v1/burst/seed_08.json
PPO,BURST,8,DENSE,0.15000000000000002,1.47,1.26,100,/Users/lab4099/Desktop/Mujoco/work/results/stage19_mixed_recovery/locked_test_v1/burst/seed_08.json
PPO,BURST,8,DENSE,0.17500000000000002,1.49,1.36,100,/Users/lab4099/Desktop/Mujoco/work/results/stage19_mixed_recovery/locked_test_v1/burst/seed_08.json
PPO,BURST,8,DENSE,0.2,1.49,1.31,100,/Users/lab4099/Desktop/Mujoco/work/results/stage19_mixed_recovery/locked_test_v1/burst/seed_08.json
PPO,BURST,8,DENSE,0.225,1.58,1.39,100,/Users/lab4099/Desktop/Mujoco/work/results/stage19_mixed_recovery/locked_test_v1/burst/seed_08.json
PPO,BURST,8,DENSE,0.25,1.51,1.46,100,/Users/lab4099/Desktop/Mujoco/work/results/stage19_mixed_recovery/locked_test_v1/burst/seed_08.json
PPO,BURST,8,DENSE,0.275,1.82,1.48,100,/Users/lab4099/Desktop/Mujoco/work/results/stage19_mixed_recovery/locked_test_v1/burst/seed_08.json
PPO,BURST,8,DENSE,0.30000000000000004,1.88,1.54,100,/Users/lab4099/Desktop/Mujoco/work/results/stage19_mixed_recovery/locked_test_v1/burst/seed_08.json
PPO,BURST,8,DENSE,0.325,2.06,1.49,100,/Users/lab4099/Desktop/Mujoco/work/results/stage19_mixed_recovery/locked_test_v1/burst/seed_08.json
PPO,BURST,8,DENSE,0.35000000000000003,2.2,1.52,100,/Users/lab4099/Desktop/Mujoco/work/results/stage19_mixed_recovery/locked_test_v1/burst/seed_08.json
PPO,BURST,8,DENSE,0.375,2.19,1.6,100,/Users/lab4099/Desktop/Mujoco/work/results/stage19_mixed_recovery/locked_test_v1/burst/seed_08.json
PPO,BURST,8,DENSE,0.4,2.29,1.63,100,/Users/lab4099/Desktop/Mujoco/work/results/stage19_mixed_recovery/locked_test_v1/burst/seed_08.json
PPO,BURST,8,DENSE,0.42500000000000004,2.28,1.68,100,/Users/lab4099/Desktop/Mujoco/work/results/stage19_mixed_recovery/locked_test_v1/burst/seed_08.json
PPO,BURST,8,DENSE,0.45,2.24,1.7,100,/Users/lab4099/Desktop/Mujoco/work/results/stage19_mixed_recovery/locked_test_v1/burst/seed_08.json
PPO,BURST,8,DENSE,0.47500000000000003,2.29,1.71,100,/Users/lab4099/Desktop/Mujoco/work/results/stage19_mixed_recovery/locked_test_v1/burst/seed_08.json
PPO,BURST,8,DENSE,0.5,2.41,1.7,100,/Users/lab4099/Desktop/Mujoco/work/results/stage19_mixed_recovery/locked_test_v1/burst/seed_08.json
PPO,BURST,8,DENSE,0.525,2.54,1.68,100,/Users/lab4099/Desktop/Mujoco/work/results/stage19_mixed_recovery/locked_test_v1/burst/seed_08.json
PPO,BURST,8,DENSE,0.55,2.79,1.72,100,/Users/lab4099/Desktop/Mujoco/work/results/stage19_mixed_recovery/locked_test_v1/burst/seed_08.json
PPO,BURST,8,DENSE,0.5750000000000001,2.84,1.68,100,/Users/lab4099/Desktop/Mujoco/work/results/stage19_mixed_recovery/locked_test_v1/burst/seed_08.json
PPO,BURST,8,DENSE,0.6000000000000001,2.93,1.66,100,/Users/lab4099/Desktop/Mujoco/work/results/stage19_mixed_recovery/locked_test_v1/burst/seed_08.json
PPO,BURST,8,DENSE,0.625,2.9,1.66,100,/Users/lab4099/Desktop/Mujoco/work/results/stage19_mixed_recovery/locked_test_v1/burst/seed_08.json
PPO,BURST,8,DENSE,0.65,3.02,1.68,100,/Users/lab4099/Desktop/Mujoco/work/results/stage19_mixed_recovery/locked_test_v1/burst/seed_08.json
PPO,BURST,8,DENSE,0.675,2.97,1.63,100,/Users/lab4099/Desktop/Mujoco/work/results/stage19_mixed_recovery/locked_test_v1/burst/seed_08.json
PPO,BURST,8,DENSE,0.7000000000000001,2.92,1.74,100,/Users/lab4099/Desktop/Mujoco/work/results/stage19_mixed_recovery/locked_test_v1/burst/seed_08.json
PPO,BURST,8,DENSE,0.7250000000000001,2.93,1.75,100,/Users/lab4099/Desktop/Mujoco/work/results/stage19_mixed_recovery/locked_test_v1/burst/seed_08.json
PPO,BURST,8,DENSE,0.75,3.14,1.78,100,/Users/lab4099/Desktop/Mujoco/work/results/stage19_mixed_recovery/locked_test_v1/burst/seed_08.json
PPO,BURST,8,DENSE,0.775,3.13,1.76,100,/Users/lab4099/Desktop/Mujoco/work/results/stage19_mixed_recovery/locked_test_v1/burst/seed_08.json
PPO,BURST,8,DENSE,0.8,3.37,1.8,100,/Users/lab4099/Desktop/Mujoco/work/results/stage19_mixed_recovery/locked_test_v1/burst/seed_08.json
PPO,BURST,8,DENSE,0.8250000000000001,3.22,1.75,100,/Users/lab4099/Desktop/Mujoco/work/results/stage19_mixed_recovery/locked_test_v1/burst/seed_08.json
PPO,BURST,8,DENSE,0.8500000000000001,3.44,1.7,100,/Users/lab4099/Desktop/Mujoco/work/results/stage19_mixed_recovery/locked_test_v1/burst/seed_08.json
PPO,BURST,8,DENSE,0.875,3.43,1.68,100,/Users/lab4099/Desktop/Mujoco/work/results/stage19_mixed_recovery/locked_test_v1/burst/seed_08.json
PPO,BURST,8,DENSE,0.9,3.44,1.93,100,/Users/lab4099/Desktop/Mujoco/work/results/stage19_mixed_recovery/locked_test_v1/burst/seed_08.json
PPO,BURST,8,DENSE,0.925,3.42,1.78,100,/Users/lab4099/Desktop/Mujoco/work/results/stage19_mixed_recovery/locked_test_v1/burst/seed_08.json
PPO,BURST,8,DENSE,0.9500000000000001,3.77,1.92,100,/Users/lab4099/Desktop/Mujoco/work/results/stage19_mixed_recovery/locked_test_v1/burst/seed_08.json
PPO,BURST,8,DENSE,0.9750000000000001,3.55,1.85,100,/Users/lab4099/Desktop/Mujoco/work/results/stage19_mixed_recovery/locked_test_v1/burst/seed_08.json
PPO,BURST,8,DENSE,1.0,4.98,2.04,100,/Users/lab4099/Desktop/Mujoco/work/results/stage19_mixed_recovery/locked_test_v1/burst/seed_08.json
PPO,BURST,8,BURST,0.0,4.98,2.04,100,/Users/lab4099/Desktop/Mujoco/work/results/stage19_mixed_recovery/locked_test_v1/burst/seed_08.json
PPO,BURST,8,BURST,0.025,5.92,2.2,100,/Users/lab4099/Desktop/Mujoco/work/results/stage19_mixed_recovery/locked_test_v1/burst/seed_08.json
PPO,BURST,8,BURST,0.05,7.19,2.4,100,/Users/lab4099/Desktop/Mujoco/work/results/stage19_mixed_recovery/locked_test_v1/burst/seed_08.json
PPO,BURST,8,BURST,0.07500000000000001,8.39,2.39,100,/Users/lab4099/Desktop/Mujoco/work/results/stage19_mixed_recovery/locked_test_v1/burst/seed_08.json
PPO,BURST,8,BURST,0.1,9.71,2.42,100,/Users/lab4099/Desktop/Mujoco/work/results/stage19_mixed_recovery/locked_test_v1/burst/seed_08.json
PPO,BURST,8,BURST,0.125,11.08,2.37,100,/Users/lab4099/Desktop/Mujoco/work/results/stage19_mixed_recovery/locked_test_v1/burst/seed_08.json
PPO,BURST,8,BURST,0.15000000000000002,12.57,2.31,100,/Users/lab4099/Desktop/Mujoco/work/results/stage19_mixed_recovery/locked_test_v1/burst/seed_08.json
PPO,BURST,8,BURST,0.17500000000000002,14.03,2.21,100,/Users/lab4099/Desktop/Mujoco/work/results/stage19_mixed_recovery/locked_test_v1/burst/seed_08.json
PPO,BURST,8,BURST,0.2,15.56,2.16,100,/Users/lab4099/Desktop/Mujoco/work/results/stage19_mixed_recovery/locked_test_v1/burst/seed_08.json
PPO,BURST,8,BURST,0.225,16.92,2.1,100,/Users/lab4099/Desktop/Mujoco/work/results/stage19_mixed_recovery/locked_test_v1/burst/seed_08.json
PPO,BURST,8,BURST,0.25,18.53,2.04,100,/Users/lab4099/Desktop/Mujoco/work/results/stage19_mixed_recovery/locked_test_v1/burst/seed_08.json
PPO,BURST,8,BURST,0.275,19.99,2.02,100,/Users/lab4099/Desktop/Mujoco/work/results/stage19_mixed_recovery/locked_test_v1/burst/seed_08.json
PPO,BURST,8,BURST,0.30000000000000004,21.29,1.99,100,/Users/lab4099/Desktop/Mujoco/work/results/stage19_mixed_recovery/locked_test_v1/burst/seed_08.json
PPO,BURST,8,BURST,0.325,21.6,1.98,100,/Users/lab4099/Desktop/Mujoco/work/results/stage19_mixed_recovery/locked_test_v1/burst/seed_08.json
PPO,BURST,8,BURST,0.35000000000000003,21.59,1.97,100,/Users/lab4099/Desktop/Mujoco/work/results/stage19_mixed_recovery/locked_test_v1/burst/seed_08.json
PPO,BURST,8,BURST,0.375,21.49,1.96,100,/Users/lab4099/Desktop/Mujoco/work/results/stage19_mixed_recovery/locked_test_v1/burst/seed_08.json
PPO,BURST,8,BURST,0.4,21.4,1.95,100,/Users/lab4099/Desktop/Mujoco/work/results/stage19_mixed_recovery/locked_test_v1/burst/seed_08.json
PPO,BURST,8,BURST,0.42500000000000004,21.31,1.95,100,/Users/lab4099/Desktop/Mujoco/work/results/stage19_mixed_recovery/locked_test_v1/burst/seed_08.json
PPO,BURST,8,BURST,0.45,21.28,1.95,100,/Users/lab4099/Desktop/Mujoco/work/results/stage19_mixed_recovery/locked_test_v1/burst/seed_08.json
PPO,BURST,8,BURST,0.47500000000000003,21.22,1.94,100,/Users/lab4099/Desktop/Mujoco/work/results/stage19_mixed_recovery/locked_test_v1/burst/seed_08.json
PPO,BURST,8,BURST,0.5,21.18,1.94,100,/Users/lab4099/Desktop/Mujoco/work/results/stage19_mixed_recovery/locked_test_v1/burst/seed_08.json
PPO,BURST,8,BURST,0.525,21.13,1.93,100,/Users/lab4099/Desktop/Mujoco/work/results/stage19_mixed_recovery/locked_test_v1/burst/seed_08.json
PPO,BURST,8,BURST,0.55,21.05,1.93,100,/Users/lab4099/Desktop/Mujoco/work/results/stage19_mixed_recovery/locked_test_v1/burst/seed_08.json
PPO,BURST,8,BURST,0.5750000000000001,20.94,1.93,100,/Users/lab4099/Desktop/Mujoco/work/results/stage19_mixed_recovery/locked_test_v1/burst/seed_08.json
PPO,BURST,8,BURST,0.6000000000000001,20.83,1.95,100,/Users/lab4099/Desktop/Mujoco/work/results/stage19_mixed_recovery/locked_test_v1/burst/seed_08.json
PPO,BURST,8,BURST,0.625,20.72,1.94,100,/Users/lab4099/Desktop/Mujoco/work/results/stage19_mixed_recovery/locked_test_v1/burst/seed_08.json
PPO,BURST,8,BURST,0.65,20.62,1.94,100,/Users/lab4099/Desktop/Mujoco/work/results/stage19_mixed_recovery/locked_test_v1/burst/seed_08.json
PPO,BURST,8,BURST,0.675,20.49,1.95,100,/Users/lab4099/Desktop/Mujoco/work/results/stage19_mixed_recovery/locked_test_v1/burst/seed_08.json
PPO,BURST,8,BURST,0.7000000000000001,20.43,1.95,100,/Users/lab4099/Desktop/Mujoco/work/results/stage19_mixed_recovery/locked_test_v1/burst/seed_08.json
PPO,BURST,8,BURST,0.7250000000000001,20.33,1.93,100,/Users/lab4099/Desktop/Mujoco/work/results/stage19_mixed_recovery/locked_test_v1/burst/seed_08.json
PPO,BURST,8,BURST,0.75,20.21,1.92,100,/Users/lab4099/Desktop/Mujoco/work/results/stage19_mixed_recovery/locked_test_v1/burst/seed_08.json
PPO,BURST,8,BURST,0.775,20.15,1.93,100,/Users/lab4099/Desktop/Mujoco/work/results/stage19_mixed_recovery/locked_test_v1/burst/seed_08.json
PPO,BURST,8,BURST,0.8,20.07,1.94,100,/Users/lab4099/Desktop/Mujoco/work/results/stage19_mixed_recovery/locked_test_v1/burst/seed_08.json
PPO,BURST,8,BURST,0.8250000000000001,19.99,1.93,100,/Users/lab4099/Desktop/Mujoco/work/results/stage19_mixed_recovery/locked_test_v1/burst/seed_08.json
PPO,BURST,8,BURST,0.8500000000000001,19.88,1.92,100,/Users/lab4099/Desktop/Mujoco/work/results/stage19_mixed_recovery/locked_test_v1/burst/seed_08.json
PPO,BURST,8,BURST,0.875,19.77,1.92,100,/Users/lab4099/Desktop/Mujoco/work/results/stage19_mixed_recovery/locked_test_v1/burst/seed_08.json
PPO,BURST,8,BURST,0.9,19.68,1.91,100,/Users/lab4099/Desktop/Mujoco/work/results/stage19_mixed_recovery/locked_test_v1/burst/seed_08.json
PPO,BURST,8,BURST,0.925,19.59,1.89,100,/Users/lab4099/Desktop/Mujoco/work/results/stage19_mixed_recovery/locked_test_v1/burst/seed_08.json
PPO,BURST,8,BURST,0.9500000000000001,19.55,1.89,100,/Users/lab4099/Desktop/Mujoco/work/results/stage19_mixed_recovery/locked_test_v1/burst/seed_08.json
PPO,BURST,8,BURST,0.9750000000000001,19.52,1.89,100,/Users/lab4099/Desktop/Mujoco/work/results/stage19_mixed_recovery/locked_test_v1/burst/seed_08.json
PPO,BURST,8,BURST,1.0,20.45,1.88,100,/Users/lab4099/Desktop/Mujoco/work/results/stage19_mixed_recovery/locked_test_v1/burst/seed_08.json
PPO,BURST,8,RECOVERY,0.0,20.45,1.88,100,/Users/lab4099/Desktop/Mujoco/work/results/stage19_mixed_recovery/locked_test_v1/burst/seed_08.json
PPO,BURST,8,RECOVERY,0.025,19.2,1.93,100,/Users/lab4099/Desktop/Mujoco/work/results/stage19_mixed_recovery/locked_test_v1/burst/seed_08.json
PPO,BURST,8,RECOVERY,0.05,18.39,1.96,100,/Users/lab4099/Desktop/Mujoco/work/results/stage19_mixed_recovery/locked_test_v1/burst/seed_08.json
PPO,BURST,8,RECOVERY,0.07500000000000001,17.38,2.06,100,/Users/lab4099/Desktop/Mujoco/work/results/stage19_mixed_recovery/locked_test_v1/burst/seed_08.json
PPO,BURST,8,RECOVERY,0.1,15.8,2.09,100,/Users/lab4099/Desktop/Mujoco/work/results/stage19_mixed_recovery/locked_test_v1/burst/seed_08.json
PPO,BURST,8,RECOVERY,0.125,14.25,2.06,100,/Users/lab4099/Desktop/Mujoco/work/results/stage19_mixed_recovery/locked_test_v1/burst/seed_08.json
PPO,BURST,8,RECOVERY,0.15000000000000002,11.55,2.21,100,/Users/lab4099/Desktop/Mujoco/work/results/stage19_mixed_recovery/locked_test_v1/burst/seed_08.json
PPO,BURST,8,RECOVERY,0.17500000000000002,9.66,2.0,100,/Users/lab4099/Desktop/Mujoco/work/results/stage19_mixed_recovery/locked_test_v1/burst/seed_08.json
PPO,BURST,8,RECOVERY,0.2,7.31,2.0,100,/Users/lab4099/Desktop/Mujoco/work/results/stage19_mixed_recovery/locked_test_v1/burst/seed_08.json
PPO,BURST,8,RECOVERY,0.225,5.9,1.77,100,/Users/lab4099/Desktop/Mujoco/work/results/stage19_mixed_recovery/locked_test_v1/burst/seed_08.json
PPO,BURST,8,RECOVERY,0.25,4.44,1.66,100,/Users/lab4099/Desktop/Mujoco/work/results/stage19_mixed_recovery/locked_test_v1/burst/seed_08.json
PPO,BURST,8,RECOVERY,0.275,3.63,1.53,100,/Users/lab4099/Desktop/Mujoco/work/results/stage19_mixed_recovery/locked_test_v1/burst/seed_08.json
PPO,BURST,8,RECOVERY,0.30000000000000004,2.82,1.42,100,/Users/lab4099/Desktop/Mujoco/work/results/stage19_mixed_recovery/locked_test_v1/burst/seed_08.json
PPO,BURST,8,RECOVERY,0.325,2.41,1.24,100,/Users/lab4099/Desktop/Mujoco/work/results/stage19_mixed_recovery/locked_test_v1/burst/seed_08.json
PPO,BURST,8,RECOVERY,0.35000000000000003,1.72,1.24,100,/Users/lab4099/Desktop/Mujoco/work/results/stage19_mixed_recovery/locked_test_v1/burst/seed_08.json
PPO,BURST,8,RECOVERY,0.375,1.39,1.18,100,/Users/lab4099/Desktop/Mujoco/work/results/stage19_mixed_recovery/locked_test_v1/burst/seed_08.json
PPO,BURST,8,RECOVERY,0.4,0.82,1.05,100,/Users/lab4099/Desktop/Mujoco/work/results/stage19_mixed_recovery/locked_test_v1/burst/seed_08.json
PPO,BURST,8,RECOVERY,0.42500000000000004,0.61,1.04,100,/Users/lab4099/Desktop/Mujoco/work/results/stage19_mixed_recovery/locked_test_v1/burst/seed_08.json
PPO,BURST,8,RECOVERY,0.45,0.43,0.84,100,/Users/lab4099/Desktop/Mujoco/work/results/stage19_mixed_recovery/locked_test_v1/burst/seed_08.json
PPO,BURST,8,RECOVERY,0.47500000000000003,0.33,0.77,100,/Users/lab4099/Desktop/Mujoco/work/results/stage19_mixed_recovery/locked_test_v1/burst/seed_08.json
PPO,BURST,8,RECOVERY,0.5,0.18,0.67,100,/Users/lab4099/Desktop/Mujoco/work/results/stage19_mixed_recovery/locked_test_v1/burst/seed_08.json
PPO,BURST,8,RECOVERY,0.525,0.15,0.56,100,/Users/lab4099/Desktop/Mujoco/work/results/stage19_mixed_recovery/locked_test_v1/burst/seed_08.json
PPO,BURST,8,RECOVERY,0.55,0.04,0.56,100,/Users/lab4099/Desktop/Mujoco/work/results/stage19_mixed_recovery/locked_test_v1/burst/seed_08.json
PPO,BURST,8,RECOVERY,0.5750000000000001,0.06,0.53,100,/Users/lab4099/Desktop/Mujoco/work/results/stage19_mixed_recovery/locked_test_v1/burst/seed_08.json
PPO,BURST,8,RECOVERY,0.6000000000000001,0.02,0.55,100,/Users/lab4099/Desktop/Mujoco/work/results/stage19_mixed_recovery/locked_test_v1/burst/seed_08.json
PPO,BURST,8,RECOVERY,0.625,0.01,0.43,100,/Users/lab4099/Desktop/Mujoco/work/results/stage19_mixed_recovery/locked_test_v1/burst/seed_08.json
PPO,BURST,8,RECOVERY,0.65,0.01,0.44,100,/Users/lab4099/Desktop/Mujoco/work/results/stage19_mixed_recovery/locked_test_v1/burst/seed_08.json
PPO,BURST,8,RECOVERY,0.675,0.0,0.51,100,/Users/lab4099/Desktop/Mujoco/work/results/stage19_mixed_recovery/locked_test_v1/burst/seed_08.json
PPO,BURST,8,RECOVERY,0.7000000000000001,0.01,0.54,100,/Users/lab4099/Desktop/Mujoco/work/results/stage19_mixed_recovery/locked_test_v1/burst/seed_08.json
PPO,BURST,8,RECOVERY,0.7250000000000001,0.0,0.49,100,/Users/lab4099/Desktop/Mujoco/work/results/stage19_mixed_recovery/locked_test_v1/burst/seed_08.json
PPO,BURST,8,RECOVERY,0.75,0.0,0.51,100,/Users/lab4099/Desktop/Mujoco/work/results/stage19_mixed_recovery/locked_test_v1/burst/seed_08.json
PPO,BURST,8,RECOVERY,0.775,0.0,0.39,100,/Users/lab4099/Desktop/Mujoco/work/results/stage19_mixed_recovery/locked_test_v1/burst/seed_08.json
PPO,BURST,8,RECOVERY,0.8,0.0,0.49,100,/Users/lab4099/Desktop/Mujoco/work/results/stage19_mixed_recovery/locked_test_v1/burst/seed_08.json
PPO,BURST,8,RECOVERY,0.8250000000000001,0.0,0.44,100,/Users/lab4099/Desktop/Mujoco/work/results/stage19_mixed_recovery/locked_test_v1/burst/seed_08.json
PPO,BURST,8,RECOVERY,0.8500000000000001,0.0,0.49,100,/Users/lab4099/Desktop/Mujoco/work/results/stage19_mixed_recovery/locked_test_v1/burst/seed_08.json
PPO,BURST,8,RECOVERY,0.875,0.0,0.47,100,/Users/lab4099/Desktop/Mujoco/work/results/stage19_mixed_recovery/locked_test_v1/burst/seed_08.json
PPO,BURST,8,RECOVERY,0.9,0.01,0.59,100,/Users/lab4099/Desktop/Mujoco/work/results/stage19_mixed_recovery/locked_test_v1/burst/seed_08.json
PPO,BURST,8,RECOVERY,0.925,0.0,0.46,100,/Users/lab4099/Desktop/Mujoco/work/results/stage19_mixed_recovery/locked_test_v1/burst/seed_08.json
PPO,BURST,8,RECOVERY,0.9500000000000001,0.0,0.51,100,/Users/lab4099/Desktop/Mujoco/work/results/stage19_mixed_recovery/locked_test_v1/burst/seed_08.json
PPO,BURST,8,RECOVERY,0.9750000000000001,0.0,0.77,100,/Users/lab4099/Desktop/Mujoco/work/results/stage19_mixed_recovery/locked_test_v1/burst/seed_08.json
PPO,BURST,8,RECOVERY,1.0,0.0,0.0,100,/Users/lab4099/Desktop/Mujoco/work/results/stage19_mixed_recovery/locked_test_v1/burst/seed_08.json
PPO,BURST,9,NORMAL,0.0,0.0,1.0,100,/Users/lab4099/Desktop/Mujoco/work/results/stage19_mixed_recovery/locked_test_v1/burst/seed_09.json
PPO,BURST,9,NORMAL,0.025,0.0,0.27,100,/Users/lab4099/Desktop/Mujoco/work/results/stage19_mixed_recovery/locked_test_v1/burst/seed_09.json
PPO,BURST,9,NORMAL,0.05,0.0,0.37,100,/Users/lab4099/Desktop/Mujoco/work/results/stage19_mixed_recovery/locked_test_v1/burst/seed_09.json
PPO,BURST,9,NORMAL,0.07500000000000001,0.0,0.31,100,/Users/lab4099/Desktop/Mujoco/work/results/stage19_mixed_recovery/locked_test_v1/burst/seed_09.json
PPO,BURST,9,NORMAL,0.1,0.0,0.29,100,/Users/lab4099/Desktop/Mujoco/work/results/stage19_mixed_recovery/locked_test_v1/burst/seed_09.json
PPO,BURST,9,NORMAL,0.125,0.0,0.51,100,/Users/lab4099/Desktop/Mujoco/work/results/stage19_mixed_recovery/locked_test_v1/burst/seed_09.json
PPO,BURST,9,NORMAL,0.15000000000000002,0.0,0.28,100,/Users/lab4099/Desktop/Mujoco/work/results/stage19_mixed_recovery/locked_test_v1/burst/seed_09.json
PPO,BURST,9,NORMAL,0.17500000000000002,0.0,0.45,100,/Users/lab4099/Desktop/Mujoco/work/results/stage19_mixed_recovery/locked_test_v1/burst/seed_09.json
PPO,BURST,9,NORMAL,0.2,0.0,0.24,100,/Users/lab4099/Desktop/Mujoco/work/results/stage19_mixed_recovery/locked_test_v1/burst/seed_09.json
PPO,BURST,9,NORMAL,0.225,0.0,0.55,100,/Users/lab4099/Desktop/Mujoco/work/results/stage19_mixed_recovery/locked_test_v1/burst/seed_09.json
PPO,BURST,9,NORMAL,0.25,0.0,0.18,100,/Users/lab4099/Desktop/Mujoco/work/results/stage19_mixed_recovery/locked_test_v1/burst/seed_09.json
PPO,BURST,9,NORMAL,0.275,0.0,0.51,100,/Users/lab4099/Desktop/Mujoco/work/results/stage19_mixed_recovery/locked_test_v1/burst/seed_09.json
PPO,BURST,9,NORMAL,0.30000000000000004,0.0,0.25,100,/Users/lab4099/Desktop/Mujoco/work/results/stage19_mixed_recovery/locked_test_v1/burst/seed_09.json
PPO,BURST,9,NORMAL,0.325,0.0,0.56,100,/Users/lab4099/Desktop/Mujoco/work/results/stage19_mixed_recovery/locked_test_v1/burst/seed_09.json
PPO,BURST,9,NORMAL,0.35000000000000003,0.0,0.28,100,/Users/lab4099/Desktop/Mujoco/work/results/stage19_mixed_recovery/locked_test_v1/burst/seed_09.json
PPO,BURST,9,NORMAL,0.375,0.0,0.62,100,/Users/lab4099/Desktop/Mujoco/work/results/stage19_mixed_recovery/locked_test_v1/burst/seed_09.json
PPO,BURST,9,NORMAL,0.4,0.0,0.35,100,/Users/lab4099/Desktop/Mujoco/work/results/stage19_mixed_recovery/locked_test_v1/burst/seed_09.json
PPO,BURST,9,NORMAL,0.42500000000000004,0.0,0.55,100,/Users/lab4099/Desktop/Mujoco/work/results/stage19_mixed_recovery/locked_test_v1/burst/seed_09.json
PPO,BURST,9,NORMAL,0.45,0.0,0.3,100,/Users/lab4099/Desktop/Mujoco/work/results/stage19_mixed_recovery/locked_test_v1/burst/seed_09.json
PPO,BURST,9,NORMAL,0.47500000000000003,0.0,0.67,100,/Users/lab4099/Desktop/Mujoco/work/results/stage19_mixed_recovery/locked_test_v1/burst/seed_09.json
PPO,BURST,9,NORMAL,0.5,0.0,0.42,100,/Users/lab4099/Desktop/Mujoco/work/results/stage19_mixed_recovery/locked_test_v1/burst/seed_09.json
PPO,BURST,9,NORMAL,0.525,0.0,0.65,100,/Users/lab4099/Desktop/Mujoco/work/results/stage19_mixed_recovery/locked_test_v1/burst/seed_09.json
PPO,BURST,9,NORMAL,0.55,0.0,0.53,100,/Users/lab4099/Desktop/Mujoco/work/results/stage19_mixed_recovery/locked_test_v1/burst/seed_09.json
PPO,BURST,9,NORMAL,0.5750000000000001,0.01,0.59,100,/Users/lab4099/Desktop/Mujoco/work/results/stage19_mixed_recovery/locked_test_v1/burst/seed_09.json
PPO,BURST,9,NORMAL,0.6000000000000001,0.0,0.49,100,/Users/lab4099/Desktop/Mujoco/work/results/stage19_mixed_recovery/locked_test_v1/burst/seed_09.json
PPO,BURST,9,NORMAL,0.625,0.01,0.55,100,/Users/lab4099/Desktop/Mujoco/work/results/stage19_mixed_recovery/locked_test_v1/burst/seed_09.json
PPO,BURST,9,NORMAL,0.65,0.0,0.37,100,/Users/lab4099/Desktop/Mujoco/work/results/stage19_mixed_recovery/locked_test_v1/burst/seed_09.json
PPO,BURST,9,NORMAL,0.675,0.0,0.35,100,/Users/lab4099/Desktop/Mujoco/work/results/stage19_mixed_recovery/locked_test_v1/burst/seed_09.json
PPO,BURST,9,NORMAL,0.7000000000000001,0.0,0.42,100,/Users/lab4099/Desktop/Mujoco/work/results/stage19_mixed_recovery/locked_test_v1/burst/seed_09.json
PPO,BURST,9,NORMAL,0.7250000000000001,0.0,0.31,100,/Users/lab4099/Desktop/Mujoco/work/results/stage19_mixed_recovery/locked_test_v1/burst/seed_09.json
PPO,BURST,9,NORMAL,0.75,0.0,0.51,100,/Users/lab4099/Desktop/Mujoco/work/results/stage19_mixed_recovery/locked_test_v1/burst/seed_09.json
PPO,BURST,9,NORMAL,0.775,0.01,0.35,100,/Users/lab4099/Desktop/Mujoco/work/results/stage19_mixed_recovery/locked_test_v1/burst/seed_09.json
PPO,BURST,9,NORMAL,0.8,0.0,0.54,100,/Users/lab4099/Desktop/Mujoco/work/results/stage19_mixed_recovery/locked_test_v1/burst/seed_09.json
PPO,BURST,9,NORMAL,0.8250000000000001,0.0,0.24,100,/Users/lab4099/Desktop/Mujoco/work/results/stage19_mixed_recovery/locked_test_v1/burst/seed_09.json
PPO,BURST,9,NORMAL,0.8500000000000001,0.0,0.49,100,/Users/lab4099/Desktop/Mujoco/work/results/stage19_mixed_recovery/locked_test_v1/burst/seed_09.json
PPO,BURST,9,NORMAL,0.875,0.0,0.28,100,/Users/lab4099/Desktop/Mujoco/work/results/stage19_mixed_recovery/locked_test_v1/burst/seed_09.json
PPO,BURST,9,NORMAL,0.9,0.0,0.52,100,/Users/lab4099/Desktop/Mujoco/work/results/stage19_mixed_recovery/locked_test_v1/burst/seed_09.json
PPO,BURST,9,NORMAL,0.925,0.0,0.32,100,/Users/lab4099/Desktop/Mujoco/work/results/stage19_mixed_recovery/locked_test_v1/burst/seed_09.json
PPO,BURST,9,NORMAL,0.9500000000000001,0.0,0.62,100,/Users/lab4099/Desktop/Mujoco/work/results/stage19_mixed_recovery/locked_test_v1/burst/seed_09.json
PPO,BURST,9,NORMAL,0.9750000000000001,0.0,0.36,100,/Users/lab4099/Desktop/Mujoco/work/results/stage19_mixed_recovery/locked_test_v1/burst/seed_09.json
PPO,BURST,9,NORMAL,1.0,0.3,1.31,100,/Users/lab4099/Desktop/Mujoco/work/results/stage19_mixed_recovery/locked_test_v1/burst/seed_09.json
PPO,BURST,9,DENSE,0.0,0.3,1.31,100,/Users/lab4099/Desktop/Mujoco/work/results/stage19_mixed_recovery/locked_test_v1/burst/seed_09.json
PPO,BURST,9,DENSE,0.025,0.29,1.01,100,/Users/lab4099/Desktop/Mujoco/work/results/stage19_mixed_recovery/locked_test_v1/burst/seed_09.json
PPO,BURST,9,DENSE,0.05,0.56,1.04,100,/Users/lab4099/Desktop/Mujoco/work/results/stage19_mixed_recovery/locked_test_v1/burst/seed_09.json
PPO,BURST,9,DENSE,0.07500000000000001,0.84,1.2,100,/Users/lab4099/Desktop/Mujoco/work/results/stage19_mixed_recovery/locked_test_v1/burst/seed_09.json
PPO,BURST,9,DENSE,0.1,1.02,1.19,100,/Users/lab4099/Desktop/Mujoco/work/results/stage19_mixed_recovery/locked_test_v1/burst/seed_09.json
PPO,BURST,9,DENSE,0.125,1.45,1.31,100,/Users/lab4099/Desktop/Mujoco/work/results/stage19_mixed_recovery/locked_test_v1/burst/seed_09.json
PPO,BURST,9,DENSE,0.15000000000000002,1.48,1.28,100,/Users/lab4099/Desktop/Mujoco/work/results/stage19_mixed_recovery/locked_test_v1/burst/seed_09.json
PPO,BURST,9,DENSE,0.17500000000000002,1.59,1.38,100,/Users/lab4099/Desktop/Mujoco/work/results/stage19_mixed_recovery/locked_test_v1/burst/seed_09.json
PPO,BURST,9,DENSE,0.2,1.56,1.32,100,/Users/lab4099/Desktop/Mujoco/work/results/stage19_mixed_recovery/locked_test_v1/burst/seed_09.json
PPO,BURST,9,DENSE,0.225,1.69,1.38,100,/Users/lab4099/Desktop/Mujoco/work/results/stage19_mixed_recovery/locked_test_v1/burst/seed_09.json
PPO,BURST,9,DENSE,0.25,1.59,1.45,100,/Users/lab4099/Desktop/Mujoco/work/results/stage19_mixed_recovery/locked_test_v1/burst/seed_09.json
PPO,BURST,9,DENSE,0.275,1.79,1.52,100,/Users/lab4099/Desktop/Mujoco/work/results/stage19_mixed_recovery/locked_test_v1/burst/seed_09.json
PPO,BURST,9,DENSE,0.30000000000000004,1.83,1.54,100,/Users/lab4099/Desktop/Mujoco/work/results/stage19_mixed_recovery/locked_test_v1/burst/seed_09.json
PPO,BURST,9,DENSE,0.325,2.0,1.51,100,/Users/lab4099/Desktop/Mujoco/work/results/stage19_mixed_recovery/locked_test_v1/burst/seed_09.json
PPO,BURST,9,DENSE,0.35000000000000003,2.1,1.55,100,/Users/lab4099/Desktop/Mujoco/work/results/stage19_mixed_recovery/locked_test_v1/burst/seed_09.json
PPO,BURST,9,DENSE,0.375,2.18,1.58,100,/Users/lab4099/Desktop/Mujoco/work/results/stage19_mixed_recovery/locked_test_v1/burst/seed_09.json
PPO,BURST,9,DENSE,0.4,2.26,1.65,100,/Users/lab4099/Desktop/Mujoco/work/results/stage19_mixed_recovery/locked_test_v1/burst/seed_09.json
PPO,BURST,9,DENSE,0.42500000000000004,2.36,1.72,100,/Users/lab4099/Desktop/Mujoco/work/results/stage19_mixed_recovery/locked_test_v1/burst/seed_09.json
PPO,BURST,9,DENSE,0.45,2.32,1.62,100,/Users/lab4099/Desktop/Mujoco/work/results/stage19_mixed_recovery/locked_test_v1/burst/seed_09.json
PPO,BURST,9,DENSE,0.47500000000000003,2.34,1.68,100,/Users/lab4099/Desktop/Mujoco/work/results/stage19_mixed_recovery/locked_test_v1/burst/seed_09.json
PPO,BURST,9,DENSE,0.5,2.58,1.67,100,/Users/lab4099/Desktop/Mujoco/work/results/stage19_mixed_recovery/locked_test_v1/burst/seed_09.json
PPO,BURST,9,DENSE,0.525,2.72,1.6,100,/Users/lab4099/Desktop/Mujoco/work/results/stage19_mixed_recovery/locked_test_v1/burst/seed_09.json
PPO,BURST,9,DENSE,0.55,2.82,1.69,100,/Users/lab4099/Desktop/Mujoco/work/results/stage19_mixed_recovery/locked_test_v1/burst/seed_09.json
PPO,BURST,9,DENSE,0.5750000000000001,2.82,1.68,100,/Users/lab4099/Desktop/Mujoco/work/results/stage19_mixed_recovery/locked_test_v1/burst/seed_09.json
PPO,BURST,9,DENSE,0.6000000000000001,3.02,1.65,100,/Users/lab4099/Desktop/Mujoco/work/results/stage19_mixed_recovery/locked_test_v1/burst/seed_09.json
PPO,BURST,9,DENSE,0.625,2.96,1.63,100,/Users/lab4099/Desktop/Mujoco/work/results/stage19_mixed_recovery/locked_test_v1/burst/seed_09.json
PPO,BURST,9,DENSE,0.65,3.11,1.69,100,/Users/lab4099/Desktop/Mujoco/work/results/stage19_mixed_recovery/locked_test_v1/burst/seed_09.json
PPO,BURST,9,DENSE,0.675,3.04,1.61,100,/Users/lab4099/Desktop/Mujoco/work/results/stage19_mixed_recovery/locked_test_v1/burst/seed_09.json
PPO,BURST,9,DENSE,0.7000000000000001,3.14,1.69,100,/Users/lab4099/Desktop/Mujoco/work/results/stage19_mixed_recovery/locked_test_v1/burst/seed_09.json
PPO,BURST,9,DENSE,0.7250000000000001,3.1,1.68,100,/Users/lab4099/Desktop/Mujoco/work/results/stage19_mixed_recovery/locked_test_v1/burst/seed_09.json
PPO,BURST,9,DENSE,0.75,3.31,1.73,100,/Users/lab4099/Desktop/Mujoco/work/results/stage19_mixed_recovery/locked_test_v1/burst/seed_09.json
PPO,BURST,9,DENSE,0.775,3.25,1.82,100,/Users/lab4099/Desktop/Mujoco/work/results/stage19_mixed_recovery/locked_test_v1/burst/seed_09.json
PPO,BURST,9,DENSE,0.8,3.48,1.81,100,/Users/lab4099/Desktop/Mujoco/work/results/stage19_mixed_recovery/locked_test_v1/burst/seed_09.json
PPO,BURST,9,DENSE,0.8250000000000001,3.4,1.79,100,/Users/lab4099/Desktop/Mujoco/work/results/stage19_mixed_recovery/locked_test_v1/burst/seed_09.json
PPO,BURST,9,DENSE,0.8500000000000001,3.58,1.79,100,/Users/lab4099/Desktop/Mujoco/work/results/stage19_mixed_recovery/locked_test_v1/burst/seed_09.json
PPO,BURST,9,DENSE,0.875,3.54,1.77,100,/Users/lab4099/Desktop/Mujoco/work/results/stage19_mixed_recovery/locked_test_v1/burst/seed_09.json
PPO,BURST,9,DENSE,0.9,3.64,1.89,100,/Users/lab4099/Desktop/Mujoco/work/results/stage19_mixed_recovery/locked_test_v1/burst/seed_09.json
PPO,BURST,9,DENSE,0.925,3.48,1.8,100,/Users/lab4099/Desktop/Mujoco/work/results/stage19_mixed_recovery/locked_test_v1/burst/seed_09.json
PPO,BURST,9,DENSE,0.9500000000000001,3.85,1.87,100,/Users/lab4099/Desktop/Mujoco/work/results/stage19_mixed_recovery/locked_test_v1/burst/seed_09.json
PPO,BURST,9,DENSE,0.9750000000000001,3.71,1.81,100,/Users/lab4099/Desktop/Mujoco/work/results/stage19_mixed_recovery/locked_test_v1/burst/seed_09.json
PPO,BURST,9,DENSE,1.0,5.14,2.03,100,/Users/lab4099/Desktop/Mujoco/work/results/stage19_mixed_recovery/locked_test_v1/burst/seed_09.json
PPO,BURST,9,BURST,0.0,5.14,2.03,100,/Users/lab4099/Desktop/Mujoco/work/results/stage19_mixed_recovery/locked_test_v1/burst/seed_09.json
PPO,BURST,9,BURST,0.025,6.14,2.14,100,/Users/lab4099/Desktop/Mujoco/work/results/stage19_mixed_recovery/locked_test_v1/burst/seed_09.json
PPO,BURST,9,BURST,0.05,7.37,2.27,100,/Users/lab4099/Desktop/Mujoco/work/results/stage19_mixed_recovery/locked_test_v1/burst/seed_09.json
PPO,BURST,9,BURST,0.07500000000000001,8.52,2.36,100,/Users/lab4099/Desktop/Mujoco/work/results/stage19_mixed_recovery/locked_test_v1/burst/seed_09.json
PPO,BURST,9,BURST,0.1,9.93,2.36,100,/Users/lab4099/Desktop/Mujoco/work/results/stage19_mixed_recovery/locked_test_v1/burst/seed_09.json
PPO,BURST,9,BURST,0.125,11.32,2.24,100,/Users/lab4099/Desktop/Mujoco/work/results/stage19_mixed_recovery/locked_test_v1/burst/seed_09.json
PPO,BURST,9,BURST,0.15000000000000002,12.78,2.12,100,/Users/lab4099/Desktop/Mujoco/work/results/stage19_mixed_recovery/locked_test_v1/burst/seed_09.json
PPO,BURST,9,BURST,0.17500000000000002,14.25,2.07,100,/Users/lab4099/Desktop/Mujoco/work/results/stage19_mixed_recovery/locked_test_v1/burst/seed_09.json
PPO,BURST,9,BURST,0.2,15.78,2.06,100,/Users/lab4099/Desktop/Mujoco/work/results/stage19_mixed_recovery/locked_test_v1/burst/seed_09.json
PPO,BURST,9,BURST,0.225,17.24,2.05,100,/Users/lab4099/Desktop/Mujoco/work/results/stage19_mixed_recovery/locked_test_v1/burst/seed_09.json
PPO,BURST,9,BURST,0.25,18.83,2.03,100,/Users/lab4099/Desktop/Mujoco/work/results/stage19_mixed_recovery/locked_test_v1/burst/seed_09.json
PPO,BURST,9,BURST,0.275,20.37,1.97,100,/Users/lab4099/Desktop/Mujoco/work/results/stage19_mixed_recovery/locked_test_v1/burst/seed_09.json
PPO,BURST,9,BURST,0.30000000000000004,21.72,1.96,100,/Users/lab4099/Desktop/Mujoco/work/results/stage19_mixed_recovery/locked_test_v1/burst/seed_09.json
PPO,BURST,9,BURST,0.325,22.02,1.96,100,/Users/lab4099/Desktop/Mujoco/work/results/stage19_mixed_recovery/locked_test_v1/burst/seed_09.json
PPO,BURST,9,BURST,0.35000000000000003,21.93,1.98,100,/Users/lab4099/Desktop/Mujoco/work/results/stage19_mixed_recovery/locked_test_v1/burst/seed_09.json
PPO,BURST,9,BURST,0.375,21.83,1.96,100,/Users/lab4099/Desktop/Mujoco/work/results/stage19_mixed_recovery/locked_test_v1/burst/seed_09.json
PPO,BURST,9,BURST,0.4,21.75,1.97,100,/Users/lab4099/Desktop/Mujoco/work/results/stage19_mixed_recovery/locked_test_v1/burst/seed_09.json
PPO,BURST,9,BURST,0.42500000000000004,21.67,1.97,100,/Users/lab4099/Desktop/Mujoco/work/results/stage19_mixed_recovery/locked_test_v1/burst/seed_09.json
PPO,BURST,9,BURST,0.45,21.62,1.97,100,/Users/lab4099/Desktop/Mujoco/work/results/stage19_mixed_recovery/locked_test_v1/burst/seed_09.json
PPO,BURST,9,BURST,0.47500000000000003,21.52,1.97,100,/Users/lab4099/Desktop/Mujoco/work/results/stage19_mixed_recovery/locked_test_v1/burst/seed_09.json
PPO,BURST,9,BURST,0.5,21.43,1.97,100,/Users/lab4099/Desktop/Mujoco/work/results/stage19_mixed_recovery/locked_test_v1/burst/seed_09.json
PPO,BURST,9,BURST,0.525,21.4,1.97,100,/Users/lab4099/Desktop/Mujoco/work/results/stage19_mixed_recovery/locked_test_v1/burst/seed_09.json
PPO,BURST,9,BURST,0.55,21.3,1.96,100,/Users/lab4099/Desktop/Mujoco/work/results/stage19_mixed_recovery/locked_test_v1/burst/seed_09.json
PPO,BURST,9,BURST,0.5750000000000001,21.26,1.96,100,/Users/lab4099/Desktop/Mujoco/work/results/stage19_mixed_recovery/locked_test_v1/burst/seed_09.json
PPO,BURST,9,BURST,0.6000000000000001,21.22,1.94,100,/Users/lab4099/Desktop/Mujoco/work/results/stage19_mixed_recovery/locked_test_v1/burst/seed_09.json
PPO,BURST,9,BURST,0.625,21.15,1.94,100,/Users/lab4099/Desktop/Mujoco/work/results/stage19_mixed_recovery/locked_test_v1/burst/seed_09.json
PPO,BURST,9,BURST,0.65,20.96,1.93,100,/Users/lab4099/Desktop/Mujoco/work/results/stage19_mixed_recovery/locked_test_v1/burst/seed_09.json
PPO,BURST,9,BURST,0.675,20.88,1.96,100,/Users/lab4099/Desktop/Mujoco/work/results/stage19_mixed_recovery/locked_test_v1/burst/seed_09.json
PPO,BURST,9,BURST,0.7000000000000001,20.83,1.96,100,/Users/lab4099/Desktop/Mujoco/work/results/stage19_mixed_recovery/locked_test_v1/burst/seed_09.json
PPO,BURST,9,BURST,0.7250000000000001,20.69,1.96,100,/Users/lab4099/Desktop/Mujoco/work/results/stage19_mixed_recovery/locked_test_v1/burst/seed_09.json
PPO,BURST,9,BURST,0.75,20.57,1.95,100,/Users/lab4099/Desktop/Mujoco/work/results/stage19_mixed_recovery/locked_test_v1/burst/seed_09.json
PPO,BURST,9,BURST,0.775,20.45,1.95,100,/Users/lab4099/Desktop/Mujoco/work/results/stage19_mixed_recovery/locked_test_v1/burst/seed_09.json
PPO,BURST,9,BURST,0.8,20.38,1.95,100,/Users/lab4099/Desktop/Mujoco/work/results/stage19_mixed_recovery/locked_test_v1/burst/seed_09.json
PPO,BURST,9,BURST,0.8250000000000001,20.3,1.95,100,/Users/lab4099/Desktop/Mujoco/work/results/stage19_mixed_recovery/locked_test_v1/burst/seed_09.json
PPO,BURST,9,BURST,0.8500000000000001,20.2,1.95,100,/Users/lab4099/Desktop/Mujoco/work/results/stage19_mixed_recovery/locked_test_v1/burst/seed_09.json
PPO,BURST,9,BURST,0.875,20.1,1.94,100,/Users/lab4099/Desktop/Mujoco/work/results/stage19_mixed_recovery/locked_test_v1/burst/seed_09.json
PPO,BURST,9,BURST,0.9,20.05,1.93,100,/Users/lab4099/Desktop/Mujoco/work/results/stage19_mixed_recovery/locked_test_v1/burst/seed_09.json
PPO,BURST,9,BURST,0.925,19.99,1.92,100,/Users/lab4099/Desktop/Mujoco/work/results/stage19_mixed_recovery/locked_test_v1/burst/seed_09.json
PPO,BURST,9,BURST,0.9500000000000001,19.97,1.9,100,/Users/lab4099/Desktop/Mujoco/work/results/stage19_mixed_recovery/locked_test_v1/burst/seed_09.json
PPO,BURST,9,BURST,0.9750000000000001,19.87,1.89,100,/Users/lab4099/Desktop/Mujoco/work/results/stage19_mixed_recovery/locked_test_v1/burst/seed_09.json
PPO,BURST,9,BURST,1.0,20.77,1.9,100,/Users/lab4099/Desktop/Mujoco/work/results/stage19_mixed_recovery/locked_test_v1/burst/seed_09.json
PPO,BURST,9,RECOVERY,0.0,20.77,1.9,100,/Users/lab4099/Desktop/Mujoco/work/results/stage19_mixed_recovery/locked_test_v1/burst/seed_09.json
PPO,BURST,9,RECOVERY,0.025,19.63,1.93,100,/Users/lab4099/Desktop/Mujoco/work/results/stage19_mixed_recovery/locked_test_v1/burst/seed_09.json
PPO,BURST,9,RECOVERY,0.05,18.82,1.92,100,/Users/lab4099/Desktop/Mujoco/work/results/stage19_mixed_recovery/locked_test_v1/burst/seed_09.json
PPO,BURST,9,RECOVERY,0.07500000000000001,18.11,2.0,100,/Users/lab4099/Desktop/Mujoco/work/results/stage19_mixed_recovery/locked_test_v1/burst/seed_09.json
PPO,BURST,9,RECOVERY,0.1,16.77,2.03,100,/Users/lab4099/Desktop/Mujoco/work/results/stage19_mixed_recovery/locked_test_v1/burst/seed_09.json
PPO,BURST,9,RECOVERY,0.125,15.29,2.05,100,/Users/lab4099/Desktop/Mujoco/work/results/stage19_mixed_recovery/locked_test_v1/burst/seed_09.json
PPO,BURST,9,RECOVERY,0.15000000000000002,13.01,2.11,100,/Users/lab4099/Desktop/Mujoco/work/results/stage19_mixed_recovery/locked_test_v1/burst/seed_09.json
PPO,BURST,9,RECOVERY,0.17500000000000002,11.33,2.05,100,/Users/lab4099/Desktop/Mujoco/work/results/stage19_mixed_recovery/locked_test_v1/burst/seed_09.json
PPO,BURST,9,RECOVERY,0.2,8.99,2.1,100,/Users/lab4099/Desktop/Mujoco/work/results/stage19_mixed_recovery/locked_test_v1/burst/seed_09.json
PPO,BURST,9,RECOVERY,0.225,7.33,1.94,100,/Users/lab4099/Desktop/Mujoco/work/results/stage19_mixed_recovery/locked_test_v1/burst/seed_09.json
PPO,BURST,9,RECOVERY,0.25,5.57,1.83,100,/Users/lab4099/Desktop/Mujoco/work/results/stage19_mixed_recovery/locked_test_v1/burst/seed_09.json
PPO,BURST,9,RECOVERY,0.275,4.53,1.67,100,/Users/lab4099/Desktop/Mujoco/work/results/stage19_mixed_recovery/locked_test_v1/burst/seed_09.json
PPO,BURST,9,RECOVERY,0.30000000000000004,3.6,1.49,100,/Users/lab4099/Desktop/Mujoco/work/results/stage19_mixed_recovery/locked_test_v1/burst/seed_09.json
PPO,BURST,9,RECOVERY,0.325,3.12,1.4,100,/Users/lab4099/Desktop/Mujoco/work/results/stage19_mixed_recovery/locked_test_v1/burst/seed_09.json
PPO,BURST,9,RECOVERY,0.35000000000000003,2.24,1.41,100,/Users/lab4099/Desktop/Mujoco/work/results/stage19_mixed_recovery/locked_test_v1/burst/seed_09.json
PPO,BURST,9,RECOVERY,0.375,1.82,1.31,100,/Users/lab4099/Desktop/Mujoco/work/results/stage19_mixed_recovery/locked_test_v1/burst/seed_09.json
PPO,BURST,9,RECOVERY,0.4,1.28,1.15,100,/Users/lab4099/Desktop/Mujoco/work/results/stage19_mixed_recovery/locked_test_v1/burst/seed_09.json
PPO,BURST,9,RECOVERY,0.42500000000000004,1.03,1.15,100,/Users/lab4099/Desktop/Mujoco/work/results/stage19_mixed_recovery/locked_test_v1/burst/seed_09.json
PPO,BURST,9,RECOVERY,0.45,0.64,1.12,100,/Users/lab4099/Desktop/Mujoco/work/results/stage19_mixed_recovery/locked_test_v1/burst/seed_09.json
PPO,BURST,9,RECOVERY,0.47500000000000003,0.53,0.96,100,/Users/lab4099/Desktop/Mujoco/work/results/stage19_mixed_recovery/locked_test_v1/burst/seed_09.json
PPO,BURST,9,RECOVERY,0.5,0.34,0.83,100,/Users/lab4099/Desktop/Mujoco/work/results/stage19_mixed_recovery/locked_test_v1/burst/seed_09.json
PPO,BURST,9,RECOVERY,0.525,0.24,0.73,100,/Users/lab4099/Desktop/Mujoco/work/results/stage19_mixed_recovery/locked_test_v1/burst/seed_09.json
PPO,BURST,9,RECOVERY,0.55,0.14,0.66,100,/Users/lab4099/Desktop/Mujoco/work/results/stage19_mixed_recovery/locked_test_v1/burst/seed_09.json
PPO,BURST,9,RECOVERY,0.5750000000000001,0.12,0.62,100,/Users/lab4099/Desktop/Mujoco/work/results/stage19_mixed_recovery/locked_test_v1/burst/seed_09.json
PPO,BURST,9,RECOVERY,0.6000000000000001,0.05,0.58,100,/Users/lab4099/Desktop/Mujoco/work/results/stage19_mixed_recovery/locked_test_v1/burst/seed_09.json
PPO,BURST,9,RECOVERY,0.625,0.06,0.45,100,/Users/lab4099/Desktop/Mujoco/work/results/stage19_mixed_recovery/locked_test_v1/burst/seed_09.json
PPO,BURST,9,RECOVERY,0.65,0.04,0.52,100,/Users/lab4099/Desktop/Mujoco/work/results/stage19_mixed_recovery/locked_test_v1/burst/seed_09.json
PPO,BURST,9,RECOVERY,0.675,0.0,0.54,100,/Users/lab4099/Desktop/Mujoco/work/results/stage19_mixed_recovery/locked_test_v1/burst/seed_09.json
PPO,BURST,9,RECOVERY,0.7000000000000001,0.02,0.53,100,/Users/lab4099/Desktop/Mujoco/work/results/stage19_mixed_recovery/locked_test_v1/burst/seed_09.json
PPO,BURST,9,RECOVERY,0.7250000000000001,0.0,0.48,100,/Users/lab4099/Desktop/Mujoco/work/results/stage19_mixed_recovery/locked_test_v1/burst/seed_09.json
PPO,BURST,9,RECOVERY,0.75,0.01,0.55,100,/Users/lab4099/Desktop/Mujoco/work/results/stage19_mixed_recovery/locked_test_v1/burst/seed_09.json
PPO,BURST,9,RECOVERY,0.775,0.0,0.38,100,/Users/lab4099/Desktop/Mujoco/work/results/stage19_mixed_recovery/locked_test_v1/burst/seed_09.json
PPO,BURST,9,RECOVERY,0.8,0.01,0.57,100,/Users/lab4099/Desktop/Mujoco/work/results/stage19_mixed_recovery/locked_test_v1/burst/seed_09.json
PPO,BURST,9,RECOVERY,0.8250000000000001,0.0,0.46,100,/Users/lab4099/Desktop/Mujoco/work/results/stage19_mixed_recovery/locked_test_v1/burst/seed_09.json
PPO,BURST,9,RECOVERY,0.8500000000000001,0.0,0.54,100,/Users/lab4099/Desktop/Mujoco/work/results/stage19_mixed_recovery/locked_test_v1/burst/seed_09.json
PPO,BURST,9,RECOVERY,0.875,0.0,0.47,100,/Users/lab4099/Desktop/Mujoco/work/results/stage19_mixed_recovery/locked_test_v1/burst/seed_09.json
PPO,BURST,9,RECOVERY,0.9,0.03,0.57,100,/Users/lab4099/Desktop/Mujoco/work/results/stage19_mixed_recovery/locked_test_v1/burst/seed_09.json
PPO,BURST,9,RECOVERY,0.925,0.0,0.47,100,/Users/lab4099/Desktop/Mujoco/work/results/stage19_mixed_recovery/locked_test_v1/burst/seed_09.json
PPO,BURST,9,RECOVERY,0.9500000000000001,0.02,0.56,100,/Users/lab4099/Desktop/Mujoco/work/results/stage19_mixed_recovery/locked_test_v1/burst/seed_09.json
PPO,BURST,9,RECOVERY,0.9750000000000001,0.0,0.77,100,/Users/lab4099/Desktop/Mujoco/work/results/stage19_mixed_recovery/locked_test_v1/burst/seed_09.json
PPO,BURST,9,RECOVERY,1.0,0.0,0.0,100,/Users/lab4099/Desktop/Mujoco/work/results/stage19_mixed_recovery/locked_test_v1/burst/seed_09.json
PPO,BURST,10,NORMAL,0.0,0.0,1.0,100,/Users/lab4099/Desktop/Mujoco/work/results/stage19_mixed_recovery/locked_test_v1/burst/seed_10.json
PPO,BURST,10,NORMAL,0.025,0.0,0.27,100,/Users/lab4099/Desktop/Mujoco/work/results/stage19_mixed_recovery/locked_test_v1/burst/seed_10.json
PPO,BURST,10,NORMAL,0.05,0.0,0.37,100,/Users/lab4099/Desktop/Mujoco/work/results/stage19_mixed_recovery/locked_test_v1/burst/seed_10.json
PPO,BURST,10,NORMAL,0.07500000000000001,0.0,0.31,100,/Users/lab4099/Desktop/Mujoco/work/results/stage19_mixed_recovery/locked_test_v1/burst/seed_10.json
PPO,BURST,10,NORMAL,0.1,0.0,0.28,100,/Users/lab4099/Desktop/Mujoco/work/results/stage19_mixed_recovery/locked_test_v1/burst/seed_10.json
PPO,BURST,10,NORMAL,0.125,0.0,0.51,100,/Users/lab4099/Desktop/Mujoco/work/results/stage19_mixed_recovery/locked_test_v1/burst/seed_10.json
PPO,BURST,10,NORMAL,0.15000000000000002,0.0,0.28,100,/Users/lab4099/Desktop/Mujoco/work/results/stage19_mixed_recovery/locked_test_v1/burst/seed_10.json
PPO,BURST,10,NORMAL,0.17500000000000002,0.0,0.45,100,/Users/lab4099/Desktop/Mujoco/work/results/stage19_mixed_recovery/locked_test_v1/burst/seed_10.json
PPO,BURST,10,NORMAL,0.2,0.0,0.22,100,/Users/lab4099/Desktop/Mujoco/work/results/stage19_mixed_recovery/locked_test_v1/burst/seed_10.json
PPO,BURST,10,NORMAL,0.225,0.0,0.56,100,/Users/lab4099/Desktop/Mujoco/work/results/stage19_mixed_recovery/locked_test_v1/burst/seed_10.json
PPO,BURST,10,NORMAL,0.25,0.0,0.18,100,/Users/lab4099/Desktop/Mujoco/work/results/stage19_mixed_recovery/locked_test_v1/burst/seed_10.json
PPO,BURST,10,NORMAL,0.275,0.0,0.5,100,/Users/lab4099/Desktop/Mujoco/work/results/stage19_mixed_recovery/locked_test_v1/burst/seed_10.json
PPO,BURST,10,NORMAL,0.30000000000000004,0.0,0.24,100,/Users/lab4099/Desktop/Mujoco/work/results/stage19_mixed_recovery/locked_test_v1/burst/seed_10.json
PPO,BURST,10,NORMAL,0.325,0.0,0.56,100,/Users/lab4099/Desktop/Mujoco/work/results/stage19_mixed_recovery/locked_test_v1/burst/seed_10.json
PPO,BURST,10,NORMAL,0.35000000000000003,0.0,0.28,100,/Users/lab4099/Desktop/Mujoco/work/results/stage19_mixed_recovery/locked_test_v1/burst/seed_10.json
PPO,BURST,10,NORMAL,0.375,0.0,0.61,100,/Users/lab4099/Desktop/Mujoco/work/results/stage19_mixed_recovery/locked_test_v1/burst/seed_10.json
PPO,BURST,10,NORMAL,0.4,0.0,0.36,100,/Users/lab4099/Desktop/Mujoco/work/results/stage19_mixed_recovery/locked_test_v1/burst/seed_10.json
PPO,BURST,10,NORMAL,0.42500000000000004,0.0,0.55,100,/Users/lab4099/Desktop/Mujoco/work/results/stage19_mixed_recovery/locked_test_v1/burst/seed_10.json
PPO,BURST,10,NORMAL,0.45,0.0,0.28,100,/Users/lab4099/Desktop/Mujoco/work/results/stage19_mixed_recovery/locked_test_v1/burst/seed_10.json
PPO,BURST,10,NORMAL,0.47500000000000003,0.0,0.68,100,/Users/lab4099/Desktop/Mujoco/work/results/stage19_mixed_recovery/locked_test_v1/burst/seed_10.json
PPO,BURST,10,NORMAL,0.5,0.0,0.43,100,/Users/lab4099/Desktop/Mujoco/work/results/stage19_mixed_recovery/locked_test_v1/burst/seed_10.json
PPO,BURST,10,NORMAL,0.525,0.0,0.64,100,/Users/lab4099/Desktop/Mujoco/work/results/stage19_mixed_recovery/locked_test_v1/burst/seed_10.json
PPO,BURST,10,NORMAL,0.55,0.0,0.52,100,/Users/lab4099/Desktop/Mujoco/work/results/stage19_mixed_recovery/locked_test_v1/burst/seed_10.json
PPO,BURST,10,NORMAL,0.5750000000000001,0.0,0.59,100,/Users/lab4099/Desktop/Mujoco/work/results/stage19_mixed_recovery/locked_test_v1/burst/seed_10.json
PPO,BURST,10,NORMAL,0.6000000000000001,0.0,0.49,100,/Users/lab4099/Desktop/Mujoco/work/results/stage19_mixed_recovery/locked_test_v1/burst/seed_10.json
PPO,BURST,10,NORMAL,0.625,0.0,0.52,100,/Users/lab4099/Desktop/Mujoco/work/results/stage19_mixed_recovery/locked_test_v1/burst/seed_10.json
PPO,BURST,10,NORMAL,0.65,0.0,0.37,100,/Users/lab4099/Desktop/Mujoco/work/results/stage19_mixed_recovery/locked_test_v1/burst/seed_10.json
PPO,BURST,10,NORMAL,0.675,0.0,0.32,100,/Users/lab4099/Desktop/Mujoco/work/results/stage19_mixed_recovery/locked_test_v1/burst/seed_10.json
PPO,BURST,10,NORMAL,0.7000000000000001,0.0,0.41,100,/Users/lab4099/Desktop/Mujoco/work/results/stage19_mixed_recovery/locked_test_v1/burst/seed_10.json
PPO,BURST,10,NORMAL,0.7250000000000001,0.0,0.31,100,/Users/lab4099/Desktop/Mujoco/work/results/stage19_mixed_recovery/locked_test_v1/burst/seed_10.json
PPO,BURST,10,NORMAL,0.75,0.0,0.51,100,/Users/lab4099/Desktop/Mujoco/work/results/stage19_mixed_recovery/locked_test_v1/burst/seed_10.json
PPO,BURST,10,NORMAL,0.775,0.0,0.31,100,/Users/lab4099/Desktop/Mujoco/work/results/stage19_mixed_recovery/locked_test_v1/burst/seed_10.json
PPO,BURST,10,NORMAL,0.8,0.0,0.55,100,/Users/lab4099/Desktop/Mujoco/work/results/stage19_mixed_recovery/locked_test_v1/burst/seed_10.json
PPO,BURST,10,NORMAL,0.8250000000000001,0.0,0.24,100,/Users/lab4099/Desktop/Mujoco/work/results/stage19_mixed_recovery/locked_test_v1/burst/seed_10.json
PPO,BURST,10,NORMAL,0.8500000000000001,0.0,0.49,100,/Users/lab4099/Desktop/Mujoco/work/results/stage19_mixed_recovery/locked_test_v1/burst/seed_10.json
PPO,BURST,10,NORMAL,0.875,0.0,0.22,100,/Users/lab4099/Desktop/Mujoco/work/results/stage19_mixed_recovery/locked_test_v1/burst/seed_10.json
PPO,BURST,10,NORMAL,0.9,0.0,0.52,100,/Users/lab4099/Desktop/Mujoco/work/results/stage19_mixed_recovery/locked_test_v1/burst/seed_10.json
PPO,BURST,10,NORMAL,0.925,0.0,0.26,100,/Users/lab4099/Desktop/Mujoco/work/results/stage19_mixed_recovery/locked_test_v1/burst/seed_10.json
PPO,BURST,10,NORMAL,0.9500000000000001,0.0,0.6,100,/Users/lab4099/Desktop/Mujoco/work/results/stage19_mixed_recovery/locked_test_v1/burst/seed_10.json
PPO,BURST,10,NORMAL,0.9750000000000001,0.0,0.34,100,/Users/lab4099/Desktop/Mujoco/work/results/stage19_mixed_recovery/locked_test_v1/burst/seed_10.json
PPO,BURST,10,NORMAL,1.0,0.3,1.31,100,/Users/lab4099/Desktop/Mujoco/work/results/stage19_mixed_recovery/locked_test_v1/burst/seed_10.json
PPO,BURST,10,DENSE,0.0,0.3,1.31,100,/Users/lab4099/Desktop/Mujoco/work/results/stage19_mixed_recovery/locked_test_v1/burst/seed_10.json
PPO,BURST,10,DENSE,0.025,0.29,1.04,100,/Users/lab4099/Desktop/Mujoco/work/results/stage19_mixed_recovery/locked_test_v1/burst/seed_10.json
PPO,BURST,10,DENSE,0.05,0.56,1.04,100,/Users/lab4099/Desktop/Mujoco/work/results/stage19_mixed_recovery/locked_test_v1/burst/seed_10.json
PPO,BURST,10,DENSE,0.07500000000000001,0.84,1.2,100,/Users/lab4099/Desktop/Mujoco/work/results/stage19_mixed_recovery/locked_test_v1/burst/seed_10.json
PPO,BURST,10,DENSE,0.1,1.03,1.19,100,/Users/lab4099/Desktop/Mujoco/work/results/stage19_mixed_recovery/locked_test_v1/burst/seed_10.json
PPO,BURST,10,DENSE,0.125,1.46,1.34,100,/Users/lab4099/Desktop/Mujoco/work/results/stage19_mixed_recovery/locked_test_v1/burst/seed_10.json
PPO,BURST,10,DENSE,0.15000000000000002,1.46,1.26,100,/Users/lab4099/Desktop/Mujoco/work/results/stage19_mixed_recovery/locked_test_v1/burst/seed_10.json
PPO,BURST,10,DENSE,0.17500000000000002,1.5,1.37,100,/Users/lab4099/Desktop/Mujoco/work/results/stage19_mixed_recovery/locked_test_v1/burst/seed_10.json
PPO,BURST,10,DENSE,0.2,1.46,1.32,100,/Users/lab4099/Desktop/Mujoco/work/results/stage19_mixed_recovery/locked_test_v1/burst/seed_10.json
PPO,BURST,10,DENSE,0.225,1.57,1.4,100,/Users/lab4099/Desktop/Mujoco/work/results/stage19_mixed_recovery/locked_test_v1/burst/seed_10.json
PPO,BURST,10,DENSE,0.25,1.56,1.42,100,/Users/lab4099/Desktop/Mujoco/work/results/stage19_mixed_recovery/locked_test_v1/burst/seed_10.json
PPO,BURST,10,DENSE,0.275,1.81,1.52,100,/Users/lab4099/Desktop/Mujoco/work/results/stage19_mixed_recovery/locked_test_v1/burst/seed_10.json
PPO,BURST,10,DENSE,0.30000000000000004,1.9,1.52,100,/Users/lab4099/Desktop/Mujoco/work/results/stage19_mixed_recovery/locked_test_v1/burst/seed_10.json
PPO,BURST,10,DENSE,0.325,2.07,1.51,100,/Users/lab4099/Desktop/Mujoco/work/results/stage19_mixed_recovery/locked_test_v1/burst/seed_10.json
PPO,BURST,10,DENSE,0.35000000000000003,2.17,1.54,100,/Users/lab4099/Desktop/Mujoco/work/results/stage19_mixed_recovery/locked_test_v1/burst/seed_10.json
PPO,BURST,10,DENSE,0.375,2.15,1.61,100,/Users/lab4099/Desktop/Mujoco/work/results/stage19_mixed_recovery/locked_test_v1/burst/seed_10.json
PPO,BURST,10,DENSE,0.4,2.25,1.64,100,/Users/lab4099/Desktop/Mujoco/work/results/stage19_mixed_recovery/locked_test_v1/burst/seed_10.json
PPO,BURST,10,DENSE,0.42500000000000004,2.3,1.68,100,/Users/lab4099/Desktop/Mujoco/work/results/stage19_mixed_recovery/locked_test_v1/burst/seed_10.json
PPO,BURST,10,DENSE,0.45,2.26,1.68,100,/Users/lab4099/Desktop/Mujoco/work/results/stage19_mixed_recovery/locked_test_v1/burst/seed_10.json
PPO,BURST,10,DENSE,0.47500000000000003,2.31,1.71,100,/Users/lab4099/Desktop/Mujoco/work/results/stage19_mixed_recovery/locked_test_v1/burst/seed_10.json
PPO,BURST,10,DENSE,0.5,2.54,1.64,100,/Users/lab4099/Desktop/Mujoco/work/results/stage19_mixed_recovery/locked_test_v1/burst/seed_10.json
PPO,BURST,10,DENSE,0.525,2.62,1.64,100,/Users/lab4099/Desktop/Mujoco/work/results/stage19_mixed_recovery/locked_test_v1/burst/seed_10.json
PPO,BURST,10,DENSE,0.55,2.83,1.65,100,/Users/lab4099/Desktop/Mujoco/work/results/stage19_mixed_recovery/locked_test_v1/burst/seed_10.json
PPO,BURST,10,DENSE,0.5750000000000001,2.85,1.66,100,/Users/lab4099/Desktop/Mujoco/work/results/stage19_mixed_recovery/locked_test_v1/burst/seed_10.json
PPO,BURST,10,DENSE,0.6000000000000001,2.99,1.67,100,/Users/lab4099/Desktop/Mujoco/work/results/stage19_mixed_recovery/locked_test_v1/burst/seed_10.json
PPO,BURST,10,DENSE,0.625,2.94,1.65,100,/Users/lab4099/Desktop/Mujoco/work/results/stage19_mixed_recovery/locked_test_v1/burst/seed_10.json
PPO,BURST,10,DENSE,0.65,3.01,1.74,100,/Users/lab4099/Desktop/Mujoco/work/results/stage19_mixed_recovery/locked_test_v1/burst/seed_10.json
PPO,BURST,10,DENSE,0.675,3.02,1.67,100,/Users/lab4099/Desktop/Mujoco/work/results/stage19_mixed_recovery/locked_test_v1/burst/seed_10.json
PPO,BURST,10,DENSE,0.7000000000000001,3.1,1.71,100,/Users/lab4099/Desktop/Mujoco/work/results/stage19_mixed_recovery/locked_test_v1/burst/seed_10.json
PPO,BURST,10,DENSE,0.7250000000000001,3.2,1.69,100,/Users/lab4099/Desktop/Mujoco/work/results/stage19_mixed_recovery/locked_test_v1/burst/seed_10.json
PPO,BURST,10,DENSE,0.75,3.4,1.7,100,/Users/lab4099/Desktop/Mujoco/work/results/stage19_mixed_recovery/locked_test_v1/burst/seed_10.json
PPO,BURST,10,DENSE,0.775,3.34,1.75,100,/Users/lab4099/Desktop/Mujoco/work/results/stage19_mixed_recovery/locked_test_v1/burst/seed_10.json
PPO,BURST,10,DENSE,0.8,3.52,1.75,100,/Users/lab4099/Desktop/Mujoco/work/results/stage19_mixed_recovery/locked_test_v1/burst/seed_10.json
PPO,BURST,10,DENSE,0.8250000000000001,3.26,1.75,100,/Users/lab4099/Desktop/Mujoco/work/results/stage19_mixed_recovery/locked_test_v1/burst/seed_10.json
PPO,BURST,10,DENSE,0.8500000000000001,3.39,1.78,100,/Users/lab4099/Desktop/Mujoco/work/results/stage19_mixed_recovery/locked_test_v1/burst/seed_10.json
PPO,BURST,10,DENSE,0.875,3.35,1.75,100,/Users/lab4099/Desktop/Mujoco/work/results/stage19_mixed_recovery/locked_test_v1/burst/seed_10.json
PPO,BURST,10,DENSE,0.9,3.48,1.94,100,/Users/lab4099/Desktop/Mujoco/work/results/stage19_mixed_recovery/locked_test_v1/burst/seed_10.json
PPO,BURST,10,DENSE,0.925,3.47,1.83,100,/Users/lab4099/Desktop/Mujoco/work/results/stage19_mixed_recovery/locked_test_v1/burst/seed_10.json
PPO,BURST,10,DENSE,0.9500000000000001,3.83,1.95,100,/Users/lab4099/Desktop/Mujoco/work/results/stage19_mixed_recovery/locked_test_v1/burst/seed_10.json
PPO,BURST,10,DENSE,0.9750000000000001,3.69,1.88,100,/Users/lab4099/Desktop/Mujoco/work/results/stage19_mixed_recovery/locked_test_v1/burst/seed_10.json
PPO,BURST,10,DENSE,1.0,5.04,2.08,100,/Users/lab4099/Desktop/Mujoco/work/results/stage19_mixed_recovery/locked_test_v1/burst/seed_10.json
PPO,BURST,10,BURST,0.0,5.04,2.08,100,/Users/lab4099/Desktop/Mujoco/work/results/stage19_mixed_recovery/locked_test_v1/burst/seed_10.json
PPO,BURST,10,BURST,0.025,5.99,2.21,100,/Users/lab4099/Desktop/Mujoco/work/results/stage19_mixed_recovery/locked_test_v1/burst/seed_10.json
PPO,BURST,10,BURST,0.05,7.31,2.34,100,/Users/lab4099/Desktop/Mujoco/work/results/stage19_mixed_recovery/locked_test_v1/burst/seed_10.json
PPO,BURST,10,BURST,0.07500000000000001,8.47,2.37,100,/Users/lab4099/Desktop/Mujoco/work/results/stage19_mixed_recovery/locked_test_v1/burst/seed_10.json
PPO,BURST,10,BURST,0.1,9.82,2.45,100,/Users/lab4099/Desktop/Mujoco/work/results/stage19_mixed_recovery/locked_test_v1/burst/seed_10.json
PPO,BURST,10,BURST,0.125,11.13,2.38,100,/Users/lab4099/Desktop/Mujoco/work/results/stage19_mixed_recovery/locked_test_v1/burst/seed_10.json
PPO,BURST,10,BURST,0.15000000000000002,12.54,2.27,100,/Users/lab4099/Desktop/Mujoco/work/results/stage19_mixed_recovery/locked_test_v1/burst/seed_10.json
PPO,BURST,10,BURST,0.17500000000000002,13.94,2.16,100,/Users/lab4099/Desktop/Mujoco/work/results/stage19_mixed_recovery/locked_test_v1/burst/seed_10.json
PPO,BURST,10,BURST,0.2,15.47,2.15,100,/Users/lab4099/Desktop/Mujoco/work/results/stage19_mixed_recovery/locked_test_v1/burst/seed_10.json
PPO,BURST,10,BURST,0.225,16.83,2.09,100,/Users/lab4099/Desktop/Mujoco/work/results/stage19_mixed_recovery/locked_test_v1/burst/seed_10.json
PPO,BURST,10,BURST,0.25,18.41,2.06,100,/Users/lab4099/Desktop/Mujoco/work/results/stage19_mixed_recovery/locked_test_v1/burst/seed_10.json
PPO,BURST,10,BURST,0.275,19.89,2.04,100,/Users/lab4099/Desktop/Mujoco/work/results/stage19_mixed_recovery/locked_test_v1/burst/seed_10.json
PPO,BURST,10,BURST,0.30000000000000004,21.23,1.99,100,/Users/lab4099/Desktop/Mujoco/work/results/stage19_mixed_recovery/locked_test_v1/burst/seed_10.json
PPO,BURST,10,BURST,0.325,21.55,1.99,100,/Users/lab4099/Desktop/Mujoco/work/results/stage19_mixed_recovery/locked_test_v1/burst/seed_10.json
PPO,BURST,10,BURST,0.35000000000000003,21.52,1.98,100,/Users/lab4099/Desktop/Mujoco/work/results/stage19_mixed_recovery/locked_test_v1/burst/seed_10.json
PPO,BURST,10,BURST,0.375,21.48,1.97,100,/Users/lab4099/Desktop/Mujoco/work/results/stage19_mixed_recovery/locked_test_v1/burst/seed_10.json
PPO,BURST,10,BURST,0.4,21.41,1.97,100,/Users/lab4099/Desktop/Mujoco/work/results/stage19_mixed_recovery/locked_test_v1/burst/seed_10.json
PPO,BURST,10,BURST,0.42500000000000004,21.33,1.97,100,/Users/lab4099/Desktop/Mujoco/work/results/stage19_mixed_recovery/locked_test_v1/burst/seed_10.json
PPO,BURST,10,BURST,0.45,21.28,1.97,100,/Users/lab4099/Desktop/Mujoco/work/results/stage19_mixed_recovery/locked_test_v1/burst/seed_10.json
PPO,BURST,10,BURST,0.47500000000000003,21.25,1.96,100,/Users/lab4099/Desktop/Mujoco/work/results/stage19_mixed_recovery/locked_test_v1/burst/seed_10.json
PPO,BURST,10,BURST,0.5,21.16,1.96,100,/Users/lab4099/Desktop/Mujoco/work/results/stage19_mixed_recovery/locked_test_v1/burst/seed_10.json
PPO,BURST,10,BURST,0.525,21.07,1.96,100,/Users/lab4099/Desktop/Mujoco/work/results/stage19_mixed_recovery/locked_test_v1/burst/seed_10.json
PPO,BURST,10,BURST,0.55,21.0,1.96,100,/Users/lab4099/Desktop/Mujoco/work/results/stage19_mixed_recovery/locked_test_v1/burst/seed_10.json
PPO,BURST,10,BURST,0.5750000000000001,20.91,1.95,100,/Users/lab4099/Desktop/Mujoco/work/results/stage19_mixed_recovery/locked_test_v1/burst/seed_10.json
PPO,BURST,10,BURST,0.6000000000000001,20.82,1.96,100,/Users/lab4099/Desktop/Mujoco/work/results/stage19_mixed_recovery/locked_test_v1/burst/seed_10.json
PPO,BURST,10,BURST,0.625,20.74,1.96,100,/Users/lab4099/Desktop/Mujoco/work/results/stage19_mixed_recovery/locked_test_v1/burst/seed_10.json
PPO,BURST,10,BURST,0.65,20.64,1.96,100,/Users/lab4099/Desktop/Mujoco/work/results/stage19_mixed_recovery/locked_test_v1/burst/seed_10.json
PPO,BURST,10,BURST,0.675,20.52,1.96,100,/Users/lab4099/Desktop/Mujoco/work/results/stage19_mixed_recovery/locked_test_v1/burst/seed_10.json
PPO,BURST,10,BURST,0.7000000000000001,20.42,1.96,100,/Users/lab4099/Desktop/Mujoco/work/results/stage19_mixed_recovery/locked_test_v1/burst/seed_10.json
PPO,BURST,10,BURST,0.7250000000000001,20.29,1.94,100,/Users/lab4099/Desktop/Mujoco/work/results/stage19_mixed_recovery/locked_test_v1/burst/seed_10.json
PPO,BURST,10,BURST,0.75,20.17,1.92,100,/Users/lab4099/Desktop/Mujoco/work/results/stage19_mixed_recovery/locked_test_v1/burst/seed_10.json
PPO,BURST,10,BURST,0.775,20.06,1.92,100,/Users/lab4099/Desktop/Mujoco/work/results/stage19_mixed_recovery/locked_test_v1/burst/seed_10.json
PPO,BURST,10,BURST,0.8,20.03,1.92,100,/Users/lab4099/Desktop/Mujoco/work/results/stage19_mixed_recovery/locked_test_v1/burst/seed_10.json
PPO,BURST,10,BURST,0.8250000000000001,19.91,1.9,100,/Users/lab4099/Desktop/Mujoco/work/results/stage19_mixed_recovery/locked_test_v1/burst/seed_10.json
PPO,BURST,10,BURST,0.8500000000000001,19.86,1.9,100,/Users/lab4099/Desktop/Mujoco/work/results/stage19_mixed_recovery/locked_test_v1/burst/seed_10.json
PPO,BURST,10,BURST,0.875,19.76,1.9,100,/Users/lab4099/Desktop/Mujoco/work/results/stage19_mixed_recovery/locked_test_v1/burst/seed_10.json
PPO,BURST,10,BURST,0.9,19.69,1.89,100,/Users/lab4099/Desktop/Mujoco/work/results/stage19_mixed_recovery/locked_test_v1/burst/seed_10.json
PPO,BURST,10,BURST,0.925,19.62,1.9,100,/Users/lab4099/Desktop/Mujoco/work/results/stage19_mixed_recovery/locked_test_v1/burst/seed_10.json
PPO,BURST,10,BURST,0.9500000000000001,19.57,1.89,100,/Users/lab4099/Desktop/Mujoco/work/results/stage19_mixed_recovery/locked_test_v1/burst/seed_10.json
PPO,BURST,10,BURST,0.9750000000000001,19.5,1.9,100,/Users/lab4099/Desktop/Mujoco/work/results/stage19_mixed_recovery/locked_test_v1/burst/seed_10.json
PPO,BURST,10,BURST,1.0,20.43,1.9,100,/Users/lab4099/Desktop/Mujoco/work/results/stage19_mixed_recovery/locked_test_v1/burst/seed_10.json
PPO,BURST,10,RECOVERY,0.0,20.43,1.9,100,/Users/lab4099/Desktop/Mujoco/work/results/stage19_mixed_recovery/locked_test_v1/burst/seed_10.json
PPO,BURST,10,RECOVERY,0.025,19.13,1.93,100,/Users/lab4099/Desktop/Mujoco/work/results/stage19_mixed_recovery/locked_test_v1/burst/seed_10.json
PPO,BURST,10,RECOVERY,0.05,18.24,1.98,100,/Users/lab4099/Desktop/Mujoco/work/results/stage19_mixed_recovery/locked_test_v1/burst/seed_10.json
PPO,BURST,10,RECOVERY,0.07500000000000001,17.42,1.96,100,/Users/lab4099/Desktop/Mujoco/work/results/stage19_mixed_recovery/locked_test_v1/burst/seed_10.json
PPO,BURST,10,RECOVERY,0.1,15.67,2.04,100,/Users/lab4099/Desktop/Mujoco/work/results/stage19_mixed_recovery/locked_test_v1/burst/seed_10.json
PPO,BURST,10,RECOVERY,0.125,13.96,2.05,100,/Users/lab4099/Desktop/Mujoco/work/results/stage19_mixed_recovery/locked_test_v1/burst/seed_10.json
PPO,BURST,10,RECOVERY,0.15000000000000002,11.25,2.15,100,/Users/lab4099/Desktop/Mujoco/work/results/stage19_mixed_recovery/locked_test_v1/burst/seed_10.json
PPO,BURST,10,RECOVERY,0.17500000000000002,9.47,2.06,100,/Users/lab4099/Desktop/Mujoco/work/results/stage19_mixed_recovery/locked_test_v1/burst/seed_10.json
PPO,BURST,10,RECOVERY,0.2,7.33,1.91,100,/Users/lab4099/Desktop/Mujoco/work/results/stage19_mixed_recovery/locked_test_v1/burst/seed_10.json
PPO,BURST,10,RECOVERY,0.225,5.82,1.78,100,/Users/lab4099/Desktop/Mujoco/work/results/stage19_mixed_recovery/locked_test_v1/burst/seed_10.json
PPO,BURST,10,RECOVERY,0.25,4.22,1.62,100,/Users/lab4099/Desktop/Mujoco/work/results/stage19_mixed_recovery/locked_test_v1/burst/seed_10.json
PPO,BURST,10,RECOVERY,0.275,3.58,1.62,100,/Users/lab4099/Desktop/Mujoco/work/results/stage19_mixed_recovery/locked_test_v1/burst/seed_10.json
PPO,BURST,10,RECOVERY,0.30000000000000004,2.69,1.45,100,/Users/lab4099/Desktop/Mujoco/work/results/stage19_mixed_recovery/locked_test_v1/burst/seed_10.json
PPO,BURST,10,RECOVERY,0.325,2.32,1.22,100,/Users/lab4099/Desktop/Mujoco/work/results/stage19_mixed_recovery/locked_test_v1/burst/seed_10.json
PPO,BURST,10,RECOVERY,0.35000000000000003,1.58,1.18,100,/Users/lab4099/Desktop/Mujoco/work/results/stage19_mixed_recovery/locked_test_v1/burst/seed_10.json
PPO,BURST,10,RECOVERY,0.375,1.33,1.17,100,/Users/lab4099/Desktop/Mujoco/work/results/stage19_mixed_recovery/locked_test_v1/burst/seed_10.json
PPO,BURST,10,RECOVERY,0.4,0.72,0.96,100,/Users/lab4099/Desktop/Mujoco/work/results/stage19_mixed_recovery/locked_test_v1/burst/seed_10.json
PPO,BURST,10,RECOVERY,0.42500000000000004,0.64,1.06,100,/Users/lab4099/Desktop/Mujoco/work/results/stage19_mixed_recovery/locked_test_v1/burst/seed_10.json
PPO,BURST,10,RECOVERY,0.45,0.3,0.84,100,/Users/lab4099/Desktop/Mujoco/work/results/stage19_mixed_recovery/locked_test_v1/burst/seed_10.json
PPO,BURST,10,RECOVERY,0.47500000000000003,0.26,0.78,100,/Users/lab4099/Desktop/Mujoco/work/results/stage19_mixed_recovery/locked_test_v1/burst/seed_10.json
PPO,BURST,10,RECOVERY,0.5,0.08,0.67,100,/Users/lab4099/Desktop/Mujoco/work/results/stage19_mixed_recovery/locked_test_v1/burst/seed_10.json
PPO,BURST,10,RECOVERY,0.525,0.16,0.55,100,/Users/lab4099/Desktop/Mujoco/work/results/stage19_mixed_recovery/locked_test_v1/burst/seed_10.json
PPO,BURST,10,RECOVERY,0.55,0.04,0.48,100,/Users/lab4099/Desktop/Mujoco/work/results/stage19_mixed_recovery/locked_test_v1/burst/seed_10.json
PPO,BURST,10,RECOVERY,0.5750000000000001,0.07,0.52,100,/Users/lab4099/Desktop/Mujoco/work/results/stage19_mixed_recovery/locked_test_v1/burst/seed_10.json
PPO,BURST,10,RECOVERY,0.6000000000000001,0.02,0.56,100,/Users/lab4099/Desktop/Mujoco/work/results/stage19_mixed_recovery/locked_test_v1/burst/seed_10.json
PPO,BURST,10,RECOVERY,0.625,0.01,0.45,100,/Users/lab4099/Desktop/Mujoco/work/results/stage19_mixed_recovery/locked_test_v1/burst/seed_10.json
PPO,BURST,10,RECOVERY,0.65,0.0,0.44,100,/Users/lab4099/Desktop/Mujoco/work/results/stage19_mixed_recovery/locked_test_v1/burst/seed_10.json
PPO,BURST,10,RECOVERY,0.675,0.0,0.5,100,/Users/lab4099/Desktop/Mujoco/work/results/stage19_mixed_recovery/locked_test_v1/burst/seed_10.json
PPO,BURST,10,RECOVERY,0.7000000000000001,0.0,0.49,100,/Users/lab4099/Desktop/Mujoco/work/results/stage19_mixed_recovery/locked_test_v1/burst/seed_10.json
PPO,BURST,10,RECOVERY,0.7250000000000001,0.0,0.46,100,/Users/lab4099/Desktop/Mujoco/work/results/stage19_mixed_recovery/locked_test_v1/burst/seed_10.json
PPO,BURST,10,RECOVERY,0.75,0.0,0.53,100,/Users/lab4099/Desktop/Mujoco/work/results/stage19_mixed_recovery/locked_test_v1/burst/seed_10.json
PPO,BURST,10,RECOVERY,0.775,0.0,0.37,100,/Users/lab4099/Desktop/Mujoco/work/results/stage19_mixed_recovery/locked_test_v1/burst/seed_10.json
PPO,BURST,10,RECOVERY,0.8,0.0,0.51,100,/Users/lab4099/Desktop/Mujoco/work/results/stage19_mixed_recovery/locked_test_v1/burst/seed_10.json
PPO,BURST,10,RECOVERY,0.8250000000000001,0.0,0.42,100,/Users/lab4099/Desktop/Mujoco/work/results/stage19_mixed_recovery/locked_test_v1/burst/seed_10.json
PPO,BURST,10,RECOVERY,0.8500000000000001,0.0,0.52,100,/Users/lab4099/Desktop/Mujoco/work/results/stage19_mixed_recovery/locked_test_v1/burst/seed_10.json
PPO,BURST,10,RECOVERY,0.875,0.0,0.47,100,/Users/lab4099/Desktop/Mujoco/work/results/stage19_mixed_recovery/locked_test_v1/burst/seed_10.json
PPO,BURST,10,RECOVERY,0.9,0.01,0.59,100,/Users/lab4099/Desktop/Mujoco/work/results/stage19_mixed_recovery/locked_test_v1/burst/seed_10.json
PPO,BURST,10,RECOVERY,0.925,0.0,0.46,100,/Users/lab4099/Desktop/Mujoco/work/results/stage19_mixed_recovery/locked_test_v1/burst/seed_10.json
PPO,BURST,10,RECOVERY,0.9500000000000001,0.0,0.51,100,/Users/lab4099/Desktop/Mujoco/work/results/stage19_mixed_recovery/locked_test_v1/burst/seed_10.json
PPO,BURST,10,RECOVERY,0.9750000000000001,0.0,0.77,100,/Users/lab4099/Desktop/Mujoco/work/results/stage19_mixed_recovery/locked_test_v1/burst/seed_10.json
PPO,BURST,10,RECOVERY,1.0,0.0,0.0,100,/Users/lab4099/Desktop/Mujoco/work/results/stage19_mixed_recovery/locked_test_v1/burst/seed_10.json
TIME_GREEDY_RULE,TIME_GREEDY_RULE,,NORMAL,0.0,0.0,1.0,100,/Users/lab4099/Desktop/Mujoco/work/results/stage19_mixed_recovery/locked_test_v1/baselines.json
TIME_GREEDY_RULE,TIME_GREEDY_RULE,,NORMAL,0.025,0.0,0.27,100,/Users/lab4099/Desktop/Mujoco/work/results/stage19_mixed_recovery/locked_test_v1/baselines.json
TIME_GREEDY_RULE,TIME_GREEDY_RULE,,NORMAL,0.05,0.0,0.37,100,/Users/lab4099/Desktop/Mujoco/work/results/stage19_mixed_recovery/locked_test_v1/baselines.json
TIME_GREEDY_RULE,TIME_GREEDY_RULE,,NORMAL,0.07500000000000001,0.0,0.31,100,/Users/lab4099/Desktop/Mujoco/work/results/stage19_mixed_recovery/locked_test_v1/baselines.json
TIME_GREEDY_RULE,TIME_GREEDY_RULE,,NORMAL,0.1,0.0,0.29,100,/Users/lab4099/Desktop/Mujoco/work/results/stage19_mixed_recovery/locked_test_v1/baselines.json
TIME_GREEDY_RULE,TIME_GREEDY_RULE,,NORMAL,0.125,0.0,0.51,100,/Users/lab4099/Desktop/Mujoco/work/results/stage19_mixed_recovery/locked_test_v1/baselines.json
TIME_GREEDY_RULE,TIME_GREEDY_RULE,,NORMAL,0.15000000000000002,0.0,0.27,100,/Users/lab4099/Desktop/Mujoco/work/results/stage19_mixed_recovery/locked_test_v1/baselines.json
TIME_GREEDY_RULE,TIME_GREEDY_RULE,,NORMAL,0.17500000000000002,0.0,0.45,100,/Users/lab4099/Desktop/Mujoco/work/results/stage19_mixed_recovery/locked_test_v1/baselines.json
TIME_GREEDY_RULE,TIME_GREEDY_RULE,,NORMAL,0.2,0.0,0.22,100,/Users/lab4099/Desktop/Mujoco/work/results/stage19_mixed_recovery/locked_test_v1/baselines.json
TIME_GREEDY_RULE,TIME_GREEDY_RULE,,NORMAL,0.225,0.0,0.57,100,/Users/lab4099/Desktop/Mujoco/work/results/stage19_mixed_recovery/locked_test_v1/baselines.json
TIME_GREEDY_RULE,TIME_GREEDY_RULE,,NORMAL,0.25,0.0,0.18,100,/Users/lab4099/Desktop/Mujoco/work/results/stage19_mixed_recovery/locked_test_v1/baselines.json
TIME_GREEDY_RULE,TIME_GREEDY_RULE,,NORMAL,0.275,0.0,0.52,100,/Users/lab4099/Desktop/Mujoco/work/results/stage19_mixed_recovery/locked_test_v1/baselines.json
TIME_GREEDY_RULE,TIME_GREEDY_RULE,,NORMAL,0.30000000000000004,0.0,0.24,100,/Users/lab4099/Desktop/Mujoco/work/results/stage19_mixed_recovery/locked_test_v1/baselines.json
TIME_GREEDY_RULE,TIME_GREEDY_RULE,,NORMAL,0.325,0.0,0.56,100,/Users/lab4099/Desktop/Mujoco/work/results/stage19_mixed_recovery/locked_test_v1/baselines.json
TIME_GREEDY_RULE,TIME_GREEDY_RULE,,NORMAL,0.35000000000000003,0.0,0.28,100,/Users/lab4099/Desktop/Mujoco/work/results/stage19_mixed_recovery/locked_test_v1/baselines.json
TIME_GREEDY_RULE,TIME_GREEDY_RULE,,NORMAL,0.375,0.0,0.61,100,/Users/lab4099/Desktop/Mujoco/work/results/stage19_mixed_recovery/locked_test_v1/baselines.json
TIME_GREEDY_RULE,TIME_GREEDY_RULE,,NORMAL,0.4,0.0,0.35,100,/Users/lab4099/Desktop/Mujoco/work/results/stage19_mixed_recovery/locked_test_v1/baselines.json
TIME_GREEDY_RULE,TIME_GREEDY_RULE,,NORMAL,0.42500000000000004,0.0,0.54,100,/Users/lab4099/Desktop/Mujoco/work/results/stage19_mixed_recovery/locked_test_v1/baselines.json
TIME_GREEDY_RULE,TIME_GREEDY_RULE,,NORMAL,0.45,0.0,0.29,100,/Users/lab4099/Desktop/Mujoco/work/results/stage19_mixed_recovery/locked_test_v1/baselines.json
TIME_GREEDY_RULE,TIME_GREEDY_RULE,,NORMAL,0.47500000000000003,0.0,0.68,100,/Users/lab4099/Desktop/Mujoco/work/results/stage19_mixed_recovery/locked_test_v1/baselines.json
TIME_GREEDY_RULE,TIME_GREEDY_RULE,,NORMAL,0.5,0.0,0.42,100,/Users/lab4099/Desktop/Mujoco/work/results/stage19_mixed_recovery/locked_test_v1/baselines.json
TIME_GREEDY_RULE,TIME_GREEDY_RULE,,NORMAL,0.525,0.0,0.65,100,/Users/lab4099/Desktop/Mujoco/work/results/stage19_mixed_recovery/locked_test_v1/baselines.json
TIME_GREEDY_RULE,TIME_GREEDY_RULE,,NORMAL,0.55,0.0,0.52,100,/Users/lab4099/Desktop/Mujoco/work/results/stage19_mixed_recovery/locked_test_v1/baselines.json
TIME_GREEDY_RULE,TIME_GREEDY_RULE,,NORMAL,0.5750000000000001,0.0,0.57,100,/Users/lab4099/Desktop/Mujoco/work/results/stage19_mixed_recovery/locked_test_v1/baselines.json
TIME_GREEDY_RULE,TIME_GREEDY_RULE,,NORMAL,0.6000000000000001,0.0,0.5,100,/Users/lab4099/Desktop/Mujoco/work/results/stage19_mixed_recovery/locked_test_v1/baselines.json
TIME_GREEDY_RULE,TIME_GREEDY_RULE,,NORMAL,0.625,0.0,0.52,100,/Users/lab4099/Desktop/Mujoco/work/results/stage19_mixed_recovery/locked_test_v1/baselines.json
TIME_GREEDY_RULE,TIME_GREEDY_RULE,,NORMAL,0.65,0.0,0.37,100,/Users/lab4099/Desktop/Mujoco/work/results/stage19_mixed_recovery/locked_test_v1/baselines.json
TIME_GREEDY_RULE,TIME_GREEDY_RULE,,NORMAL,0.675,0.0,0.32,100,/Users/lab4099/Desktop/Mujoco/work/results/stage19_mixed_recovery/locked_test_v1/baselines.json
TIME_GREEDY_RULE,TIME_GREEDY_RULE,,NORMAL,0.7000000000000001,0.0,0.42,100,/Users/lab4099/Desktop/Mujoco/work/results/stage19_mixed_recovery/locked_test_v1/baselines.json
TIME_GREEDY_RULE,TIME_GREEDY_RULE,,NORMAL,0.7250000000000001,0.0,0.3,100,/Users/lab4099/Desktop/Mujoco/work/results/stage19_mixed_recovery/locked_test_v1/baselines.json
TIME_GREEDY_RULE,TIME_GREEDY_RULE,,NORMAL,0.75,0.0,0.51,100,/Users/lab4099/Desktop/Mujoco/work/results/stage19_mixed_recovery/locked_test_v1/baselines.json
TIME_GREEDY_RULE,TIME_GREEDY_RULE,,NORMAL,0.775,0.0,0.31,100,/Users/lab4099/Desktop/Mujoco/work/results/stage19_mixed_recovery/locked_test_v1/baselines.json
TIME_GREEDY_RULE,TIME_GREEDY_RULE,,NORMAL,0.8,0.0,0.54,100,/Users/lab4099/Desktop/Mujoco/work/results/stage19_mixed_recovery/locked_test_v1/baselines.json
TIME_GREEDY_RULE,TIME_GREEDY_RULE,,NORMAL,0.8250000000000001,0.0,0.22,100,/Users/lab4099/Desktop/Mujoco/work/results/stage19_mixed_recovery/locked_test_v1/baselines.json
TIME_GREEDY_RULE,TIME_GREEDY_RULE,,NORMAL,0.8500000000000001,0.0,0.49,100,/Users/lab4099/Desktop/Mujoco/work/results/stage19_mixed_recovery/locked_test_v1/baselines.json
TIME_GREEDY_RULE,TIME_GREEDY_RULE,,NORMAL,0.875,0.0,0.22,100,/Users/lab4099/Desktop/Mujoco/work/results/stage19_mixed_recovery/locked_test_v1/baselines.json
TIME_GREEDY_RULE,TIME_GREEDY_RULE,,NORMAL,0.9,0.0,0.52,100,/Users/lab4099/Desktop/Mujoco/work/results/stage19_mixed_recovery/locked_test_v1/baselines.json
TIME_GREEDY_RULE,TIME_GREEDY_RULE,,NORMAL,0.925,0.0,0.28,100,/Users/lab4099/Desktop/Mujoco/work/results/stage19_mixed_recovery/locked_test_v1/baselines.json
TIME_GREEDY_RULE,TIME_GREEDY_RULE,,NORMAL,0.9500000000000001,0.0,0.61,100,/Users/lab4099/Desktop/Mujoco/work/results/stage19_mixed_recovery/locked_test_v1/baselines.json
TIME_GREEDY_RULE,TIME_GREEDY_RULE,,NORMAL,0.9750000000000001,0.0,0.34,100,/Users/lab4099/Desktop/Mujoco/work/results/stage19_mixed_recovery/locked_test_v1/baselines.json
TIME_GREEDY_RULE,TIME_GREEDY_RULE,,NORMAL,1.0,0.3,1.31,100,/Users/lab4099/Desktop/Mujoco/work/results/stage19_mixed_recovery/locked_test_v1/baselines.json
TIME_GREEDY_RULE,TIME_GREEDY_RULE,,DENSE,0.0,0.3,1.31,100,/Users/lab4099/Desktop/Mujoco/work/results/stage19_mixed_recovery/locked_test_v1/baselines.json
TIME_GREEDY_RULE,TIME_GREEDY_RULE,,DENSE,0.025,0.29,1.0,100,/Users/lab4099/Desktop/Mujoco/work/results/stage19_mixed_recovery/locked_test_v1/baselines.json
TIME_GREEDY_RULE,TIME_GREEDY_RULE,,DENSE,0.05,0.56,1.05,100,/Users/lab4099/Desktop/Mujoco/work/results/stage19_mixed_recovery/locked_test_v1/baselines.json
TIME_GREEDY_RULE,TIME_GREEDY_RULE,,DENSE,0.07500000000000001,0.85,1.21,100,/Users/lab4099/Desktop/Mujoco/work/results/stage19_mixed_recovery/locked_test_v1/baselines.json
TIME_GREEDY_RULE,TIME_GREEDY_RULE,,DENSE,0.1,1.03,1.19,100,/Users/lab4099/Desktop/Mujoco/work/results/stage19_mixed_recovery/locked_test_v1/baselines.json
TIME_GREEDY_RULE,TIME_GREEDY_RULE,,DENSE,0.125,1.46,1.34,100,/Users/lab4099/Desktop/Mujoco/work/results/stage19_mixed_recovery/locked_test_v1/baselines.json
TIME_GREEDY_RULE,TIME_GREEDY_RULE,,DENSE,0.15000000000000002,1.48,1.26,100,/Users/lab4099/Desktop/Mujoco/work/results/stage19_mixed_recovery/locked_test_v1/baselines.json
TIME_GREEDY_RULE,TIME_GREEDY_RULE,,DENSE,0.17500000000000002,1.55,1.36,100,/Users/lab4099/Desktop/Mujoco/work/results/stage19_mixed_recovery/locked_test_v1/baselines.json
TIME_GREEDY_RULE,TIME_GREEDY_RULE,,DENSE,0.2,1.5,1.33,100,/Users/lab4099/Desktop/Mujoco/work/results/stage19_mixed_recovery/locked_test_v1/baselines.json
TIME_GREEDY_RULE,TIME_GREEDY_RULE,,DENSE,0.225,1.79,1.41,100,/Users/lab4099/Desktop/Mujoco/work/results/stage19_mixed_recovery/locked_test_v1/baselines.json
TIME_GREEDY_RULE,TIME_GREEDY_RULE,,DENSE,0.25,1.79,1.43,100,/Users/lab4099/Desktop/Mujoco/work/results/stage19_mixed_recovery/locked_test_v1/baselines.json
TIME_GREEDY_RULE,TIME_GREEDY_RULE,,DENSE,0.275,2.12,1.53,100,/Users/lab4099/Desktop/Mujoco/work/results/stage19_mixed_recovery/locked_test_v1/baselines.json
TIME_GREEDY_RULE,TIME_GREEDY_RULE,,DENSE,0.30000000000000004,2.25,1.51,100,/Users/lab4099/Desktop/Mujoco/work/results/stage19_mixed_recovery/locked_test_v1/baselines.json
TIME_GREEDY_RULE,TIME_GREEDY_RULE,,DENSE,0.325,2.35,1.57,100,/Users/lab4099/Desktop/Mujoco/work/results/stage19_mixed_recovery/locked_test_v1/baselines.json
TIME_GREEDY_RULE,TIME_GREEDY_RULE,,DENSE,0.35000000000000003,2.4,1.64,100,/Users/lab4099/Desktop/Mujoco/work/results/stage19_mixed_recovery/locked_test_v1/baselines.json
TIME_GREEDY_RULE,TIME_GREEDY_RULE,,DENSE,0.375,2.45,1.65,100,/Users/lab4099/Desktop/Mujoco/work/results/stage19_mixed_recovery/locked_test_v1/baselines.json
TIME_GREEDY_RULE,TIME_GREEDY_RULE,,DENSE,0.4,2.63,1.6,100,/Users/lab4099/Desktop/Mujoco/work/results/stage19_mixed_recovery/locked_test_v1/baselines.json
TIME_GREEDY_RULE,TIME_GREEDY_RULE,,DENSE,0.42500000000000004,2.82,1.61,100,/Users/lab4099/Desktop/Mujoco/work/results/stage19_mixed_recovery/locked_test_v1/baselines.json
TIME_GREEDY_RULE,TIME_GREEDY_RULE,,DENSE,0.45,2.95,1.59,100,/Users/lab4099/Desktop/Mujoco/work/results/stage19_mixed_recovery/locked_test_v1/baselines.json
TIME_GREEDY_RULE,TIME_GREEDY_RULE,,DENSE,0.47500000000000003,3.09,1.65,100,/Users/lab4099/Desktop/Mujoco/work/results/stage19_mixed_recovery/locked_test_v1/baselines.json
TIME_GREEDY_RULE,TIME_GREEDY_RULE,,DENSE,0.5,3.32,1.63,100,/Users/lab4099/Desktop/Mujoco/work/results/stage19_mixed_recovery/locked_test_v1/baselines.json
TIME_GREEDY_RULE,TIME_GREEDY_RULE,,DENSE,0.525,3.42,1.66,100,/Users/lab4099/Desktop/Mujoco/work/results/stage19_mixed_recovery/locked_test_v1/baselines.json
TIME_GREEDY_RULE,TIME_GREEDY_RULE,,DENSE,0.55,3.54,1.66,100,/Users/lab4099/Desktop/Mujoco/work/results/stage19_mixed_recovery/locked_test_v1/baselines.json
TIME_GREEDY_RULE,TIME_GREEDY_RULE,,DENSE,0.5750000000000001,3.51,1.63,100,/Users/lab4099/Desktop/Mujoco/work/results/stage19_mixed_recovery/locked_test_v1/baselines.json
TIME_GREEDY_RULE,TIME_GREEDY_RULE,,DENSE,0.6000000000000001,3.63,1.73,100,/Users/lab4099/Desktop/Mujoco/work/results/stage19_mixed_recovery/locked_test_v1/baselines.json
TIME_GREEDY_RULE,TIME_GREEDY_RULE,,DENSE,0.625,3.61,1.67,100,/Users/lab4099/Desktop/Mujoco/work/results/stage19_mixed_recovery/locked_test_v1/baselines.json
TIME_GREEDY_RULE,TIME_GREEDY_RULE,,DENSE,0.65,3.82,1.69,100,/Users/lab4099/Desktop/Mujoco/work/results/stage19_mixed_recovery/locked_test_v1/baselines.json
TIME_GREEDY_RULE,TIME_GREEDY_RULE,,DENSE,0.675,3.82,1.63,100,/Users/lab4099/Desktop/Mujoco/work/results/stage19_mixed_recovery/locked_test_v1/baselines.json
TIME_GREEDY_RULE,TIME_GREEDY_RULE,,DENSE,0.7000000000000001,4.02,1.63,100,/Users/lab4099/Desktop/Mujoco/work/results/stage19_mixed_recovery/locked_test_v1/baselines.json
TIME_GREEDY_RULE,TIME_GREEDY_RULE,,DENSE,0.7250000000000001,4.08,1.65,100,/Users/lab4099/Desktop/Mujoco/work/results/stage19_mixed_recovery/locked_test_v1/baselines.json
TIME_GREEDY_RULE,TIME_GREEDY_RULE,,DENSE,0.75,4.3,1.67,100,/Users/lab4099/Desktop/Mujoco/work/results/stage19_mixed_recovery/locked_test_v1/baselines.json
TIME_GREEDY_RULE,TIME_GREEDY_RULE,,DENSE,0.775,4.25,1.66,100,/Users/lab4099/Desktop/Mujoco/work/results/stage19_mixed_recovery/locked_test_v1/baselines.json
TIME_GREEDY_RULE,TIME_GREEDY_RULE,,DENSE,0.8,4.43,1.76,100,/Users/lab4099/Desktop/Mujoco/work/results/stage19_mixed_recovery/locked_test_v1/baselines.json
TIME_GREEDY_RULE,TIME_GREEDY_RULE,,DENSE,0.8250000000000001,4.49,1.73,100,/Users/lab4099/Desktop/Mujoco/work/results/stage19_mixed_recovery/locked_test_v1/baselines.json
TIME_GREEDY_RULE,TIME_GREEDY_RULE,,DENSE,0.8500000000000001,4.74,1.73,100,/Users/lab4099/Desktop/Mujoco/work/results/stage19_mixed_recovery/locked_test_v1/baselines.json
TIME_GREEDY_RULE,TIME_GREEDY_RULE,,DENSE,0.875,4.87,1.71,100,/Users/lab4099/Desktop/Mujoco/work/results/stage19_mixed_recovery/locked_test_v1/baselines.json
TIME_GREEDY_RULE,TIME_GREEDY_RULE,,DENSE,0.9,5.01,1.84,100,/Users/lab4099/Desktop/Mujoco/work/results/stage19_mixed_recovery/locked_test_v1/baselines.json
TIME_GREEDY_RULE,TIME_GREEDY_RULE,,DENSE,0.925,4.95,1.81,100,/Users/lab4099/Desktop/Mujoco/work/results/stage19_mixed_recovery/locked_test_v1/baselines.json
TIME_GREEDY_RULE,TIME_GREEDY_RULE,,DENSE,0.9500000000000001,5.32,1.95,100,/Users/lab4099/Desktop/Mujoco/work/results/stage19_mixed_recovery/locked_test_v1/baselines.json
TIME_GREEDY_RULE,TIME_GREEDY_RULE,,DENSE,0.9750000000000001,5.18,1.93,100,/Users/lab4099/Desktop/Mujoco/work/results/stage19_mixed_recovery/locked_test_v1/baselines.json
TIME_GREEDY_RULE,TIME_GREEDY_RULE,,DENSE,1.0,6.63,2.04,100,/Users/lab4099/Desktop/Mujoco/work/results/stage19_mixed_recovery/locked_test_v1/baselines.json
TIME_GREEDY_RULE,TIME_GREEDY_RULE,,BURST,0.0,6.63,2.04,100,/Users/lab4099/Desktop/Mujoco/work/results/stage19_mixed_recovery/locked_test_v1/baselines.json
TIME_GREEDY_RULE,TIME_GREEDY_RULE,,BURST,0.025,7.59,2.22,100,/Users/lab4099/Desktop/Mujoco/work/results/stage19_mixed_recovery/locked_test_v1/baselines.json
TIME_GREEDY_RULE,TIME_GREEDY_RULE,,BURST,0.05,8.96,2.3,100,/Users/lab4099/Desktop/Mujoco/work/results/stage19_mixed_recovery/locked_test_v1/baselines.json
TIME_GREEDY_RULE,TIME_GREEDY_RULE,,BURST,0.07500000000000001,10.27,2.22,100,/Users/lab4099/Desktop/Mujoco/work/results/stage19_mixed_recovery/locked_test_v1/baselines.json
TIME_GREEDY_RULE,TIME_GREEDY_RULE,,BURST,0.1,11.8,2.23,100,/Users/lab4099/Desktop/Mujoco/work/results/stage19_mixed_recovery/locked_test_v1/baselines.json
TIME_GREEDY_RULE,TIME_GREEDY_RULE,,BURST,0.125,13.25,2.15,100,/Users/lab4099/Desktop/Mujoco/work/results/stage19_mixed_recovery/locked_test_v1/baselines.json
TIME_GREEDY_RULE,TIME_GREEDY_RULE,,BURST,0.15000000000000002,14.76,2.1,100,/Users/lab4099/Desktop/Mujoco/work/results/stage19_mixed_recovery/locked_test_v1/baselines.json
TIME_GREEDY_RULE,TIME_GREEDY_RULE,,BURST,0.17500000000000002,16.2,2.03,100,/Users/lab4099/Desktop/Mujoco/work/results/stage19_mixed_recovery/locked_test_v1/baselines.json
TIME_GREEDY_RULE,TIME_GREEDY_RULE,,BURST,0.2,17.75,1.97,100,/Users/lab4099/Desktop/Mujoco/work/results/stage19_mixed_recovery/locked_test_v1/baselines.json
TIME_GREEDY_RULE,TIME_GREEDY_RULE,,BURST,0.225,19.2,1.93,100,/Users/lab4099/Desktop/Mujoco/work/results/stage19_mixed_recovery/locked_test_v1/baselines.json
TIME_GREEDY_RULE,TIME_GREEDY_RULE,,BURST,0.25,20.8,1.91,100,/Users/lab4099/Desktop/Mujoco/work/results/stage19_mixed_recovery/locked_test_v1/baselines.json
TIME_GREEDY_RULE,TIME_GREEDY_RULE,,BURST,0.275,22.27,1.88,100,/Users/lab4099/Desktop/Mujoco/work/results/stage19_mixed_recovery/locked_test_v1/baselines.json
TIME_GREEDY_RULE,TIME_GREEDY_RULE,,BURST,0.30000000000000004,23.54,1.87,100,/Users/lab4099/Desktop/Mujoco/work/results/stage19_mixed_recovery/locked_test_v1/baselines.json
TIME_GREEDY_RULE,TIME_GREEDY_RULE,,BURST,0.325,23.86,1.87,100,/Users/lab4099/Desktop/Mujoco/work/results/stage19_mixed_recovery/locked_test_v1/baselines.json
TIME_GREEDY_RULE,TIME_GREEDY_RULE,,BURST,0.35000000000000003,23.72,1.87,100,/Users/lab4099/Desktop/Mujoco/work/results/stage19_mixed_recovery/locked_test_v1/baselines.json
TIME_GREEDY_RULE,TIME_GREEDY_RULE,,BURST,0.375,23.7,1.87,100,/Users/lab4099/Desktop/Mujoco/work/results/stage19_mixed_recovery/locked_test_v1/baselines.json
TIME_GREEDY_RULE,TIME_GREEDY_RULE,,BURST,0.4,23.62,1.85,100,/Users/lab4099/Desktop/Mujoco/work/results/stage19_mixed_recovery/locked_test_v1/baselines.json
TIME_GREEDY_RULE,TIME_GREEDY_RULE,,BURST,0.42500000000000004,23.53,1.86,100,/Users/lab4099/Desktop/Mujoco/work/results/stage19_mixed_recovery/locked_test_v1/baselines.json
TIME_GREEDY_RULE,TIME_GREEDY_RULE,,BURST,0.45,23.49,1.86,100,/Users/lab4099/Desktop/Mujoco/work/results/stage19_mixed_recovery/locked_test_v1/baselines.json
TIME_GREEDY_RULE,TIME_GREEDY_RULE,,BURST,0.47500000000000003,23.44,1.87,100,/Users/lab4099/Desktop/Mujoco/work/results/stage19_mixed_recovery/locked_test_v1/baselines.json
TIME_GREEDY_RULE,TIME_GREEDY_RULE,,BURST,0.5,23.39,1.88,100,/Users/lab4099/Desktop/Mujoco/work/results/stage19_mixed_recovery/locked_test_v1/baselines.json
TIME_GREEDY_RULE,TIME_GREEDY_RULE,,BURST,0.525,23.36,1.86,100,/Users/lab4099/Desktop/Mujoco/work/results/stage19_mixed_recovery/locked_test_v1/baselines.json
TIME_GREEDY_RULE,TIME_GREEDY_RULE,,BURST,0.55,23.26,1.87,100,/Users/lab4099/Desktop/Mujoco/work/results/stage19_mixed_recovery/locked_test_v1/baselines.json
TIME_GREEDY_RULE,TIME_GREEDY_RULE,,BURST,0.5750000000000001,23.16,1.88,100,/Users/lab4099/Desktop/Mujoco/work/results/stage19_mixed_recovery/locked_test_v1/baselines.json
TIME_GREEDY_RULE,TIME_GREEDY_RULE,,BURST,0.6000000000000001,23.07,1.87,100,/Users/lab4099/Desktop/Mujoco/work/results/stage19_mixed_recovery/locked_test_v1/baselines.json
TIME_GREEDY_RULE,TIME_GREEDY_RULE,,BURST,0.625,22.96,1.89,100,/Users/lab4099/Desktop/Mujoco/work/results/stage19_mixed_recovery/locked_test_v1/baselines.json
TIME_GREEDY_RULE,TIME_GREEDY_RULE,,BURST,0.65,22.89,1.9,100,/Users/lab4099/Desktop/Mujoco/work/results/stage19_mixed_recovery/locked_test_v1/baselines.json
TIME_GREEDY_RULE,TIME_GREEDY_RULE,,BURST,0.675,22.79,1.9,100,/Users/lab4099/Desktop/Mujoco/work/results/stage19_mixed_recovery/locked_test_v1/baselines.json
TIME_GREEDY_RULE,TIME_GREEDY_RULE,,BURST,0.7000000000000001,22.7,1.92,100,/Users/lab4099/Desktop/Mujoco/work/results/stage19_mixed_recovery/locked_test_v1/baselines.json
TIME_GREEDY_RULE,TIME_GREEDY_RULE,,BURST,0.7250000000000001,22.63,1.93,100,/Users/lab4099/Desktop/Mujoco/work/results/stage19_mixed_recovery/locked_test_v1/baselines.json
TIME_GREEDY_RULE,TIME_GREEDY_RULE,,BURST,0.75,22.55,1.93,100,/Users/lab4099/Desktop/Mujoco/work/results/stage19_mixed_recovery/locked_test_v1/baselines.json
TIME_GREEDY_RULE,TIME_GREEDY_RULE,,BURST,0.775,22.41,1.92,100,/Users/lab4099/Desktop/Mujoco/work/results/stage19_mixed_recovery/locked_test_v1/baselines.json
TIME_GREEDY_RULE,TIME_GREEDY_RULE,,BURST,0.8,22.31,1.94,100,/Users/lab4099/Desktop/Mujoco/work/results/stage19_mixed_recovery/locked_test_v1/baselines.json
TIME_GREEDY_RULE,TIME_GREEDY_RULE,,BURST,0.8250000000000001,22.25,1.94,100,/Users/lab4099/Desktop/Mujoco/work/results/stage19_mixed_recovery/locked_test_v1/baselines.json
TIME_GREEDY_RULE,TIME_GREEDY_RULE,,BURST,0.8500000000000001,22.16,1.92,100,/Users/lab4099/Desktop/Mujoco/work/results/stage19_mixed_recovery/locked_test_v1/baselines.json
TIME_GREEDY_RULE,TIME_GREEDY_RULE,,BURST,0.875,22.02,1.93,100,/Users/lab4099/Desktop/Mujoco/work/results/stage19_mixed_recovery/locked_test_v1/baselines.json
TIME_GREEDY_RULE,TIME_GREEDY_RULE,,BURST,0.9,21.91,1.94,100,/Users/lab4099/Desktop/Mujoco/work/results/stage19_mixed_recovery/locked_test_v1/baselines.json
TIME_GREEDY_RULE,TIME_GREEDY_RULE,,BURST,0.925,21.82,1.94,100,/Users/lab4099/Desktop/Mujoco/work/results/stage19_mixed_recovery/locked_test_v1/baselines.json
TIME_GREEDY_RULE,TIME_GREEDY_RULE,,BURST,0.9500000000000001,21.71,1.93,100,/Users/lab4099/Desktop/Mujoco/work/results/stage19_mixed_recovery/locked_test_v1/baselines.json
TIME_GREEDY_RULE,TIME_GREEDY_RULE,,BURST,0.9750000000000001,21.65,1.94,100,/Users/lab4099/Desktop/Mujoco/work/results/stage19_mixed_recovery/locked_test_v1/baselines.json
TIME_GREEDY_RULE,TIME_GREEDY_RULE,,BURST,1.0,22.6,1.93,100,/Users/lab4099/Desktop/Mujoco/work/results/stage19_mixed_recovery/locked_test_v1/baselines.json
TIME_GREEDY_RULE,TIME_GREEDY_RULE,,RECOVERY,0.0,22.6,1.93,100,/Users/lab4099/Desktop/Mujoco/work/results/stage19_mixed_recovery/locked_test_v1/baselines.json
TIME_GREEDY_RULE,TIME_GREEDY_RULE,,RECOVERY,0.025,21.54,1.9,100,/Users/lab4099/Desktop/Mujoco/work/results/stage19_mixed_recovery/locked_test_v1/baselines.json
TIME_GREEDY_RULE,TIME_GREEDY_RULE,,RECOVERY,0.05,20.76,1.91,100,/Users/lab4099/Desktop/Mujoco/work/results/stage19_mixed_recovery/locked_test_v1/baselines.json
TIME_GREEDY_RULE,TIME_GREEDY_RULE,,RECOVERY,0.07500000000000001,20.06,1.97,100,/Users/lab4099/Desktop/Mujoco/work/results/stage19_mixed_recovery/locked_test_v1/baselines.json
TIME_GREEDY_RULE,TIME_GREEDY_RULE,,RECOVERY,0.1,19.09,1.96,100,/Users/lab4099/Desktop/Mujoco/work/results/stage19_mixed_recovery/locked_test_v1/baselines.json
TIME_GREEDY_RULE,TIME_GREEDY_RULE,,RECOVERY,0.125,18.35,1.82,100,/Users/lab4099/Desktop/Mujoco/work/results/stage19_mixed_recovery/locked_test_v1/baselines.json
TIME_GREEDY_RULE,TIME_GREEDY_RULE,,RECOVERY,0.15000000000000002,16.9,1.88,100,/Users/lab4099/Desktop/Mujoco/work/results/stage19_mixed_recovery/locked_test_v1/baselines.json
TIME_GREEDY_RULE,TIME_GREEDY_RULE,,RECOVERY,0.17500000000000002,15.94,1.94,100,/Users/lab4099/Desktop/Mujoco/work/results/stage19_mixed_recovery/locked_test_v1/baselines.json
TIME_GREEDY_RULE,TIME_GREEDY_RULE,,RECOVERY,0.2,14.24,1.92,100,/Users/lab4099/Desktop/Mujoco/work/results/stage19_mixed_recovery/locked_test_v1/baselines.json
TIME_GREEDY_RULE,TIME_GREEDY_RULE,,RECOVERY,0.225,13.24,1.86,100,/Users/lab4099/Desktop/Mujoco/work/results/stage19_mixed_recovery/locked_test_v1/baselines.json
TIME_GREEDY_RULE,TIME_GREEDY_RULE,,RECOVERY,0.25,11.3,1.73,100,/Users/lab4099/Desktop/Mujoco/work/results/stage19_mixed_recovery/locked_test_v1/baselines.json
TIME_GREEDY_RULE,TIME_GREEDY_RULE,,RECOVERY,0.275,9.89,1.63,100,/Users/lab4099/Desktop/Mujoco/work/results/stage19_mixed_recovery/locked_test_v1/baselines.json
TIME_GREEDY_RULE,TIME_GREEDY_RULE,,RECOVERY,0.30000000000000004,8.24,1.54,100,/Users/lab4099/Desktop/Mujoco/work/results/stage19_mixed_recovery/locked_test_v1/baselines.json
TIME_GREEDY_RULE,TIME_GREEDY_RULE,,RECOVERY,0.325,7.39,1.4,100,/Users/lab4099/Desktop/Mujoco/work/results/stage19_mixed_recovery/locked_test_v1/baselines.json
TIME_GREEDY_RULE,TIME_GREEDY_RULE,,RECOVERY,0.35000000000000003,5.7,1.39,100,/Users/lab4099/Desktop/Mujoco/work/results/stage19_mixed_recovery/locked_test_v1/baselines.json
TIME_GREEDY_RULE,TIME_GREEDY_RULE,,RECOVERY,0.375,4.67,1.17,100,/Users/lab4099/Desktop/Mujoco/work/results/stage19_mixed_recovery/locked_test_v1/baselines.json
TIME_GREEDY_RULE,TIME_GREEDY_RULE,,RECOVERY,0.4,3.64,1.03,100,/Users/lab4099/Desktop/Mujoco/work/results/stage19_mixed_recovery/locked_test_v1/baselines.json
TIME_GREEDY_RULE,TIME_GREEDY_RULE,,RECOVERY,0.42500000000000004,2.93,1.06,100,/Users/lab4099/Desktop/Mujoco/work/results/stage19_mixed_recovery/locked_test_v1/baselines.json
TIME_GREEDY_RULE,TIME_GREEDY_RULE,,RECOVERY,0.45,1.92,0.87,100,/Users/lab4099/Desktop/Mujoco/work/results/stage19_mixed_recovery/locked_test_v1/baselines.json
TIME_GREEDY_RULE,TIME_GREEDY_RULE,,RECOVERY,0.47500000000000003,1.53,0.78,100,/Users/lab4099/Desktop/Mujoco/work/results/stage19_mixed_recovery/locked_test_v1/baselines.json
TIME_GREEDY_RULE,TIME_GREEDY_RULE,,RECOVERY,0.5,0.94,0.7,100,/Users/lab4099/Desktop/Mujoco/work/results/stage19_mixed_recovery/locked_test_v1/baselines.json
TIME_GREEDY_RULE,TIME_GREEDY_RULE,,RECOVERY,0.525,0.63,0.59,100,/Users/lab4099/Desktop/Mujoco/work/results/stage19_mixed_recovery/locked_test_v1/baselines.json
TIME_GREEDY_RULE,TIME_GREEDY_RULE,,RECOVERY,0.55,0.31,0.49,100,/Users/lab4099/Desktop/Mujoco/work/results/stage19_mixed_recovery/locked_test_v1/baselines.json
TIME_GREEDY_RULE,TIME_GREEDY_RULE,,RECOVERY,0.5750000000000001,0.2,0.52,100,/Users/lab4099/Desktop/Mujoco/work/results/stage19_mixed_recovery/locked_test_v1/baselines.json
TIME_GREEDY_RULE,TIME_GREEDY_RULE,,RECOVERY,0.6000000000000001,0.12,0.54,100,/Users/lab4099/Desktop/Mujoco/work/results/stage19_mixed_recovery/locked_test_v1/baselines.json
TIME_GREEDY_RULE,TIME_GREEDY_RULE,,RECOVERY,0.625,0.06,0.42,100,/Users/lab4099/Desktop/Mujoco/work/results/stage19_mixed_recovery/locked_test_v1/baselines.json
TIME_GREEDY_RULE,TIME_GREEDY_RULE,,RECOVERY,0.65,0.01,0.43,100,/Users/lab4099/Desktop/Mujoco/work/results/stage19_mixed_recovery/locked_test_v1/baselines.json
TIME_GREEDY_RULE,TIME_GREEDY_RULE,,RECOVERY,0.675,0.0,0.49,100,/Users/lab4099/Desktop/Mujoco/work/results/stage19_mixed_recovery/locked_test_v1/baselines.json
TIME_GREEDY_RULE,TIME_GREEDY_RULE,,RECOVERY,0.7000000000000001,0.0,0.52,100,/Users/lab4099/Desktop/Mujoco/work/results/stage19_mixed_recovery/locked_test_v1/baselines.json
TIME_GREEDY_RULE,TIME_GREEDY_RULE,,RECOVERY,0.7250000000000001,0.0,0.45,100,/Users/lab4099/Desktop/Mujoco/work/results/stage19_mixed_recovery/locked_test_v1/baselines.json
TIME_GREEDY_RULE,TIME_GREEDY_RULE,,RECOVERY,0.75,0.0,0.5,100,/Users/lab4099/Desktop/Mujoco/work/results/stage19_mixed_recovery/locked_test_v1/baselines.json
TIME_GREEDY_RULE,TIME_GREEDY_RULE,,RECOVERY,0.775,0.0,0.36,100,/Users/lab4099/Desktop/Mujoco/work/results/stage19_mixed_recovery/locked_test_v1/baselines.json
TIME_GREEDY_RULE,TIME_GREEDY_RULE,,RECOVERY,0.8,0.0,0.48,100,/Users/lab4099/Desktop/Mujoco/work/results/stage19_mixed_recovery/locked_test_v1/baselines.json
TIME_GREEDY_RULE,TIME_GREEDY_RULE,,RECOVERY,0.8250000000000001,0.0,0.4,100,/Users/lab4099/Desktop/Mujoco/work/results/stage19_mixed_recovery/locked_test_v1/baselines.json
TIME_GREEDY_RULE,TIME_GREEDY_RULE,,RECOVERY,0.8500000000000001,0.0,0.46,100,/Users/lab4099/Desktop/Mujoco/work/results/stage19_mixed_recovery/locked_test_v1/baselines.json
TIME_GREEDY_RULE,TIME_GREEDY_RULE,,RECOVERY,0.875,0.0,0.43,100,/Users/lab4099/Desktop/Mujoco/work/results/stage19_mixed_recovery/locked_test_v1/baselines.json
TIME_GREEDY_RULE,TIME_GREEDY_RULE,,RECOVERY,0.9,0.0,0.56,100,/Users/lab4099/Desktop/Mujoco/work/results/stage19_mixed_recovery/locked_test_v1/baselines.json
TIME_GREEDY_RULE,TIME_GREEDY_RULE,,RECOVERY,0.925,0.0,0.47,100,/Users/lab4099/Desktop/Mujoco/work/results/stage19_mixed_recovery/locked_test_v1/baselines.json
TIME_GREEDY_RULE,TIME_GREEDY_RULE,,RECOVERY,0.9500000000000001,0.0,0.48,100,/Users/lab4099/Desktop/Mujoco/work/results/stage19_mixed_recovery/locked_test_v1/baselines.json
TIME_GREEDY_RULE,TIME_GREEDY_RULE,,RECOVERY,0.9750000000000001,0.0,0.77,100,/Users/lab4099/Desktop/Mujoco/work/results/stage19_mixed_recovery/locked_test_v1/baselines.json
TIME_GREEDY_RULE,TIME_GREEDY_RULE,,RECOVERY,1.0,0.0,0.0,100,/Users/lab4099/Desktop/Mujoco/work/results/stage19_mixed_recovery/locked_test_v1/baselines.json
SINGLE_DOG_ONLY,SINGLE_DOG_ONLY,,NORMAL,0.0,0.21,0.79,100,/Users/lab4099/Desktop/Mujoco/work/results/stage19_mixed_recovery/locked_test_v1/baselines.json
SINGLE_DOG_ONLY,SINGLE_DOG_ONLY,,NORMAL,0.025,0.21,0.37,100,/Users/lab4099/Desktop/Mujoco/work/results/stage19_mixed_recovery/locked_test_v1/baselines.json
SINGLE_DOG_ONLY,SINGLE_DOG_ONLY,,NORMAL,0.05,0.28,0.36,100,/Users/lab4099/Desktop/Mujoco/work/results/stage19_mixed_recovery/locked_test_v1/baselines.json
SINGLE_DOG_ONLY,SINGLE_DOG_ONLY,,NORMAL,0.07500000000000001,0.37,0.51,100,/Users/lab4099/Desktop/Mujoco/work/results/stage19_mixed_recovery/locked_test_v1/baselines.json
SINGLE_DOG_ONLY,SINGLE_DOG_ONLY,,NORMAL,0.1,0.36,0.38,100,/Users/lab4099/Desktop/Mujoco/work/results/stage19_mixed_recovery/locked_test_v1/baselines.json
SINGLE_DOG_ONLY,SINGLE_DOG_ONLY,,NORMAL,0.125,0.42,0.69,100,/Users/lab4099/Desktop/Mujoco/work/results/stage19_mixed_recovery/locked_test_v1/baselines.json
SINGLE_DOG_ONLY,SINGLE_DOG_ONLY,,NORMAL,0.15000000000000002,0.39,0.49,100,/Users/lab4099/Desktop/Mujoco/work/results/stage19_mixed_recovery/locked_test_v1/baselines.json
SINGLE_DOG_ONLY,SINGLE_DOG_ONLY,,NORMAL,0.17500000000000002,0.44,0.72,100,/Users/lab4099/Desktop/Mujoco/work/results/stage19_mixed_recovery/locked_test_v1/baselines.json
SINGLE_DOG_ONLY,SINGLE_DOG_ONLY,,NORMAL,0.2,0.38,0.44,100,/Users/lab4099/Desktop/Mujoco/work/results/stage19_mixed_recovery/locked_test_v1/baselines.json
SINGLE_DOG_ONLY,SINGLE_DOG_ONLY,,NORMAL,0.225,0.51,0.69,100,/Users/lab4099/Desktop/Mujoco/work/results/stage19_mixed_recovery/locked_test_v1/baselines.json
SINGLE_DOG_ONLY,SINGLE_DOG_ONLY,,NORMAL,0.25,0.45,0.44,100,/Users/lab4099/Desktop/Mujoco/work/results/stage19_mixed_recovery/locked_test_v1/baselines.json
SINGLE_DOG_ONLY,SINGLE_DOG_ONLY,,NORMAL,0.275,0.53,0.72,100,/Users/lab4099/Desktop/Mujoco/work/results/stage19_mixed_recovery/locked_test_v1/baselines.json
SINGLE_DOG_ONLY,SINGLE_DOG_ONLY,,NORMAL,0.30000000000000004,0.49,0.4,100,/Users/lab4099/Desktop/Mujoco/work/results/stage19_mixed_recovery/locked_test_v1/baselines.json
SINGLE_DOG_ONLY,SINGLE_DOG_ONLY,,NORMAL,0.325,0.61,0.76,100,/Users/lab4099/Desktop/Mujoco/work/results/stage19_mixed_recovery/locked_test_v1/baselines.json
SINGLE_DOG_ONLY,SINGLE_DOG_ONLY,,NORMAL,0.35000000000000003,0.51,0.48,100,/Users/lab4099/Desktop/Mujoco/work/results/stage19_mixed_recovery/locked_test_v1/baselines.json
SINGLE_DOG_ONLY,SINGLE_DOG_ONLY,,NORMAL,0.375,0.49,0.86,100,/Users/lab4099/Desktop/Mujoco/work/results/stage19_mixed_recovery/locked_test_v1/baselines.json
SINGLE_DOG_ONLY,SINGLE_DOG_ONLY,,NORMAL,0.4,0.42,0.57,100,/Users/lab4099/Desktop/Mujoco/work/results/stage19_mixed_recovery/locked_test_v1/baselines.json
SINGLE_DOG_ONLY,SINGLE_DOG_ONLY,,NORMAL,0.42500000000000004,0.52,0.8,100,/Users/lab4099/Desktop/Mujoco/work/results/stage19_mixed_recovery/locked_test_v1/baselines.json
SINGLE_DOG_ONLY,SINGLE_DOG_ONLY,,NORMAL,0.45,0.46,0.43,100,/Users/lab4099/Desktop/Mujoco/work/results/stage19_mixed_recovery/locked_test_v1/baselines.json
SINGLE_DOG_ONLY,SINGLE_DOG_ONLY,,NORMAL,0.47500000000000003,0.48,0.81,100,/Users/lab4099/Desktop/Mujoco/work/results/stage19_mixed_recovery/locked_test_v1/baselines.json
SINGLE_DOG_ONLY,SINGLE_DOG_ONLY,,NORMAL,0.5,0.41,0.64,100,/Users/lab4099/Desktop/Mujoco/work/results/stage19_mixed_recovery/locked_test_v1/baselines.json
SINGLE_DOG_ONLY,SINGLE_DOG_ONLY,,NORMAL,0.525,0.52,0.74,100,/Users/lab4099/Desktop/Mujoco/work/results/stage19_mixed_recovery/locked_test_v1/baselines.json
SINGLE_DOG_ONLY,SINGLE_DOG_ONLY,,NORMAL,0.55,0.44,0.67,100,/Users/lab4099/Desktop/Mujoco/work/results/stage19_mixed_recovery/locked_test_v1/baselines.json
SINGLE_DOG_ONLY,SINGLE_DOG_ONLY,,NORMAL,0.5750000000000001,0.53,0.74,100,/Users/lab4099/Desktop/Mujoco/work/results/stage19_mixed_recovery/locked_test_v1/baselines.json
SINGLE_DOG_ONLY,SINGLE_DOG_ONLY,,NORMAL,0.6000000000000001,0.48,0.63,100,/Users/lab4099/Desktop/Mujoco/work/results/stage19_mixed_recovery/locked_test_v1/baselines.json
SINGLE_DOG_ONLY,SINGLE_DOG_ONLY,,NORMAL,0.625,0.46,0.78,100,/Users/lab4099/Desktop/Mujoco/work/results/stage19_mixed_recovery/locked_test_v1/baselines.json
SINGLE_DOG_ONLY,SINGLE_DOG_ONLY,,NORMAL,0.65,0.43,0.61,100,/Users/lab4099/Desktop/Mujoco/work/results/stage19_mixed_recovery/locked_test_v1/baselines.json
SINGLE_DOG_ONLY,SINGLE_DOG_ONLY,,NORMAL,0.675,0.46,0.48,100,/Users/lab4099/Desktop/Mujoco/work/results/stage19_mixed_recovery/locked_test_v1/baselines.json
SINGLE_DOG_ONLY,SINGLE_DOG_ONLY,,NORMAL,0.7000000000000001,0.44,0.68,100,/Users/lab4099/Desktop/Mujoco/work/results/stage19_mixed_recovery/locked_test_v1/baselines.json
SINGLE_DOG_ONLY,SINGLE_DOG_ONLY,,NORMAL,0.7250000000000001,0.39,0.54,100,/Users/lab4099/Desktop/Mujoco/work/results/stage19_mixed_recovery/locked_test_v1/baselines.json
SINGLE_DOG_ONLY,SINGLE_DOG_ONLY,,NORMAL,0.75,0.47,0.65,100,/Users/lab4099/Desktop/Mujoco/work/results/stage19_mixed_recovery/locked_test_v1/baselines.json
SINGLE_DOG_ONLY,SINGLE_DOG_ONLY,,NORMAL,0.775,0.43,0.47,100,/Users/lab4099/Desktop/Mujoco/work/results/stage19_mixed_recovery/locked_test_v1/baselines.json
SINGLE_DOG_ONLY,SINGLE_DOG_ONLY,,NORMAL,0.8,0.54,0.69,100,/Users/lab4099/Desktop/Mujoco/work/results/stage19_mixed_recovery/locked_test_v1/baselines.json
SINGLE_DOG_ONLY,SINGLE_DOG_ONLY,,NORMAL,0.8250000000000001,0.45,0.38,100,/Users/lab4099/Desktop/Mujoco/work/results/stage19_mixed_recovery/locked_test_v1/baselines.json
SINGLE_DOG_ONLY,SINGLE_DOG_ONLY,,NORMAL,0.8500000000000001,0.53,0.74,100,/Users/lab4099/Desktop/Mujoco/work/results/stage19_mixed_recovery/locked_test_v1/baselines.json
SINGLE_DOG_ONLY,SINGLE_DOG_ONLY,,NORMAL,0.875,0.43,0.44,100,/Users/lab4099/Desktop/Mujoco/work/results/stage19_mixed_recovery/locked_test_v1/baselines.json
SINGLE_DOG_ONLY,SINGLE_DOG_ONLY,,NORMAL,0.9,0.44,0.81,100,/Users/lab4099/Desktop/Mujoco/work/results/stage19_mixed_recovery/locked_test_v1/baselines.json
SINGLE_DOG_ONLY,SINGLE_DOG_ONLY,,NORMAL,0.925,0.34,0.47,100,/Users/lab4099/Desktop/Mujoco/work/results/stage19_mixed_recovery/locked_test_v1/baselines.json
SINGLE_DOG_ONLY,SINGLE_DOG_ONLY,,NORMAL,0.9500000000000001,0.4,0.85,100,/Users/lab4099/Desktop/Mujoco/work/results/stage19_mixed_recovery/locked_test_v1/baselines.json
SINGLE_DOG_ONLY,SINGLE_DOG_ONLY,,NORMAL,0.9750000000000001,0.32,0.51,100,/Users/lab4099/Desktop/Mujoco/work/results/stage19_mixed_recovery/locked_test_v1/baselines.json
SINGLE_DOG_ONLY,SINGLE_DOG_ONLY,,NORMAL,1.0,0.97,1.34,100,/Users/lab4099/Desktop/Mujoco/work/results/stage19_mixed_recovery/locked_test_v1/baselines.json
SINGLE_DOG_ONLY,SINGLE_DOG_ONLY,,DENSE,0.0,0.97,1.34,100,/Users/lab4099/Desktop/Mujoco/work/results/stage19_mixed_recovery/locked_test_v1/baselines.json
SINGLE_DOG_ONLY,SINGLE_DOG_ONLY,,DENSE,0.025,0.96,1.33,100,/Users/lab4099/Desktop/Mujoco/work/results/stage19_mixed_recovery/locked_test_v1/baselines.json
SINGLE_DOG_ONLY,SINGLE_DOG_ONLY,,DENSE,0.05,1.27,1.29,100,/Users/lab4099/Desktop/Mujoco/work/results/stage19_mixed_recovery/locked_test_v1/baselines.json
SINGLE_DOG_ONLY,SINGLE_DOG_ONLY,,DENSE,0.07500000000000001,1.67,1.46,100,/Users/lab4099/Desktop/Mujoco/work/results/stage19_mixed_recovery/locked_test_v1/baselines.json
SINGLE_DOG_ONLY,SINGLE_DOG_ONLY,,DENSE,0.1,1.87,1.29,100,/Users/lab4099/Desktop/Mujoco/work/results/stage19_mixed_recovery/locked_test_v1/baselines.json
SINGLE_DOG_ONLY,SINGLE_DOG_ONLY,,DENSE,0.125,2.34,1.4,100,/Users/lab4099/Desktop/Mujoco/work/results/stage19_mixed_recovery/locked_test_v1/baselines.json
SINGLE_DOG_ONLY,SINGLE_DOG_ONLY,,DENSE,0.15000000000000002,2.53,1.35,100,/Users/lab4099/Desktop/Mujoco/work/results/stage19_mixed_recovery/locked_test_v1/baselines.json
SINGLE_DOG_ONLY,SINGLE_DOG_ONLY,,DENSE,0.17500000000000002,2.81,1.45,100,/Users/lab4099/Desktop/Mujoco/work/results/stage19_mixed_recovery/locked_test_v1/baselines.json
SINGLE_DOG_ONLY,SINGLE_DOG_ONLY,,DENSE,0.2,2.84,1.47,100,/Users/lab4099/Desktop/Mujoco/work/results/stage19_mixed_recovery/locked_test_v1/baselines.json
SINGLE_DOG_ONLY,SINGLE_DOG_ONLY,,DENSE,0.225,3.1,1.55,100,/Users/lab4099/Desktop/Mujoco/work/results/stage19_mixed_recovery/locked_test_v1/baselines.json
SINGLE_DOG_ONLY,SINGLE_DOG_ONLY,,DENSE,0.25,3.19,1.56,100,/Users/lab4099/Desktop/Mujoco/work/results/stage19_mixed_recovery/locked_test_v1/baselines.json
SINGLE_DOG_ONLY,SINGLE_DOG_ONLY,,DENSE,0.275,3.54,1.62,100,/Users/lab4099/Desktop/Mujoco/work/results/stage19_mixed_recovery/locked_test_v1/baselines.json
SINGLE_DOG_ONLY,SINGLE_DOG_ONLY,,DENSE,0.30000000000000004,3.71,1.7,100,/Users/lab4099/Desktop/Mujoco/work/results/stage19_mixed_recovery/locked_test_v1/baselines.json
SINGLE_DOG_ONLY,SINGLE_DOG_ONLY,,DENSE,0.325,4.02,1.72,100,/Users/lab4099/Desktop/Mujoco/work/results/stage19_mixed_recovery/locked_test_v1/baselines.json
SINGLE_DOG_ONLY,SINGLE_DOG_ONLY,,DENSE,0.35000000000000003,4.19,1.73,100,/Users/lab4099/Desktop/Mujoco/work/results/stage19_mixed_recovery/locked_test_v1/baselines.json
SINGLE_DOG_ONLY,SINGLE_DOG_ONLY,,DENSE,0.375,4.3,1.81,100,/Users/lab4099/Desktop/Mujoco/work/results/stage19_mixed_recovery/locked_test_v1/baselines.json
SINGLE_DOG_ONLY,SINGLE_DOG_ONLY,,DENSE,0.4,4.45,1.88,100,/Users/lab4099/Desktop/Mujoco/work/results/stage19_mixed_recovery/locked_test_v1/baselines.json
SINGLE_DOG_ONLY,SINGLE_DOG_ONLY,,DENSE,0.42500000000000004,4.62,1.91,100,/Users/lab4099/Desktop/Mujoco/work/results/stage19_mixed_recovery/locked_test_v1/baselines.json
SINGLE_DOG_ONLY,SINGLE_DOG_ONLY,,DENSE,0.45,4.7,1.91,100,/Users/lab4099/Desktop/Mujoco/work/results/stage19_mixed_recovery/locked_test_v1/baselines.json
SINGLE_DOG_ONLY,SINGLE_DOG_ONLY,,DENSE,0.47500000000000003,4.99,1.87,100,/Users/lab4099/Desktop/Mujoco/work/results/stage19_mixed_recovery/locked_test_v1/baselines.json
SINGLE_DOG_ONLY,SINGLE_DOG_ONLY,,DENSE,0.5,5.22,1.88,100,/Users/lab4099/Desktop/Mujoco/work/results/stage19_mixed_recovery/locked_test_v1/baselines.json
SINGLE_DOG_ONLY,SINGLE_DOG_ONLY,,DENSE,0.525,5.4,1.85,100,/Users/lab4099/Desktop/Mujoco/work/results/stage19_mixed_recovery/locked_test_v1/baselines.json
SINGLE_DOG_ONLY,SINGLE_DOG_ONLY,,DENSE,0.55,5.6,1.89,100,/Users/lab4099/Desktop/Mujoco/work/results/stage19_mixed_recovery/locked_test_v1/baselines.json
SINGLE_DOG_ONLY,SINGLE_DOG_ONLY,,DENSE,0.5750000000000001,5.74,1.92,100,/Users/lab4099/Desktop/Mujoco/work/results/stage19_mixed_recovery/locked_test_v1/baselines.json
SINGLE_DOG_ONLY,SINGLE_DOG_ONLY,,DENSE,0.6000000000000001,6.01,1.95,100,/Users/lab4099/Desktop/Mujoco/work/results/stage19_mixed_recovery/locked_test_v1/baselines.json
SINGLE_DOG_ONLY,SINGLE_DOG_ONLY,,DENSE,0.625,6.07,1.91,100,/Users/lab4099/Desktop/Mujoco/work/results/stage19_mixed_recovery/locked_test_v1/baselines.json
SINGLE_DOG_ONLY,SINGLE_DOG_ONLY,,DENSE,0.65,6.2,2.01,100,/Users/lab4099/Desktop/Mujoco/work/results/stage19_mixed_recovery/locked_test_v1/baselines.json
SINGLE_DOG_ONLY,SINGLE_DOG_ONLY,,DENSE,0.675,6.23,2.04,100,/Users/lab4099/Desktop/Mujoco/work/results/stage19_mixed_recovery/locked_test_v1/baselines.json
SINGLE_DOG_ONLY,SINGLE_DOG_ONLY,,DENSE,0.7000000000000001,6.51,2.0,100,/Users/lab4099/Desktop/Mujoco/work/results/stage19_mixed_recovery/locked_test_v1/baselines.json
SINGLE_DOG_ONLY,SINGLE_DOG_ONLY,,DENSE,0.7250000000000001,6.58,2.01,100,/Users/lab4099/Desktop/Mujoco/work/results/stage19_mixed_recovery/locked_test_v1/baselines.json
SINGLE_DOG_ONLY,SINGLE_DOG_ONLY,,DENSE,0.75,6.92,1.99,100,/Users/lab4099/Desktop/Mujoco/work/results/stage19_mixed_recovery/locked_test_v1/baselines.json
SINGLE_DOG_ONLY,SINGLE_DOG_ONLY,,DENSE,0.775,6.93,1.96,100,/Users/lab4099/Desktop/Mujoco/work/results/stage19_mixed_recovery/locked_test_v1/baselines.json
SINGLE_DOG_ONLY,SINGLE_DOG_ONLY,,DENSE,0.8,7.26,1.96,100,/Users/lab4099/Desktop/Mujoco/work/results/stage19_mixed_recovery/locked_test_v1/baselines.json
SINGLE_DOG_ONLY,SINGLE_DOG_ONLY,,DENSE,0.8250000000000001,7.22,2.0,100,/Users/lab4099/Desktop/Mujoco/work/results/stage19_mixed_recovery/locked_test_v1/baselines.json
SINGLE_DOG_ONLY,SINGLE_DOG_ONLY,,DENSE,0.8500000000000001,7.49,2.0,100,/Users/lab4099/Desktop/Mujoco/work/results/stage19_mixed_recovery/locked_test_v1/baselines.json
SINGLE_DOG_ONLY,SINGLE_DOG_ONLY,,DENSE,0.875,7.51,1.99,100,/Users/lab4099/Desktop/Mujoco/work/results/stage19_mixed_recovery/locked_test_v1/baselines.json
SINGLE_DOG_ONLY,SINGLE_DOG_ONLY,,DENSE,0.9,7.85,2.07,100,/Users/lab4099/Desktop/Mujoco/work/results/stage19_mixed_recovery/locked_test_v1/baselines.json
SINGLE_DOG_ONLY,SINGLE_DOG_ONLY,,DENSE,0.925,7.81,2.08,100,/Users/lab4099/Desktop/Mujoco/work/results/stage19_mixed_recovery/locked_test_v1/baselines.json
SINGLE_DOG_ONLY,SINGLE_DOG_ONLY,,DENSE,0.9500000000000001,8.27,2.12,100,/Users/lab4099/Desktop/Mujoco/work/results/stage19_mixed_recovery/locked_test_v1/baselines.json
SINGLE_DOG_ONLY,SINGLE_DOG_ONLY,,DENSE,0.9750000000000001,8.02,2.2,100,/Users/lab4099/Desktop/Mujoco/work/results/stage19_mixed_recovery/locked_test_v1/baselines.json
SINGLE_DOG_ONLY,SINGLE_DOG_ONLY,,DENSE,1.0,9.64,2.29,100,/Users/lab4099/Desktop/Mujoco/work/results/stage19_mixed_recovery/locked_test_v1/baselines.json
SINGLE_DOG_ONLY,SINGLE_DOG_ONLY,,BURST,0.0,9.64,2.29,100,/Users/lab4099/Desktop/Mujoco/work/results/stage19_mixed_recovery/locked_test_v1/baselines.json
SINGLE_DOG_ONLY,SINGLE_DOG_ONLY,,BURST,0.025,10.83,2.28,100,/Users/lab4099/Desktop/Mujoco/work/results/stage19_mixed_recovery/locked_test_v1/baselines.json
SINGLE_DOG_ONLY,SINGLE_DOG_ONLY,,BURST,0.05,12.28,2.32,100,/Users/lab4099/Desktop/Mujoco/work/results/stage19_mixed_recovery/locked_test_v1/baselines.json
SINGLE_DOG_ONLY,SINGLE_DOG_ONLY,,BURST,0.07500000000000001,13.62,2.33,100,/Users/lab4099/Desktop/Mujoco/work/results/stage19_mixed_recovery/locked_test_v1/baselines.json
SINGLE_DOG_ONLY,SINGLE_DOG_ONLY,,BURST,0.1,15.14,2.27,100,/Users/lab4099/Desktop/Mujoco/work/results/stage19_mixed_recovery/locked_test_v1/baselines.json
SINGLE_DOG_ONLY,SINGLE_DOG_ONLY,,BURST,0.125,16.6,2.27,100,/Users/lab4099/Desktop/Mujoco/work/results/stage19_mixed_recovery/locked_test_v1/baselines.json
SINGLE_DOG_ONLY,SINGLE_DOG_ONLY,,BURST,0.15000000000000002,18.1,2.25,100,/Users/lab4099/Desktop/Mujoco/work/results/stage19_mixed_recovery/locked_test_v1/baselines.json
SINGLE_DOG_ONLY,SINGLE_DOG_ONLY,,BURST,0.17500000000000002,19.57,2.24,100,/Users/lab4099/Desktop/Mujoco/work/results/stage19_mixed_recovery/locked_test_v1/baselines.json
SINGLE_DOG_ONLY,SINGLE_DOG_ONLY,,BURST,0.2,21.14,2.27,100,/Users/lab4099/Desktop/Mujoco/work/results/stage19_mixed_recovery/locked_test_v1/baselines.json
SINGLE_DOG_ONLY,SINGLE_DOG_ONLY,,BURST,0.225,22.6,2.2,100,/Users/lab4099/Desktop/Mujoco/work/results/stage19_mixed_recovery/locked_test_v1/baselines.json
SINGLE_DOG_ONLY,SINGLE_DOG_ONLY,,BURST,0.25,24.23,2.17,100,/Users/lab4099/Desktop/Mujoco/work/results/stage19_mixed_recovery/locked_test_v1/baselines.json
SINGLE_DOG_ONLY,SINGLE_DOG_ONLY,,BURST,0.275,25.69,2.13,100,/Users/lab4099/Desktop/Mujoco/work/results/stage19_mixed_recovery/locked_test_v1/baselines.json
SINGLE_DOG_ONLY,SINGLE_DOG_ONLY,,BURST,0.30000000000000004,27.01,2.09,100,/Users/lab4099/Desktop/Mujoco/work/results/stage19_mixed_recovery/locked_test_v1/baselines.json
SINGLE_DOG_ONLY,SINGLE_DOG_ONLY,,BURST,0.325,27.31,2.05,100,/Users/lab4099/Desktop/Mujoco/work/results/stage19_mixed_recovery/locked_test_v1/baselines.json
SINGLE_DOG_ONLY,SINGLE_DOG_ONLY,,BURST,0.35000000000000003,27.26,2.03,100,/Users/lab4099/Desktop/Mujoco/work/results/stage19_mixed_recovery/locked_test_v1/baselines.json
SINGLE_DOG_ONLY,SINGLE_DOG_ONLY,,BURST,0.375,27.17,1.98,100,/Users/lab4099/Desktop/Mujoco/work/results/stage19_mixed_recovery/locked_test_v1/baselines.json
SINGLE_DOG_ONLY,SINGLE_DOG_ONLY,,BURST,0.4,27.08,1.99,100,/Users/lab4099/Desktop/Mujoco/work/results/stage19_mixed_recovery/locked_test_v1/baselines.json
SINGLE_DOG_ONLY,SINGLE_DOG_ONLY,,BURST,0.42500000000000004,26.97,1.96,100,/Users/lab4099/Desktop/Mujoco/work/results/stage19_mixed_recovery/locked_test_v1/baselines.json
SINGLE_DOG_ONLY,SINGLE_DOG_ONLY,,BURST,0.45,26.9,1.97,100,/Users/lab4099/Desktop/Mujoco/work/results/stage19_mixed_recovery/locked_test_v1/baselines.json
SINGLE_DOG_ONLY,SINGLE_DOG_ONLY,,BURST,0.47500000000000003,26.8,1.96,100,/Users/lab4099/Desktop/Mujoco/work/results/stage19_mixed_recovery/locked_test_v1/baselines.json
SINGLE_DOG_ONLY,SINGLE_DOG_ONLY,,BURST,0.5,26.76,1.95,100,/Users/lab4099/Desktop/Mujoco/work/results/stage19_mixed_recovery/locked_test_v1/baselines.json
SINGLE_DOG_ONLY,SINGLE_DOG_ONLY,,BURST,0.525,26.71,1.95,100,/Users/lab4099/Desktop/Mujoco/work/results/stage19_mixed_recovery/locked_test_v1/baselines.json
SINGLE_DOG_ONLY,SINGLE_DOG_ONLY,,BURST,0.55,26.7,1.94,100,/Users/lab4099/Desktop/Mujoco/work/results/stage19_mixed_recovery/locked_test_v1/baselines.json
SINGLE_DOG_ONLY,SINGLE_DOG_ONLY,,BURST,0.5750000000000001,26.63,1.93,100,/Users/lab4099/Desktop/Mujoco/work/results/stage19_mixed_recovery/locked_test_v1/baselines.json
SINGLE_DOG_ONLY,SINGLE_DOG_ONLY,,BURST,0.6000000000000001,26.56,1.92,100,/Users/lab4099/Desktop/Mujoco/work/results/stage19_mixed_recovery/locked_test_v1/baselines.json
SINGLE_DOG_ONLY,SINGLE_DOG_ONLY,,BURST,0.625,26.45,1.92,100,/Users/lab4099/Desktop/Mujoco/work/results/stage19_mixed_recovery/locked_test_v1/baselines.json
SINGLE_DOG_ONLY,SINGLE_DOG_ONLY,,BURST,0.65,26.41,1.91,100,/Users/lab4099/Desktop/Mujoco/work/results/stage19_mixed_recovery/locked_test_v1/baselines.json
SINGLE_DOG_ONLY,SINGLE_DOG_ONLY,,BURST,0.675,26.34,1.91,100,/Users/lab4099/Desktop/Mujoco/work/results/stage19_mixed_recovery/locked_test_v1/baselines.json
SINGLE_DOG_ONLY,SINGLE_DOG_ONLY,,BURST,0.7000000000000001,26.26,1.9,100,/Users/lab4099/Desktop/Mujoco/work/results/stage19_mixed_recovery/locked_test_v1/baselines.json
SINGLE_DOG_ONLY,SINGLE_DOG_ONLY,,BURST,0.7250000000000001,26.16,1.9,100,/Users/lab4099/Desktop/Mujoco/work/results/stage19_mixed_recovery/locked_test_v1/baselines.json
SINGLE_DOG_ONLY,SINGLE_DOG_ONLY,,BURST,0.75,26.05,1.9,100,/Users/lab4099/Desktop/Mujoco/work/results/stage19_mixed_recovery/locked_test_v1/baselines.json
SINGLE_DOG_ONLY,SINGLE_DOG_ONLY,,BURST,0.775,25.96,1.9,100,/Users/lab4099/Desktop/Mujoco/work/results/stage19_mixed_recovery/locked_test_v1/baselines.json
SINGLE_DOG_ONLY,SINGLE_DOG_ONLY,,BURST,0.8,25.85,1.91,100,/Users/lab4099/Desktop/Mujoco/work/results/stage19_mixed_recovery/locked_test_v1/baselines.json
SINGLE_DOG_ONLY,SINGLE_DOG_ONLY,,BURST,0.8250000000000001,25.77,1.93,100,/Users/lab4099/Desktop/Mujoco/work/results/stage19_mixed_recovery/locked_test_v1/baselines.json
SINGLE_DOG_ONLY,SINGLE_DOG_ONLY,,BURST,0.8500000000000001,25.74,1.93,100,/Users/lab4099/Desktop/Mujoco/work/results/stage19_mixed_recovery/locked_test_v1/baselines.json
SINGLE_DOG_ONLY,SINGLE_DOG_ONLY,,BURST,0.875,25.63,1.93,100,/Users/lab4099/Desktop/Mujoco/work/results/stage19_mixed_recovery/locked_test_v1/baselines.json
SINGLE_DOG_ONLY,SINGLE_DOG_ONLY,,BURST,0.9,25.54,1.94,100,/Users/lab4099/Desktop/Mujoco/work/results/stage19_mixed_recovery/locked_test_v1/baselines.json
SINGLE_DOG_ONLY,SINGLE_DOG_ONLY,,BURST,0.925,25.49,1.93,100,/Users/lab4099/Desktop/Mujoco/work/results/stage19_mixed_recovery/locked_test_v1/baselines.json
SINGLE_DOG_ONLY,SINGLE_DOG_ONLY,,BURST,0.9500000000000001,25.43,1.93,100,/Users/lab4099/Desktop/Mujoco/work/results/stage19_mixed_recovery/locked_test_v1/baselines.json
SINGLE_DOG_ONLY,SINGLE_DOG_ONLY,,BURST,0.9750000000000001,25.33,1.92,100,/Users/lab4099/Desktop/Mujoco/work/results/stage19_mixed_recovery/locked_test_v1/baselines.json
SINGLE_DOG_ONLY,SINGLE_DOG_ONLY,,BURST,1.0,26.19,1.95,100,/Users/lab4099/Desktop/Mujoco/work/results/stage19_mixed_recovery/locked_test_v1/baselines.json
SINGLE_DOG_ONLY,SINGLE_DOG_ONLY,,RECOVERY,0.0,26.19,1.95,100,/Users/lab4099/Desktop/Mujoco/work/results/stage19_mixed_recovery/locked_test_v1/baselines.json
SINGLE_DOG_ONLY,SINGLE_DOG_ONLY,,RECOVERY,0.025,25.24,1.93,100,/Users/lab4099/Desktop/Mujoco/work/results/stage19_mixed_recovery/locked_test_v1/baselines.json
SINGLE_DOG_ONLY,SINGLE_DOG_ONLY,,RECOVERY,0.05,24.49,1.87,100,/Users/lab4099/Desktop/Mujoco/work/results/stage19_mixed_recovery/locked_test_v1/baselines.json
SINGLE_DOG_ONLY,SINGLE_DOG_ONLY,,RECOVERY,0.07500000000000001,24.12,1.9,100,/Users/lab4099/Desktop/Mujoco/work/results/stage19_mixed_recovery/locked_test_v1/baselines.json
SINGLE_DOG_ONLY,SINGLE_DOG_ONLY,,RECOVERY,0.1,23.33,1.94,100,/Users/lab4099/Desktop/Mujoco/work/results/stage19_mixed_recovery/locked_test_v1/baselines.json
SINGLE_DOG_ONLY,SINGLE_DOG_ONLY,,RECOVERY,0.125,22.94,1.92,100,/Users/lab4099/Desktop/Mujoco/work/results/stage19_mixed_recovery/locked_test_v1/baselines.json
SINGLE_DOG_ONLY,SINGLE_DOG_ONLY,,RECOVERY,0.15000000000000002,22.09,1.97,100,/Users/lab4099/Desktop/Mujoco/work/results/stage19_mixed_recovery/locked_test_v1/baselines.json
SINGLE_DOG_ONLY,SINGLE_DOG_ONLY,,RECOVERY,0.17500000000000002,21.53,1.96,100,/Users/lab4099/Desktop/Mujoco/work/results/stage19_mixed_recovery/locked_test_v1/baselines.json
SINGLE_DOG_ONLY,SINGLE_DOG_ONLY,,RECOVERY,0.2,20.35,2.07,100,/Users/lab4099/Desktop/Mujoco/work/results/stage19_mixed_recovery/locked_test_v1/baselines.json
SINGLE_DOG_ONLY,SINGLE_DOG_ONLY,,RECOVERY,0.225,19.87,1.93,100,/Users/lab4099/Desktop/Mujoco/work/results/stage19_mixed_recovery/locked_test_v1/baselines.json
SINGLE_DOG_ONLY,SINGLE_DOG_ONLY,,RECOVERY,0.25,18.68,1.89,100,/Users/lab4099/Desktop/Mujoco/work/results/stage19_mixed_recovery/locked_test_v1/baselines.json
SINGLE_DOG_ONLY,SINGLE_DOG_ONLY,,RECOVERY,0.275,18.11,1.85,100,/Users/lab4099/Desktop/Mujoco/work/results/stage19_mixed_recovery/locked_test_v1/baselines.json
SINGLE_DOG_ONLY,SINGLE_DOG_ONLY,,RECOVERY,0.30000000000000004,16.92,1.96,100,/Users/lab4099/Desktop/Mujoco/work/results/stage19_mixed_recovery/locked_test_v1/baselines.json
SINGLE_DOG_ONLY,SINGLE_DOG_ONLY,,RECOVERY,0.325,16.29,1.76,100,/Users/lab4099/Desktop/Mujoco/work/results/stage19_mixed_recovery/locked_test_v1/baselines.json
SINGLE_DOG_ONLY,SINGLE_DOG_ONLY,,RECOVERY,0.35000000000000003,15.18,1.76,100,/Users/lab4099/Desktop/Mujoco/work/results/stage19_mixed_recovery/locked_test_v1/baselines.json
SINGLE_DOG_ONLY,SINGLE_DOG_ONLY,,RECOVERY,0.375,14.49,1.78,100,/Users/lab4099/Desktop/Mujoco/work/results/stage19_mixed_recovery/locked_test_v1/baselines.json
SINGLE_DOG_ONLY,SINGLE_DOG_ONLY,,RECOVERY,0.4,13.23,1.73,100,/Users/lab4099/Desktop/Mujoco/work/results/stage19_mixed_recovery/locked_test_v1/baselines.json
SINGLE_DOG_ONLY,SINGLE_DOG_ONLY,,RECOVERY,0.42500000000000004,12.6,1.61,100,/Users/lab4099/Desktop/Mujoco/work/results/stage19_mixed_recovery/locked_test_v1/baselines.json
SINGLE_DOG_ONLY,SINGLE_DOG_ONLY,,RECOVERY,0.45,11.75,1.5,100,/Users/lab4099/Desktop/Mujoco/work/results/stage19_mixed_recovery/locked_test_v1/baselines.json
SINGLE_DOG_ONLY,SINGLE_DOG_ONLY,,RECOVERY,0.47500000000000003,11.11,1.57,100,/Users/lab4099/Desktop/Mujoco/work/results/stage19_mixed_recovery/locked_test_v1/baselines.json
SINGLE_DOG_ONLY,SINGLE_DOG_ONLY,,RECOVERY,0.5,10.17,1.48,100,/Users/lab4099/Desktop/Mujoco/work/results/stage19_mixed_recovery/locked_test_v1/baselines.json
SINGLE_DOG_ONLY,SINGLE_DOG_ONLY,,RECOVERY,0.525,9.56,1.36,100,/Users/lab4099/Desktop/Mujoco/work/results/stage19_mixed_recovery/locked_test_v1/baselines.json
SINGLE_DOG_ONLY,SINGLE_DOG_ONLY,,RECOVERY,0.55,8.7,1.32,100,/Users/lab4099/Desktop/Mujoco/work/results/stage19_mixed_recovery/locked_test_v1/baselines.json
SINGLE_DOG_ONLY,SINGLE_DOG_ONLY,,RECOVERY,0.5750000000000001,8.18,1.25,100,/Users/lab4099/Desktop/Mujoco/work/results/stage19_mixed_recovery/locked_test_v1/baselines.json
SINGLE_DOG_ONLY,SINGLE_DOG_ONLY,,RECOVERY,0.6000000000000001,7.5,1.18,100,/Users/lab4099/Desktop/Mujoco/work/results/stage19_mixed_recovery/locked_test_v1/baselines.json
SINGLE_DOG_ONLY,SINGLE_DOG_ONLY,,RECOVERY,0.625,6.95,1.06,100,/Users/lab4099/Desktop/Mujoco/work/results/stage19_mixed_recovery/locked_test_v1/baselines.json
SINGLE_DOG_ONLY,SINGLE_DOG_ONLY,,RECOVERY,0.65,6.35,1.11,100,/Users/lab4099/Desktop/Mujoco/work/results/stage19_mixed_recovery/locked_test_v1/baselines.json
SINGLE_DOG_ONLY,SINGLE_DOG_ONLY,,RECOVERY,0.675,5.83,1.12,100,/Users/lab4099/Desktop/Mujoco/work/results/stage19_mixed_recovery/locked_test_v1/baselines.json
SINGLE_DOG_ONLY,SINGLE_DOG_ONLY,,RECOVERY,0.7000000000000001,5.36,1.07,100,/Users/lab4099/Desktop/Mujoco/work/results/stage19_mixed_recovery/locked_test_v1/baselines.json
SINGLE_DOG_ONLY,SINGLE_DOG_ONLY,,RECOVERY,0.7250000000000001,4.84,1.02,100,/Users/lab4099/Desktop/Mujoco/work/results/stage19_mixed_recovery/locked_test_v1/baselines.json
SINGLE_DOG_ONLY,SINGLE_DOG_ONLY,,RECOVERY,0.75,4.43,1.01,100,/Users/lab4099/Desktop/Mujoco/work/results/stage19_mixed_recovery/locked_test_v1/baselines.json
SINGLE_DOG_ONLY,SINGLE_DOG_ONLY,,RECOVERY,0.775,4.12,0.86,100,/Users/lab4099/Desktop/Mujoco/work/results/stage19_mixed_recovery/locked_test_v1/baselines.json
SINGLE_DOG_ONLY,SINGLE_DOG_ONLY,,RECOVERY,0.8,3.8,0.95,100,/Users/lab4099/Desktop/Mujoco/work/results/stage19_mixed_recovery/locked_test_v1/baselines.json
SINGLE_DOG_ONLY,SINGLE_DOG_ONLY,,RECOVERY,0.8250000000000001,3.43,0.9,100,/Users/lab4099/Desktop/Mujoco/work/results/stage19_mixed_recovery/locked_test_v1/baselines.json
SINGLE_DOG_ONLY,SINGLE_DOG_ONLY,,RECOVERY,0.8500000000000001,3.23,0.81,100,/Users/lab4099/Desktop/Mujoco/work/results/stage19_mixed_recovery/locked_test_v1/baselines.json
SINGLE_DOG_ONLY,SINGLE_DOG_ONLY,,RECOVERY,0.875,2.86,0.87,100,/Users/lab4099/Desktop/Mujoco/work/results/stage19_mixed_recovery/locked_test_v1/baselines.json
SINGLE_DOG_ONLY,SINGLE_DOG_ONLY,,RECOVERY,0.9,2.62,0.95,100,/Users/lab4099/Desktop/Mujoco/work/results/stage19_mixed_recovery/locked_test_v1/baselines.json
SINGLE_DOG_ONLY,SINGLE_DOG_ONLY,,RECOVERY,0.925,2.37,0.77,100,/Users/lab4099/Desktop/Mujoco/work/results/stage19_mixed_recovery/locked_test_v1/baselines.json
SINGLE_DOG_ONLY,SINGLE_DOG_ONLY,,RECOVERY,0.9500000000000001,2.29,0.72,100,/Users/lab4099/Desktop/Mujoco/work/results/stage19_mixed_recovery/locked_test_v1/baselines.json
SINGLE_DOG_ONLY,SINGLE_DOG_ONLY,,RECOVERY,0.9750000000000001,2.16,0.89,100,/Users/lab4099/Desktop/Mujoco/work/results/stage19_mixed_recovery/locked_test_v1/baselines.json
SINGLE_DOG_ONLY,SINGLE_DOG_ONLY,,RECOVERY,1.0,0.0,0.0,100,/Users/lab4099/Desktop/Mujoco/work/results/stage19_mixed_recovery/locked_test_v1/baselines.json
