profile,seed,source_history,ppo_update,loss_block_start_update,loss_block_end_update,ppo_objective_loss_block_median,ppo_actor_loss_block_median,ppo_value_loss_block_median,ppo_entropy_block_median,ppo_approximate_kl_block_median,ppo_clip_fraction_block_median,evaluation_episode_count,evaluation_task_count,raw_environment_mean_return,return_change_from_update_50,task_success_rate_percent,illegal_action_count,resource_leak_count
Medium,seed_01,results/stage18/full_context_v2/seed_01/stage18_ppo.history.json,50,1,50,0.15926690824562684,0.0006927557988092303,0.3184380433522165,0.39237394747260623,0.006512249604043063,0.03351384971756488,100,2000,17.927649961343583,0.0,96.45,0,0
Medium,seed_01,results/stage18/full_context_v2/seed_01/stage18_ppo.history.json,100,51,100,0.1059975909156492,-0.0022170121083036065,0.2429623045027256,0.445699208881706,0.007615359623741824,0.03648792626336217,100,2000,18.253778102181172,0.32612814083758934,96.95,0,0
Medium,seed_01,results/stage18/full_context_v2/seed_01/stage18_ppo.history.json,150,101,150,0.10713797392963897,0.0005303340585669503,0.22720409359317273,0.48237757245078683,0.008227693291701144,0.043424479314126074,100,2000,18.015183712662957,0.08753375131937347,96.5,0,0
Medium,seed_01,results/stage18/full_context_v2/seed_01/stage18_ppo.history.json,200,151,200,0.0963094402650313,-0.004376681870780885,0.21096948150079697,0.4614888031501323,0.009839426700636977,0.0448330967919901,100,2000,18.318701466747815,0.3910515054042314,97.1,0,0
Medium,seed_01,results/stage18/full_context_v2/seed_01/stage18_ppo.history.json,250,201,250,0.0803165317629464,-0.0046998250763863325,0.17779251118190587,0.4558302459772676,0.007068460485811556,0.03946200292557478,100,2000,17.811832261582374,-0.11581769976120881,98.65,0,0
Medium,seed_01,results/stage18/full_context_v2/seed_01/stage18_ppo.history.json,300,251,300,0.08145602005242836,-0.0037840665027033538,0.18241473200032488,0.387432709132554,0.006438713724492118,0.039115767111070454,100,2000,18.29878584694105,0.371135885597468,97.0,0,0
Medium,seed_01,results/stage18/full_context_v2/seed_01/stage18_ppo.history.json,350,301,350,0.057479603365209186,-0.006404459098121151,0.1427829674212262,0.39734970254357904,0.005008197887946153,0.03759765636641532,100,2000,18.47588008118378,0.5482301198401984,97.45,0,0
Medium,seed_01,results/stage18/full_context_v2/seed_01/stage18_ppo.history.json,400,351,400,0.052049723140953574,-0.0053246573224896565,0.11858676822157577,0.3803461773786694,0.006351957194056013,0.03632516588550061,100,2000,17.755473731518208,-0.17217622982537506,96.95,0,0
Medium,seed_01,results/stage18/full_context_v2/seed_01/stage18_ppo.history.json,450,401,450,0.053166193054494215,-0.008023626774956938,0.12761356151895598,0.3497773644753579,0.004021150269636564,0.03742009960114956,100,2000,18.48282733322149,0.5551773718779067,97.45,0,0
Medium,seed_01,results/stage18/full_context_v2/seed_01/stage18_ppo.history.json,500,451,500,0.04979212711623404,-0.005599083728156984,0.12327685748459771,0.3528656349517405,0.00564730729229268,0.03385416674427688,100,2000,18.579481309521636,0.6518313481780531,98.35000000000001,0,0
Medium,seed_01,results/stage18/full_context_v2/seed_01/stage18_ppo.history.json,550,501,550,0.04438507762824884,-0.004360875143902376,0.10419193160487339,0.342061280971393,0.005823778627018328,0.03754340286832303,100,2000,18.341608413119083,0.4139584517754997,97.35000000000001,0,0
Medium,seed_01,results/stage18/full_context_v2/seed_01/stage18_ppo.history.json,600,551,600,0.053538535325060366,-0.008022249734494835,0.12383648089598864,0.3568891150644049,0.004830395182580105,0.034277343773283064,100,2000,18.501336852317444,0.5736868909738604,98.0,0,0
Medium,seed_01,results/stage18/full_context_v2/seed_01/stage18_ppo.history.json,650,601,650,0.04732433566823602,-0.00377778586698696,0.1041503946762532,0.3257672088457184,0.00540440051099722,0.03946200292557478,100,2000,18.417317261127888,0.4896672997843048,98.2,0,0
Medium,seed_01,results/stage18/full_context_v2/seed_01/stage18_ppo.history.json,700,651,700,0.04799219689448364,-0.006390145979821682,0.11168099258793518,0.37036981699111493,0.0054509929858568285,0.03160807304084301,100,2000,18.087753008820098,0.1601030474765146,96.75,0,0
Medium,seed_01,results/stage18/full_context_v2/seed_01/stage18_ppo.history.json,750,701,750,0.05559819779591635,-0.0015403044817503542,0.130497909267433,0.4200399214114441,0.0064732008477221825,0.04134114598855376,100,2000,18.328886440793966,0.40123647945038243,97.05,0,0
Medium,seed_01,results/stage18/full_context_v2/seed_01/stage18_ppo.history.json,800,751,800,0.05304111413715873,-0.0020351186103653163,0.12115535681368783,0.3631028066156432,0.00503140324690321,0.035861545242369175,100,2000,18.527599251302103,0.5999492899585199,98.35000000000001,0,0
Medium,seed_01,results/stage18/full_context_v2/seed_01/stage18_ppo.history.json,850,801,850,0.03815890843543457,-0.01012484794773627,0.1065249340608716,0.34502081328537315,0.007125699818516296,0.037562145036645234,100,2000,18.253129098070932,0.32547913672734907,98.25,0,0
Medium,seed_01,results/stage18/full_context_v2/seed_01/stage18_ppo.history.json,900,851,900,0.038850110195198795,-0.009163880691630766,0.11031377638573758,0.35353880445472896,0.006580714607480331,0.04020182299427688,100,2000,18.409967940704586,0.48231797936100307,98.4,0,0
Medium,seed_01,results/stage18/full_context_v2/seed_01/stage18_ppo.history.json,950,901,950,0.04754819429217605,-0.00921964627923444,0.10396872492856346,0.3356995376525447,0.007214921388367657,0.03953598509542644,100,2000,18.15077195998364,0.22312199864005677,97.7,0,0
Medium,seed_01,results/stage18/full_context_v2/seed_01/stage18_ppo.history.json,1000,951,1000,0.044710154776112176,-0.008828782942146063,0.11035351423197426,0.3709332665166585,0.007107336667104391,0.04194779833778739,100,2000,17.860133427139715,-0.06751653420386816,96.89999999999999,0,0
Medium,seed_01,results/stage18/full_context_v2/seed_01/stage18_ppo.history.json,1050,1001,1050,0.036841192151769064,-0.007999875175300986,0.09719343515462242,0.36078626953531057,0.004571616243827847,0.03783439891412854,100,2000,18.238787984874296,0.31113802353071307,97.6,0,0
Medium,seed_01,results/stage18/full_context_v2/seed_01/stage18_ppo.history.json,1100,1051,1100,0.03794550473685376,-0.008074728873907588,0.09169036516686901,0.3064534689319771,0.005326990416051558,0.03892933251336217,100,2000,18.421878421528106,0.49422846018452304,97.25,0,0
Medium,seed_01,results/stage18/full_context_v2/seed_01/stage18_ppo.history.json,1150,1101,1150,0.040929681206762325,-0.002057955105556175,0.09056065417826176,0.3070671079476597,0.00322295038199627,0.039071377948857844,100,2000,18.09621654071323,0.1685665793696458,96.75,0,0
Medium,seed_01,results/stage18/full_context_v2/seed_01/stage18_ppo.history.json,1200,1151,1200,0.045525293731770944,-0.006202138843946159,0.10664851785986684,0.34708452938195933,0.007515961560216056,0.04264322924427688,100,2000,18.420818994538177,0.4931690331945937,97.45,0,0
Medium,seed_01,results/stage18/full_context_v2/seed_01/stage18_ppo.history.json,1250,1201,1250,0.03717281110220938,-0.008467395760817453,0.09630196099169552,0.34089408904382423,0.005702431175450329,0.04394531261641532,100,2000,18.47208967723114,0.544439715887556,97.39999999999999,0,0
Medium,seed_01,results/stage18/full_context_v2/seed_01/stage18_ppo.history.json,1300,1251,1300,0.04853130605988554,-0.006778167182346806,0.1167760715179611,0.3259713558513795,0.006689869573165197,0.04669744335114956,100,2000,17.869053178038968,-0.058596783304615485,96.55,0,0
Medium,seed_01,results/stage18/full_context_v2/seed_01/stage18_ppo.history.json,1350,1301,1350,0.038464025128632784,-0.013060459445114248,0.1021756359259598,0.32194109150441363,0.006669263555117766,0.04422644420992583,100,2000,18.07237355600572,0.14472359466213547,97.05,0,0
Medium,seed_01,results/stage18/full_context_v2/seed_01/stage18_ppo.history.json,1400,1351,1400,0.03745564541895874,-0.012087048293324187,0.08749732287833467,0.28811151336412877,0.004935087959168527,0.04607599461451173,100,2000,18.365935380403926,0.43828541906034246,97.3,0,0
Medium,seed_01,results/stage18/full_context_v2/seed_01/stage18_ppo.history.json,1450,1401,1450,0.034166887009632774,-0.011699402710291906,0.09413316892459989,0.2930553730743668,0.007163983544160146,0.04527994804084301,100,2000,18.42853386291516,0.5008839015715765,97.2,0,0
Medium,seed_01,results/stage18/full_context_v2/seed_01/stage18_ppo.history.json,1500,1451,1500,0.04346225944755133,-0.008804797449556645,0.10746384708909318,0.3415344567038119,0.0060995978565188125,0.050748698064126074,100,2000,18.218606525093506,0.29095656374992274,97.0,0,0
Medium,seed_01,results/stage18/full_context_v2/seed_01/stage18_ppo.history.json,1550,1501,1550,0.04029501820332371,-0.00856794308492681,0.10572068134206347,0.33638813014840707,0.00766889351507416,0.05443596129771322,100,2000,18.244814359755946,0.31716439841236266,97.5,0,0
Medium,seed_01,results/stage18/full_context_v2/seed_01/stage18_ppo.history.json,1600,1551,1600,0.042107666571610025,-0.012488723557908088,0.10939128580503166,0.34327600451069884,0.005177079416171182,0.05550130223855376,100,2000,18.380108091494666,0.4524581301510828,97.85000000000001,0,0
Medium,seed_01,results/stage18/full_context_v2/seed_01/stage18_ppo.history.json,1650,1601,1650,0.03647613892098889,-0.009520479346974753,0.09496966551523656,0.3104750431375578,0.006845916816018871,0.0472745030419901,100,2000,18.367678083236555,0.440028121892972,97.6,0,0
Medium,seed_01,results/stage18/full_context_v2/seed_01/stage18_ppo.history.json,1700,1651,1700,0.04357840257580392,-0.008560282183680101,0.11017233566963114,0.3543484997935593,0.006668351325970434,0.04885771800763905,100,2000,18.59276072385119,0.6651107625076058,97.55,0,0
Medium,seed_01,results/stage18/full_context_v2/seed_01/stage18_ppo.history.json,1750,1701,1750,0.04455923846398946,-0.012022618298942689,0.11824800114845857,0.3673030404606834,0.00898077298188582,0.05602213565725833,100,2000,18.52404183269165,0.596391871348068,97.8,0,0
Medium,seed_01,results/stage18/full_context_v2/seed_01/stage18_ppo.history.json,1800,1751,1800,0.041063545482757036,-0.009991735714720562,0.11666006193263456,0.37444724810120533,0.007986142052686773,0.05529119342099875,100,2000,18.188546778707785,0.2608968173642019,97.3,0,0
Medium,seed_01,results/stage18/full_context_v2/seed_01/stage18_ppo.history.json,1850,1801,1850,0.046796348706266144,-0.0018468967027729377,0.10516798566095531,0.3406723423395306,0.005865848777204974,0.055989583604969084,100,2000,18.434352771287873,0.5067028099442901,97.15,0,0
Medium,seed_01,results/stage18/full_context_v2/seed_01/stage18_ppo.history.json,1900,1851,1900,0.04379819172027055,-0.011982985364738852,0.11017770736361854,0.3036380943085817,0.0064345264631811006,0.05191761383321136,100,2000,18.321785984617243,0.39413602327365993,97.1,0,0
Medium,seed_01,results/stage18/full_context_v2/seed_01/stage18_ppo.history.json,1950,1901,1950,0.04135464991850313,-0.010331420169677585,0.10809125786181539,0.3084396460617427,0.005681032094798866,0.05240885424427688,100,2000,18.255017435803115,0.32736747445953185,97.2,0,0
Medium,seed_01,results/stage18/full_context_v2/seed_01/stage18_ppo.history.json,2000,1951,2000,0.045652323024114594,-0.008205103338696063,0.1063815476372838,0.31456785168913104,0.008257913421402918,0.054847301449626684,100,2000,18.168078478792307,0.2404285174487235,97.35000000000001,0,0
Medium,seed_02,results/stage18/full_context_v2/seed_02/stage18_ppo.history.json,50,1,50,0.12807257180975284,-0.0047679686394985765,0.2680107264313847,0.2641851458756719,0.011095952783762186,0.03688742918893695,100,2000,17.947271305782387,0.0,96.45,0,0
Medium,seed_02,results/stage18/full_context_v2/seed_02/stage18_ppo.history.json,100,51,100,0.09211464484542375,-0.004266459494829178,0.1908424411667511,0.39161909825088514,0.008177243699719838,0.04869791690725833,100,2000,17.92673617760173,-0.020535128180657836,96.45,0,0
Medium,seed_02,results/stage18/full_context_v2/seed_02/stage18_ppo.history.json,150,101,150,0.08612092562543694,-0.00034967448505085486,0.1875719411764294,0.46851066406816244,0.007958311124866668,0.040494791814126074,100,2000,18.514763667099206,0.5674923613168197,97.85000000000001,0,0
Medium,seed_02,results/stage18/full_context_v2/seed_02/stage18_ppo.history.json,200,151,200,0.08528149595440482,-0.004424910417583305,0.18786323931999505,0.45790655177552253,0.007026441756352142,0.05029296886641532,100,2000,18.01164290061035,0.06437159482796417,98.6,0,0
Medium,seed_02,results/stage18/full_context_v2/seed_02/stage18_ppo.history.json,250,201,250,0.07869594399744528,-0.002020913641899824,0.16938733001006767,0.3975740849855356,0.0061403974823406315,0.04145951720420271,100,2000,17.962424473614604,0.015153167832217207,98.75,0,0
Medium,seed_02,results/stage18/full_context_v2/seed_02/stage18_ppo.history.json,300,251,300,0.07001794785173843,-0.009224023524438962,0.16362605418544263,0.3954710621619597,0.006396768869308289,0.04369377379771322,100,2000,18.548307211185303,0.6010359054029166,98.1,0,0
Medium,seed_02,results/stage18/full_context_v2/seed_02/stage18_ppo.history.json,350,301,350,0.06451130435743835,-0.006085074903239729,0.1517289065523073,0.38401935290312394,0.008588425203924999,0.04414062504656613,100,2000,18.5825766831027,0.6353053773203143,97.75,0,0
Medium,seed_02,results/stage18/full_context_v2/seed_02/stage18_ppo.history.json,400,351,400,0.045080959593178704,-0.006490245461463928,0.1149255762284156,0.3752990475622937,0.008080532476014923,0.04134114587213844,100,2000,18.623620817877214,0.6763495120948271,97.45,0,0
Medium,seed_02,results/stage18/full_context_v2/seed_02/stage18_ppo.history.json,450,401,450,0.043633912227960536,-0.008148061111569405,0.11134381435113028,0.3684082387480885,0.007171566197939683,0.0485026043606922,100,2000,18.648124694627395,0.7008533888450081,97.8,0,0
Medium,seed_02,results/stage18/full_context_v2/seed_02/stage18_ppo.history.json,500,451,500,0.04606783272174653,-0.0034444950142642483,0.11054409114876762,0.3810825865948573,0.006965880367715727,0.042089843773283064,100,2000,18.719908584091808,0.7726372783094213,97.8,0,0
Medium,seed_02,results/stage18/full_context_v2/seed_02/stage18_ppo.history.json,550,501,550,0.04810792013449827,-0.004978740675142035,0.1176784030685667,0.4254757449962199,0.004539764685276282,0.04230291221756488,100,2000,18.708453418624423,0.761182112842036,97.7,0,0
Medium,seed_02,results/stage18/full_context_v2/seed_02/stage18_ppo.history.json,600,551,600,0.06786961563193472,0.0016003359050955623,0.14695750636747107,0.43893744607339613,0.004116731150134001,0.03312322462443262,100,2000,18.355420775271888,0.40814946948950137,97.05,0,0
Medium,seed_02,results/stage18/full_context_v2/seed_02/stage18_ppo.history.json,650,601,650,0.05637669041243498,-0.0009276631753891706,0.1228735389886424,0.4358119557145983,0.004246314821557462,0.03726029838435352,100,2000,18.56431133787434,0.6170400320919533,98.35000000000001,0,0
Medium,seed_02,results/stage18/full_context_v2/seed_02/stage18_ppo.history.json,700,651,700,0.0473819529361208,-0.007996978441951796,0.11239584471331909,0.45817971232463606,0.0039934992282724124,0.030056423624046147,100,2000,18.68781284776329,0.7405415419809032,97.7,0,0
Medium,seed_02,results/stage18/full_context_v2/seed_02/stage18_ppo.history.json,750,701,750,0.047564868204062805,-0.00800673018602538,0.10537470981944352,0.3850924013531767,0.00530195824603652,0.03306995751336217,100,2000,18.615510809992696,0.6682395042103089,97.65,0,0
Medium,seed_02,results/stage18/full_context_v2/seed_02/stage18_ppo.history.json,800,751,800,0.042021950299385935,-0.004070765598953585,0.09752002247842029,0.40255341411102563,0.0049493127826281125,0.04478870751336217,100,2000,18.4890998350653,0.5418285292829133,97.55,0,0
Medium,seed_02,results/stage18/full_context_v2/seed_02/stage18_ppo.history.json,850,801,850,0.04036881899810396,-0.0051282685599289834,0.10305985866580158,0.3435907089151442,0.00514636297521065,0.033463541767559946,100,2000,18.59944191847549,0.6521706126931051,98.2,0,0
Medium,seed_02,results/stage18/full_context_v2/seed_02/stage18_ppo.history.json,900,851,900,0.0339953349030111,-0.006641772604780272,0.09533567985636182,0.371614838950336,0.003187019014148973,0.0399502842919901,100,2000,18.594413757885444,0.6471424521030578,97.89999999999999,0,0
Medium,seed_02,results/stage18/full_context_v2/seed_02/stage18_ppo.history.json,950,901,950,0.046547170451958664,-0.004332023439928889,0.09816283744294196,0.4007759973173961,0.004430500717717223,0.03986150585114956,100,2000,18.55969848040885,0.6124271746264647,98.6,0,0
Medium,seed_02,results/stage18/full_context_v2/seed_02/stage18_ppo.history.json,1000,951,1000,0.04649098089794279,-0.006045315152732655,0.11008949918323196,0.39754784712567925,0.00601075789791139,0.04069010424427688,100,2000,18.32624490007236,0.3789735942899739,97.85000000000001,0,0
Medium,seed_02,results/stage18/full_context_v2/seed_02/stage18_ppo.history.json,1050,1001,1050,0.04544468820677139,-0.005389510275563225,0.10451667939196341,0.3926779784960672,0.0042138726839766605,0.03941761387977749,100,2000,18.55787833011176,0.6106070243293722,97.35000000000001,0,0
Medium,seed_02,results/stage18/full_context_v2/seed_02/stage18_ppo.history.json,1100,1051,1100,0.035141595821187366,-0.011269489565165713,0.0994064660044387,0.3526363227501861,0.004769441345160885,0.03750887792557478,100,2000,18.43502657749062,0.4877552717082345,97.55,0,0
Medium,seed_02,results/stage18/full_context_v2/seed_02/stage18_ppo.history.json,1150,1101,1150,0.04020556797331665,-0.008034943457460031,0.10446046764263883,0.38695849844953045,0.006322520211142546,0.04768880223855376,100,2000,18.184838760924674,0.23756745514228683,98.7,0,0
Medium,seed_02,results/stage18/full_context_v2/seed_02/stage18_ppo.history.json,1200,1151,1200,0.03875356767093763,-0.006998987460974604,0.09712540521286428,0.3365587773732841,0.007653456112166168,0.04615885438397527,100,2000,18.42363312755862,0.47636182177623354,97.1,0,0
Medium,seed_02,results/stage18/full_context_v2/seed_02/stage18_ppo.history.json,1250,1201,1250,0.038190533319721,-0.009021386242238805,0.09786358679411933,0.3880256834672764,0.007016074284365459,0.044856770895421505,100,2000,18.385526740779316,0.438255434996929,97.1,0,0
Medium,seed_02,results/stage18/full_context_v2/seed_02/stage18_ppo.history.json,1300,1251,1300,0.05062481350614689,-0.0035728025541175157,0.1166471330798231,0.41738347022328526,0.007227453419545782,0.05102982965763658,100,2000,18.25174941416914,0.3044781083867534,97.0,0,0
Medium,seed_02,results/stage18/full_context_v2/seed_02/stage18_ppo.history.json,1350,1301,1350,0.04008409286325332,-0.00755460640812089,0.09849064628360793,0.3332397621124983,0.006432091842000887,0.0466145834652707,100,2000,18.360516222963135,0.41324491718074796,97.15,0,0
Medium,seed_02,results/stage18/full_context_v2/seed_02/stage18_ppo.history.json,1400,1351,1400,0.047074761811018107,-0.0008552186191082001,0.10231849653064273,0.36221732932608575,0.006037587387254462,0.046351207536645234,100,2000,18.557519744044143,0.6102484382617561,98.0,0,0
Medium,seed_02,results/stage18/full_context_v2/seed_02/stage18_ppo.history.json,1450,1401,1450,0.038274819340585964,-0.009786274671569117,0.09918321325676516,0.2967872629158279,0.00610571729066578,0.04276160045992583,100,2000,18.54270913435871,0.5954378285763227,97.5,0,0
Medium,seed_02,results/stage18/full_context_v2/seed_02/stage18_ppo.history.json,1500,1451,1500,0.0423355736056692,-0.008280088368337601,0.1024714051745832,0.31403077248251066,0.00753545086899976,0.04613518004771322,100,2000,18.5046382152884,0.5573669095060119,97.3,0,0
Medium,seed_02,results/stage18/full_context_v2/seed_02/stage18_ppo.history.json,1550,1501,1550,0.03638261275773402,-0.006140926667285385,0.1026750632445328,0.3373267879942432,0.006225549710507039,0.05171342345420271,100,2000,18.613780163379367,0.6665088575969804,97.7,0,0
Medium,seed_02,results/stage18/full_context_v2/seed_02/stage18_ppo.history.json,1600,1551,1600,0.04013088606734527,-0.006427760177757591,0.09406510798726231,0.33155281259678304,0.005413261766264554,0.04591619339771569,100,2000,18.01755690749504,0.07028560171265497,96.55,0,0
Medium,seed_02,results/stage18/full_context_v2/seed_02/stage18_ppo.history.json,1650,1601,1650,0.04229610020411201,-0.011810053460067138,0.106419435411226,0.3683035932481289,0.004456592490896583,0.0511807530419901,100,2000,18.41886609545989,0.47159478967750346,97.0,0,0
Medium,seed_02,results/stage18/full_context_v2/seed_02/stage18_ppo.history.json,1700,1651,1700,0.0351140365437459,-0.012763547245413065,0.09820232131460216,0.3970786149147898,0.005939804563240614,0.046809895895421505,100,2000,18.55052838725801,0.603257081475622,97.25,0,0
Medium,seed_02,results/stage18/full_context_v2/seed_02/stage18_ppo.history.json,1750,1701,1750,0.036600480976630934,-0.011565249806153588,0.10405981267103925,0.4493599624547642,0.006426986215956276,0.04860617918893695,100,2000,18.56870110846779,0.6214298026854017,97.5,0,0
Medium,seed_02,results/stage18/full_context_v2/seed_02/stage18_ppo.history.json,1800,1751,1800,0.04584355386032257,-0.010759891083580442,0.11362388389534317,0.43325679120607674,0.0046974844990472775,0.0504557293606922,100,2000,18.634347778671923,0.6870764728895367,98.5,0,0
Medium,seed_02,results/stage18/full_context_v2/seed_02/stage18_ppo.history.json,1850,1801,1850,0.043070694599009585,-0.0077487156086135656,0.11079388239886612,0.3969179489649832,0.004519832778896671,0.04971590917557478,100,2000,18.517562733618014,0.5702914278356275,97.89999999999999,0,0
Medium,seed_02,results/stage18/full_context_v2/seed_02/stage18_ppo.history.json,1900,1851,1900,0.04459690597286681,-0.0035520136007107794,0.09586673474404961,0.3612891889642924,0.0065267580102954526,0.047416548361070454,100,2000,18.346477468605027,0.3992061628226402,98.65,0,0
Medium,seed_02,results/stage18/full_context_v2/seed_02/stage18_ppo.history.json,1950,1901,1950,0.03702282552694669,-0.014038649486792565,0.10544084184220992,0.3196914418367669,0.00658271392376264,0.05065696046222001,100,2000,18.093756179607894,0.14648487382550712,98.1,0,0
Medium,seed_02,results/stage18/full_context_v2/seed_02/stage18_ppo.history.json,2000,1951,2000,0.035727590759051964,-0.009333111578598619,0.09028595057316124,0.32528792798984796,0.006297320322119049,0.05075461673550308,100,2000,18.475861613500086,0.5285903077176997,97.8,0,0
Medium,seed_03,results/stage18/full_context_v2/seed_03/stage18_ppo.history.json,50,1,50,0.17152749278466217,-0.005075738328741863,0.36059013358317316,0.5893070923630148,0.00799438292861776,0.03613281261641532,100,2000,18.0496101102177,0.0,96.45,0,0
Medium,seed_03,results/stage18/full_context_v2/seed_03/stage18_ppo.history.json,100,51,100,0.11188376729842275,-0.004192533189780079,0.2287697846768424,0.4436306849238463,0.009879422294034157,0.042209201492369175,100,2000,18.00814410028519,-0.041466009932509706,96.5,0,0
Medium,seed_03,results/stage18/full_context_v2/seed_03/stage18_ppo.history.json,150,101,150,0.09561765338730766,-0.00504590843047481,0.20599829591810703,0.4924440868780948,0.008520872868757579,0.04715613170992583,100,2000,18.582492602568536,0.5328824923508364,97.55,0,0
Medium,seed_03,results/stage18/full_context_v2/seed_03/stage18_ppo.history.json,200,151,200,0.07681855822738726,-0.0019060357299167663,0.1627031906391494,0.34301585180219263,0.00873016866898979,0.04014756949618459,100,2000,18.548002874608834,0.49839276439113434,98.15,0,0
Medium,seed_03,results/stage18/full_context_v2/seed_03/stage18_ppo.history.json,250,201,250,0.07773410117079038,-0.0060292766720522195,0.16367760358843952,0.3938445909298025,0.006612019833710292,0.03335503477137536,100,2000,18.455784335468984,0.4061742252512843,98.0,0,0
Medium,seed_03,results/stage18/full_context_v2/seed_03/stage18_ppo.history.json,300,251,300,0.06797213642857969,-0.004478940900298767,0.1410127715789713,0.4786253303755075,0.005995649618853349,0.03697620751336217,100,2000,18.600125974700287,0.5505158644825876,97.89999999999999,0,0
Medium,seed_03,results/stage18/full_context_v2/seed_03/stage18_ppo.history.json,350,301,350,0.057314671445055865,-0.00424074090551585,0.13984375214204192,0.4207274471409619,0.006587477406810649,0.044487847364507616,100,2000,18.563592800213286,0.5139826899955864,97.55,0,0
Medium,seed_03,results/stage18/full_context_v2/seed_03/stage18_ppo.history.json,400,351,400,0.04972309735239833,-0.006435154908103868,0.11472410941496491,0.42207888077246025,0.006989024044742109,0.04364938463550061,100,2000,18.55612384478933,0.5065137345716302,97.8,0,0
Medium,seed_03,results/stage18/full_context_v2/seed_03/stage18_ppo.history.json,450,401,450,0.054609063430689275,-0.006069993629353121,0.1297763165202923,0.412174951772613,0.0058861890611296985,0.04376775596756488,100,2000,18.5514496218718,0.5018395116541008,97.35000000000001,0,0
Medium,seed_03,results/stage18/full_context_v2/seed_03/stage18_ppo.history.json,500,451,500,0.04578932241565781,-0.005800640530651435,0.11347469585598446,0.4010205343365669,0.006401414596894028,0.045996093773283064,100,2000,18.522173756578947,0.47256364636124815,97.75,0,0
Medium,seed_03,results/stage18/full_context_v2/seed_03/stage18_ppo.history.json,550,501,550,0.05317935781204142,-0.00691406567057129,0.1330486555234529,0.44099410719354637,0.0062573941686423495,0.038509114645421505,100,2000,18.709640954999163,0.6600308447814633,97.75,0,0
Medium,seed_03,results/stage18/full_context_v2/seed_03/stage18_ppo.history.json,600,551,600,0.04854767790675396,-0.00588693461031653,0.12178822711575776,0.3916652703192085,0.006336326716336771,0.04296875011641532,100,2000,18.75122521730798,0.7016151070902801,97.95,0,0
Medium,seed_03,results/stage18/full_context_v2/seed_03/stage18_ppo.history.json,650,601,650,0.05563274645828642,-0.007226936664665118,0.13293760892702267,0.4237199630588293,0.005094844615086913,0.03782453446183354,100,2000,18.668419290445502,0.6188091802278031,97.7,0,0
Medium,seed_03,results/stage18/full_context_v2/seed_03/stage18_ppo.history.json,700,651,700,0.0656971865973901,-0.0010165902494918555,0.14370614849030972,0.44584214732916294,0.0060073659115005285,0.03881096129771322,100,2000,18.662317279682306,0.6127071694646062,97.8,0,0
Medium,seed_03,results/stage18/full_context_v2/seed_03/stage18_ppo.history.json,750,701,750,0.0467695857223589,-0.008698412646481302,0.10983135551214218,0.3987633327487856,0.006562738934007939,0.03906250011641532,100,2000,17.81536459965636,-0.23424551056134035,98.45,0,0
Medium,seed_03,results/stage18/full_context_v2/seed_03/stage18_ppo.history.json,800,751,800,0.05634933572582668,-0.002915018645580858,0.12168212718097493,0.3877023577224463,0.008133631882259351,0.044557883869856596,100,2000,18.617204856003518,0.5675947457858186,97.5,0,0
Medium,seed_03,results/stage18/full_context_v2/seed_03/stage18_ppo.history.json,850,801,850,0.050049556062731426,-0.006556015316164121,0.10843206467689015,0.4100398375885561,0.007233380732316164,0.0460611981106922,100,2000,18.55927724393518,0.5096671337174818,97.89999999999999,0,0
Medium,seed_03,results/stage18/full_context_v2/seed_03/stage18_ppo.history.json,900,851,900,0.060093590182077605,-0.002696740411920473,0.1218505721190013,0.4161667974658485,0.0038656287724734284,0.03792317723855376,100,2000,18.600173955816437,0.550563845598738,97.95,0,0
Medium,seed_03,results/stage18/full_context_v2/seed_03/stage18_ppo.history.json,950,901,950,0.04996587650020956,-0.006663864944130182,0.11101560184033588,0.3705637571401894,0.006546358068590052,0.04947620758321136,100,2000,18.668561683957734,0.6189515737400342,97.85000000000001,0,0
Medium,seed_03,results/stage18/full_context_v2/seed_03/stage18_ppo.history.json,1000,951,1000,0.05846796340847504,-0.001932750950800255,0.1327875757124275,0.37644112134876195,0.006788739668081689,0.04413766588550061,100,2000,18.29348762026608,0.24387751004838165,97.0,0,0
Medium,seed_03,results/stage18/full_context_v2/seed_03/stage18_ppo.history.json,1050,1001,1050,0.051072521186142694,-0.007006485888268799,0.12385845294920728,0.4133071727528659,0.0064714697546151,0.04063585086259991,100,2000,17.858596216251925,-0.19101389396577417,96.45,0,0
Medium,seed_03,results/stage18/full_context_v2/seed_03/stage18_ppo.history.json,1100,1051,1100,0.05287513851726544,-0.008175028837285936,0.12100807196111418,0.4844428899232298,0.004933448119118111,0.03449041210114956,100,2000,17.90866093065738,-0.1409491795603195,96.45,0,0
Medium,seed_03,results/stage18/full_context_v2/seed_03/stage18_ppo.history.json,1150,1101,1150,0.05115248244328541,-0.00779259906266816,0.12808986409800127,0.5116768117295578,0.004587004521454219,0.047037760727107525,100,2000,18.3163120007029,0.26670189048520143,97.1,0,0
Medium,seed_03,results/stage18/full_context_v2/seed_03/stage18_ppo.history.json,1200,1151,1200,0.04095799305650871,-0.007315818540519103,0.10748964658705518,0.48144142027013004,0.005078402387880487,0.04690755216870457,100,2000,17.995380356468868,-0.054229753748831655,96.55,0,0
Medium,seed_03,results/stage18/full_context_v2/seed_03/stage18_ppo.history.json,1250,1201,1250,0.04787341467454098,-0.008213598222937435,0.11358825705247,0.48219048499595374,0.007246373028465314,0.04999704100191593,100,2000,18.74225700895319,0.6926468987354895,97.85000000000001,0,0
Medium,seed_03,results/stage18/full_context_v2/seed_03/stage18_ppo.history.json,1300,1251,1300,0.05796433698560577,-0.007253200819832273,0.12517465895507485,0.43635554891079664,0.006753160853804729,0.04894649633206427,100,2000,18.59437890149037,0.54476879127267,97.85000000000001,0,0
Medium,seed_03,results/stage18/full_context_v2/seed_03/stage18_ppo.history.json,1350,1301,1350,0.03963651155572734,-0.009798666927963495,0.11214159365044907,0.4256489023100585,0.004657130702980794,0.04039713554084301,100,2000,18.592174484935157,0.5425643747174576,97.5,0,0
Medium,seed_03,results/stage18/full_context_v2/seed_03/stage18_ppo.history.json,1400,1351,1400,0.03969009417050984,-0.013070452201645821,0.11317974922712892,0.35697562829591334,0.006889091953780735,0.04185902001336217,100,2000,18.617706960377973,0.5680968501602734,97.25,0,0
Medium,seed_03,results/stage18/full_context_v2/seed_03/stage18_ppo.history.json,1450,1401,1450,0.041882241908751894,-0.00833286443958059,0.10295038105687127,0.2848303187347483,0.005787245620012982,0.04329427098855376,100,2000,18.651075564134363,0.6014654539166635,97.35000000000001,0,0
Medium,seed_03,results/stage18/full_context_v2/seed_03/stage18_ppo.history.json,1500,1451,1500,0.04145133768543019,-0.004835473489947617,0.09426006261492148,0.24863940503705906,0.007957441870530602,0.037207031273283064,100,2000,18.18106629266801,0.13145618245031088,97.05,0,0
Medium,seed_03,results/stage18/full_context_v2/seed_03/stage18_ppo.history.json,1550,1501,1550,0.04375605666427873,-0.008088602451607585,0.1037152981152758,0.2946975858726546,0.00471530387767416,0.042968750232830644,100,2000,18.32251887987441,0.2729087696567092,96.85000000000001,0,0
Medium,seed_03,results/stage18/full_context_v2/seed_03/stage18_ppo.history.json,1600,1551,1600,0.045392870939394925,-0.004650822712392255,0.10967063118005171,0.2881887553958222,0.007641926324140513,0.04292436095420271,100,2000,18.693195073507603,0.6435849632899036,97.6,0,0
Medium,seed_03,results/stage18/full_context_v2/seed_03/stage18_ppo.history.json,1650,1601,1650,0.031937017647578614,-0.009621335280826315,0.09124119565240107,0.28415754542220384,0.00608791839067635,0.04768880212213844,100,2000,18.432566943225144,0.38295683300744443,97.15,0,0
Medium,seed_03,results/stage18/full_context_v2/seed_03/stage18_ppo.history.json,1700,1651,1700,0.041769373488932615,-0.012446901178918779,0.10702760360436514,0.34484001575037837,0.008632054828922264,0.05437677586451173,100,2000,17.8860726257598,-0.16353748445789762,96.45,0,0
Medium,seed_03,results/stage18/full_context_v2/seed_03/stage18_ppo.history.json,1750,1701,1750,0.044746482046321034,-0.009806137124542147,0.10805987304775044,0.34680675648269244,0.00759510161151411,0.05406605126336217,100,2000,17.916449345909424,-0.1331607643082755,96.45,0,0
Medium,seed_03,results/stage18/full_context_v2/seed_03/stage18_ppo.history.json,1800,1751,1800,0.05137762839876814,-0.009206325907143764,0.12832663959125057,0.34332669572904706,0.007232057401779457,0.05807883548550308,100,2000,18.314380177537902,0.26477006732020314,96.89999999999999,0,0
Medium,seed_03,results/stage18/full_context_v2/seed_03/stage18_ppo.history.json,1850,1801,1850,0.048328490691346815,-0.011613195179961622,0.11777254572371021,0.33990732667734846,0.0048758905254544516,0.05878610338550061,100,2000,18.377837557759815,0.3282274475421154,97.2,0,0
Medium,seed_03,results/stage18/full_context_v2/seed_03/stage18_ppo.history.json,1900,1851,1900,0.041413118509808555,-0.011033970426069573,0.09998219035333022,0.3162785111926496,0.00956007440436224,0.061671401723288,100,2000,18.587438860345404,0.537828750127705,97.5,0,0
Medium,seed_03,results/stage18/full_context_v2/seed_03/stage18_ppo.history.json,1950,1901,1950,0.039298925828916254,-0.009397203248227015,0.10166545008542016,0.2913566017523408,0.006224621603905689,0.054199218982830644,100,2000,18.237769787781158,0.18815967756345842,96.8,0,0
Medium,seed_03,results/stage18/full_context_v2/seed_03/stage18_ppo.history.json,2000,1951,2000,0.04085651534842327,-0.00930627986053878,0.09666545010986738,0.35497743770247325,0.005113684852403821,0.05870028422214091,100,2000,18.2131282389681,0.1635181287504004,96.75,0,0
Medium,seed_04,results/stage18/full_context_v2/seed_04/stage18_ppo.history.json,50,1,50,0.1450227676104987,-0.00294453336391598,0.2898845466552302,0.3470079924154561,0.009544282496790402,0.0322265625,100,2000,18.094376449548157,0.0,96.75,0,0
Medium,seed_04,results/stage18/full_context_v2/seed_04/stage18_ppo.history.json,100,51,100,0.10645540984114632,-0.007782656990457326,0.23465628258418292,0.4668694633292034,0.00639071755540499,0.03401692712213844,100,2000,18.08577101994968,-0.008605429598478764,97.8,0,0
Medium,seed_04,results/stage18/full_context_v2/seed_04/stage18_ppo.history.json,150,101,150,0.09528637245603022,-0.00605364007060416,0.20413351617753506,0.45437487808521837,0.00709563800091928,0.04324988170992583,100,2000,18.524716693672048,0.43034024412389016,98.1,0,0
Medium,seed_04,results/stage18/full_context_v2/seed_04/stage18_ppo.history.json,200,151,200,0.09111856378149241,-0.006071072566555813,0.18818974040914327,0.43325089977588505,0.007178243598900735,0.04564689879771322,100,2000,18.567724407571742,0.4733479580235844,98.25,0,0
Medium,seed_04,results/stage18/full_context_v2/seed_04/stage18_ppo.history.json,250,201,250,0.07072539220098406,-0.005471003183629364,0.1548417020821944,0.3910364839248359,0.005932681414833496,0.03781960252672434,100,2000,18.64288598390169,0.5485095343535313,97.8,0,0
Medium,seed_04,results/stage18/full_context_v2/seed_04/stage18_ppo.history.json,300,251,300,0.06003627493919339,-0.010388279712060466,0.14760562230367213,0.3265284725930542,0.005905990245992143,0.03901811083778739,100,2000,18.53415220129589,0.43977575174773165,98.0,0,0
Medium,seed_04,results/stage18/full_context_v2/seed_04/stage18_ppo.history.json,350,301,350,0.06303742733871331,-0.008577293221605942,0.13146775518544018,0.3723650051979348,0.005748375350322021,0.03413529833778739,100,2000,18.34339747110839,0.24902102156023176,98.5,0,0
Medium,seed_04,results/stage18/full_context_v2/seed_04/stage18_ppo.history.json,400,351,400,0.04699510680802632,-0.0017597705882508308,0.10034639621153474,0.3150716403288243,0.0057989621659544355,0.03392814879771322,100,2000,18.48047942268978,0.3861029731416217,97.45,0,0
Medium,seed_04,results/stage18/full_context_v2/seed_04/stage18_ppo.history.json,450,401,450,0.04717429533411632,-0.006778557268262375,0.11915340105770156,0.38280346360988915,0.004939578263019939,0.03304036462213844,100,2000,18.462299608939794,0.367923159391637,98.35000000000001,0,0
Medium,seed_04,results/stage18/full_context_v2/seed_04/stage18_ppo.history.json,500,451,500,0.048844690067198826,-0.006778186158044264,0.11633761652046815,0.36451317806495354,0.0037914692948106676,0.03197502379771322,100,2000,18.631758848537157,0.5373823989889992,98.25,0,0
Medium,seed_04,results/stage18/full_context_v2/seed_04/stage18_ppo.history.json,550,501,550,0.04557422679499723,-0.004275000304915011,0.09989486547419801,0.3209571479674196,0.005792489049696314,0.04055693675763905,100,2000,18.316718441524518,0.22234199197636073,98.8,0,0
Medium,seed_04,results/stage18/full_context_v2/seed_04/stage18_ppo.history.json,600,551,600,0.040729645450483076,-0.010429963236674666,0.09925797890173271,0.30706776154693216,0.006269832054385915,0.03283321508206427,100,2000,18.47504302869204,0.380666579143881,98.4,0,0
Medium,seed_04,results/stage18/full_context_v2/seed_04/stage18_ppo.history.json,650,601,650,0.05585416845860891,-0.007287982705747709,0.12564023729646578,0.39634823030792177,0.006033145875335322,0.04567649168893695,100,2000,18.182553547765917,0.08817709821775921,97.35000000000001,0,0
Medium,seed_04,results/stage18/full_context_v2/seed_04/stage18_ppo.history.json,700,651,700,0.052837968098174315,-0.00604064081562683,0.11852921487297863,0.4760986331384629,0.004224575732223457,0.03945312509313226,100,2000,18.357541724794068,0.2631652752459104,97.89999999999999,0,0
Medium,seed_04,results/stage18/full_context_v2/seed_04/stage18_ppo.history.json,750,701,750,0.042618422747182194,-0.0048533059016335756,0.1123236395069398,0.4224070101045072,0.004398158398544183,0.03599964501336217,100,2000,17.906821533837903,-0.18755491571025473,96.5,0,0
Medium,seed_04,results/stage18/full_context_v2/seed_04/stage18_ppo.history.json,800,751,800,0.057753911954932846,-0.004065388609888032,0.1282565871370025,0.3968180006777402,0.004295025746614556,0.03857421886641532,100,2000,18.13497102343839,0.0405945738902318,97.05,0,0
Medium,seed_04,results/stage18/full_context_v2/seed_04/stage18_ppo.history.json,850,801,850,0.0508862553324434,-0.006476841226685792,0.12525939522311091,0.4463565330952406,0.004981528050848283,0.04389105911832303,100,2000,18.445213908178424,0.3508374586302665,97.65,0,0
Medium,seed_04,results/stage18/full_context_v2/seed_04/stage18_ppo.history.json,900,851,900,0.04784056865173625,-0.005686823395080864,0.11934881820343435,0.4278246599715203,0.00809892795587075,0.05007595499046147,100,2000,18.299658577446355,0.20528212789819733,97.8,0,0
Medium,seed_04,results/stage18/full_context_v2/seed_04/stage18_ppo.history.json,950,901,950,0.04473745683935704,-0.0044851260900031775,0.10351677326252684,0.35268900252413005,0.007275760333868675,0.041341146104969084,100,2000,18.199089046050304,0.10471259650214648,97.35000000000001,0,0
Medium,seed_04,results/stage18/full_context_v2/seed_04/stage18_ppo.history.json,1000,951,1000,0.03260886579300859,-0.006848910110420547,0.08948299993062392,0.34829440392786637,0.0057942592502513435,0.04410807299427688,100,2000,18.345501592437778,0.2511251428896202,96.95,0,0
Medium,seed_04,results/stage18/full_context_v2/seed_04/stage18_ppo.history.json,1050,1001,1050,0.037092974154802505,-0.006383829459082335,0.10297700751107186,0.30937728786375374,0.005228770776739111,0.04263139213435352,100,2000,18.46106000059241,0.3666835510442539,97.3,0,0
Medium,seed_04,results/stage18/full_context_v2/seed_04/stage18_ppo.history.json,1100,1051,1100,0.04173653433826985,-0.010203504789387807,0.10111212177434936,0.34134177878149785,0.005661737887749041,0.04641927091870457,100,2000,18.157575949264857,0.06319949971669914,96.89999999999999,0,0
Medium,seed_04,results/stage18/full_context_v2/seed_04/stage18_ppo.history.json,1150,1101,1150,0.04051227351737907,-0.009550875722197816,0.10087794470018707,0.34916798677295446,0.007086886340402998,0.054199219099245965,100,2000,17.800409849825286,-0.29396659972287154,98.15,0,0
Medium,seed_04,results/stage18/full_context_v2/seed_04/stage18_ppo.history.json,1200,1151,1200,0.04110812977160094,-0.008017909582122229,0.10047487591509707,0.3303674284252338,0.007129117024305742,0.05403645848855376,100,2000,18.50637441950393,0.41199796995577387,97.5,0,0
Medium,seed_04,results/stage18/full_context_v2/seed_04/stage18_ppo.history.json,1250,1201,1250,0.03314356111695815,-0.009096643276279792,0.09689297841396183,0.34725917305331677,0.0062400589558819775,0.056315104477107525,100,2000,18.467990478033986,0.3736140284858287,97.7,0,0
Medium,seed_04,results/stage18/full_context_v2/seed_04/stage18_ppo.history.json,1300,1251,1300,0.03888640527657117,-0.006634734490944538,0.10197543827234767,0.28677840693853796,0.007570861329440959,0.05679154838435352,100,2000,18.014352229329287,-0.08002422021887057,96.95,0,0
Medium,seed_04,results/stage18/full_context_v2/seed_04/stage18_ppo.history.json,1350,1301,1350,0.038374329735233914,-0.006893573474371806,0.09939309553010389,0.29382268083281815,0.010432486589706969,0.058268229477107525,100,2000,17.844876198926606,-0.24950025062155134,97.85000000000001,0,0
Medium,seed_04,results/stage18/full_context_v2/seed_04/stage18_ppo.history.json,1400,1351,1400,0.03601152134069707,-0.01174531236756593,0.09106819439330138,0.3276782027678564,0.010701008554406144,0.0586381396278739,100,2000,18.275631255692062,0.18125480614390455,97.6,0,0
Medium,seed_04,results/stage18/full_context_v2/seed_04/stage18_ppo.history.json,1450,1401,1450,0.03962474793661386,-0.010753655980806798,0.1017642384103965,0.3085770544130355,0.008236137195126503,0.05459872167557478,100,2000,18.007579255746265,-0.08679719380189255,96.65,0,0
Medium,seed_04,results/stage18/full_context_v2/seed_04/stage18_ppo.history.json,1500,1451,1500,0.042061862510308856,-0.011328540203976445,0.11024617284419946,0.33480958244763315,0.008099509512248915,0.05081084300763905,100,2000,18.188249471125854,0.09387302157769639,97.1,0,0
Medium,seed_04,results/stage18/full_context_v2/seed_04/stage18_ppo.history.json,1550,1501,1550,0.040975685933517525,-0.008675160410348326,0.10600416857050732,0.32702287088613957,0.008205647891372791,0.056788589223288,100,2000,18.187246724282485,0.0928702747343273,97.0,0,0
Medium,seed_04,results/stage18/full_context_v2/seed_04/stage18_ppo.history.json,1600,1551,1600,0.042421904392540455,-0.008218839328037575,0.10167029325384647,0.3281997609883547,0.009314839175203815,0.06386718770954758,100,2000,18.1107629321086,0.01638648256044206,96.95,0,0
Medium,seed_04,results/stage18/full_context_v2/seed_04/stage18_ppo.history.json,1650,1601,1650,0.038545738334505586,-0.009061516087967902,0.09790586252347566,0.3451470073778182,0.010336276340240147,0.057942708721384406,100,2000,18.446637477642938,0.3522610280947802,97.85000000000001,0,0
Medium,seed_04,results/stage18/full_context_v2/seed_04/stage18_ppo.history.json,1700,1651,1700,0.03999161426327191,-0.010646368842571974,0.10266171104740351,0.3427740281331353,0.006264586168981623,0.06143465917557478,100,2000,18.412976542432762,0.3186000928846049,97.8,0,0
Medium,seed_04,results/stage18/full_context_v2/seed_04/stage18_ppo.history.json,1750,1701,1750,0.037304820893041324,-0.015276784455636516,0.1013522231951356,0.32330797030590475,0.010506738782251723,0.06504498142749071,100,2000,18.21401890299777,0.119642453449611,97.3,0,0
Medium,seed_04,results/stage18/full_context_v2/seed_04/stage18_ppo.history.json,1800,1751,1800,0.03427844097677735,-0.011792942706961185,0.08862541895359755,0.3277015226194635,0.0079746054914267,0.061523437732830644,100,2000,18.090290228875503,-0.004086220672654406,97.15,0,0
Medium,seed_04,results/stage18/full_context_v2/seed_04/stage18_ppo.history.json,1850,1801,1850,0.03589126948645571,-0.008485902100801468,0.10177752509480342,0.3079746307339519,0.006748437517671846,0.052210582536645234,100,2000,18.02918239341574,-0.06519405613241602,97.05,0,0
Medium,seed_04,results/stage18/full_context_v2/seed_04/stage18_ppo.history.json,1900,1851,1900,0.03636094082321506,-0.011670669598970562,0.10573037952417508,0.3485771009000018,0.005599111515476096,0.0611979168606922,100,2000,18.2118176197367,0.11744117018854183,97.25,0,0
Medium,seed_04,results/stage18/full_context_v2/seed_04/stage18_ppo.history.json,1950,1901,1950,0.04011206320137717,-0.013011672926950268,0.11358677688986063,0.3418456434737891,0.006479208534074132,0.058115333085879683,100,2000,18.086266637214763,-0.008109812333394473,96.95,0,0
Medium,seed_04,results/stage18/full_context_v2/seed_04/stage18_ppo.history.json,2000,1951,2000,0.04287932976876618,-0.011298178054857999,0.11090526460611727,0.34624522080412135,0.007746940265178637,0.06214488670229912,100,2000,18.133232217590066,0.038855768041909045,97.3,0,0
Medium,seed_05,results/stage18/full_context_v2/seed_05/stage18_ppo.history.json,50,1,50,0.10855645404444658,-0.0022889490064699203,0.23487616586498916,0.25266486928012455,0.006017976045995965,0.03206380223855376,100,2000,18.009078025812467,0.0,96.45,0,0
Medium,seed_05,results/stage18/full_context_v2/seed_05/stage18_ppo.history.json,100,51,100,0.11391837875999045,-0.005109142693981994,0.23426257749088109,0.4699503711890429,0.006177550756547134,0.04121093754656613,100,2000,17.515347165499726,-0.49373086031274127,99.15,0,0
Medium,seed_05,results/stage18/full_context_v2/seed_05/stage18_ppo.history.json,150,101,150,0.09716753580869408,-0.001198707614094019,0.21197759953793138,0.47560675017302856,0.005260797650407767,0.04225852293893695,100,2000,17.268033799909276,-0.7410442259031917,99.3,0,0
Medium,seed_05,results/stage18/full_context_v2/seed_05/stage18_ppo.history.json,200,151,200,0.08733858859341126,-0.010506564140086994,0.19660042214673012,0.4172657956951298,0.005422412820962563,0.04091796884313226,100,2000,18.358443482010763,0.34936545619829573,97.15,0,0
Medium,seed_05,results/stage18/full_context_v2/seed_05/stage18_ppo.history.json,250,201,250,0.07103225934770308,-0.010347921721404418,0.16157850029412657,0.34872784867184237,0.004505807293753605,0.034179687732830644,100,2000,18.535849338511834,0.526771312699367,97.6,0,0
Medium,seed_05,results/stage18/full_context_v2/seed_05/stage18_ppo.history.json,300,251,300,0.06124273653040291,-0.0033483248407719657,0.13164039596449584,0.3850020949030295,0.004768011158375884,0.036132812732830644,100,2000,18.314453560551932,0.3053755347394649,98.35000000000001,0,0
Medium,seed_05,results/stage18/full_context_v2/seed_05/stage18_ppo.history.json,350,301,350,0.05799799929081928,-0.0035880652139894664,0.13085525966016576,0.3531778772594407,0.004876567952351252,0.029557291767559946,100,2000,18.575555088052635,0.5664770622401676,97.5,0,0
Medium,seed_05,results/stage18/full_context_v2/seed_05/stage18_ppo.history.json,400,351,400,0.05014256192953326,-0.0033279997660429217,0.10991770477266982,0.34872276964597404,0.004529636140887305,0.03274443675763905,100,2000,18.390165616568282,0.3810875907558149,97.6,0,0
Medium,seed_05,results/stage18/full_context_v2/seed_05/stage18_ppo.history.json,450,401,450,0.04100980557632283,-0.006436721399950329,0.11237679311307147,0.35324585436319467,0.0039290855202125385,0.02818714501336217,100,2000,17.19713381134409,-0.811944214468376,99.2,0,0
Medium,seed_05,results/stage18/full_context_v2/seed_05/stage18_ppo.history.json,500,451,500,0.04334332747384906,-0.008322256151586771,0.10393085837131366,0.2961431783041917,0.006957282994790148,0.035091145895421505,100,2000,18.44873730745466,0.4396592816421929,97.7,0,0
Medium,seed_05,results/stage18/full_context_v2/seed_05/stage18_ppo.history.json,550,501,550,0.05380523201893084,-0.00548262512893416,0.1259381974232383,0.4290007851777773,0.004668104498705361,0.03892933251336217,100,2000,18.589632978662898,0.5805549528504308,97.85000000000001,0,0
Medium,seed_05,results/stage18/full_context_v2/seed_05/stage18_ppo.history.json,600,551,600,0.039184958768601064,-0.010537573951296508,0.10064283170504496,0.4213923302013427,0.005226209596003173,0.03295158629771322,100,2000,18.452075423835772,0.44299739802330507,97.3,0,0
Medium,seed_05,results/stage18/full_context_v2/seed_05/stage18_ppo.history.json,650,601,650,0.04618539647344733,-0.00657878426136449,0.11253577907336876,0.3504783946555108,0.005307748311224714,0.03395774168893695,100,2000,18.404312340445586,0.3952343146331181,97.15,0,0
Medium,seed_05,results/stage18/full_context_v2/seed_05/stage18_ppo.history.json,700,651,700,0.05144681239835336,-0.00286952470196411,0.11499470559647307,0.3794853370054625,0.006937497682557137,0.03449041210114956,100,2000,18.50643543717048,0.4973574113580135,97.7,0,0
Medium,seed_05,results/stage18/full_context_v2/seed_05/stage18_ppo.history.json,750,701,750,0.03979345383413602,-0.008284363546408713,0.10083582939114422,0.30807231494691223,0.005240248705376871,0.03206380212213844,100,2000,18.634272729070926,0.6251947032584582,97.65,0,0
Medium,seed_05,results/stage18/full_context_v2/seed_05/stage18_ppo.history.json,800,751,800,0.04652452236041427,-0.003977613701863447,0.09842676052358001,0.3811604045913555,0.004591353282194177,0.035091145895421505,100,2000,18.289167095129876,0.28008906931740896,96.89999999999999,0,0
Medium,seed_05,results/stage18/full_context_v2/seed_05/stage18_ppo.history.json,850,801,850,0.052622822167904815,-0.008713906456250697,0.12299565787543543,0.30024261648122774,0.005584800738276385,0.03164950292557478,100,2000,18.081990590906727,0.07291256509425992,96.55,0,0
Medium,seed_05,results/stage18/full_context_v2/seed_05/stage18_ppo.history.json,900,851,900,0.046433371426246595,-0.0035976168583147228,0.11001356935594231,0.32226015912692674,0.008241704552347073,0.0391246450599283,100,2000,18.059483179715834,0.050405153903366084,96.45,0,0
Medium,seed_05,results/stage18/full_context_v2/seed_05/stage18_ppo.history.json,950,901,950,0.051126123253197875,-0.0041240950813516974,0.11942021356662735,0.34847978766596555,0.005619841347652255,0.03792317723855376,100,2000,18.050977826426944,0.041899800614476845,96.45,0,0
Medium,seed_05,results/stage18/full_context_v2/seed_05/stage18_ppo.history.json,1000,951,1000,0.04761716569919372,-0.005820888822199777,0.10679611231898889,0.3543475421104958,0.007242362235956534,0.03811848966870457,100,2000,18.665484833038125,0.6564068072256575,97.45,0,0
Medium,seed_05,results/stage18/full_context_v2/seed_05/stage18_ppo.history.json,1050,1001,1050,0.043723181886889506,-0.00837976869661361,0.10899574184441008,0.31135280744638294,0.0062541986529254245,0.03955078136641532,100,2000,18.735358394083626,0.7262803682711585,97.65,0,0
Medium,seed_05,results/stage18/full_context_v2/seed_05/stage18_ppo.history.json,1100,1051,1100,0.04824925946741132,-0.005368168938730378,0.11725947580998763,0.33800628922108444,0.0053589771005135844,0.04314630711451173,100,2000,18.612083290615473,0.6030052648030058,97.35000000000001,0,0
Medium,seed_05,results/stage18/full_context_v2/seed_05/stage18_ppo.history.json,1150,1101,1150,0.041897885930666234,-0.011009528447175398,0.10228158463723958,0.38959427684312686,0.00468293738185821,0.04568142374046147,100,2000,18.405437659603717,0.39635963379124917,97.1,0,0
Medium,seed_05,results/stage18/full_context_v2/seed_05/stage18_ppo.history.json,1200,1151,1200,0.048002172450651415,-0.005662136129103601,0.11589763627853245,0.31094288484624855,0.004683088165279514,0.03595525585114956,100,2000,18.261684302047186,0.25260627623471876,96.75,0,0
Medium,seed_05,results/stage18/full_context_v2/seed_05/stage18_ppo.history.json,1250,1201,1250,0.042091759882168844,-0.006787413403799292,0.09808446583338082,0.2808107862219913,0.00651351876786066,0.03983191295992583,100,2000,18.485998678267066,0.4769206524545986,97.1,0,0
Medium,seed_05,results/stage18/full_context_v2/seed_05/stage18_ppo.history.json,1300,1251,1300,0.036232449347153306,-0.007804674009094015,0.09696507487387862,0.32609708432573825,0.006100312593844137,0.047851562732830644,100,2000,18.441462259228288,0.4323842334158208,97.5,0,0
Medium,seed_05,results/stage18/full_context_v2/seed_05/stage18_ppo.history.json,1350,1301,1350,0.04534288941795239,-0.004638670448912308,0.10870189749402925,0.34399104608968223,0.005624558920999334,0.04418205504771322,100,2000,18.517009915697212,0.5079318898847447,97.3,0,0
Medium,seed_05,results/stage18/full_context_v2/seed_05/stage18_ppo.history.json,1400,1351,1400,0.041153926642437,-0.009399617498274893,0.10303987524821423,0.35072420770302415,0.004856548325733456,0.04762961668893695,100,2000,18.45949877163527,0.4504207458228038,97.5,0,0
Medium,seed_05,results/stage18/full_context_v2/seed_05/stage18_ppo.history.json,1450,1401,1450,0.04430678386052023,-0.00542928563663736,0.10460423899348825,0.3841408007501741,0.004969806410372257,0.049769176286645234,100,2000,18.641212175847713,0.6321341500352453,97.65,0,0
Medium,seed_05,results/stage18/full_context_v2/seed_05/stage18_ppo.history.json,1500,1451,1500,0.046404717504628934,-0.007143760158214718,0.11344624425692018,0.3946343307616189,0.0038855053498991765,0.04177024168893695,100,2000,17.631970045853464,-0.37710797995900336,96.3,0,0
Medium,seed_05,results/stage18/full_context_v2/seed_05/stage18_ppo.history.json,1550,1501,1550,0.04547895785071887,-0.003604309444199316,0.11103530169930309,0.43885246257923427,0.0035489245187818597,0.03802083351183683,100,2000,18.574636640371683,0.5655586145592153,97.5,0,0
Medium,seed_05,results/stage18/full_context_v2/seed_05/stage18_ppo.history.json,1600,1551,1600,0.04313546162302373,-0.010590092453639954,0.11410937458276749,0.31244860409060493,0.006411261046650907,0.051234020036645234,100,2000,18.608220785827317,0.5991427600148498,97.7,0,0
Medium,seed_05,results/stage18/full_context_v2/seed_05/stage18_ppo.history.json,1650,1601,1650,0.04069720026018331,-0.005815149532281794,0.10446842963574454,0.30187846743501723,0.007359551711488166,0.04430042626336217,100,2000,18.60541210811312,0.596334082300654,97.39999999999999,0,0
Medium,seed_05,results/stage18/full_context_v2/seed_05/stage18_ppo.history.json,1700,1651,1700,0.0403325120532827,-0.005454790516523644,0.09837035275995731,0.28226761863334104,0.0057123336373479106,0.04748165258206427,100,2000,18.635500290301305,0.6264222644888378,97.75,0,0
Medium,seed_05,results/stage18/full_context_v2/seed_05/stage18_ppo.history.json,1750,1701,1750,0.03401336562092183,-0.010050499753560871,0.09101338015170768,0.26530855166492984,0.007837934290970239,0.04364938475191593,100,2000,18.19607125960031,0.18699323378784172,97.2,0,0
Medium,seed_05,results/stage18/full_context_v2/seed_05/stage18_ppo.history.json,1800,1751,1800,0.04775675196287921,-0.007548704656073824,0.11798002797877416,0.4016984455156489,0.006834171641457942,0.05312500020954758,100,2000,18.00798769133785,-0.0010903344746182597,97.35000000000001,0,0
Medium,seed_05,results/stage18/full_context_v2/seed_05/stage18_ppo.history.json,1850,1801,1850,0.04032650328736054,-0.0077685307478532195,0.09979706391459331,0.3507743462687358,0.0069063618152540585,0.05138790258206427,100,2000,18.422736616651665,0.41365859083919787,97.3,0,0
Medium,seed_05,results/stage18/full_context_v2/seed_05/stage18_ppo.history.json,1900,1851,1900,0.03435611338500166,-0.005650073348078877,0.09494697925401852,0.2890130808700633,0.006336102040222613,0.051269531599245965,100,2000,18.616989772550138,0.6079117467376705,98.0,0,0
Medium,seed_05,results/stage18/full_context_v2/seed_05/stage18_ppo.history.json,1950,1901,1950,0.039513418392743915,-0.00532006099820137,0.10465056903194636,0.31439282407518476,0.008654915069200797,0.05561967333778739,100,2000,18.43181466891459,0.4227366431021231,97.3,0,0
Medium,seed_05,results/stage18/full_context_v2/seed_05/stage18_ppo.history.json,2000,1951,2000,0.042609025240381015,-0.010394167999038473,0.11299812025390565,0.3403416186565664,0.008452987141197355,0.05362215917557478,100,2000,18.38407923753615,0.3750012117236814,97.35000000000001,0,0
Medium,seed_06,results/stage18/full_context_v2/seed_06/stage18_ppo.history.json,50,1,50,0.14655093372857664,-0.0012087572540622205,0.3182057160884142,0.3378304708749056,0.00980476903350791,0.0402018231106922,100,2000,18.070981443818756,0.0,96.75,0,0
Medium,seed_06,results/stage18/full_context_v2/seed_06/stage18_ppo.history.json,100,51,100,0.0998386370629305,-0.004162278150033671,0.2086804729187861,0.4430766000878066,0.00911683743015601,0.04755859379656613,100,2000,18.025479276501088,-0.045502167317668096,96.45,0,0
Medium,seed_06,results/stage18/full_context_v2/seed_06/stage18_ppo.history.json,150,101,150,0.08334841996838804,-0.006577354928595014,0.18392544984817505,0.4335716095592943,0.008609040713054128,0.03867779381107539,100,2000,18.63797685747753,0.5669954136587734,97.8,0,0
Medium,seed_06,results/stage18/full_context_v2/seed_06/stage18_ppo.history.json,200,151,200,0.08956768988718977,-0.00814181164605543,0.1968017074977979,0.44705798872746527,0.006328857159132895,0.03523023216985166,100,2000,18.59545823207838,0.5244767882596229,97.65,0,0
Medium,seed_06,results/stage18/full_context_v2/seed_06/stage18_ppo.history.json,250,201,250,0.07216181415424217,-0.002224440249847248,0.1636308915913105,0.415883869958634,0.006839088719061692,0.03706498583778739,100,2000,18.222418521131218,0.1514370773124618,98.05,0,0
Medium,seed_06,results/stage18/full_context_v2/seed_06/stage18_ppo.history.json,300,251,300,0.06871044935542159,-0.0036969128268538043,0.15266324550611898,0.4055809228520957,0.006799374042202544,0.03660629759542644,100,2000,18.056799384911244,-0.014182058907511674,96.55,0,0
Medium,seed_06,results/stage18/full_context_v2/seed_06/stage18_ppo.history.json,350,301,350,0.05787302753014956,-0.007472570025129244,0.13168954435968772,0.4223695214604959,0.003856695910144481,0.03058416210114956,100,2000,18.036673130779427,-0.03430831303932891,96.6,0,0
Medium,seed_06,results/stage18/full_context_v2/seed_06/stage18_ppo.history.json,400,351,400,0.0653349673957564,-0.003696545260027051,0.1369807226001285,0.42839798086788505,0.00402759854659962,0.03604403417557478,100,2000,18.35976792114734,0.28878647732858553,98.0,0,0
Medium,seed_06,results/stage18/full_context_v2/seed_06/stage18_ppo.history.json,450,401,450,0.05537243887374643,-0.003817459612037055,0.12306601123418659,0.38825782321509905,0.006059308965632226,0.04069010424427688,100,2000,18.46678038123016,0.3957989374114028,97.75,0,0
Medium,seed_06,results/stage18/full_context_v2/seed_06/stage18_ppo.history.json,500,451,500,0.05037846450431971,-0.0024876730458345264,0.11170669633429497,0.46753020270261914,0.003403617605121312,0.030371093889698386,100,2000,17.94272967494205,-0.12825176887670509,96.6,0,0
Medium,seed_06,results/stage18/full_context_v2/seed_06/stage18_ppo.history.json,550,501,550,0.054859507024957566,-0.0037796831893501803,0.12288015853846446,0.456883723680221,0.004853779239056166,0.03986150585114956,100,2000,18.528837035082276,0.45785559126352027,97.7,0,0
Medium,seed_06,results/stage18/full_context_v2/seed_06/stage18_ppo.history.json,600,551,600,0.05084048757998971,0.00048201376921497285,0.10469693166669458,0.41869570268318057,0.0066107920047215885,0.04059836675878614,100,2000,18.067836646169916,-0.0031447976488401252,96.75,0,0
Medium,seed_06,results/stage18/full_context_v2/seed_06/stage18_ppo.history.json,650,601,650,0.04728469860856421,-0.004435575159732252,0.11327425774652511,0.4671238004229963,0.00531218732612615,0.04478870751336217,100,2000,18.010418977096837,-0.060562466721918895,96.55,0,0
Medium,seed_06,results/stage18/full_context_v2/seed_06/stage18_ppo.history.json,700,651,700,0.04417993809329346,-0.0065164830011781305,0.09983890331932344,0.38446558476869086,0.005306756197114737,0.03506747167557478,100,2000,18.48406934132554,0.41308789750678443,97.2,0,0
Medium,seed_06,results/stage18/full_context_v2/seed_06/stage18_ppo.history.json,750,701,750,0.04845653611846501,-0.006507159341708757,0.12253402674105018,0.3829157024156302,0.004916228087040508,0.03466796886641532,100,2000,18.10372467631619,0.032743232497434605,96.7,0,0
Medium,seed_06,results/stage18/full_context_v2/seed_06/stage18_ppo.history.json,800,751,800,0.049273347947746515,-0.005437646672362462,0.11133176041767001,0.3489939490100369,0.005508986193490273,0.03599964501336217,100,2000,18.365975541639056,0.2949940978203003,98.2,0,0
Medium,seed_06,results/stage18/full_context_v2/seed_06/stage18_ppo.history.json,850,801,850,0.03668138552711753,-0.008700190694071352,0.09152876288862899,0.3177670956356451,0.0036240560825717694,0.03507634962443262,100,2000,18.726940611495312,0.6559591676765564,98.1,0,0
Medium,seed_06,results/stage18/full_context_v2/seed_06/stage18_ppo.history.json,900,851,900,0.04249167849775404,-0.007778420491376892,0.10619089871761389,0.36662908166181296,0.004264840835048744,0.03629557299427688,100,2000,18.618538686581164,0.5475572427624087,97.5,0,0
Medium,seed_06,results/stage18/full_context_v2/seed_06/stage18_ppo.history.json,950,901,950,0.047143933858023956,-0.004742225049994886,0.11544715199852362,0.3764833713648841,0.005254189793049591,0.04030539793893695,100,2000,18.69693528201348,0.6259538381947252,97.85000000000001,0,0
Medium,seed_06,results/stage18/full_context_v2/seed_06/stage18_ppo.history.json,1000,951,1000,0.04049506168666994,-0.003890051884809509,0.09658161940751597,0.37808629823848605,0.00273802437732229,0.037207031389698386,100,2000,18.361040101248253,0.29005865742949766,97.1,0,0
Medium,seed_06,results/stage18/full_context_v2/seed_06/stage18_ppo.history.json,1050,1001,1050,0.05070433475339087,-0.0053687834879383445,0.12236253335140646,0.4917725909035653,0.00598914850888832,0.04523259960114956,100,2000,18.569259517473082,0.4982780736543262,97.35000000000001,0,0
Medium,seed_06,results/stage18/full_context_v2/seed_06/stage18_ppo.history.json,1100,1051,1100,0.04083843129410525,-0.0055583212815690786,0.1080041115928907,0.4039880325435661,0.007898878931882791,0.0450846356106922,100,2000,18.394518804729195,0.3235373609104393,98.45,0,0
Medium,seed_06,results/stage18/full_context_v2/seed_06/stage18_ppo.history.json,1150,1101,1150,0.041040557909582276,-0.007138087210478261,0.08950191625626758,0.38469456281745806,0.006686980136464626,0.044596354477107525,100,2000,18.572674769755235,0.5016933259364791,97.85000000000001,0,0
Medium,seed_06,results/stage18/full_context_v2/seed_06/stage18_ppo.history.json,1200,1151,1200,0.04189176228828728,-0.0074554524617269635,0.1049573456402868,0.38123105908744037,0.005730939767090604,0.04332682315725833,100,2000,18.429707863200164,0.3587264193814086,97.25,0,0
Medium,seed_06,results/stage18/full_context_v2/seed_06/stage18_ppo.history.json,1250,1201,1250,0.055158573246444575,-0.0045129623358661775,0.12868360988795757,0.39308682293631136,0.0058807035402423935,0.04478870762977749,100,2000,18.14135674780752,0.07037530398876513,96.89999999999999,0,0
Medium,seed_06,results/stage18/full_context_v2/seed_06/stage18_ppo.history.json,1300,1251,1300,0.05460703111020848,-0.003780012368224561,0.11490538931684569,0.4115398165304214,0.007304791004571598,0.05185546900611371,100,2000,17.938448701875682,-0.13253274194307352,96.65,0,0
Medium,seed_06,results/stage18/full_context_v2/seed_06/stage18_ppo.history.json,1350,1301,1350,0.06233702880126657,-0.0037959737819619477,0.13106791459722444,0.40782338520511985,0.004196191308437847,0.041992187732830644,100,2000,18.108110619203785,0.037129175385029356,96.8,0,0
Medium,seed_06,results/stage18/full_context_v2/seed_06/stage18_ppo.history.json,1400,1351,1400,0.04585561839485308,-0.007677963061723858,0.10297700285445899,0.4206030606292188,0.005925963096160558,0.04641631175763905,100,2000,17.785698829454983,-0.2852826143637728,96.45,0,0
Medium,seed_06,results/stage18/full_context_v2/seed_06/stage18_ppo.history.json,1450,1401,1450,0.04801779941772111,-0.009210686635924503,0.12248097115661949,0.4138270078692585,0.007321331989714963,0.047816051286645234,100,2000,17.81468553214613,-0.2562959116726269,96.45,0,0
Medium,seed_06,results/stage18/full_context_v2/seed_06/stage18_ppo.history.json,1500,1451,1500,0.04135742782818852,-0.008414626339799725,0.10696667512820568,0.477060757111758,0.006702622096781852,0.056152343982830644,100,2000,17.866337409250708,-0.20464403456804803,96.45,0,0
Medium,seed_06,results/stage18/full_context_v2/seed_06/stage18_ppo.history.json,1550,1501,1550,0.059699437573726755,-0.002799027366563678,0.13371765601914376,0.439535195735516,0.00718913247646924,0.06266276072710752,100,2000,17.890799598861452,-0.18018184495730338,96.5,0,0
Medium,seed_06,results/stage18/full_context_v2/seed_06/stage18_ppo.history.json,1600,1551,1600,0.044773271492886124,-0.007685225456953049,0.11225573308183812,0.4307883253786713,0.0076698396055689955,0.06178977293893695,100,2000,17.885658532554956,-0.18532291126379974,96.5,0,0
Medium,seed_06,results/stage18/full_context_v2/seed_06/stage18_ppo.history.json,1650,1601,1650,0.05081717872235458,-0.0065310943755321205,0.12400378024904057,0.44146513857413083,0.008144796061969828,0.05840731563512236,100,2000,17.99901697953149,-0.07196446428726588,96.89999999999999,0,0
Medium,seed_06,results/stage18/full_context_v2/seed_06/stage18_ppo.history.json,1700,1651,1700,0.05545618984979228,-0.005213430093135685,0.12250281393062323,0.4273988528875634,0.005293875165079953,0.05300071043893695,100,2000,18.23948542295531,0.16850397913655257,96.95,0,0
Medium,seed_06,results/stage18/full_context_v2/seed_06/stage18_ppo.history.json,1750,1701,1750,0.0443268354065367,-0.003835639770841226,0.10299587846384384,0.4205050093587488,0.006048251914762659,0.05312500020954758,100,2000,18.375914220102594,0.3049327762838381,97.2,0,0
Medium,seed_06,results/stage18/full_context_v2/seed_06/stage18_ppo.history.json,1800,1751,1800,0.04764379737753188,-0.0054290312982629985,0.10678792063845322,0.39612711405789014,0.006754178413757472,0.06227805418893695,100,2000,17.903949840618694,-0.16703160320006205,96.5,0,0
Medium,seed_06,results/stage18/full_context_v2/seed_06/stage18_ppo.history.json,1850,1801,1850,0.042268354969564825,-0.006619513034820557,0.10216057393699884,0.38207304110983387,0.006227514044439886,0.0541104405419901,100,2000,17.76304763994424,-0.30793380387451563,96.5,0,0
Medium,seed_06,results/stage18/full_context_v2/seed_06/stage18_ppo.history.json,1900,1851,1900,0.045508651332056616,-0.007678621739614755,0.10591937528806739,0.3524977230699733,0.007487720900826389,0.05158025596756488,100,2000,17.81698488330374,-0.2539965605150165,96.5,0,0
Medium,seed_06,results/stage18/full_context_v2/seed_06/stage18_ppo.history.json,1950,1901,1950,0.041212567910406506,-0.008874387662217487,0.1050370424054563,0.37809073051903397,0.005600317073913175,0.04520300682634115,100,2000,17.46703451129387,-0.6039469325248845,96.5,0,0
Medium,seed_06,results/stage18/full_context_v2/seed_06/stage18_ppo.history.json,2000,1951,2000,0.04823696767925867,-0.0055440809519495815,0.11821531574241817,0.40488997084321454,0.00537621006151312,0.04230291221756488,100,2000,17.037485284434833,-1.0334961593839225,96.39999999999999,0,0
Medium,seed_07,results/stage18/full_context_v2/seed_07/stage18_ppo.history.json,50,1,50,0.13062884366081562,-0.0019710903288796544,0.27116763941012323,0.2795911581488326,0.009458428000165497,0.035579427145421505,100,2000,18.064171687913678,0.0,96.55,0,0
Medium,seed_07,results/stage18/full_context_v2/seed_07/stage18_ppo.history.json,100,51,100,0.113917037655483,-0.005705224844859913,0.24904763023369014,0.4763262418564409,0.007960849259688985,0.0331143467919901,100,2000,18.566662612696035,0.5024909247823572,97.55,0,0
Medium,seed_07,results/stage18/full_context_v2/seed_07/stage18_ppo.history.json,150,101,150,0.0906125385206451,-0.006548124656546861,0.2002307204529643,0.4531314370688051,0.005835482396832958,0.03002189879771322,100,2000,18.52849361288992,0.46432192497624314,97.3,0,0
Medium,seed_07,results/stage18/full_context_v2/seed_07/stage18_ppo.history.json,200,151,200,0.06987150130589725,-0.008001953290659003,0.1635879911482334,0.4219323084689677,0.006663500011200085,0.03298611112404615,100,2000,18.604055376642876,0.5398836887291978,97.55,0,0
Medium,seed_07,results/stage18/full_context_v2/seed_07/stage18_ppo.history.json,250,201,250,0.0694481405953411,-0.006161933924886398,0.16034258797299117,0.3998299886006862,0.0061322852088778745,0.03400213085114956,100,2000,18.33607655224649,0.2719048643328108,97.95,0,0
Medium,seed_07,results/stage18/full_context_v2/seed_07/stage18_ppo.history.json,300,251,300,0.07141878311813343,-0.002451091233524494,0.14893208438297734,0.34846432725316845,0.006669403446267097,0.041015625232830644,100,2000,18.669803348445782,0.6056316605321044,97.65,0,0
Medium,seed_07,results/stage18/full_context_v2/seed_07/stage18_ppo.history.json,350,301,350,0.05463400249573169,-0.004077684265212156,0.11343528388533741,0.36213552273693494,0.008040073249503621,0.03678385424427688,100,2000,18.565958376003103,0.5017866880894246,97.25,0,0
Medium,seed_07,results/stage18/full_context_v2/seed_07/stage18_ppo.history.json,400,351,400,0.04926041118596913,-0.007492280245060101,0.11083767941454425,0.3667099551530555,0.005679797110133222,0.03641394432634115,100,2000,18.400818674647486,0.33664698673380755,98.35000000000001,0,0
Medium,seed_07,results/stage18/full_context_v2/seed_07/stage18_ppo.history.json,450,401,450,0.05041155097569572,-0.0035625847231131047,0.12039280333556235,0.39418752829078585,0.005608530183963012,0.03987630223855376,100,2000,17.177876065832642,-0.8862956220810361,98.6,0,0
Medium,seed_07,results/stage18/full_context_v2/seed_07/stage18_ppo.history.json,500,451,500,0.04462312136456603,-0.006177981791552156,0.10388204010087065,0.4277610662393272,0.005576732932240702,0.03799715917557478,100,2000,18.65155842132033,0.5873867334066531,97.85000000000001,0,0
Medium,seed_07,results/stage18/full_context_v2/seed_07/stage18_ppo.history.json,550,501,550,0.04139464306717855,-0.006138788565294817,0.10189002682454884,0.3267591994281247,0.005243345573035185,0.03145419049542397,100,2000,18.25228673595105,0.18811504803737122,96.8,0,0
Medium,seed_07,results/stage18/full_context_v2/seed_07/stage18_ppo.history.json,600,551,600,0.05763790212222375,-0.0035736736026592553,0.12805948412278667,0.34754786046687514,0.00562944744797278,0.03848544042557478,100,2000,18.673266660335898,0.6090949724222199,97.6,0,0
Medium,seed_07,results/stage18/full_context_v2/seed_07/stage18_ppo.history.json,650,601,650,0.03562524568405934,-0.007095766079146415,0.10212952306028455,0.35822757752612233,0.005994304350679158,0.037207031273283064,100,2000,18.69698677648826,0.6328150885745814,98.0,0,0
Medium,seed_07,results/stage18/full_context_v2/seed_07/stage18_ppo.history.json,700,651,700,0.054563600016990677,-0.008854590429109521,0.12040659278864041,0.3988908493483905,0.0030220500921132043,0.04211055883206427,100,2000,18.4606261885039,0.39645450059022025,97.15,0,0
Medium,seed_07,results/stage18/full_context_v2/seed_07/stage18_ppo.history.json,750,701,750,0.044013300095684826,-0.008600683708209544,0.12417404836742207,0.48771128605585545,0.006076625496291399,0.04799952683970332,100,2000,18.332246569701784,0.268074881788106,96.89999999999999,0,0
Medium,seed_07,results/stage18/full_context_v2/seed_07/stage18_ppo.history.json,800,751,800,0.04812922874407377,-0.006354473240207881,0.10930758723407052,0.4831489273929037,0.0051331540671526454,0.04382200934924185,100,2000,18.502666886327603,0.4384951984139249,97.15,0,0
Medium,seed_07,results/stage18/full_context_v2/seed_07/stage18_ppo.history.json,850,801,850,0.048095598322106525,-0.007802198306308128,0.12000184925273061,0.47901236498728395,0.005222347022481699,0.04430042626336217,100,2000,18.428504569663936,0.3643328817502578,97.0,0,0
Medium,seed_07,results/stage18/full_context_v2/seed_07/stage18_ppo.history.json,900,851,900,0.04201582273526583,-0.009386968144099228,0.10361934406682849,0.4280630813445896,0.004422506270202575,0.04909446055535227,100,2000,18.402514451456863,0.33834276354318504,97.0,0,0
Medium,seed_07,results/stage18/full_context_v2/seed_07/stage18_ppo.history.json,950,901,950,0.04605368842749158,-0.0080228133010678,0.11762009060475975,0.45295076072216034,0.007028417374385754,0.05397727293893695,100,2000,18.344807863035225,0.2806361751215469,97.0,0,0
Medium,seed_07,results/stage18/full_context_v2/seed_07/stage18_ppo.history.json,1000,951,1000,0.04175089085038053,-0.004924776440020651,0.09666722384281456,0.37172434449894354,0.004767372431160766,0.04329427098855376,100,2000,18.36737336762748,0.3032016797138013,98.25,0,0
Medium,seed_07,results/stage18/full_context_v2/seed_07/stage18_ppo.history.json,1050,1001,1050,0.040870699704100844,-0.011030417634174228,0.10614563873969018,0.3857910748338327,0.006986332100495929,0.047989662387408316,100,2000,18.38923332235397,0.3250616344402921,97.1,0,0
Medium,seed_07,results/stage18/full_context_v2/seed_07/stage18_ppo.history.json,1100,1051,1100,0.045063154506351566,-0.006370925257215276,0.1063964650966227,0.3981136614456773,0.008261769010914577,0.05541252379771322,100,2000,18.607675929346378,0.5435042414327,97.89999999999999,0,0
Medium,seed_07,results/stage18/full_context_v2/seed_07/stage18_ppo.history.json,1150,1101,1150,0.0380596902614343,-0.0066208013886353,0.0932801072485745,0.34687364066485316,0.00731544905283954,0.04731889208778739,100,2000,18.589673291663157,0.5255016037494791,97.39999999999999,0,0
Medium,seed_07,results/stage18/full_context_v2/seed_07/stage18_ppo.history.json,1200,1151,1200,0.041098422381764976,-0.006691126138321124,0.11076651708572172,0.3591791772050783,0.00627210368111264,0.04768880223855376,100,2000,18.625468486273537,0.5612967983598587,97.7,0,0
Medium,seed_07,results/stage18/full_context_v2/seed_07/stage18_ppo.history.json,1250,1201,1250,0.045752669389912626,-0.006805074342992157,0.1095099545782432,0.34763983299490064,0.005548272223677486,0.05162464512977749,100,2000,18.663242384633676,0.5990706967199984,98.05,0,0
Medium,seed_07,results/stage18/full_context_v2/seed_07/stage18_ppo.history.json,1300,1251,1300,0.03674305870663375,-0.004763245116919279,0.08791086505516432,0.37663782213348895,0.006188645071233623,0.05443596129771322,100,2000,18.59728122808665,0.5331095401729726,98.2,0,0
Medium,seed_07,results/stage18/full_context_v2/seed_07/stage18_ppo.history.json,1350,1301,1350,0.040877999666918186,-0.004928002854285296,0.09620288258884102,0.39647830615285784,0.008100665276288055,0.055175781482830644,100,2000,18.668817357350434,0.6046456694367564,97.6,0,0
Medium,seed_07,results/stage18/full_context_v2/seed_07/stage18_ppo.history.json,1400,1351,1400,0.04351742045764695,-0.0036928592016920447,0.10124942145193927,0.4551661623409018,0.007487579707230907,0.06685902003664523,100,2000,18.611407416465752,0.5472357285520744,98.05,0,0
Medium,seed_07,results/stage18/full_context_v2/seed_07/stage18_ppo.history.json,1450,1401,1450,0.038773665713961236,-0.006589181546587497,0.09928505617426708,0.43460850114934146,0.008977551266070805,0.055501302354969084,100,2000,18.53433832194975,0.4701666340360724,97.5,0,0
Medium,seed_07,results/stage18/full_context_v2/seed_07/stage18_ppo.history.json,1500,1451,1500,0.03635865933028981,-0.01225550490198657,0.10110687822452746,0.324124132792349,0.008473688274534652,0.05385890183970332,100,2000,18.444483232651283,0.3803115447376051,96.95,0,0
Medium,seed_07,results/stage18/full_context_v2/seed_07/stage18_ppo.history.json,1550,1501,1550,0.044392089839675464,-0.009159007226116955,0.10119385505095124,0.3421894970815629,0.005741646476963069,0.04651988670229912,100,2000,18.251235261904935,0.1870635739912565,96.8,0,0
Medium,seed_07,results/stage18/full_context_v2/seed_07/stage18_ppo.history.json,1600,1551,1600,0.04620473515387857,-0.008148147564497776,0.12535467598354444,0.38381882198154926,0.006244340905141144,0.05232007603626698,100,2000,18.72101493909651,0.6568432511828313,97.65,0,0
Medium,seed_07,results/stage18/full_context_v2/seed_07/stage18_ppo.history.json,1650,1601,1650,0.03787178933271207,-0.006865357448987197,0.09340002204407938,0.3774144394483301,0.005837521170178661,0.05041134008206427,100,2000,18.343756664359884,0.2795849764462055,96.85000000000001,0,0
Medium,seed_07,results/stage18/full_context_v2/seed_07/stage18_ppo.history.json,1700,1651,1700,0.036965478051570244,-0.006162479970953427,0.10017429804429412,0.35889624000992626,0.006830522648670012,0.049857954611070454,100,2000,18.31477718189538,0.25060549398170195,96.8,0,0
Medium,seed_07,results/stage18/full_context_v2/seed_07/stage18_ppo.history.json,1750,1701,1750,0.041641730447736336,-0.006040195701643825,0.11125014728168026,0.3447341109858826,0.006133195842267014,0.05015980137977749,100,2000,18.383654613116263,0.3194829252025855,96.85000000000001,0,0
Medium,seed_07,results/stage18/full_context_v2/seed_07/stage18_ppo.history.json,1800,1751,1800,0.04429822897145641,-0.0068347293708939105,0.1110380103928037,0.36099718196783215,0.00703377388640547,0.05051491502672434,100,2000,18.20768914528671,0.1435174573730329,96.65,0,0
Medium,seed_07,results/stage18/full_context_v2/seed_07/stage18_ppo.history.json,1850,1801,1850,0.05069327449018601,-0.00275111454539001,0.11450698139378801,0.4219073537969962,0.006492155400337651,0.056640625232830644,100,2000,18.313752915167687,0.24958122725400855,96.75,0,0
Medium,seed_07,results/stage18/full_context_v2/seed_07/stage18_ppo.history.json,1900,1851,1900,0.05489107864559628,-0.007941305899294093,0.13246256118873134,0.42106220648747694,0.008304674212922691,0.06526692712213844,100,2000,18.61838589473808,0.5542142068244011,97.6,0,0
Medium,seed_07,results/stage18/full_context_v2/seed_07/stage18_ppo.history.json,1950,1901,1950,0.046404969769355375,-0.006061822306946851,0.10990466811927035,0.41240832838229835,0.008216224400712235,0.05992542626336217,100,2000,18.45200852888818,0.3878368409745008,96.95,0,0
Medium,seed_07,results/stage18/full_context_v2/seed_07/stage18_ppo.history.json,2000,1951,2000,0.04165911444579251,-0.006016343890223652,0.09599043303751387,0.3470622366121461,0.006429610175473499,0.05078125011641532,100,2000,18.351073316169355,0.2869016282556771,96.89999999999999,0,0
Medium,seed_08,results/stage18/full_context_v2/seed_08/stage18_ppo.history.json,50,1,50,0.1355431866759318,-0.004579331711283885,0.28433702944312245,0.3536817659623921,0.009448960758163594,0.0388020834652707,100,2000,18.121094635552982,0.0,96.5,0,0
Medium,seed_08,results/stage18/full_context_v2/seed_08/stage18_ppo.history.json,100,51,100,0.09182139369659126,-0.006344719207845628,0.17553150735329837,0.3398938318036926,0.008681755461353191,0.03877840924542397,100,2000,18.628922037813073,0.5078274022600908,98.2,0,0
Medium,seed_08,results/stage18/full_context_v2/seed_08/stage18_ppo.history.json,150,101,150,0.07220730013068533,-0.00472776782407891,0.16359934292268008,0.33586583472788334,0.009712494753330247,0.05166903417557478,100,2000,18.436003735780684,0.3149091002277018,97.39999999999999,0,0
Medium,seed_08,results/stage18/full_context_v2/seed_08/stage18_ppo.history.json,200,151,200,0.08481395574199269,-0.001899287359265145,0.1884885358158499,0.4831894395756535,0.007444210146786645,0.0469371450599283,100,2000,18.506929628921387,0.3858349933684053,98.45,0,0
Medium,seed_08,results/stage18/full_context_v2/seed_08/stage18_ppo.history.json,250,201,250,0.055978332085942384,-0.0030234375735744834,0.1211619115783833,0.36300322401802987,0.006191964090248803,0.03575106547214091,100,2000,18.49428356293239,0.37318892737940956,98.35000000000001,0,0
Medium,seed_08,results/stage18/full_context_v2/seed_08/stage18_ppo.history.json,300,251,300,0.0631309588206932,-0.006789921077142935,0.15036307176342234,0.36822903240681626,0.007601169534609653,0.03969874558970332,100,2000,18.278290657766483,0.15719602221350115,97.15,0,0
Medium,seed_08,results/stage18/full_context_v2/seed_08/stage18_ppo.history.json,350,301,350,0.06019646462664241,-0.0061193360888864845,0.1465408457443118,0.41207794157526223,0.010601692385534989,0.05061848962213844,100,2000,18.29306253339997,0.17196789784698652,97.65,0,0
Medium,seed_08,results/stage18/full_context_v2/seed_08/stage18_ppo.history.json,400,351,400,0.054811642581626074,-0.007503201384679414,0.13137360889231786,0.4315371526317904,0.005454345999169163,0.04248046886641532,100,2000,18.61743224306455,0.49633760751156686,97.39999999999999,0,0
Medium,seed_08,results/stage18/full_context_v2/seed_08/stage18_ppo.history.json,450,401,450,0.05077192983299028,-0.001193902935483493,0.11125106597319245,0.39944706100504845,0.004667799254093552,0.03453776054084301,100,2000,18.325524463564587,0.20442982801160525,96.95,0,0
Medium,seed_08,results/stage18/full_context_v2/seed_08/stage18_ppo.history.json,500,451,500,0.04697872058022767,-0.007450008008163422,0.10757577192271128,0.37789310107473284,0.0044892629666719586,0.03629557299427688,100,2000,18.68847115557799,0.5673765200250074,97.65,0,0
Medium,seed_08,results/stage18/full_context_v2/seed_08/stage18_ppo.history.json,550,501,550,0.04120493173104478,-0.004889552859822288,0.10179319806047715,0.3249715320416726,0.005496822894201614,0.04097123583778739,100,2000,16.924576734216043,-1.1965179013369394,98.95,0,0
Medium,seed_08,results/stage18/full_context_v2/seed_08/stage18_ppo.history.json,600,551,600,0.043914421257795766,-0.00546734087402001,0.10167913482291624,0.35046247066929936,0.00634879655262921,0.03974609379656613,100,2000,18.422617176843342,0.3015225412903604,97.15,0,0
Medium,seed_08,results/stage18/full_context_v2/seed_08/stage18_ppo.history.json,650,601,650,0.047627398646000074,-0.008932244061725214,0.1192664667032659,0.42825060686300276,0.0051050639667664655,0.03727213549427688,100,2000,18.432528568446322,0.3114339328933404,97.5,0,0
Medium,seed_08,results/stage18/full_context_v2/seed_08/stage18_ppo.history.json,700,651,700,0.04239695153955836,-0.004090744245331734,0.10505310579901561,0.35649631824344397,0.004528529408162285,0.032845052191987634,100,2000,18.085190432798726,-0.03590420275425643,96.7,0,0
Medium,seed_08,results/stage18/full_context_v2/seed_08/stage18_ppo.history.json,750,701,750,0.04527005378258764,-0.009915595379425213,0.11227055412018672,0.38352570854112855,0.008068365499639185,0.0460611981106922,100,2000,18.647033040510188,0.5259384049572056,98.05,0,0
Medium,seed_08,results/stage18/full_context_v2/seed_08/stage18_ppo.history.json,800,751,800,0.04266469384310767,-0.007267812645295635,0.10612962386221625,0.40725170899531804,0.005845302164743771,0.042662957799620926,100,2000,18.63208174811645,0.5109871125634662,97.5,0,0
Medium,seed_08,results/stage18/full_context_v2/seed_08/stage18_ppo.history.json,850,801,850,0.0425848437116656,-0.007692905652220361,0.10343904513865709,0.381961788283661,0.006089672131402324,0.03808593761641532,100,2000,18.69381308068515,0.5727184451321676,97.7,0,0
Medium,seed_08,results/stage18/full_context_v2/seed_08/stage18_ppo.history.json,900,851,900,0.04938490891800029,-0.006985689986322541,0.11291261174483225,0.32939935789909214,0.007196054695668863,0.04280598973855376,100,2000,18.588936541559317,0.4678419060063348,97.25,0,0
Medium,seed_08,results/stage18/full_context_v2/seed_08/stage18_ppo.history.json,950,901,950,0.0366456620831741,-0.004824573261430487,0.09103756479453295,0.32453292491845787,0.006450383349829281,0.04185902001336217,100,2000,18.528301091050977,0.4072064554979953,97.39999999999999,0,0
Medium,seed_08,results/stage18/full_context_v2/seed_08/stage18_ppo.history.json,1000,951,1000,0.03583527459340985,-0.011938590439967811,0.09998203691793606,0.4017179145012051,0.006689890542475041,0.0475260418606922,100,2000,18.293203809417534,0.17210917386455193,97.05,0,0
Medium,seed_08,results/stage18/full_context_v2/seed_08/stage18_ppo.history.json,1050,1001,1050,0.04716108037246158,-0.01051080008619465,0.11703757027862594,0.4428286994807422,0.007238944279379211,0.05097656266298145,100,2000,17.96947661368681,-0.1516180218661738,96.55,0,0
Medium,seed_08,results/stage18/full_context_v2/seed_08/stage18_ppo.history.json,1100,1051,1100,0.048970188516250346,-0.005767032474977896,0.116905135626439,0.47335595451295376,0.0054239208839135244,0.05273437511641532,100,2000,18.608992004690016,0.4878973691370341,97.7,0,0
Medium,seed_08,results/stage18/full_context_v2/seed_08/stage18_ppo.history.json,1150,1101,1150,0.03737885973532684,-0.007169614807935432,0.09767757737427019,0.408018292975612,0.00557801762897725,0.04563210252672434,100,2000,18.163689644438023,0.04259500888504064,96.95,0,0
Medium,seed_08,results/stage18/full_context_v2/seed_08/stage18_ppo.history.json,1200,1151,1200,0.04590879714669427,-0.008591825957410038,0.11968602065462619,0.36366509599611163,0.005013584879634436,0.040039062732830644,100,2000,18.407217740774858,0.28612310522187556,97.1,0,0
Medium,seed_08,results/stage18/full_context_v2/seed_08/stage18_ppo.history.json,1250,1201,1250,0.03663331216012011,-0.008645250578410923,0.09791323711397126,0.29390105638481145,0.008832153131379528,0.04674183262977749,100,2000,17.998481612525566,-0.12261302302741584,96.6,0,0
Medium,seed_08,results/stage18/full_context_v2/seed_08/stage18_ppo.history.json,1300,1251,1300,0.04358849530763109,-0.007312303932849318,0.0981864670466166,0.37121761654270813,0.004778004679565129,0.04733664798550308,100,2000,18.185644566076522,0.06454993052354041,96.8,0,0
Medium,seed_08,results/stage18/full_context_v2/seed_08/stage18_ppo.history.json,1350,1301,1350,0.05125943830353208,-0.008339046500623226,0.11780560994520783,0.3699259756831452,0.006534176674904302,0.04934599925763905,100,2000,18.161257480783053,0.0401628452300713,96.75,0,0
Medium,seed_08,results/stage18/full_context_v2/seed_08/stage18_ppo.history.json,1400,1351,1400,0.04433170488118776,-0.004534818988759071,0.10609027685131878,0.3280396939953789,0.005269046472676564,0.04304470506031066,100,2000,17.961293436592737,-0.15980119896024547,96.45,0,0
Medium,seed_08,results/stage18/full_context_v2/seed_08/stage18_ppo.history.json,1450,1401,1450,0.048868906931602396,-0.005282211641315371,0.10337801679270342,0.3208887917426182,0.006541732254845556,0.052734375,100,2000,17.944124371147865,-0.1769702644051172,96.45,0,0
Medium,seed_08,results/stage18/full_context_v2/seed_08/stage18_ppo.history.json,1500,1451,1500,0.04295716320120846,-0.006616728147491813,0.10595546063268557,0.3718915389617905,0.007054509800582309,0.05436197924427688,100,2000,18.072052376765114,-0.04904225878786761,97.0,0,0
Medium,seed_08,results/stage18/full_context_v2/seed_08/stage18_ppo.history.json,1550,1501,1550,0.03965400364540983,-0.011863523628562689,0.10345876310020685,0.40196524164639413,0.007453009515302256,0.05934836668893695,100,2000,18.137830822620717,0.016736187067735386,97.5,0,0
Medium,seed_08,results/stage18/full_context_v2/seed_08/stage18_ppo.history.json,1600,1551,1600,0.04210838538710959,-0.00838399669737555,0.09801667236024514,0.3338000231888145,0.00733418403979158,0.0536221592919901,100,2000,18.313509968073603,0.19241533252062126,97.0,0,0
Medium,seed_08,results/stage18/full_context_v2/seed_08/stage18_ppo.history.json,1650,1601,1650,0.03617019958619494,-0.014591840459615923,0.09975805401336402,0.3381749701220542,0.006099922966313898,0.05172328767366707,100,2000,17.947297108114256,-0.173797527438726,97.25,0,0
Medium,seed_08,results/stage18/full_context_v2/seed_08/stage18_ppo.history.json,1700,1651,1700,0.041545220570696983,-0.01097476450377144,0.11137553985463455,0.3720067011890933,0.004780845360073727,0.04712357965763658,100,2000,17.530110490975215,-0.5909841445777673,96.6,0,0
Medium,seed_08,results/stage18/full_context_v2/seed_08/stage18_ppo.history.json,1750,1701,1750,0.048685364170523826,-0.0066189094504807144,0.119325659587048,0.3989795628003776,0.006029463991580997,0.05761718761641532,100,2000,17.677490242512437,-0.44360439304054466,97.55,0,0
Medium,seed_08,results/stage18/full_context_v2/seed_08/stage18_ppo.history.json,1800,1751,1800,0.03938586811273126,-0.007333626475883648,0.10281552409287542,0.421998621430248,0.007926749989564996,0.06148891267366707,100,2000,18.21635581720755,0.09526118165456765,97.89999999999999,0,0
Medium,seed_08,results/stage18/full_context_v2/seed_08/stage18_ppo.history.json,1850,1801,1850,0.04024408836448856,-0.008557432098314166,0.11584177755867131,0.35719264399722306,0.007542093385472626,0.05813802103511989,100,2000,18.269555646008474,0.14846101045549176,97.6,0,0
Medium,seed_08,results/stage18/full_context_v2/seed_08/stage18_ppo.history.json,1900,1851,1900,0.0354966813865758,-0.008031880410271697,0.09658618766115978,0.3525847046985291,0.006568705299287103,0.06809895858168602,100,2000,18.208921931105724,0.08782729555274216,97.35000000000001,0,0
Medium,seed_08,results/stage18/full_context_v2/seed_08/stage18_ppo.history.json,1950,1901,1950,0.0354863052489236,-0.01439740159548819,0.10154923549271189,0.3415829123405274,0.008284795345389284,0.06634706479962915,100,2000,18.125234928631645,0.004140293078663149,97.1,0,0
Medium,seed_08,results/stage18/full_context_v2/seed_08/stage18_ppo.history.json,2000,1951,2000,0.04543440839188406,-0.0073381453403271735,0.11083845351822674,0.3369916065130383,0.008720256459127995,0.057508680736646056,100,2000,17.900428059261504,-0.22066657629147812,96.89999999999999,0,0
Medium,seed_09,results/stage18/full_context_v2/seed_09/stage18_ppo.history.json,50,1,50,0.15975557200727053,-0.003406622650800273,0.33251699956599623,0.34514505437800835,0.014365696273671347,0.045951704611070454,100,2000,16.15009400969049,0.0,95.45,0,0
Medium,seed_09,results/stage18/full_context_v2/seed_09/stage18_ppo.history.json,100,51,100,0.12257641994801816,0.0008516665548086166,0.27490473445504904,0.5130430685821921,0.004945073897033581,0.02436967333778739,100,2000,16.082452207021504,-0.06764180266898734,95.45,0,0
Medium,seed_09,results/stage18/full_context_v2/seed_09/stage18_ppo.history.json,150,101,150,0.11740957114670891,-0.005324106362422754,0.25318880775012076,0.5359129514545202,0.007354202353781147,0.03434244799427688,100,2000,18.176217316928412,2.0261233072379206,96.95,0,0
Medium,seed_09,results/stage18/full_context_v2/seed_09/stage18_ppo.history.json,200,151,200,0.08889062497473788,-0.005123568724229699,0.19113774417201057,0.4655840864870697,0.008282566472189501,0.04274680418893695,100,2000,17.945773747678263,1.795679737987772,96.5,0,0
Medium,seed_09,results/stage18/full_context_v2/seed_09/stage18_ppo.history.json,250,201,250,0.08378353335137945,-0.002460438772686757,0.17829435504972935,0.44555693861912005,0.005260534896024183,0.030533854267559946,100,2000,17.786388257287744,1.6362942475972524,96.39999999999999,0,0
Medium,seed_09,results/stage18/full_context_v2/seed_09/stage18_ppo.history.json,300,251,300,0.0767777822111384,-0.00615776822087355,0.17363116081105545,0.4330714005045593,0.004464766924968444,0.03333629295229912,100,2000,18.539363279014434,2.3892692693239432,97.5,0,0
Medium,seed_09,results/stage18/full_context_v2/seed_09/stage18_ppo.history.json,350,301,350,0.04984391591278836,-0.007425079616950825,0.12775829940801486,0.45030041452264413,0.006900751267039595,0.0348307293606922,100,2000,18.641019109464427,2.4909250997739356,97.5,0,0
Medium,seed_09,results/stage18/full_context_v2/seed_09/stage18_ppo.history.json,400,351,400,0.0621160133232479,-0.0027264130767434835,0.13667225782410242,0.45371971058193594,0.0027820318175599823,0.028861860861070454,100,2000,18.686899472005564,2.5368054623150726,97.75,0,0
Medium,seed_09,results/stage18/full_context_v2/seed_09/stage18_ppo.history.json,450,401,450,0.05721896684917738,-0.004027389106340706,0.12686568609206006,0.38853478999226354,0.004367845123852021,0.03230054466985166,100,2000,18.736397526409423,2.5863035167189317,97.95,0,0
Medium,seed_09,results/stage18/full_context_v2/seed_09/stage18_ppo.history.json,500,451,500,0.03446881541458424,-0.009156436863122508,0.09355174048687331,0.38457891370799735,0.005453270686416545,0.03628373588435352,100,2000,18.255809106588448,2.1057150968979563,96.75,0,0
Medium,seed_09,results/stage18/full_context_v2/seed_09/stage18_ppo.history.json,550,501,550,0.04425394316058373,-0.006348836759570986,0.10333671740954742,0.3735436025308445,0.005109247484142543,0.03238932299427688,100,2000,18.236320542393013,2.086226532702522,96.8,0,0
Medium,seed_09,results/stage18/full_context_v2/seed_09/stage18_ppo.history.json,600,551,600,0.05746254834957654,-0.0030865773514960892,0.1302736266516149,0.3939021722471807,0.005076019660918973,0.03141276049427688,100,2000,18.443403306678835,2.293309296988344,97.55,0,0
Medium,seed_09,results/stage18/full_context_v2/seed_09/stage18_ppo.history.json,650,601,650,0.04558177888975479,-0.007410785940010101,0.11548481311183423,0.4251751946285367,0.006519846723676892,0.036718750139698386,100,2000,17.26338861762514,1.1132946079346482,96.1,0,0
Medium,seed_09,results/stage18/full_context_v2/seed_09/stage18_ppo.history.json,700,651,700,0.0519718773830391,-0.005504279281012714,0.12075541890226305,0.4022458433173597,0.00781296074273996,0.05650745774619281,100,2000,18.584847876010805,2.434753866320314,97.45,0,0
Medium,seed_09,results/stage18/full_context_v2/seed_09/stage18_ppo.history.json,750,701,750,0.04286706611310365,-0.0021623814827762544,0.0874148202710785,0.2896637957019266,0.004628556520401617,0.029557291767559946,100,2000,18.520483474563942,2.370389464873451,97.2,0,0
Medium,seed_09,results/stage18/full_context_v2/seed_09/stage18_ppo.history.json,800,751,800,0.045362593500613,-0.007091278719599359,0.10379628124064766,0.2988838287649713,0.003986735618070725,0.035338739049620926,100,2000,18.599661834425998,2.4495678247355066,97.25,0,0
Medium,seed_09,results/stage18/full_context_v2/seed_09/stage18_ppo.history.json,850,801,850,0.04185849391433294,-0.008070583455264568,0.09581749537028372,0.33980016282293946,0.0054544192115031365,0.039550781482830644,100,2000,18.608289227939707,2.458195218249216,97.75,0,0
Medium,seed_09,results/stage18/full_context_v2/seed_09/stage18_ppo.history.json,900,851,900,0.03829271683935076,-0.007686854660278186,0.10060808720299974,0.28557229769648984,0.006947290106628756,0.03595525585114956,100,2000,18.608101653815915,2.4580076441254235,97.45,0,0
Medium,seed_09,results/stage18/full_context_v2/seed_09/stage18_ppo.history.json,950,901,950,0.03770590371277649,-0.005266734297038056,0.0967634319968056,0.32840145198861137,0.005992921194206247,0.0397135418606922,100,2000,18.70223951403692,2.552145504346427,97.5,0,0
Medium,seed_09,results/stage18/full_context_v2/seed_09/stage18_ppo.history.json,1000,951,1000,0.049706145757227205,-0.004131368565140292,0.12312386429402977,0.33411890047136694,0.006937162095709937,0.03685783629771322,100,2000,18.77954982863875,2.6294558189482586,97.75,0,0
Medium,seed_09,results/stage18/full_context_v2/seed_09/stage18_ppo.history.json,1050,1001,1050,0.04053732543980004,-0.00582192530418979,0.10100779379718006,0.33862136059161096,0.006576059880899265,0.04079367918893695,100,2000,18.521076100770046,2.3709820910795543,97.15,0,0
Medium,seed_09,results/stage18/full_context_v2/seed_09/stage18_ppo.history.json,1100,1051,1100,0.04853804246886284,-0.0017511330879642628,0.09831467067124322,0.30575462576234713,0.005324379994590345,0.0379971592919901,100,2000,18.46876039572139,2.3186663860308983,96.89999999999999,0,0
Medium,seed_09,results/stage18/full_context_v2/seed_09/stage18_ppo.history.json,1150,1101,1150,0.04528668611601461,-0.006939896295079961,0.10266529099317268,0.29478382781087475,0.007283111956894572,0.039040798670612276,100,2000,18.422262686677353,2.272168676986862,97.05,0,0
Medium,seed_09,results/stage18/full_context_v2/seed_09/stage18_ppo.history.json,1200,1151,1200,0.04760643255576724,-0.00501027707286994,0.11709382518893108,0.30251145906977345,0.005815307699549521,0.03808593761641532,100,2000,18.77049371171388,2.620399702023388,97.6,0,0
Medium,seed_09,results/stage18/full_context_v2/seed_09/stage18_ppo.history.json,1250,1201,1250,0.04692074753984343,-0.007104709453415126,0.10681327503698412,0.334169692825526,0.010773741147204419,0.0527965200599283,100,2000,18.697492148475447,2.5473981387849562,97.3,0,0
Medium,seed_09,results/stage18/full_context_v2/seed_09/stage18_ppo.history.json,1300,1251,1300,0.039666298962401925,-0.00802927403128706,0.10503478281316347,0.34542638095445,0.0056267315449076705,0.04560546891298145,100,2000,18.628858614757434,2.4787646050669423,97.55,0,0
Medium,seed_09,results/stage18/full_context_v2/seed_09/stage18_ppo.history.json,1350,1301,1350,0.0411718763934914,-0.010904882597969845,0.10594125732313842,0.2844375102513368,0.005645833353810303,0.03506747167557478,100,2000,18.632050296938566,2.4819562872480745,97.85000000000001,0,0
Medium,seed_09,results/stage18/full_context_v2/seed_09/stage18_ppo.history.json,1400,1351,1400,0.043080908071715385,-0.00633307354291901,0.09755431584198959,0.33355886057324824,0.0071105349572917476,0.04637192259542644,100,2000,18.47187161707298,2.32177760738249,97.6,0,0
Medium,seed_09,results/stage18/full_context_v2/seed_09/stage18_ppo.history.json,1450,1401,1450,0.03856639058358269,-0.004295413946238114,0.0958403455442749,0.3586250640655635,0.005794315148705209,0.04348662437405437,100,2000,18.760007540111655,2.6099135304211636,97.6,0,0
Medium,seed_09,results/stage18/full_context_v2/seed_09/stage18_ppo.history.json,1500,1451,1500,0.03865598923766811,-0.008028659358387813,0.0943781208479777,0.2969149229465984,0.005991606592942844,0.0426432293606922,100,2000,18.545595338660533,2.3955013289700418,98.1,0,0
Medium,seed_09,results/stage18/full_context_v2/seed_09/stage18_ppo.history.json,1550,1501,1550,0.04149748259442276,-0.004540809208265273,0.09217320627067238,0.23408283066237345,0.007856796251871856,0.0414151280419901,100,2000,18.629429169719014,2.4793351600285227,98.25,0,0
Medium,seed_09,results/stage18/full_context_v2/seed_09/stage18_ppo.history.json,1600,1551,1600,0.039498802358139073,-0.005394148527557263,0.10332969872979447,0.22847524370215797,0.004202648165346545,0.04071969713550061,100,2000,18.39333446096492,2.2432404512744277,97.0,0,0
Medium,seed_09,results/stage18/full_context_v2/seed_09/stage18_ppo.history.json,1650,1601,1650,0.035869736449967604,-0.009939654119079933,0.10225596709642559,0.3129548409747067,0.006700990918034222,0.04551669047214091,100,2000,18.46949726260239,2.319403252911897,97.15,0,0
Medium,seed_09,results/stage18/full_context_v2/seed_09/stage18_ppo.history.json,1700,1651,1700,0.03623443618562305,-0.012271526007680222,0.10223758284701034,0.28572733109467663,0.007465565697202692,0.04609079100191593,100,2000,18.684689334368365,2.5345953246778734,97.65,0,0
Medium,seed_09,results/stage18/full_context_v2/seed_09/stage18_ppo.history.json,1750,1701,1750,0.041444791910180356,-0.0031729931361041963,0.09088206879096106,0.26714589286712,0.007914325149613433,0.05187618383206427,100,2000,18.354483789144975,2.204389779454484,97.0,0,0
Medium,seed_09,results/stage18/full_context_v2/seed_09/stage18_ppo.history.json,1800,1751,1800,0.04091328564027208,-0.009523450309643522,0.10697335907025263,0.30302676277370455,0.005619604018647806,0.04808830504771322,100,2000,18.4324498046096,2.282355794919109,97.2,0,0
Medium,seed_09,results/stage18/full_context_v2/seed_09/stage18_ppo.history.json,1850,1801,1850,0.041119276647805236,-0.00905361704644747,0.10819602612173185,0.25267620489466935,0.006607410743526998,0.04756747174542397,100,2000,18.438358069751175,2.2882640600606834,97.05,0,0
Medium,seed_09,results/stage18/full_context_v2/seed_09/stage18_ppo.history.json,1900,1851,1900,0.04611777428362984,-0.009522768945316784,0.11342715687351301,0.231088254484348,0.0045539750208263285,0.04335937509313226,100,2000,18.532456874273624,2.3823628645831327,97.1,0,0
Medium,seed_09,results/stage18/full_context_v2/seed_09/stage18_ppo.history.json,1950,1901,1950,0.035014395631151274,-0.007150013821956236,0.0845805907738395,0.22136583829842493,0.006253903702599928,0.039698745473288,100,2000,18.341445845867185,2.1913518361766933,96.75,0,0
Medium,seed_09,results/stage18/full_context_v2/seed_09/stage18_ppo.history.json,2000,1951,2000,0.04670898050244432,-0.004075763208675198,0.09774020494660363,0.25355066265910864,0.005888283885063239,0.04332682304084301,100,2000,18.242530525354496,2.092436515664005,96.7,0,0
Medium,seed_10,results/stage18/full_context_v2/seed_10/stage18_ppo.history.json,50,1,50,0.1398748267602059,-0.0019719850970432162,0.2853082995861769,0.28754138674412405,0.01718562555151948,0.04027580504771322,100,2000,17.951422359774536,0.0,96.45,0,0
Medium,seed_10,results/stage18/full_context_v2/seed_10/stage18_ppo.history.json,100,51,100,0.12399039338197326,-0.002684871385099541,0.25597121962346137,0.4995058891363442,0.00677954231412059,0.03336588549427688,100,2000,18.135968539732566,0.1845461799580299,96.75,0,0
Medium,seed_10,results/stage18/full_context_v2/seed_10/stage18_ppo.history.json,150,101,150,0.10608970018074615,-0.005473784127389081,0.2273976942524314,0.49001320032402873,0.005800805734907044,0.0409268467919901,100,2000,18.50662366729325,0.5552013075187148,98.05,0,0
Medium,seed_10,results/stage18/full_context_v2/seed_10/stage18_ppo.history.json,200,151,200,0.08299657807947369,-0.0035928544821217656,0.18372913147322834,0.44021255150437355,0.004443563115273719,0.03388375963550061,100,2000,18.448544242987367,0.4971218832128308,98.2,0,0
Medium,seed_10,results/stage18/full_context_v2/seed_10/stage18_ppo.history.json,250,201,250,0.07653819621555158,-0.006862780544906855,0.15851611649850383,0.36564664002435165,0.004222278627480591,0.03792317712213844,100,2000,18.137387395964275,0.1859650361897387,98.55000000000001,0,0
Medium,seed_10,results/stage18/full_context_v2/seed_10/stage18_ppo.history.json,300,251,300,0.07606949163164245,-0.004020612075692043,0.17066706821788102,0.3827587342784682,0.0036216700082150055,0.03190104174427688,100,2000,18.614187547156327,0.6627651873817904,97.39999999999999,0,0
Medium,seed_10,results/stage18/full_context_v2/seed_10/stage18_ppo.history.json,350,301,350,0.04843400102981832,-0.003003053308930248,0.10837529966374859,0.3605682350191728,0.003152415387376095,0.024964488809928298,100,2000,18.339457838120932,0.38803547834639573,98.35000000000001,0,0
Medium,seed_10,results/stage18/full_context_v2/seed_10/stage18_ppo.history.json,400,351,400,0.04263924926635809,-0.005912864697165787,0.11486074622371234,0.450001087738201,0.006637177677475847,0.037651909864507616,100,2000,18.540667492134283,0.5892451323597463,97.89999999999999,0,0
Medium,seed_10,results/stage18/full_context_v2/seed_10/stage18_ppo.history.json,450,401,450,0.049563594850042136,-0.006912688724696636,0.1084842731943354,0.38709614699473605,0.0048585795102553675,0.03283321508206427,100,2000,18.453543742284666,0.5021213825101292,98.05,0,0
Medium,seed_10,results/stage18/full_context_v2/seed_10/stage18_ppo.history.json,500,451,500,0.04099190565102617,-0.0030247417162172496,0.10648414242314175,0.3762429855996743,0.004028503102745162,0.03238932299427688,100,2000,17.93408512041644,-0.017337239358095502,96.5,0,0
Medium,seed_10,results/stage18/full_context_v2/seed_10/stage18_ppo.history.json,550,501,550,0.050152049650932895,-0.0029511303000617772,0.10802582290489227,0.35428446368314326,0.0055987720770644955,0.03620679466985166,100,2000,18.58607953896167,0.6346571791871334,98.2,0,0
Medium,seed_10,results/stage18/full_context_v2/seed_10/stage18_ppo.history.json,600,551,600,0.038029417981306324,-0.003362467745319009,0.09490340304910205,0.38813997607212514,0.005788740788375435,0.03832268004771322,100,2000,18.578361226625184,0.6269388668506473,97.7,0,0
Medium,seed_10,results/stage18/full_context_v2/seed_10/stage18_ppo.history.json,650,601,650,0.041986803254985716,-0.007551965740276501,0.10331756848609075,0.39387651678407565,0.006102944319536618,0.046875000232830644,100,2000,18.559140379025386,0.60771801925085,97.85000000000001,0,0
Medium,seed_10,results/stage18/full_context_v2/seed_10/stage18_ppo.history.json,700,651,700,0.043515691217180574,-0.004750681982841343,0.10461975034559146,0.33343959302146686,0.005505025112142903,0.03446081932634115,100,2000,18.570050857452877,0.6186284976783405,97.45,0,0
Medium,seed_10,results/stage18/full_context_v2/seed_10/stage18_ppo.history.json,750,701,750,0.05487969949172111,-0.008359148068848299,0.12173435132717714,0.3745091563614551,0.005287713142024586,0.035120738786645234,100,2000,18.653208486029328,0.7017861262547918,97.39999999999999,0,0
Medium,seed_10,results/stage18/full_context_v2/seed_10/stage18_ppo.history.json,800,751,800,0.0507202940643765,-0.002666616732312832,0.11023664160165936,0.38742181967245415,0.006234483754269604,0.04280598973855376,100,2000,18.61100791334706,0.6595855535725228,97.55,0,0
Medium,seed_10,results/stage18/full_context_v2/seed_10/stage18_ppo.history.json,850,801,850,0.041852727634250186,-0.0092303573328536,0.10792515822686255,0.36678553900128463,0.006732260895660147,0.04132634960114956,100,2000,18.62869997893404,0.6772776191595042,97.5,0,0
Medium,seed_10,results/stage18/full_context_v2/seed_10/stage18_ppo.history.json,900,851,900,0.05300353153143078,-0.001306728256167844,0.12373900890816003,0.3641577538607521,0.005347458514734171,0.03750887792557478,100,2000,18.635719802689003,0.6842974429144668,97.65,0,0
Medium,seed_10,results/stage18/full_context_v2/seed_10/stage18_ppo.history.json,950,901,950,0.05381027574912878,-0.00803054659627378,0.12963448686059564,0.40512569388374686,0.006257909055420896,0.0465494793606922,100,2000,18.69908562320848,0.7476632634339424,97.55,0,0
Medium,seed_10,results/stage18/full_context_v2/seed_10/stage18_ppo.history.json,1000,951,1000,0.05110151918779593,-0.003919726965250447,0.11429365928051993,0.38379372705242076,0.004800614704436157,0.042903645895421505,100,2000,18.075069898292398,0.12364753851786148,96.65,0,0
Medium,seed_10,results/stage18/full_context_v2/seed_10/stage18_ppo.history.json,1050,1001,1050,0.04795030365312414,-0.004701248690253124,0.104444875032641,0.39194855000823736,0.003872864992445102,0.03906250011641532,100,2000,18.122805597305643,0.1713832375311064,96.65,0,0
Medium,seed_10,results/stage18/full_context_v2/seed_10/stage18_ppo.history.json,1100,1051,1100,0.05258210674946895,-0.009264926105970517,0.12476616914500482,0.39790925815486844,0.007235425313410815,0.05061848973855376,100,2000,18.588406989827266,0.63698463005273,97.6,0,0
Medium,seed_10,results/stage18/full_context_v2/seed_10/stage18_ppo.history.json,1150,1101,1150,0.05190491571556777,-0.0017164061428047717,0.1056972702499479,0.3446652109269053,0.006874496386444662,0.046875,100,2000,18.32381442102328,0.3723920612487426,96.89999999999999,0,0
Medium,seed_10,results/stage18/full_context_v2/seed_10/stage18_ppo.history.json,1200,1151,1200,0.03614674776326865,-0.0061158506432548165,0.09510363196022809,0.3845232083112933,0.005769839708591462,0.03993548802100122,100,2000,18.696959826973888,0.7455374671993518,97.7,0,0
Medium,seed_10,results/stage18/full_context_v2/seed_10/stage18_ppo.history.json,1250,1201,1250,0.03474298286892008,-0.010530905216000974,0.09656104139867239,0.3176400111988187,0.006479475811829616,0.04185902001336217,100,2000,18.533982032267634,0.5825596724930975,98.2,0,0
Medium,seed_10,results/stage18/full_context_v2/seed_10/stage18_ppo.history.json,1300,1251,1300,0.03301468630525051,-0.008343609704752453,0.10067007565521635,0.3324580009575584,0.0035654992097988725,0.036881510517559946,100,2000,18.533608969477665,0.582186609703129,97.35000000000001,0,0
Medium,seed_10,results/stage18/full_context_v2/seed_10/stage18_ppo.history.json,1350,1301,1350,0.04788982914760709,-0.004722685640444979,0.11025496950605884,0.3691939206328243,0.006174594796902966,0.04438920458778739,100,2000,18.629384963866947,0.6779626040924107,98.1,0,0
Medium,seed_10,results/stage18/full_context_v2/seed_10/stage18_ppo.history.json,1400,1351,1400,0.041400554102438036,-0.007798959035426378,0.11168272502254695,0.32456361036747694,0.0053741234972832785,0.03805141267366707,100,2000,18.640278872471406,0.6888565126968693,97.55,0,0
Medium,seed_10,results/stage18/full_context_v2/seed_10/stage18_ppo.history.json,1450,1401,1450,0.03437412058701739,-0.008019281187443994,0.09401795628946275,0.23386297970655395,0.005836275754518283,0.03722774633206427,100,2000,18.33148458371124,0.3800622239367044,96.95,0,0
Medium,seed_10,results/stage18/full_context_v2/seed_10/stage18_ppo.history.json,1500,1451,1500,0.03824005885689985,-0.008417751989327371,0.09202323423232883,0.29942293715430424,0.006277439801124274,0.04238281270954758,100,2000,18.43998323823877,0.48856087846423435,97.15,0,0
Medium,seed_10,results/stage18/full_context_v2/seed_10/stage18_ppo.history.json,1550,1501,1550,0.04392954100694624,-0.007641552103450522,0.10390206193551421,0.3337929734552745,0.004284593232455336,0.042046440998092294,100,2000,18.60068012878668,0.649257769012145,97.5,0,0
Medium,seed_10,results/stage18/full_context_v2/seed_10/stage18_ppo.history.json,1600,1551,1600,0.039345017248706426,-0.007357866183156148,0.09893359243869781,0.347104893924552,0.005971517130092252,0.04020182299427688,100,2000,18.676911601498713,0.7254892417241763,97.55,0,0
Medium,seed_10,results/stage18/full_context_v2/seed_10/stage18_ppo.history.json,1650,1601,1650,0.04320290542818839,-0.004983994585927576,0.09600172218051739,0.2893088139098836,0.006034444588635779,0.040980113786645234,100,2000,18.544329260793457,0.592906901018921,98.2,0,0
Medium,seed_10,results/stage18/full_context_v2/seed_10/stage18_ppo.history.json,1700,1651,1700,0.04595611107288278,-0.0016886006633285433,0.10028392664389685,0.29586735465363745,0.005091668355873935,0.04101562511641532,100,2000,18.63097160824228,0.6795492484677439,97.5,0,0
Medium,seed_10,results/stage18/full_context_v2/seed_10/stage18_ppo.history.json,1750,1701,1750,0.045597572479891824,-0.009771169919986278,0.10498993392684497,0.32558559098447404,0.0063975633383961394,0.039559659198857844,100,2000,18.091540445572367,0.14011808579783036,96.55,0,0
Medium,seed_10,results/stage18/full_context_v2/seed_10/stage18_ppo.history.json,1800,1751,1800,0.045791138716595015,-0.004251281643519178,0.11389123208937235,0.3429456485901028,0.00449813518935116,0.0411783856106922,100,2000,18.06447225923469,0.11304989946015453,96.55,0,0
Medium,seed_10,results/stage18/full_context_v2/seed_10/stage18_ppo.history.json,1850,1801,1850,0.04995537456125021,-0.009370186278829351,0.11564779313630424,0.3368440542835742,0.003952664849919074,0.04020182299427688,100,2000,17.969720544648734,0.018298184874197432,96.45,0,0
Medium,seed_10,results/stage18/full_context_v2/seed_10/stage18_ppo.history.json,1900,1851,1900,0.050520837161457166,-0.008663615488330834,0.12029421678744256,0.3506351350224577,0.005081970661194646,0.04311671433970332,100,2000,17.96197780450598,0.010555444731444652,96.89999999999999,0,0
Medium,seed_10,results/stage18/full_context_v2/seed_10/stage18_ppo.history.json,1950,1901,1950,0.03830128806839639,-0.007800669729476795,0.10592432401608676,0.3284125757054426,0.00458193456142908,0.04844835074618459,100,2000,18.906239635724056,0.9548172759495195,97.95,0,0
Medium,seed_10,results/stage18/full_context_v2/seed_10/stage18_ppo.history.json,2000,1951,2000,0.030929153975193913,-0.01224137083045207,0.09387456998229027,0.3207028196193278,0.004081553175637964,0.048470052308402956,100,2000,18.30222922000901,0.35080686023447427,96.95,0,0
Dense,seed_01,results/stage18_dense/full_context_v2/seed_01/stage18_ppo.history.json,50,1,50,0.06300153445772594,-0.010587933415081352,0.16428081715379708,0.334192100288679,0.010312768946675988,0.04461960610933602,100,2000,-31.154250730389684,0.0,96.45,0,0
Dense,seed_01,results/stage18_dense/full_context_v2/seed_01/stage18_ppo.history.json,100,51,100,0.06217042425123509,-0.003137568535748869,0.13875726953847334,0.3741622310730496,0.0061113914931151415,0.03834282640101654,100,2000,-16.79140271153101,14.362848018858674,97.8,0,0
Dense,seed_01,results/stage18_dense/full_context_v2/seed_01/stage18_ppo.history.json,150,101,150,0.03319148928130744,-0.006918805988139606,0.08929960150271654,0.291184205337361,0.01047223347131876,0.0419921875,100,2000,-14.718594861458362,16.43565586893132,95.89999999999999,0,0
Dense,seed_01,results/stage18_dense/full_context_v2/seed_01/stage18_ppo.history.json,200,151,200,0.0458004567262833,-0.0041116271167993546,0.09638107156414272,0.2900116776415546,0.011438132721065943,0.04581293197614806,100,2000,-15.623451515968723,15.530799214420961,96.45,0,0
Dense,seed_01,results/stage18_dense/full_context_v2/seed_01/stage18_ppo.history.json,250,201,250,0.050968414523854984,-0.005955388736245888,0.11299319385268193,0.3515453435247764,0.0051847091401993695,0.03889973973855376,100,2000,-14.771975069345947,16.382275661043735,97.15,0,0
Dense,seed_01,results/stage18_dense/full_context_v2/seed_01/stage18_ppo.history.json,300,251,300,0.039185190232404105,-0.006013916772125023,0.1009015291929245,0.34035133733414114,0.005646094180909651,0.03483072924427688,100,2000,-13.949660384992074,17.204590345397612,97.1,0,0
Dense,seed_01,results/stage18_dense/full_context_v2/seed_01/stage18_ppo.history.json,350,301,350,0.05026716093250018,-0.005252597953325936,0.11383185546479321,0.2945918063300529,0.007583559432532638,0.03373325905496521,100,2000,-13.747675035669294,17.406575694720388,96.7,0,0
Dense,seed_01,results/stage18_dense/full_context_v2/seed_01/stage18_ppo.history.json,400,351,400,0.05274545692217154,-0.005287546198815107,0.1097107211493754,0.22427955544221082,0.0071802344805291796,0.030781969960246767,100,2000,-14.897418636435278,16.256832093954408,96.6,0,0
Dense,seed_01,results/stage18_dense/full_context_v2/seed_01/stage18_ppo.history.json,450,401,450,0.038529371209733654,-0.008720333218142124,0.11093272501602769,0.2680806424219294,0.0068934158957907644,0.035435267857142856,100,2000,-13.724118266878328,17.430132463511356,96.8,0,0
Dense,seed_01,results/stage18_dense/full_context_v2/seed_01/stage18_ppo.history.json,500,451,500,0.04652466667071817,-0.004746763384900987,0.10852957945566491,0.20951529984761563,0.0055938567593329935,0.03173828125,100,2000,-13.963478457588188,17.190772272801496,96.8,0,0
Dense,seed_01,results/stage18_dense/full_context_v2/seed_01/stage18_ppo.history.json,550,501,550,0.04859681276866468,-0.008592435865596468,0.12170943271900926,0.27900636163121817,0.007127317211910622,0.04018853658011981,100,2000,-14.880523946120512,16.273726784269172,96.05,0,0
Dense,seed_01,results/stage18_dense/full_context_v2/seed_01/stage18_ppo.history.json,600,551,600,0.06318460933315301,-0.005010260676499456,0.1369446772275426,0.34536159908748354,0.006592137855477631,0.041155133928571425,100,2000,-16.34827574716779,14.805974983221894,95.65,0,0
Dense,seed_01,results/stage18_dense/full_context_v2/seed_01/stage18_ppo.history.json,650,601,650,0.055939319830421094,-0.007572239713876374,0.1541561079211533,0.2515012136180923,0.004389254238049034,0.03769066227999117,100,2000,-16.07157451936177,15.082676211027913,95.7,0,0
Dense,seed_01,results/stage18_dense/full_context_v2/seed_01/stage18_ppo.history.json,700,651,700,0.05728421433221748,-0.006187280066244836,0.13581887405949342,0.26665164084933446,0.007865977007895708,0.03857421875,100,2000,-15.324718111569942,15.829532618819742,95.8,0,0
Dense,seed_01,results/stage18_dense/full_context_v2/seed_01/stage18_ppo.history.json,750,701,750,0.058259093969744366,-0.006851785350590944,0.12761131008820875,0.23443919087627105,0.010004352770920377,0.03955078125,100,2000,-15.293829967272917,15.860420763116768,95.89999999999999,0,0
Dense,seed_01,results/stage18_dense/full_context_v2/seed_01/stage18_ppo.history.json,800,751,800,0.054412236295840036,-0.008148125256411731,0.13269676692185126,0.25352427893085405,0.007977126168043469,0.04107541464535253,100,2000,-15.763874729163167,15.390376001226517,95.6,0,0
Dense,seed_01,results/stage18_dense/full_context_v2/seed_01/stage18_ppo.history.json,850,801,850,0.06240442027254695,-0.0065012092569044656,0.13835725999836412,0.2522533093270545,0.005540512269362807,0.03647998141657029,100,2000,-15.84588563216752,15.308365098222165,95.65,0,0
Dense,seed_01,results/stage18_dense/full_context_v2/seed_01/stage18_ppo.history.json,900,851,900,0.059267610718961805,-0.007703096838667989,0.15415235363512433,0.24089128151535988,0.010741641088056246,0.04143865193639483,100,2000,-15.15520080318904,15.999049927200645,95.95,0,0
Dense,seed_01,results/stage18_dense/full_context_v2/seed_01/stage18_ppo.history.json,950,901,950,0.05937931242650458,-0.012518814565347773,0.1476407342706807,0.28341704462945927,0.007440732844770537,0.05013995883720262,100,2000,-15.28159073650791,15.872659993881774,95.75,0,0
Dense,seed_01,results/stage18_dense/full_context_v2/seed_01/stage18_ppo.history.json,1000,951,1000,0.061111586350307334,0.004227884812280536,0.12907623973296722,0.28324519753056976,0.007115850323316408,0.04493149636047227,100,2000,-15.048926273073603,16.10532445731608,95.95,0,0
Dense,seed_01,results/stage18_dense/full_context_v2/seed_01/stage18_ppo.history.json,1050,1001,1050,0.059492811951973375,-0.007716412448124694,0.13778362029032515,0.3151286041330812,0.007938958801007954,0.04703776049427688,100,2000,-14.942682124159795,16.21156860622989,95.95,0,0
Dense,seed_01,results/stage18_dense/full_context_v2/seed_01/stage18_ppo.history.json,1100,1051,1100,0.06721502901200438,-0.00862101131185357,0.1433308703957924,0.3425539646377729,0.007433865306666121,0.048828125,100,2000,-15.222633952956958,15.931616777432726,95.85000000000001,0,0
Dense,seed_01,results/stage18_dense/full_context_v2/seed_01/stage18_ppo.history.json,1150,1101,1150,0.04547655188278961,-0.010839622966679079,0.12492594914510846,0.3483965521112883,0.0051339334344707565,0.04833984375,100,2000,-14.756406713332948,16.397844017056734,95.95,0,0
Dense,seed_01,results/stage18_dense/full_context_v2/seed_01/stage18_ppo.history.json,1200,1151,1200,0.06296950738033047,-0.0066230073633570495,0.14719405174920602,0.3426303988089785,0.0038918056798138423,0.04507998536740031,100,2000,-14.821724685649135,16.332526044740547,96.0,0,0
Dense,seed_01,results/stage18_dense/full_context_v2/seed_01/stage18_ppo.history.json,1250,1201,1250,0.06143889780755021,-0.008264342522514716,0.14558079835530535,0.28718450296375525,0.007458881786858131,0.045568266550877264,100,2000,-14.45816085243857,16.696089877951113,96.05,0,0
Dense,seed_01,results/stage18_dense/full_context_v2/seed_01/stage18_ppo.history.json,1300,1251,1300,0.058595253838575445,-0.0100782874880159,0.13680131937144324,0.2937971309875138,0.00418378776521422,0.04794861223282559,100,2000,-14.938738978442167,16.215511751947517,96.15,0,0
Dense,seed_01,results/stage18_dense/full_context_v2/seed_01/stage18_ppo.history.json,1350,1301,1350,0.07289740233682096,-0.005266467042799507,0.15977573987661994,0.29607884318486105,0.007109805344953202,0.04666573670692742,100,2000,-14.131032988670684,17.023217741719,96.8,0,0
Dense,seed_01,results/stage18_dense/full_context_v2/seed_01/stage18_ppo.history.json,1400,1351,1400,0.07122281684860354,-0.0066286874789511785,0.15272306836309976,0.27407485640376356,0.006379405488717436,0.04446614603511989,100,2000,-13.917850095582594,17.23640063480709,96.95,0,0
Dense,seed_01,results/stage18_dense/full_context_v2/seed_01/stage18_ppo.history.json,1450,1401,1450,0.07647574611006089,-0.006531105975487402,0.14706405249307863,0.2515882505103946,0.007935044342177986,0.04591868871024676,100,2000,-15.779787606602518,15.374463123787166,97.3,0,0
Dense,seed_01,results/stage18_dense/full_context_v2/seed_01/stage18_ppo.history.json,1500,1451,1500,0.07964445872598194,-0.008839903016840771,0.1880697775964758,0.22463097902280943,0.004835971315125269,0.04689300113490649,100,2000,-21.606536393773684,9.547714336616,97.65,0,0
Dense,seed_01,results/stage18_dense/full_context_v2/seed_01/stage18_ppo.history.json,1550,1501,1550,0.07028543497238258,-0.00809343225721802,0.1542511401930824,0.22534758722343085,0.007019121614575852,0.046875,100,2000,-14.516768869426544,16.637481860963142,97.0,0,0
Dense,seed_01,results/stage18_dense/full_context_v2/seed_01/stage18_ppo.history.json,1600,1551,1600,0.07448553805547167,-0.008290140228512297,0.16352738184650661,0.22791554695660515,0.007555030914123303,0.051897321428571425,100,2000,-14.13481522289675,17.019435507492936,96.85000000000001,0,0
Dense,seed_01,results/stage18_dense/full_context_v2/seed_01/stage18_ppo.history.json,1650,1601,1650,0.06338029208044255,-0.00781742250546813,0.1501330037509823,0.20357961973989383,0.006272728918702342,0.041015625,100,2000,-14.158632939605395,16.995617790784287,96.85000000000001,0,0
Dense,seed_01,results/stage18_dense/full_context_v2/seed_01/stage18_ppo.history.json,1700,1651,1700,0.05347866461202752,-0.007071931879701359,0.13579668616876006,0.2211066216063549,0.008051210970734246,0.05057198670692742,100,2000,-13.552739819741168,17.601510910648514,96.8,0,0
Dense,seed_01,results/stage18_dense/full_context_v2/seed_01/stage18_ppo.history.json,1750,1701,1750,0.0663339234306477,-0.00841372604398722,0.15612333160658765,0.23651856842869684,0.006249828551517567,0.04964192723855376,100,2000,-14.088239696651756,17.06601103373793,96.85000000000001,0,0
Dense,seed_01,results/stage18_dense/full_context_v2/seed_01/stage18_ppo.history.json,1800,1751,1800,0.06965720155858435,-0.008348609786480665,0.1538081898834207,0.23101117443036479,0.00838038830747223,0.0499255953888808,100,2000,-13.919356726050898,17.234894004338784,96.7,0,0
Dense,seed_01,results/stage18_dense/full_context_v2/seed_01/stage18_ppo.history.json,1850,1801,1850,0.06507854678160843,-0.009960530841323947,0.15993004228559066,0.22064840680520448,0.005335956487605082,0.05094731050277395,100,2000,-13.742844297782945,17.41140643260674,96.75,0,0
Dense,seed_01,results/stage18_dense/full_context_v2/seed_01/stage18_ppo.history.json,1900,1851,1900,0.06828447520820191,-0.006516469168543284,0.16201942547922954,0.19915737765298896,0.006555294035933912,0.05013020848855376,100,2000,-13.719367192239783,17.4348835381499,96.75,0,0
Dense,seed_01,results/stage18_dense/full_context_v2/seed_01/stage18_ppo.history.json,1950,1901,1950,0.06991866568153325,-0.007074819312297873,0.15100358390606872,0.22862322171983707,0.00651926955574059,0.05875651049427688,100,2000,-13.927855806728507,17.226394923661175,96.7,0,0
Dense,seed_01,results/stage18_dense/full_context_v2/seed_01/stage18_ppo.history.json,2000,1951,2000,0.06972351524746045,-0.008583087041707975,0.1551486702664988,0.22186945759949595,0.0078526223951485,0.04593098978511989,100,2000,-13.591626389909422,17.562624340480262,96.75,0,0
Dense,seed_02,results/stage18_dense/full_context_v2/seed_02/stage18_ppo.history.json,50,1,50,0.0878741014712432,-0.003240553312934935,0.16295911079006536,0.26931290140109887,0.01681978371925652,0.04931640625,100,2000,-15.61795447825142,0.0,96.35000000000001,0,0
Dense,seed_02,results/stage18_dense/full_context_v2/seed_02/stage18_ppo.history.json,100,51,100,0.06609456287281189,-0.005862480345448213,0.1338649663541998,0.32569229888018875,0.008137004131640424,0.03889973973855376,100,2000,-13.194854747661022,2.4230997305903976,96.55,0,0
Dense,seed_02,results/stage18_dense/full_context_v2/seed_02/stage18_ppo.history.json,150,101,150,0.06147168128102619,-0.003088479079971356,0.1273058086662786,0.2910477318252985,0.007252464893584585,0.0322265625,100,2000,-13.514377010529325,2.1035774677220953,96.35000000000001,0,0
Dense,seed_02,results/stage18_dense/full_context_v2/seed_02/stage18_ppo.history.json,200,151,200,0.05672002569969793,-0.006706362257578544,0.14078796142712235,0.2808048002022718,0.007699735077039804,0.0361328125,100,2000,-13.960829444429343,1.6571250338220764,96.5,0,0
Dense,seed_02,results/stage18_dense/full_context_v2/seed_02/stage18_ppo.history.json,250,201,250,0.07187352247638046,-0.0043350127691935214,0.1442451172042638,0.21981939478298174,0.008467599596250304,0.0302734375,100,2000,-13.939077850001416,1.6788766282500038,97.2,0,0
Dense,seed_02,results/stage18_dense/full_context_v2/seed_02/stage18_ppo.history.json,300,251,300,0.09841866688137607,-0.00498051049986056,0.18815618624129066,0.301715844057201,0.00628552777821564,0.0319114648071783,100,2000,-13.594890481432362,2.023063996819058,96.6,0,0
Dense,seed_02,results/stage18_dense/full_context_v2/seed_02/stage18_ppo.history.json,350,301,350,0.09075756736274343,-0.0035106892714143866,0.2028633164591156,0.2585001710727395,0.006919748849603431,0.029715401785714288,100,2000,-15.395552046415128,0.22240243183629183,96.5,0,0
Dense,seed_02,results/stage18_dense/full_context_v2/seed_02/stage18_ppo.history.json,400,351,400,0.07403865456581116,-0.0061900337293211895,0.17754922204767354,0.2570969220916075,0.007319260925896742,0.028669084821428572,100,2000,-13.389378188547848,2.2285762897035717,96.39999999999999,0,0
Dense,seed_02,results/stage18_dense/full_context_v2/seed_02/stage18_ppo.history.json,450,401,450,0.08864736300893128,-0.0052930834000497785,0.18278686945060535,0.3302671406476553,0.003863188401737716,0.03327287946428571,100,2000,-14.360308481338151,1.2576459969132685,96.7,0,0
Dense,seed_02,results/stage18_dense/full_context_v2/seed_02/stage18_ppo.history.json,500,451,500,0.08567638575498547,-0.006470496649853885,0.1960437335073948,0.3303181368391961,0.005663440359057859,0.03603155591658183,100,2000,-14.095983103179508,1.521971375071912,96.6,0,0
Dense,seed_02,results/stage18_dense/full_context_v2/seed_02/stage18_ppo.history.json,550,501,550,0.0966556095850787,-0.005559241669418822,0.21852058716051814,0.3381422140768596,0.004194464366654367,0.03515625,100,2000,-13.899278395118634,1.7186760831327863,96.75,0,0
Dense,seed_02,results/stage18_dense/full_context_v2/seed_02/stage18_ppo.history.json,600,551,600,0.08670699604044785,-0.0016407949775124767,0.18890417748480104,0.24369250024912098,0.005867647299185461,0.03459821438549884,100,2000,-13.132093619911707,2.485860858339713,96.8,0,0
Dense,seed_02,results/stage18_dense/full_context_v2/seed_02/stage18_ppo.history.json,650,601,650,0.08601469378585794,-0.0066292029971789035,0.16602916730334982,0.27786566235590726,0.0047988209574084196,0.032505580407035134,100,2000,-13.972238482856756,1.6457159953946636,96.35000000000001,0,0
Dense,seed_02,results/stage18_dense/full_context_v2/seed_02/stage18_ppo.history.json,700,651,700,0.07198102692564134,-0.004807859359841262,0.1656721939414183,0.22987800254278618,0.007700461748754606,0.03850446428571429,100,2000,-14.178891331328765,1.4390631469226545,96.25,0,0
Dense,seed_02,results/stage18_dense/full_context_v2/seed_02/stage18_ppo.history.json,750,701,750,0.09308481335392571,-0.00639736422454007,0.1777100529621488,0.18667007874630925,0.004830406924725139,0.02354550680943898,100,2000,-13.24278431782945,2.3751701604219697,96.6,0,0
Dense,seed_02,results/stage18_dense/full_context_v2/seed_02/stage18_ppo.history.json,800,751,800,0.0790887476196076,-0.007157796062529087,0.1841165151563473,0.21430272794428415,0.0014625330659328029,0.02734375,100,2000,-13.432758690063377,2.185195788188043,96.55,0,0
Dense,seed_02,results/stage18_dense/full_context_v2/seed_02/stage18_ppo.history.json,850,801,850,0.08417638625905965,-0.006795322938290025,0.1657344078965772,0.17841724423591845,0.00679785188549431,0.02652994799427688,100,2000,-13.918380779681288,1.6995736985701324,96.8,0,0
Dense,seed_02,results/stage18_dense/full_context_v2/seed_02/stage18_ppo.history.json,900,851,900,0.08638395651360042,-0.006031374097801745,0.1844741296954453,0.18177133431059442,0.005065902772392812,0.02926897330741797,100,2000,-13.721159908126868,1.8967945701245519,96.8,0,0
Dense,seed_02,results/stage18_dense/full_context_v2/seed_02/stage18_ppo.history.json,950,901,950,0.08221691681319498,-0.007058785196152582,0.16881965604983762,0.25630109339498297,0.0027755478263965672,0.0380859375,100,2000,-13.284867427896819,2.3330870503546013,96.5,0,0
Dense,seed_02,results/stage18_dense/full_context_v2/seed_02/stage18_ppo.history.json,1000,951,1000,0.07588537226651429,-0.0077522354341843834,0.18491611746555592,0.26415646518580616,0.00987024996850648,0.0439453125,100,2000,-14.435489657238973,1.1824648210124469,96.45,0,0
Dense,seed_02,results/stage18_dense/full_context_v2/seed_02/stage18_ppo.history.json,1050,1001,1050,0.08472235707449727,-0.007922005482084517,0.2024513958587834,0.27652610586665105,0.006706325191771612,0.047172619229448695,100,2000,-13.87221448649776,1.7457399917536591,96.25,0,0
Dense,seed_02,results/stage18_dense/full_context_v2/seed_02/stage18_ppo.history.json,1100,1051,1100,0.07873317070438393,-0.009149883790606899,0.18024046163145613,0.284376129603096,0.006528134999306141,0.043443080403708985,100,2000,-13.510765886293477,2.107188591957943,96.55,0,0
Dense,seed_02,results/stage18_dense/full_context_v2/seed_02/stage18_ppo.history.json,1150,1101,1150,0.08848484615113453,-0.008057887624350508,0.19468717290146742,0.3098025197687093,0.00892226875328677,0.04606119799427688,100,2000,-12.756679551197681,2.8612749270537385,96.45,0,0
Dense,seed_02,results/stage18_dense/full_context_v2/seed_02/stage18_ppo.history.json,1200,1151,1200,0.07086334006661282,-0.008794256710513895,0.17110233294910618,0.30023129390818737,0.005711249940629517,0.04568917420692742,100,2000,-12.924208835229958,2.6937456430214617,96.39999999999999,0,0
Dense,seed_02,results/stage18_dense/full_context_v2/seed_02/stage18_ppo.history.json,1250,1201,1250,0.07581032753686096,-0.008858731523754874,0.18932321159732624,0.22890419451635224,0.004465739968249441,0.04085286473855376,100,2000,-13.325718441545183,2.292236036706237,96.39999999999999,0,0
Dense,seed_02,results/stage18_dense/full_context_v2/seed_02/stage18_ppo.history.json,1300,1251,1300,0.08910803239268716,-0.005080449099685731,0.18206258479040116,0.30201585311442614,0.004920618903789935,0.04807942733168602,100,2000,-13.012705447032015,2.6052490312194045,96.7,0,0
Dense,seed_02,results/stage18_dense/full_context_v2/seed_02/stage18_ppo.history.json,1350,1301,1350,0.0760118408642094,-0.006189886181216154,0.1709788255393505,0.21495023130306176,0.006366890743915324,0.04052734375,100,2000,-13.232663018748033,2.385291459503387,96.55,0,0
Dense,seed_02,results/stage18_dense/full_context_v2/seed_02/stage18_ppo.history.json,1400,1351,1400,0.08702917964546941,-0.005119204920317446,0.17827298246889509,0.20576304317052874,0.005606658887700178,0.04033972828515939,100,2000,-13.002981404329658,2.614973073921762,96.8,0,0
Dense,seed_02,results/stage18_dense/full_context_v2/seed_02/stage18_ppo.history.json,1450,1401,1450,0.08388607771225257,-0.005320580102436776,0.1850025179446675,0.1586718258427216,0.00586579940863885,0.03410218255261757,100,2000,-12.942737114492543,2.675217363758877,96.55,0,0
Dense,seed_02,results/stage18_dense/full_context_v2/seed_02/stage18_ppo.history.json,1500,1451,1500,0.08463611793376913,-0.007232141373346427,0.18582103827169963,0.24397205973842312,0.001991660042611849,0.04316406254656613,100,2000,-12.943782486234547,2.6741719920168734,96.75,0,0
Dense,seed_02,results/stage18_dense/full_context_v2/seed_02/stage18_ppo.history.json,1550,1501,1550,0.07615009606524836,-0.009765446651726961,0.19100008338656543,0.2508593934126111,0.004351674288045615,0.04717261929597173,100,2000,-13.330829231442733,2.287125246808687,96.6,0,0
Dense,seed_02,results/stage18_dense/full_context_v2/seed_02/stage18_ppo.history.json,1600,1551,1600,0.080945325864507,-0.008299989692334617,0.18987574895228526,0.2161020327559007,0.0041710770206658965,0.04061434930190444,100,2000,-12.93676868227293,2.6811857959784895,96.5,0,0
Dense,seed_02,results/stage18_dense/full_context_v2/seed_02/stage18_ppo.history.json,1650,1601,1650,0.08186975290300325,-0.011765868536063602,0.2047600110859743,0.23608179536781143,0.004702472033386584,0.04335937509313226,100,2000,-12.86590483546486,2.7520496427865595,96.6,0,0
Dense,seed_02,results/stage18_dense/full_context_v2/seed_02/stage18_ppo.history.json,1700,1651,1700,0.07567913786624558,-0.01056734352771725,0.17703995547344675,0.24315306286734995,0.008665969711728394,0.0517578125,100,2000,-12.953275235789917,2.664679242461503,96.45,0,0
Dense,seed_02,results/stage18_dense/full_context_v2/seed_02/stage18_ppo.history.json,1750,1701,1750,0.10483234167622868,-0.008830554883128831,0.22515065359350828,0.274501327458503,0.005020012122258777,0.05338541674427688,100,2000,-13.132413876548801,2.4855406017026187,96.55,0,0
Dense,seed_02,results/stage18_dense/full_context_v2/seed_02/stage18_ppo.history.json,1800,1751,1800,0.10067578503731056,-0.007544239808339626,0.1974184804748802,0.29195719584822655,0.005173454856958415,0.05305989598855376,100,2000,-12.749707851355353,2.8682466268960667,96.65,0,0
Dense,seed_02,results/stage18_dense/full_context_v2/seed_02/stage18_ppo.history.json,1850,1801,1850,0.08163707479980076,-0.009706248629039953,0.18550704076187685,0.2894345043459907,0.006512076113722287,0.05195312504656613,100,2000,-13.236858383190793,2.3810960950606272,96.7,0,0
Dense,seed_02,results/stage18_dense/full_context_v2/seed_02/stage18_ppo.history.json,1900,1851,1900,0.10627600907589242,-0.007391125529206225,0.22519766572596772,0.3329491098411381,0.006100675340608827,0.05419921875,100,2000,-13.205759294731802,2.412195183519618,96.39999999999999,0,0
Dense,seed_02,results/stage18_dense/full_context_v2/seed_02/stage18_ppo.history.json,1950,1901,1950,0.08813673975860833,-0.008606481116398106,0.2023879912449047,0.2940483626776508,0.007472370512134927,0.053887649306229184,100,2000,-13.421864469420619,2.196090008830801,96.45,0,0
Dense,seed_02,results/stage18_dense/full_context_v2/seed_02/stage18_ppo.history.json,2000,1951,2000,0.09563690440180445,-0.010076478639218425,0.2102183396262782,0.2855971425306052,0.0029009680438321084,0.05756603440802012,100,2000,-12.883549442377946,2.7344050358734737,96.45,0,0
Dense,seed_03,results/stage18_dense/full_context_v2/seed_03/stage18_ppo.history.json,50,1,50,0.09652441090292996,-0.0009379252525312559,0.17358171733212657,0.4307290709693641,0.009664610210165847,0.039815848360636404,100,2000,-32.473899527300794,0.0,96.45,0,0
Dense,seed_03,results/stage18_dense/full_context_v2/seed_03/stage18_ppo.history.json,100,51,100,0.06591419881650445,-0.01608849677722901,0.17340925234020688,0.5207611107974961,0.0037588178612557904,0.038350523449480534,100,2000,-31.780056119529632,0.6938434077711619,96.7,0,0
Dense,seed_03,results/stage18_dense/full_context_v2/seed_03/stage18_ppo.history.json,150,101,150,0.054943733627234384,-0.009720198502431492,0.13471847104041704,0.33994864434680494,0.009152295606327243,0.04621034202032856,100,2000,-34.28142981540991,-1.8075302881091133,97.75,0,0
Dense,seed_03,results/stage18_dense/full_context_v2/seed_03/stage18_ppo.history.json,200,151,200,0.07492396492203365,-0.0032983135024551302,0.15297869179630652,0.3203589333400357,0.007643135422508099,0.04218750004656613,100,2000,-32.72977373577399,-0.25587420847319464,96.55,0,0
Dense,seed_03,results/stage18_dense/full_context_v2/seed_03/stage18_ppo.history.json,250,201,250,0.05463174677216947,-0.005957962679011481,0.12582314928321076,0.2841552853722856,0.008478482235139901,0.035435267857142856,100,2000,-20.911929143692596,11.561970383608198,96.5,0,0
Dense,seed_03,results/stage18_dense/full_context_v2/seed_03/stage18_ppo.history.json,300,251,300,0.02801313865971419,-0.007108416491454201,0.0784449963165181,0.30969182388590916,0.00830124397907639,0.04150390625,100,2000,-16.456790427106725,16.01710910019407,96.35000000000001,0,0
Dense,seed_03,results/stage18_dense/full_context_v2/seed_03/stage18_ppo.history.json,350,301,350,0.031008255465297094,-0.007293938526085445,0.07972346117354132,0.2294689129339531,0.010089301318657817,0.03352864598855376,100,2000,-15.814709563324618,16.659189963976175,96.39999999999999,0,0
Dense,seed_03,results/stage18_dense/full_context_v2/seed_03/stage18_ppo.history.json,400,351,400,0.02809844059603555,-0.0034588922613433427,0.07922779412183445,0.23947178283491272,0.010457828241799558,0.032386322638818195,100,2000,-14.020938104181832,18.452961423118964,96.45,0,0
Dense,seed_03,results/stage18_dense/full_context_v2/seed_03/stage18_ppo.history.json,450,401,450,0.031140603519556213,-0.003684545027291668,0.07610238170517342,0.2904765411180311,0.007248229185149415,0.04007161478511989,100,2000,-13.799959749460687,18.673939777840108,96.55,0,0
Dense,seed_03,results/stage18_dense/full_context_v2/seed_03/stage18_ppo.history.json,500,451,500,0.025785905521063666,-0.006105980137363076,0.07719286323533327,0.29240698257594233,0.004791515027006556,0.047290205489844084,100,2000,-14.81066962568884,17.663229901611956,96.45,0,0
Dense,seed_03,results/stage18_dense/full_context_v2/seed_03/stage18_ppo.history.json,550,501,550,0.029028225224465132,-0.006698882294585928,0.0682547284377506,0.35147637298453965,0.0053721699452060935,0.04427083348855376,100,2000,-14.0740657149244,18.399833812376393,96.65,0,0
Dense,seed_03,results/stage18_dense/full_context_v2/seed_03/stage18_ppo.history.json,600,551,600,0.033355868091998024,-0.007036510289513639,0.07334701588843018,0.3199772716366819,0.005663858951135938,0.042038690631410906,100,2000,-13.903648188775389,18.570251338525406,96.39999999999999,0,0
Dense,seed_03,results/stage18_dense/full_context_v2/seed_03/stage18_ppo.history.json,650,601,650,0.032715486079853556,-0.00888721741336797,0.09250319821148878,0.3985884175734538,0.0073533922300807065,0.05305989598855376,100,2000,-14.141993465707701,18.331906061593095,96.35000000000001,0,0
Dense,seed_03,results/stage18_dense/full_context_v2/seed_03/stage18_ppo.history.json,700,651,700,0.03589221380285121,-0.0075473302443112645,0.08936622954206541,0.37614852970000356,0.006110552916652523,0.047546888036387305,100,2000,-13.835022633416934,18.63887689388386,96.89999999999999,0,0
Dense,seed_03,results/stage18_dense/full_context_v2/seed_03/stage18_ppo.history.json,750,701,750,0.033110410756697614,-0.007379786635283381,0.08370987292645232,0.3713426120375516,0.006833648691619081,0.04959542420692742,100,2000,-13.33663786046958,19.137261666831215,96.75,0,0
Dense,seed_03,results/stage18_dense/full_context_v2/seed_03/stage18_ppo.history.json,800,751,800,0.03434494142337436,-0.008027647139637599,0.08748353880059767,0.342733950957097,0.004802818361270056,0.04296875,100,2000,-13.757269407779136,18.71663011952166,96.45,0,0
Dense,seed_03,results/stage18_dense/full_context_v2/seed_03/stage18_ppo.history.json,850,801,850,0.035675301598010786,-0.0053630064773772445,0.08504433287190036,0.2801442647893201,0.005706598691696334,0.04174901664789234,100,2000,-13.788250561329697,18.685648965971097,96.55,0,0
Dense,seed_03,results/stage18_dense/full_context_v2/seed_03/stage18_ppo.history.json,900,851,900,0.04449264610593673,-0.005758953139385474,0.10258409198805957,0.3816704112546826,0.007789643612341024,0.05443975146460746,100,2000,-14.818173519924219,17.655726007376575,96.35000000000001,0,0
Dense,seed_03,results/stage18_dense/full_context_v2/seed_03/stage18_ppo.history.json,950,901,950,0.039109120902139693,-0.006619630326375565,0.09239786543340806,0.28398881333747084,0.0050785368657670915,0.03511639039165207,100,2000,-13.547561337153924,18.926338190146872,96.6,0,0
Dense,seed_03,results/stage18_dense/full_context_v2/seed_03/stage18_ppo.history.json,1000,951,1000,0.047730475934388644,-0.005236289197845119,0.09936490932886954,0.2527218175985451,0.00564991778825652,0.03823506772252066,100,2000,-13.310656277936278,19.163243249364516,96.45,0,0
Dense,seed_03,results/stage18_dense/full_context_v2/seed_03/stage18_ppo.history.json,1050,1001,1050,0.04587664984865114,-0.00610881915365878,0.09948556570452638,0.24390174288834843,0.006960982873806643,0.03955078125,100,2000,-13.482686313445381,18.991213213855413,96.65,0,0
Dense,seed_03,results/stage18_dense/full_context_v2/seed_03/stage18_ppo.history.json,1100,1051,1100,0.0439466501681766,-0.008857961112101163,0.10468341616381492,0.24133800096524283,0.006283783784186068,0.044921875,100,2000,-13.679897334706332,18.794002192594462,96.39999999999999,0,0
Dense,seed_03,results/stage18_dense/full_context_v2/seed_03/stage18_ppo.history.json,1150,1101,1150,0.03930490817323776,-0.009778983308933675,0.11296694691658818,0.2545787829107472,0.008093496522633359,0.04931640625,100,2000,-14.6948073521024,17.779092175198393,96.95,0,0
Dense,seed_03,results/stage18_dense/full_context_v2/seed_03/stage18_ppo.history.json,1200,1151,1200,0.049125782832561526,-0.008699436435043544,0.11301414467743598,0.2590700680682936,0.0056331210445413095,0.05224609375,100,2000,-14.102153214873772,18.37174631242702,96.8,0,0
Dense,seed_03,results/stage18_dense/full_context_v2/seed_03/stage18_ppo.history.json,1250,1201,1250,0.03655482672184007,-0.008824429674340146,0.10489555762615055,0.2902581374759653,0.009474428678264042,0.055082775452839475,100,2000,-14.629665402724847,17.844234124575948,96.8,0,0
Dense,seed_03,results/stage18_dense/full_context_v2/seed_03/stage18_ppo.history.json,1300,1251,1300,0.04413309274241328,-0.00953824901288109,0.11006922347795417,0.36388376856120885,0.006657314283074811,0.05257161473855376,100,2000,-14.980421349090612,17.493478178210182,96.85000000000001,0,0
Dense,seed_03,results/stage18_dense/full_context_v2/seed_03/stage18_ppo.history.json,1350,1301,1350,0.043305702405632474,-0.01203282450192741,0.12196880410783706,0.3055721490776965,0.005652441921743697,0.054813507944345474,100,2000,-15.943974279503827,16.529925247796967,97.05,0,0
Dense,seed_03,results/stage18_dense/full_context_v2/seed_03/stage18_ppo.history.json,1400,1351,1400,0.0501090572828876,-0.009595642697864344,0.1151947771099263,0.3064266322845859,0.005647873447742313,0.06077938999182411,100,2000,-15.396494315274888,17.07740521202591,97.45,0,0
Dense,seed_03,results/stage18_dense/full_context_v2/seed_03/stage18_ppo.history.json,1450,1401,1450,0.05129488508464419,-0.00939640897559002,0.11604352490394376,0.30975264731029734,0.004089308959635218,0.056304453406482935,100,2000,-16.09491423049285,16.378985296807944,96.95,0,0
Dense,seed_03,results/stage18_dense/full_context_v2/seed_03/stage18_ppo.history.json,1500,1451,1500,0.046499354127653145,-0.0063603733599718135,0.10707642292254604,0.3206020853651319,0.007367068879830185,0.05299014152426805,100,2000,-13.918856637939289,18.555042889361506,97.3,0,0
Dense,seed_03,results/stage18_dense/full_context_v2/seed_03/stage18_ppo.history.json,1550,1501,1550,0.04960135488779217,-0.010154112533200532,0.12974511527655913,0.36605706894105033,0.005946918561233718,0.06043571785890631,100,2000,-13.9880820048403,18.485817522460493,97.25,0,0
Dense,seed_03,results/stage18_dense/full_context_v2/seed_03/stage18_ppo.history.json,1600,1551,1600,0.05480494077866232,-0.007711491115125162,0.13041164266178384,0.36666346614702183,0.006611520994088745,0.06354631696428571,100,2000,-14.893509501303516,17.58039002599728,96.89999999999999,0,0
Dense,seed_03,results/stage18_dense/full_context_v2/seed_03/stage18_ppo.history.json,1650,1601,1650,0.04833243515895447,-0.008555429122809852,0.12303449143655598,0.3613305233731237,0.007936189317011406,0.06393694205741797,100,2000,-14.213133632076378,18.260765895224417,96.65,0,0
Dense,seed_03,results/stage18_dense/full_context_v2/seed_03/stage18_ppo.history.json,1700,1651,1700,0.04331789399917138,-0.010432694739262973,0.10493336485887994,0.2850327615758163,0.007603573396668902,0.0576171875,100,2000,-14.073969618900923,18.39992990839987,96.45,0,0
Dense,seed_03,results/stage18_dense/full_context_v2/seed_03/stage18_ppo.history.json,1750,1701,1750,0.04219834360576767,-0.007576085427509887,0.1097169868007768,0.2920498842473275,0.007022797397439717,0.05501302098855376,100,2000,-14.29515049239463,18.178749034906165,96.85000000000001,0,0
Dense,seed_03,results/stage18_dense/full_context_v2/seed_03/stage18_ppo.history.json,1800,1751,1800,0.044719185390671816,-0.009920188608313247,0.12043649210993733,0.29501001515563985,0.006677589350147173,0.05821397587923067,100,2000,-15.302132989586198,17.171766537714596,97.0,0,0
Dense,seed_03,results/stage18_dense/full_context_v2/seed_03/stage18_ppo.history.json,1850,1801,1850,0.05493102677532338,-0.010145410097071102,0.12916112516541034,0.23939489124209754,0.006436738605511242,0.06194196428571429,100,2000,-14.212293033413932,18.261606493886863,96.45,0,0
Dense,seed_03,results/stage18_dense/full_context_v2/seed_03/stage18_ppo.history.json,1900,1851,1900,0.05471400629072118,-0.010554652428254485,0.14155969872808782,0.24535821717498557,0.010639762865764624,0.052594866071428575,100,2000,-13.75877640893449,18.715123118366304,96.5,0,0
Dense,seed_03,results/stage18_dense/full_context_v2/seed_03/stage18_ppo.history.json,1950,1901,1950,0.05668491502729012,-0.008985037582793405,0.1428123966761632,0.25917837568662044,0.008229444621455124,0.05598958348855376,100,2000,-13.73996569208915,18.733933835211644,96.85000000000001,0,0
Dense,seed_03,results/stage18_dense/full_context_v2/seed_03/stage18_ppo.history.json,2000,1951,2000,0.06255721207396293,-0.006960340077057481,0.13426268597582489,0.23314018018676766,0.006764259305782616,0.051478794642857144,100,2000,-13.869769520226694,18.6041300070741,96.5,0,0
Dense,seed_04,results/stage18_dense/full_context_v2/seed_04/stage18_ppo.history.json,50,1,50,0.06260015832958743,-0.0058561382341265145,0.1383803695124308,0.33823073754061933,0.011393511420465074,0.05322265625,100,2000,-15.641938655701228,0.0,96.45,0,0
Dense,seed_04,results/stage18_dense/full_context_v2/seed_04/stage18_ppo.history.json,100,51,100,0.08052464610227617,-0.0042871015528882185,0.1378653558453412,0.2907833894714713,0.010702992371079745,0.03535108141867178,100,2000,-18.327146604392638,-2.68520794869141,96.39999999999999,0,0
Dense,seed_04,results/stage18_dense/full_context_v2/seed_04/stage18_ppo.history.json,150,101,150,0.06744152939687151,-0.003015743036355291,0.1470546790265611,0.28096666526315467,0.009451971665839665,0.03681640629656613,100,2000,-13.960328242646513,1.681610413054715,96.75,0,0
Dense,seed_04,results/stage18_dense/full_context_v2/seed_04/stage18_ppo.history.json,200,151,200,0.06914699409805637,-0.005975659404482161,0.14969936527943772,0.32028671931016445,0.009645573656513307,0.034063430137134025,100,2000,-14.98604117416615,0.655897481535078,96.45,0,0
Dense,seed_04,results/stage18_dense/full_context_v2/seed_04/stage18_ppo.history.json,250,201,250,0.0752735395986487,-0.005240762356801756,0.16421134525860126,0.27816023438962534,0.008152944170888077,0.03599795393113579,100,2000,-15.760792870589544,-0.11885421488831582,96.39999999999999,0,0
Dense,seed_04,results/stage18_dense/full_context_v2/seed_04/stage18_ppo.history.json,300,251,300,0.06678279879062238,-0.006027930083551578,0.15102575121480705,0.2764007098195569,0.006817105791664549,0.03660354264346617,100,2000,-13.861696438958631,1.7802422167425966,96.7,0,0
Dense,seed_04,results/stage18_dense/full_context_v2/seed_04/stage18_ppo.history.json,350,301,350,0.09208770348777762,-0.004805018227281315,0.17723459934495622,0.3838126290065702,0.005458848808692502,0.03548177098855376,100,2000,-15.686562799966284,-0.044624144265055676,95.89999999999999,0,0
Dense,seed_04,results/stage18_dense/full_context_v2/seed_04/stage18_ppo.history.json,400,351,400,0.0671219406867749,-0.004270268408747922,0.1517928074255386,0.370867492334485,0.005243089894065633,0.03694661473855376,100,2000,-13.814753319109686,1.8271853365915423,97.1,0,0
Dense,seed_04,results/stage18_dense/full_context_v2/seed_04/stage18_ppo.history.json,450,401,450,0.07521792046567757,-0.00521126257704704,0.16788454924244434,0.45645113315965447,0.00813826328833654,0.044294084821428575,100,2000,-14.305414354360137,1.3365243013410915,96.45,0,0
Dense,seed_04,results/stage18_dense/full_context_v2/seed_04/stage18_ppo.history.json,500,451,500,0.07016697322355217,-0.006420290629778589,0.16557850116597755,0.45715860380525036,0.010310976300388575,0.046875,100,2000,-13.22008486409878,2.421853791602448,96.65,0,0
Dense,seed_04,results/stage18_dense/full_context_v2/seed_04/stage18_ppo.history.json,550,501,550,0.08403856411626164,-0.0046594095682459214,0.18887394280370373,0.4161025050561875,0.0046227653599219464,0.037385392734514813,100,2000,-13.968170832594756,1.6737678231064717,96.8,0,0
Dense,seed_04,results/stage18_dense/full_context_v2/seed_04/stage18_ppo.history.json,600,551,600,0.07751708315117867,-0.005565852458987917,0.16818776613633546,0.37629990914138034,0.009918383210398523,0.04121093754656613,100,2000,-13.725791421403182,1.9161472342980463,96.8,0,0
Dense,seed_04,results/stage18_dense/full_context_v2/seed_04/stage18_ppo.history.json,650,601,650,0.0912918907166126,-0.006543299181170629,0.1926722033947174,0.33075759383592596,0.006499926934338873,0.0414839765456106,100,2000,-13.777197449396004,1.864741206305224,96.8,0,0
Dense,seed_04,results/stage18_dense/full_context_v2/seed_04/stage18_ppo.history.json,700,651,700,0.07164248124536243,-0.006946900102775544,0.16450515028554946,0.3138902028731536,0.007005649856832211,0.03705987174596105,100,2000,-13.222529667775811,2.419408987925417,96.95,0,0
Dense,seed_04,results/stage18_dense/full_context_v2/seed_04/stage18_ppo.history.json,750,701,750,0.0845404870882963,-0.00708322343416512,0.18338495051388495,0.3224700473781143,0.003626747790674147,0.03803418417062078,100,2000,-13.018128376978819,2.6238102787224094,96.7,0,0
Dense,seed_04,results/stage18_dense/full_context_v2/seed_04/stage18_ppo.history.json,800,751,800,0.08141277483082376,-0.005503298681495445,0.1605832347413525,0.29384994679795845,0.006504262195448973,0.03271484375,100,2000,-13.477813356852023,2.1641252988492052,96.65,0,0
Dense,seed_04,results/stage18_dense/full_context_v2/seed_04/stage18_ppo.history.json,850,801,850,0.09065103042303235,-0.00671399278300149,0.19383202677272493,0.2951575684137424,0.005777728394605219,0.04052734375,100,2000,-13.592246307718797,2.0496923479824307,96.5,0,0
Dense,seed_04,results/stage18_dense/full_context_v2/seed_04/stage18_ppo.history.json,900,851,900,0.07494221983610519,-0.006077798291309071,0.16481943223958037,0.34515684896281784,0.005418811226263642,0.03756615413086755,100,2000,-13.249439764351793,2.392498891349435,96.45,0,0
Dense,seed_04,results/stage18_dense/full_context_v2/seed_04/stage18_ppo.history.json,950,901,950,0.07986396547494223,-0.00716793691390194,0.1723622372664977,0.2986521655684393,0.006246529178627367,0.04088541679084301,100,2000,-13.208010085446793,2.4339285702544355,96.65,0,0
Dense,seed_04,results/stage18_dense/full_context_v2/seed_04/stage18_ppo.history.json,1000,951,1000,0.08187009154270136,-0.0076996052895473045,0.1797133885057909,0.3333821902051568,0.006328391202259809,0.04345703125,100,2000,-13.338341219508255,2.303597436192973,96.5,0,0
Dense,seed_04,results/stage18_dense/full_context_v2/seed_04/stage18_ppo.history.json,1050,1001,1050,0.07667500516254222,-0.004482563518519913,0.1655004051863216,0.3037465804954991,0.004748239909531549,0.03824869799427688,100,2000,-13.54058120213381,2.1013574535674184,96.55,0,0
Dense,seed_04,results/stage18_dense/full_context_v2/seed_04/stage18_ppo.history.json,1100,1051,1100,0.07704630419902969,-0.00906516591619168,0.1742425647098571,0.26671135641767507,0.005206362184253521,0.038247947714158466,100,2000,-13.804534134651156,1.8374045210500718,96.85000000000001,0,0
Dense,seed_04,results/stage18_dense/full_context_v2/seed_04/stage18_ppo.history.json,1150,1101,1150,0.08649077451056136,-0.006882579953526147,0.1850540581529328,0.28498116766462545,0.00517578843573574,0.041015625,100,2000,-18.189569450804587,-2.547630795103359,97.95,0,0
Dense,seed_04,results/stage18_dense/full_context_v2/seed_04/stage18_ppo.history.json,1200,1151,1200,0.09580265697098055,-0.007962989496653401,0.19537803274579346,0.29173908464144915,0.004934304994094418,0.0408108617578234,100,2000,-16.499852851259572,-0.8579141955583438,97.89999999999999,0,0
Dense,seed_04,results/stage18_dense/full_context_v2/seed_04/stage18_ppo.history.json,1250,1201,1250,0.08067921260953881,-0.006172032195276447,0.17196631809929386,0.28338757634628564,0.004436969431480975,0.04069010424427688,100,2000,-14.2084231936269,1.433515462074329,96.7,0,0
Dense,seed_04,results/stage18_dense/full_context_v2/seed_04/stage18_ppo.history.json,1300,1251,1300,0.08017342293585118,-0.007519673988489168,0.16888651985209435,0.26109480588430806,0.003592823407546218,0.03422951219337327,100,2000,-13.90276898388059,1.7391696718206386,96.75,0,0
Dense,seed_04,results/stage18_dense/full_context_v2/seed_04/stage18_ppo.history.json,1350,1301,1350,0.07429261257129838,-0.007803667935409717,0.16729132155887783,0.27871220209635794,0.005265825217520614,0.0390625,100,2000,-13.628517455359585,2.013421200341643,96.89999999999999,0,0
Dense,seed_04,results/stage18_dense/full_context_v2/seed_04/stage18_ppo.history.json,1400,1351,1400,0.07552854512219451,-0.00811836845241487,0.1882107247199331,0.28195393073838204,0.004470424092557681,0.04667968756984919,100,2000,-13.866600452350824,1.7753382033504046,96.85000000000001,0,0
Dense,seed_04,results/stage18_dense/full_context_v2/seed_04/stage18_ppo.history.json,1450,1401,1450,0.07213210643385537,-0.009780689708090255,0.182110332326764,0.28792583048925735,0.006289957461246689,0.04582868303571429,100,2000,-15.49789727856843,0.14404137713279752,97.05,0,0
Dense,seed_04,results/stage18_dense/full_context_v2/seed_04/stage18_ppo.history.json,1500,1451,1500,0.08140296852070605,-0.00657396374403366,0.1750262418645434,0.31707314880830906,0.005483640642653751,0.04140264966658183,100,2000,-13.956641537997934,1.6852971177032945,96.75,0,0
Dense,seed_04,results/stage18_dense/full_context_v2/seed_04/stage18_ppo.history.json,1550,1501,1550,0.08036907418240194,-0.006387958702232157,0.16703962851066276,0.3147891435564816,0.006025915253693321,0.04324776795692742,100,2000,-14.628384771604344,1.0135538840968845,97.15,0,0
Dense,seed_04,results/stage18_dense/full_context_v2/seed_04/stage18_ppo.history.json,1600,1551,1600,0.0872521951168892,-0.007474965415894985,0.19306254319963045,0.31155271641910076,0.007706094067543745,0.050013950892857144,100,2000,-13.536115648688396,2.105823007012832,96.89999999999999,0,0
Dense,seed_04,results/stage18_dense/full_context_v2/seed_04/stage18_ppo.history.json,1650,1601,1650,0.08123305631202779,-0.007900456615191485,0.18889329416145173,0.35314028301010175,0.006929940831469139,0.04931640625,100,2000,-13.079994295508333,2.5619443601928946,96.8,0,0
Dense,seed_04,results/stage18_dense/full_context_v2/seed_04/stage18_ppo.history.json,1700,1651,1700,0.09320320280468358,-0.0073055155974413675,0.20302849334465073,0.2903513965241343,0.005356817127903923,0.04792131696428571,100,2000,-13.172238654503042,2.469700001198186,96.55,0,0
Dense,seed_04,results/stage18_dense/full_context_v2/seed_04/stage18_ppo.history.json,1750,1701,1750,0.08825090323599788,-0.007067091896065644,0.18868169031338766,0.2439636355265975,0.007731803010313699,0.050571986607142856,100,2000,-13.083817995994645,2.5581206597065833,96.55,0,0
Dense,seed_04,results/stage18_dense/full_context_v2/seed_04/stage18_ppo.history.json,1800,1751,1800,0.08839721044932958,-0.008897210820578039,0.2152876746840775,0.23404128851804717,0.010682671465474414,0.04345703125,100,2000,-13.483603450979178,2.15833520472205,96.55,0,0
Dense,seed_04,results/stage18_dense/full_context_v2/seed_04/stage18_ppo.history.json,1850,1801,1850,0.08562210456667733,-0.006720969840119193,0.1855908536152648,0.2080357199505803,0.008556415314420258,0.04601469509569662,100,2000,-13.350135155879967,2.2918034998212615,96.6,0,0
Dense,seed_04,results/stage18_dense/full_context_v2/seed_04/stage18_ppo.history.json,1900,1851,1900,0.059645295623340644,-0.00827517856045493,0.14888799731852487,0.2505520274115424,0.00754633887709133,0.04910714295692742,100,2000,-13.482696554877169,2.159242100824059,96.65,0,0
Dense,seed_04,results/stage18_dense/full_context_v2/seed_04/stage18_ppo.history.json,1950,1901,1950,0.07722052787721623,-0.005246263313373285,0.16647452185837405,0.24587384529877454,0.006070513114017169,0.04541015625,100,2000,-13.077549259992011,2.5643893957092168,96.45,0,0
Dense,seed_04,results/stage18_dense/full_context_v2/seed_04/stage18_ppo.history.json,2000,1951,2000,0.08568979260910835,-0.008128967834636569,0.19820741081743368,0.23611411056481302,0.007744690970996868,0.04718176957352885,100,2000,-13.27618444415955,2.3657542115416774,96.6,0,0
Dense,seed_05,results/stage18_dense/full_context_v2/seed_05/stage18_ppo.history.json,50,1,50,0.08263200144574512,-0.00274580846806722,0.1620782529353164,0.2189138368329233,0.012507175573513711,0.04292449717676001,100,2000,-15.946261600228693,0.0,96.45,0,0
Dense,seed_05,results/stage18_dense/full_context_v2/seed_05/stage18_ppo.history.json,100,51,100,0.06594995239200735,-0.005708181665145925,0.13351034690692487,0.2782767954548555,0.009353491284335698,0.03632812504656613,100,2000,-13.89432945351962,2.051932146709074,96.45,0,0
Dense,seed_05,results/stage18_dense/full_context_v2/seed_05/stage18_ppo.history.json,150,101,150,0.06502419947199606,-0.0059694713979427305,0.1481775939797184,0.2793722782371333,0.009909905983866858,0.0390625,100,2000,-13.921613911089919,2.0246476891387744,96.39999999999999,0,0
Dense,seed_05,results/stage18_dense/full_context_v2/seed_05/stage18_ppo.history.json,200,151,200,0.09455937461461872,-0.005482564680278301,0.18372027954319492,0.3852094802672842,0.006315786171139085,0.04316676248397146,100,2000,-15.64799896127286,0.2982626389558334,96.45,0,0
Dense,seed_05,results/stage18_dense/full_context_v2/seed_05/stage18_ppo.history.json,250,201,250,0.10009861516300589,-0.005410676555974143,0.2163583261925461,0.39720106138182537,0.008178694830608686,0.04433593759313226,100,2000,-14.684453807975238,1.261807792253455,96.39999999999999,0,0
Dense,seed_05,results/stage18_dense/full_context_v2/seed_05/stage18_ppo.history.json,300,251,300,0.0718847755342722,-0.007450828420197857,0.1600091860163957,0.32909354948560576,0.01234929943374092,0.04462842523519482,100,2000,-15.432245465613478,0.5140161346152148,97.25,0,0
Dense,seed_05,results/stage18_dense/full_context_v2/seed_05/stage18_ppo.history.json,350,301,350,0.0653298053013194,-0.009350968075783124,0.15919206471880898,0.3810598436809544,0.00633457401272608,0.03811848978511989,100,2000,-14.340944264569037,1.605317335659656,96.39999999999999,0,0
Dense,seed_05,results/stage18_dense/full_context_v2/seed_05/stage18_ppo.history.json,400,351,400,0.08023686577143962,-0.007120398738022362,0.18164885486476123,0.3405641725153795,0.005239383844387443,0.0380859375,100,2000,-14.52392951824283,1.4223320819858625,96.25,0,0
Dense,seed_05,results/stage18_dense/full_context_v2/seed_05/stage18_ppo.history.json,450,401,450,0.04633260561552431,-0.006452258842598115,0.1216603954526363,0.29103599950238795,0.008932775172330105,0.04004836345224508,100,2000,-17.297439771532446,-1.3511781713037525,97.0,0,0
Dense,seed_05,results/stage18_dense/full_context_v2/seed_05/stage18_ppo.history.json,500,451,500,0.08270172292395728,-0.006598478802646111,0.16995764834739802,0.2443048475543037,0.006493868510005996,0.03576078884569662,100,2000,-13.777581230969886,2.168680369258807,96.95,0,0
Dense,seed_05,results/stage18_dense/full_context_v2/seed_05/stage18_ppo.history.json,550,501,550,0.073210908240331,-0.0063775431896959025,0.15405825318885036,0.2745204416957472,0.005984209739835933,0.03252722828515939,100,2000,-13.98308491597703,1.963176684251664,96.5,0,0
Dense,seed_05,results/stage18_dense/full_context_v2/seed_05/stage18_ppo.history.json,600,551,600,0.08069925206655171,-0.006125719685639654,0.1583152337698266,0.25637275301518714,0.006879590965951365,0.03515625,100,2000,-14.94976578565285,0.9964958145758427,96.65,0,0
Dense,seed_05,results/stage18_dense/full_context_v2/seed_05/stage18_ppo.history.json,650,601,650,0.09807561466732295,-0.006094347186652678,0.1958539126726464,0.2852742489485536,0.006383913788210651,0.03981809833619211,100,2000,-15.122933518147942,0.8233280820807511,96.5,0,0
Dense,seed_05,results/stage18_dense/full_context_v2/seed_05/stage18_ppo.history.json,700,651,700,0.07954981260731334,-0.009237542681928192,0.167284535971703,0.3211438274509939,0.006944635417312384,0.03759765625,100,2000,-13.313600445954885,2.6326611542738085,96.8,0,0
Dense,seed_05,results/stage18_dense/full_context_v2/seed_05/stage18_ppo.history.json,750,701,750,0.0768581159572932,-0.006022084807877296,0.15739809728054155,0.2573660735526241,0.005301406737999059,0.043639836101127524,100,2000,-13.406312015871315,2.5399495843573785,97.65,0,0
Dense,seed_05,results/stage18_dense/full_context_v2/seed_05/stage18_ppo.history.json,800,751,800,0.06987386718174093,-0.0051855434597070735,0.1415974838891998,0.2715122851077467,0.004454102590898401,0.03785342277426805,100,2000,-13.724253734625,2.2220078656036932,97.0,0,0
Dense,seed_05,results/stage18_dense/full_context_v2/seed_05/stage18_ppo.history.json,850,801,850,0.07747227578823054,-0.008004408163417662,0.1729151139734313,0.2625519404620198,0.006745493214111775,0.043736049107142856,100,2000,-14.00250939957394,1.9437522006547532,97.55,0,0
Dense,seed_05,results/stage18_dense/full_context_v2/seed_05/stage18_ppo.history.json,900,851,900,0.08063426276203245,-0.005346115079841444,0.17249229962804488,0.266289532207937,0.004400705787702464,0.04283854179084301,100,2000,-13.475656276975942,2.4706053232527516,97.3,0,0
Dense,seed_05,results/stage18_dense/full_context_v2/seed_05/stage18_ppo.history.json,950,901,950,0.10484912359191055,-0.005336139683744736,0.22962763559605393,0.33133286284282804,0.006359953753531045,0.04424138150976173,100,2000,-14.358954904071156,1.5873066961575368,96.55,0,0
Dense,seed_05,results/stage18_dense/full_context_v2/seed_05/stage18_ppo.history.json,1000,951,1000,0.08939090043765775,-0.007421909709851856,0.19374003979776588,0.3813399774288493,0.004338989911047975,0.045505745735551634,100,2000,-13.312275239062734,2.6339863611659595,97.35000000000001,0,0
Dense,seed_05,results/stage18_dense/full_context_v2/seed_05/stage18_ppo.history.json,1050,1001,1050,0.0773078005622665,-0.007445592200383544,0.16062470787437633,0.3271512662592743,0.005372359067223442,0.04861117985897831,100,2000,-13.321160094932235,2.625101505296458,96.95,0,0
Dense,seed_05,results/stage18_dense/full_context_v2/seed_05/stage18_ppo.history.json,1100,1051,1100,0.06496508429907927,-0.00900623418523797,0.15693100086147233,0.3099573419562408,0.004832521517528221,0.040741107293537686,100,2000,-13.639230870766152,2.307030729462541,97.2,0,0
Dense,seed_05,results/stage18_dense/full_context_v2/seed_05/stage18_ppo.history.json,1150,1101,1150,0.0727572160420615,-0.006105937263263124,0.14820888598114834,0.2570698121168198,0.00429422361048637,0.04045242230807032,100,2000,-13.291390532134729,2.6548710680939642,97.25,0,0
Dense,seed_05,results/stage18_dense/full_context_v2/seed_05/stage18_ppo.history.json,1200,1151,1200,0.0769841455164299,-0.009384001538689648,0.1704362190403117,0.22474755014991388,0.0038579607207793742,0.03324117298637118,100,2000,-13.403861382359146,2.542400217869547,96.6,0,0
Dense,seed_05,results/stage18_dense/full_context_v2/seed_05/stage18_ppo.history.json,1250,1201,1250,0.07161557458857715,-0.008694598517779793,0.15978577198360913,0.17487199686001986,0.003097617264172316,0.03125,100,2000,-13.856148268497215,2.0901133317314784,97.3,0,0
Dense,seed_05,results/stage18_dense/full_context_v2/seed_05/stage18_ppo.history.json,1300,1251,1300,0.06298737109006781,-0.009323406698448318,0.15882585844467811,0.20251456010419133,0.00448172826630433,0.0400390625,100,2000,-13.858396064214622,2.087865536014071,96.75,0,0
Dense,seed_05,results/stage18_dense/full_context_v2/seed_05/stage18_ppo.history.json,1350,1301,1350,0.06730531739802764,-0.006505306893294411,0.1611793422325718,0.24908854427524327,0.0024718597769606276,0.037149877420493534,100,2000,-13.4902856094142,2.455975990814494,96.55,0,0
Dense,seed_05,results/stage18_dense/full_context_v2/seed_05/stage18_ppo.history.json,1400,1351,1400,0.0768415483014126,-0.006710302733284022,0.17008506885031238,0.21738681323560222,0.0057930570910684764,0.03552527353167534,100,2000,-13.319855834288514,2.626405765940179,96.45,0,0
Dense,seed_05,results/stage18_dense/full_context_v2/seed_05/stage18_ppo.history.json,1450,1401,1450,0.07542815554188564,-0.005558424413071147,0.16451299829142435,0.21338121521486236,0.004011554776557854,0.03801618303571429,100,2000,-13.676932553981555,2.2693290462471385,96.55,0,0
Dense,seed_05,results/stage18_dense/full_context_v2/seed_05/stage18_ppo.history.json,1500,1451,1500,0.08571735750280952,-0.008409714617300779,0.18074757414537349,0.2832527669961564,0.004681377060478553,0.04438409049596105,100,2000,-13.78470071049486,2.161560889733833,97.0,0,0
Dense,seed_05,results/stage18_dense/full_context_v2/seed_05/stage18_ppo.history.json,1550,1501,1550,0.07772338978663487,-0.00872809746319295,0.17590134071984462,0.3005224223847368,0.0038368955210899003,0.04642497109515326,100,2000,-14.00144058254496,1.9448210176837328,97.3,0,0
Dense,seed_05,results/stage18_dense/full_context_v2/seed_05/stage18_ppo.history.json,1600,1551,1600,0.07717488018429972,-0.008997249849406736,0.177727865329611,0.23374050018173875,0.0033635201065668036,0.04197868651577405,100,2000,-13.949140291707678,1.9971213085210149,96.65,0,0
Dense,seed_05,results/stage18_dense/full_context_v2/seed_05/stage18_ppo.history.json,1650,1601,1650,0.06898153882606753,-0.007234690245240927,0.16098879017850518,0.21874930437479634,0.005664480908308178,0.04541015625,100,2000,-13.857967528141875,2.0882940720868177,96.39999999999999,0,0
Dense,seed_05,results/stage18_dense/full_context_v2/seed_05/stage18_ppo.history.json,1700,1651,1700,0.08504464829456992,-0.006871792643713499,0.18136261694598943,0.2400099011649997,0.006191380938876787,0.047290526663086245,100,2000,-14.015496021186776,1.9307655790419176,96.55,0,0
Dense,seed_05,results/stage18_dense/full_context_v2/seed_05/stage18_ppo.history.json,1750,1701,1750,0.08673840216527293,-0.006764960200858435,0.1807604135413255,0.2335527173778311,0.0050071827967518145,0.04406157009569662,100,2000,-14.248365295753485,1.6978963044752078,96.39999999999999,0,0
Dense,seed_05,results/stage18_dense/full_context_v2/seed_05/stage18_ppo.history.json,1800,1751,1800,0.08221577356951976,-0.008587011194322258,0.18465501655425343,0.2548054108961618,0.004075085717236756,0.04732627872311111,100,2000,-14.19107782221026,1.7551837780184325,97.15,0,0
Dense,seed_05,results/stage18_dense/full_context_v2/seed_05/stage18_ppo.history.json,1850,1801,1850,0.08053310489880719,-0.010562901218820895,0.18151944232106743,0.27943318736340317,0.00650507298996672,0.046875,100,2000,-13.970221355399804,1.976040244828889,96.65,0,0
Dense,seed_05,results/stage18_dense/full_context_v2/seed_05/stage18_ppo.history.json,1900,1851,1900,0.08286152165965177,-0.008984168359477605,0.19550762581638992,0.29310256050666794,0.006652715956858759,0.058893019067389626,100,2000,-14.431297879311792,1.5149637209169011,96.45,0,0
Dense,seed_05,results/stage18_dense/full_context_v2/seed_05/stage18_ppo.history.json,1950,1901,1950,0.08085573044497453,-0.0080352071672678,0.17783026112010702,0.2865568668794367,0.005320822275410007,0.04947916674427688,100,2000,-14.112788386297193,1.8334732139314998,96.45,0,0
Dense,seed_05,results/stage18_dense/full_context_v2/seed_05/stage18_ppo.history.json,2000,1951,2000,0.08701879592990736,-0.008604278438724577,0.18757560514287824,0.29046284766601665,0.007510776187700685,0.05608348924267505,100,2000,-13.706721350728392,2.239540249500301,96.65,0,0
Dense,seed_06,results/stage18_dense/full_context_v2/seed_06/stage18_ppo.history.json,50,1,50,0.07434607499349763,-0.004939050879329443,0.17310248031571973,0.27982409937700936,0.008800937153864652,0.03759990632534027,100,2000,-13.503107529116939,0.0,96.39999999999999,0,0
Dense,seed_06,results/stage18_dense/full_context_v2/seed_06/stage18_ppo.history.json,100,51,100,0.09186768226520924,-0.004947479016014508,0.1843475199129898,0.4001892148579438,0.006435757542931242,0.03962053571428571,100,2000,-13.455253363713052,0.047854165403887094,96.35000000000001,0,0
Dense,seed_06,results/stage18_dense/full_context_v2/seed_06/stage18_ppo.history.json,150,101,150,0.0840767537717641,-0.005300762930086681,0.18300982591296944,0.42743432154005795,0.004809281209115168,0.045535714332280416,100,2000,-13.91001892529794,-0.4069113961810018,96.5,0,0
Dense,seed_06,results/stage18_dense/full_context_v2/seed_06/stage18_ppo.history.json,200,151,200,0.0807687063310628,-0.008648304202194725,0.17482499465820311,0.45398548984667286,0.0053045160527420065,0.04007161478511989,100,2000,-14.066087796264187,-0.5629802671472479,96.6,0,0
Dense,seed_06,results/stage18_dense/full_context_v2/seed_06/stage18_ppo.history.json,250,201,250,0.08345401931520818,-0.005891474749660119,0.19088569632731378,0.35006973134087666,0.0066919912850218165,0.03526425680943898,100,2000,-13.717366369110396,-0.21425883999345707,96.6,0,0
Dense,seed_06,results/stage18_dense/full_context_v2/seed_06/stage18_ppo.history.json,300,251,300,0.08220234711916419,-0.006103968189563602,0.18555737746646628,0.30253158039268113,0.010314222187714352,0.03662109375,100,2000,-15.787089949321349,-2.28398242020441,96.75,0,0
Dense,seed_06,results/stage18_dense/full_context_v2/seed_06/stage18_ppo.history.json,350,301,350,0.07774810168484692,-0.005780215042510203,0.1887855573622801,0.3662774965632707,0.0056612241431146515,0.03974609379656613,100,2000,-16.003611822503753,-2.5005042933868147,96.55,0,0
Dense,seed_06,results/stage18_dense/full_context_v2/seed_06/stage18_ppo.history.json,400,351,400,0.0972600508321193,-0.004415033838345802,0.21111487958114594,0.3035732370501916,0.007762695572247529,0.0399925597012043,100,2000,-14.822256267257272,-1.319148738140333,95.89999999999999,0,0
Dense,seed_06,results/stage18_dense/full_context_v2/seed_06/stage18_ppo.history.json,450,401,450,0.09029834337915027,-0.006057731241786054,0.19332703416044492,0.25396685688091175,0.003583736477594357,0.034177282226404974,100,2000,-13.204933431462667,0.2981740976542717,96.7,0,0
Dense,seed_06,results/stage18_dense/full_context_v2/seed_06/stage18_ppo.history.json,500,451,500,0.07375460689218016,-0.0028571529068618217,0.15300954354461282,0.2205919885163894,0.0044284459290793166,0.027126736124046147,100,2000,-14.146867440644005,-0.6437599115270665,96.55,0,0
Dense,seed_06,results/stage18_dense/full_context_v2/seed_06/stage18_ppo.history.json,550,501,550,0.08000253691352555,-0.003445267544261047,0.1667082979443616,0.2683681979419828,0.006418276094336761,0.03352864598855376,100,2000,-14.131652703805731,-0.6285451746887922,96.5,0,0
Dense,seed_06,results/stage18_dense/full_context_v2/seed_06/stage18_ppo.history.json,600,551,600,0.08903154319601267,-0.004325924815410482,0.18984268070198596,0.2684636128724378,0.0055986133447731845,0.0286907327494451,100,2000,-13.920573977619684,-0.4174664485027453,96.8,0,0
Dense,seed_06,results/stage18_dense/full_context_v2/seed_06/stage18_ppo.history.json,650,601,650,0.08452207025766256,-0.007771515786381704,0.20362991758156568,0.26669739479465143,0.005935177337410177,0.041482204920612276,100,2000,-13.672081637076255,-0.16897410795931656,96.55,0,0
Dense,seed_06,results/stage18_dense/full_context_v2/seed_06/stage18_ppo.history.json,700,651,700,0.07698780682403594,-0.00759542900154234,0.17870029586733185,0.37897181196603924,0.0036174094202579,0.04345703125,100,2000,-14.068397405510778,-0.5652898763938392,96.7,0,0
Dense,seed_06,results/stage18_dense/full_context_v2/seed_06/stage18_ppo.history.json,750,701,750,0.07049264034503722,-0.010725680547433773,0.1746670367429033,0.3414359849744609,0.004775560928724839,0.044489397534302304,100,2000,-13.106065471190732,0.39704205792620684,96.5,0,0
Dense,seed_06,results/stage18_dense/full_context_v2/seed_06/stage18_ppo.history.json,800,751,800,0.07456742114300141,-0.008707055651549516,0.1843268969262551,0.33234403335622376,0.004502522526308894,0.042759486607142856,100,2000,-13.221030269644375,0.28207725947256357,96.7,0,0
Dense,seed_06,results/stage18_dense/full_context_v2/seed_06/stage18_ppo.history.json,850,801,850,0.08222890017870149,-0.006668727204669267,0.17010443059916724,0.38159789114433806,0.006757788524347623,0.0490936418729169,100,2000,-15.365561256750915,-1.8624537276339765,96.75,0,0
Dense,seed_06,results/stage18_dense/full_context_v2/seed_06/stage18_ppo.history.json,900,851,900,0.0924027384025976,-0.008171081888057026,0.16957235522568226,0.38683360489085317,0.004361087555090697,0.04856770858168602,100,2000,-14.399628173819158,-0.8965206447022194,96.45,0,0
Dense,seed_06,results/stage18_dense/full_context_v2/seed_06/stage18_ppo.history.json,950,901,950,0.07998982219890292,-0.009062520390476232,0.17750993999652565,0.35912887108400227,0.004442454689914095,0.043554687639698386,100,2000,-13.543774860824103,-0.04066733170716397,96.7,0,0
Dense,seed_06,results/stage18_dense/full_context_v2/seed_06/stage18_ppo.history.json,1000,951,1000,0.089403513936434,-0.009485449442373855,0.19745146107743494,0.37197375134564936,0.005014591239159927,0.04640696996024676,100,2000,-13.964057335332022,-0.4609498062150834,96.7,0,0
Dense,seed_06,results/stage18_dense/full_context_v2/seed_06/stage18_ppo.history.json,1050,1001,1050,0.09461222097576995,-0.009345997191433395,0.2014797890691885,0.36085718251498683,0.0024828258610796183,0.04258847565922354,100,2000,-14.153084037339136,-0.6499765082221973,96.5,0,0
Dense,seed_06,results/stage18_dense/full_context_v2/seed_06/stage18_ppo.history.json,1100,1051,1100,0.0662709548674424,-0.007904261317370194,0.15604397674906068,0.3197151371111561,0.0070747808515859234,0.0517578125,100,2000,-14.251072235327094,-0.7479647062101549,96.55,0,0
Dense,seed_06,results/stage18_dense/full_context_v2/seed_06/stage18_ppo.history.json,1150,1101,1150,0.06546468114538584,-0.008586768692891513,0.15598010175745003,0.37482926660283866,0.004876998948020628,0.044782366071428575,100,2000,-13.503723135888258,-0.0006156067713192215,96.6,0,0
Dense,seed_06,results/stage18_dense/full_context_v2/seed_06/stage18_ppo.history.json,1200,1151,1200,0.06940518465125933,-0.010019742409765189,0.16155576331948396,0.36031235258893246,0.0038330312735135002,0.048011322638818195,100,2000,-13.519127885654994,-0.016020356538055225,96.65,0,0
Dense,seed_06,results/stage18_dense/full_context_v2/seed_06/stage18_ppo.history.json,1250,1201,1250,0.09265645904815756,-0.005001936689950526,0.20153498563948752,0.28656657026814564,0.00432742035861468,0.04014481923409871,100,2000,-13.29137310591036,0.21173442320657898,96.7,0,0
Dense,seed_06,results/stage18_dense/full_context_v2/seed_06/stage18_ppo.history.json,1300,1251,1300,0.06272191125338265,-0.013214455252247197,0.16789552062982693,0.26494671404361725,0.003237142414686137,0.03955078125,100,2000,-13.48553617946465,0.017571349652287793,96.65,0,0
Dense,seed_06,results/stage18_dense/full_context_v2/seed_06/stage18_ppo.history.json,1350,1301,1350,0.0746824517960444,-0.009260599834046193,0.17417856445536017,0.2643450686009601,0.00631877802334202,0.044782366071428575,100,2000,-13.47663367444709,0.026473854669848862,96.5,0,0
Dense,seed_06,results/stage18_dense/full_context_v2/seed_06/stage18_ppo.history.json,1400,1351,1400,0.08236705236049602,-0.007017022730516536,0.16933931272069458,0.2566459382518893,0.007634992669669113,0.04485437061105456,100,2000,-13.459753231008861,0.04335429810807767,96.45,0,0
Dense,seed_06,results/stage18_dense/full_context_v2/seed_06/stage18_ppo.history.json,1450,1401,1450,0.08250192367995623,-0.008724098329756609,0.19032272022949265,0.2557613187070404,0.007548574578582442,0.05133928571428571,100,2000,-13.63603985010927,-0.13293232099233165,96.65,0,0
Dense,seed_06,results/stage18_dense/full_context_v2/seed_06/stage18_ppo.history.json,1500,1451,1500,0.07600861518065877,-0.007250585551706276,0.1590597609590207,0.24898650374962017,0.007510889903642237,0.050455729477107525,100,2000,-14.138271174154918,-0.635163645037979,96.95,0,0
Dense,seed_06,results/stage18_dense/full_context_v2/seed_06/stage18_ppo.history.json,1550,1501,1550,0.07585118137493346,-0.01088128431833216,0.17562117537350527,0.27154176576732425,0.006053534307284281,0.05120939814618655,100,2000,-13.746887971614854,-0.24378044249791486,96.6,0,0
Dense,seed_06,results/stage18_dense/full_context_v2/seed_06/stage18_ppo.history.json,1600,1551,1600,0.06914220487669809,-0.01135423730426867,0.16251842491328716,0.24241419206373394,0.005420413554280198,0.05041119981823223,100,2000,-13.88381402572703,-0.3807064966100917,96.6,0,0
Dense,seed_06,results/stage18_dense/full_context_v2/seed_06/stage18_ppo.history.json,1650,1601,1650,0.07627670843170822,-0.009028664457478693,0.167095870286825,0.2724336999900905,0.004370317939617507,0.053314911999872754,100,2000,-13.544415981653254,-0.04130845253631499,96.39999999999999,0,0
Dense,seed_06,results/stage18_dense/full_context_v2/seed_06/stage18_ppo.history.json,1700,1651,1700,0.08097735857986013,-0.010462592264437782,0.17335707129469874,0.2747584190902411,0.008326082662409005,0.05517578125,100,2000,-14.153458517126298,-0.6503509880093592,96.45,0,0
Dense,seed_06,results/stage18_dense/full_context_v2/seed_06/stage18_ppo.history.json,1750,1701,1750,0.09195445631381258,-0.00877003957118307,0.19810293912554958,0.28501906525343657,0.008462333644274622,0.05122227807130132,100,2000,-15.995408457819632,-2.4923009287026936,96.39999999999999,0,0
Dense,seed_06,results/stage18_dense/full_context_v2/seed_06/stage18_ppo.history.json,1800,1751,1800,0.07189504184810046,-0.011407558007964065,0.1829973862373403,0.2554159471219464,0.004289218230821592,0.057779948227107525,100,2000,-14.184795410630088,-0.6816878815131489,96.55,0,0
Dense,seed_06,results/stage18_dense/full_context_v2/seed_06/stage18_ppo.history.json,1850,1801,1850,0.08067598224650802,-0.010023572386541803,0.16610535379732028,0.2790856973401138,0.009600160216255711,0.06194196428571429,100,2000,-14.051008144778848,-0.5479006156619093,96.45,0,0
Dense,seed_06,results/stage18_dense/full_context_v2/seed_06/stage18_ppo.history.json,1900,1851,1900,0.07413038528284233,-0.009134067022906882,0.16728454074947358,0.2989029115997255,0.0068150763981975615,0.0608948972741408,100,2000,-13.632289651577683,-0.1291821224607439,96.55,0,0
Dense,seed_06,results/stage18_dense/full_context_v2/seed_06/stage18_ppo.history.json,1950,1901,1950,0.0698522262474788,-0.008668201875739865,0.16715307442271815,0.23744056387970758,0.00950447959309843,0.05165655591658183,100,2000,-13.689877135903657,-0.1867696067867186,96.65,0,0
Dense,seed_06,results/stage18_dense/full_context_v2/seed_06/stage18_ppo.history.json,2000,1951,2000,0.08670108133082977,-0.009253904788887926,0.17587001635027782,0.18770652552644815,0.01006465665497152,0.05312500009313226,100,2000,-13.569750730090059,-0.06664320097311993,96.65,0,0
Dense,seed_07,results/stage18_dense/full_context_v2/seed_07/stage18_ppo.history.json,50,1,50,0.08226865742472,-0.002570834110624024,0.1759152539614206,0.21116428804816678,0.016469488342409022,0.04678664456254669,100,2000,-14.84081756112513,0.0,97.1,0,0
Dense,seed_07,results/stage18_dense/full_context_v2/seed_07/stage18_ppo.history.json,100,51,100,0.09392392389210208,-0.00456149284062641,0.22185370557963324,0.24404604521325743,0.011020714795449749,0.042201450892857144,100,2000,-14.14499711684667,0.6958204442784606,96.89999999999999,0,0
Dense,seed_07,results/stage18_dense/full_context_v2/seed_07/stage18_ppo.history.json,150,101,150,0.06386975569538272,-0.01006695348561542,0.16239679065620294,0.17844246233289596,0.010255672204948496,0.03287760424427688,100,2000,-14.383817170580677,0.45700039054445263,97.1,0,0
Dense,seed_07,results/stage18_dense/full_context_v2/seed_07/stage18_ppo.history.json,200,151,200,0.0865571702472932,-0.00502729056669133,0.17854367423569784,0.27827704272099907,0.008314335801904755,0.03987630223855376,100,2000,-13.77853542916926,1.06228213195587,96.55,0,0
Dense,seed_07,results/stage18_dense/full_context_v2/seed_07/stage18_ppo.history.json,250,201,250,0.08117938952896761,-0.0071452016459910995,0.17405001925570623,0.3323224585666529,0.007691970623065052,0.04296875,100,2000,-13.013019499332266,1.8277980617928637,96.55,0,0
Dense,seed_07,results/stage18_dense/full_context_v2/seed_07/stage18_ppo.history.json,300,251,300,0.07915636311008711,-0.0052924592580114085,0.1722364421657403,0.3542048744192081,0.004776844577983346,0.028705087091241564,100,2000,-13.2901540039591,1.550663557166029,97.3,0,0
Dense,seed_07,results/stage18_dense/full_context_v2/seed_07/stage18_ppo.history.json,350,301,350,0.07575146506990547,-0.004384752113505133,0.16155933548829385,0.27475792012831335,0.004274381357910377,0.03103833133354783,100,2000,-13.40158962015293,1.4392279409722004,97.39999999999999,0,0
Dense,seed_07,results/stage18_dense/full_context_v2/seed_07/stage18_ppo.history.json,400,351,400,0.0775351492297237,-0.004552365580041493,0.15406169865413435,0.3060490773724658,0.00565934650928414,0.03955078125,100,2000,-13.396301639693784,1.4445159214313463,97.1,0,0
Dense,seed_07,results/stage18_dense/full_context_v2/seed_07/stage18_ppo.history.json,450,401,450,0.1011637055614431,-0.00629354255007846,0.20925005216849968,0.3201951945666224,0.003534894107360742,0.03997602526630674,100,2000,-14.557406935052645,0.28341062607248446,96.45,0,0
Dense,seed_07,results/stage18_dense/full_context_v2/seed_07/stage18_ppo.history.json,500,451,500,0.07189997805835446,-0.0068883277542356935,0.16566815662372392,0.31463752130594,0.005075737634797406,0.03437500004656613,100,2000,-13.487388888157295,1.3534286729678353,96.7,0,0
Dense,seed_07,results/stage18_dense/full_context_v2/seed_07/stage18_ppo.history.json,550,501,550,0.09627975300099934,-0.005148200833770846,0.19167682321858592,0.29411000182685754,0.007436601212248206,0.03401692723855376,100,2000,-13.555455706069925,1.2853618550552053,96.6,0,0
Dense,seed_07,results/stage18_dense/full_context_v2/seed_07/stage18_ppo.history.json,600,551,600,0.0927366093674209,-0.0064816604967096025,0.18936774001589843,0.26915577870048946,0.003837365066374332,0.0341796875,100,2000,-14.17316213067806,0.6676554304470699,96.45,0,0
Dense,seed_07,results/stage18_dense/full_context_v2/seed_07/stage18_ppo.history.json,650,601,650,0.09951713972259313,-0.004989607725292444,0.20400613571109716,0.3788037010697644,0.007165636532533881,0.03974609379656613,100,2000,-13.928426363645556,0.9123911974795735,96.45,0,0
Dense,seed_07,results/stage18_dense/full_context_v2/seed_07/stage18_ppo.history.json,700,651,700,0.09839532929254347,-0.005611091483193117,0.2158476318581961,0.3553733606656481,0.0052875366527587175,0.04307675680943898,100,2000,-13.770414240046852,1.0704033210782775,96.5,0,0
Dense,seed_07,results/stage18_dense/full_context_v2/seed_07/stage18_ppo.history.json,750,701,750,0.08455783602403244,-0.007284685669999038,0.1843558654654771,0.28535363625269383,0.004897052688258035,0.035435267857142856,100,2000,-13.809403399097954,1.0314141620271755,96.55,0,0
Dense,seed_07,results/stage18_dense/full_context_v2/seed_07/stage18_ppo.history.json,800,751,800,0.08965483966000777,-0.007881817607475179,0.19675394374644384,0.30757540768744157,0.0037248756052576937,0.03229631696428571,100,2000,-14.016769508957536,0.8240480521675941,96.65,0,0
Dense,seed_07,results/stage18_dense/full_context_v2/seed_07/stage18_ppo.history.json,850,801,850,0.09929606930745649,-0.006557673687763912,0.21551848628691264,0.2491277717687938,0.006366569912643172,0.035435267857142856,100,2000,-13.968322619112515,0.8724949420126151,96.39999999999999,0,0
Dense,seed_07,results/stage18_dense/full_context_v2/seed_07/stage18_ppo.history.json,900,851,900,0.08895108385799436,-0.005244707709477683,0.1897332261225009,0.2664498484446085,0.008857327873556642,0.03621218825823494,100,2000,-14.889208840015343,-0.048391278890212774,95.85000000000001,0,0
Dense,seed_07,results/stage18_dense/full_context_v2/seed_07/stage18_ppo.history.json,950,901,950,0.08802979585016146,-0.007443990180036053,0.19026356977078,0.3018333816102573,0.005097226572356054,0.040943287046892304,100,2000,-13.38518986510014,1.4556276960249903,96.39999999999999,0,0
Dense,seed_07,results/stage18_dense/full_context_v2/seed_07/stage18_ppo.history.json,1000,951,1000,0.07924479941721074,-0.007286929093035204,0.19541045179357752,0.3239624243792605,0.005619948322419077,0.03927851361887795,100,2000,-13.433176221121059,1.407641340004071,96.39999999999999,0,0
Dense,seed_07,results/stage18_dense/full_context_v2/seed_07/stage18_ppo.history.json,1050,1001,1050,0.08749409314571364,-0.007320428832567164,0.1863034458531599,0.30247701671240584,0.0053633770772389,0.04529655628305461,100,2000,-13.586942915817062,1.253874645308068,96.45,0,0
Dense,seed_07,results/stage18_dense/full_context_v2/seed_07/stage18_ppo.history.json,1100,1051,1100,0.10288044168737542,-0.003213956777472049,0.1886603875318542,0.26615133728565915,0.0044818510505137965,0.03681640629656613,100,2000,-13.570796142941461,1.2700214181836689,96.45,0,0
Dense,seed_07,results/stage18_dense/full_context_v2/seed_07/stage18_ppo.history.json,1150,1101,1150,0.07366789758296882,-0.008657437090213145,0.20236391729849856,0.27924720785813406,0.004197670902243544,0.03857886910970722,100,2000,-13.694955974121545,1.1458615870035853,96.39999999999999,0,0
Dense,seed_07,results/stage18_dense/full_context_v2/seed_07/stage18_ppo.history.json,1200,1151,1200,0.10425454669010442,-0.0037550058914348483,0.2037684170063585,0.31523234071210027,0.004540349965931714,0.0400390625,100,2000,-13.880998800585346,0.9598187605397843,96.39999999999999,0,0
Dense,seed_07,results/stage18_dense/full_context_v2/seed_07/stage18_ppo.history.json,1250,1201,1250,0.09382898014051275,-0.008274207024702003,0.2046203699903799,0.3425300250701184,0.008766348569354574,0.04833984375,100,2000,-13.867268168044333,0.9735493930807966,96.5,0,0
Dense,seed_07,results/stage18_dense/full_context_v2/seed_07/stage18_ppo.history.json,1300,1251,1300,0.07972614536681379,-0.005493625969393179,0.1732146276127813,0.30436815968070213,0.0042240695329383016,0.0458984375,100,2000,-13.383921295633051,1.4568962654920785,96.55,0,0
Dense,seed_07,results/stage18_dense/full_context_v2/seed_07/stage18_ppo.history.json,1350,1301,1350,0.0775914901813459,-0.006081802770495415,0.17692763599500594,0.27506545028050566,0.005497788503167352,0.04345703125,100,2000,-13.645601944080324,1.1952156170448056,96.39999999999999,0,0
Dense,seed_07,results/stage18_dense/full_context_v2/seed_07/stage18_ppo.history.json,1400,1351,1400,0.08131772140404792,-0.006813928218824523,0.18103260616771877,0.24055503966121705,0.007703213527747721,0.0458984375,100,2000,-13.790441095132502,1.0503764659926276,96.39999999999999,0,0
Dense,seed_07,results/stage18_dense/full_context_v2/seed_07/stage18_ppo.history.json,1450,1401,1450,0.09987890688145334,-0.004324903433111363,0.2208863241248764,0.28576045030162534,0.007550726744479367,0.04279773895229612,100,2000,-13.659697672630864,1.1811198884942655,96.39999999999999,0,0
Dense,seed_07,results/stage18_dense/full_context_v2/seed_07/stage18_ppo.history.json,1500,1451,1500,0.08401023539980607,-0.00883136480115354,0.20290424626728054,0.25706058913575747,0.0053025155696850845,0.04867001503173794,100,2000,-13.632049858755792,1.2087677023693377,96.5,0,0
Dense,seed_07,results/stage18_dense/full_context_v2/seed_07/stage18_ppo.history.json,1550,1501,1550,0.09920192791988874,-0.005928403465077281,0.2044706739751356,0.2296557379886508,0.007763516797110372,0.04590293778372663,100,2000,-13.73151074018172,1.1093068209434094,96.5,0,0
Dense,seed_07,results/stage18_dense/full_context_v2/seed_07/stage18_ppo.history.json,1600,1551,1600,0.09823744444500854,-0.006882537954619953,0.20974386091984343,0.22375861508771777,0.005460571432195138,0.04443359375,100,2000,-13.971300915062542,0.8695166460625874,96.5,0,0
Dense,seed_07,results/stage18_dense/full_context_v2/seed_07/stage18_ppo.history.json,1650,1601,1650,0.08719172095568085,-0.006943269898848874,0.20300947288342286,0.21748051666353213,0.0037465820932993665,0.041209137333290916,100,2000,-13.872363143511206,0.9684544176139234,96.5,0,0
Dense,seed_07,results/stage18_dense/full_context_v2/seed_07/stage18_ppo.history.json,1700,1651,1700,0.0780863908585161,-0.007646045805553773,0.16939087486493268,0.18357586241472745,0.005770272007794119,0.04218750004656613,100,2000,-14.147838561849696,0.692978999275434,96.5,0,0
Dense,seed_07,results/stage18_dense/full_context_v2/seed_07/stage18_ppo.history.json,1750,1701,1750,0.08372750167992699,-0.006791628847297813,0.1912796365650138,0.19469194071054208,0.00431321159703657,0.044782366071428575,100,2000,-13.931053494752462,0.9097640663726683,96.45,0,0
Dense,seed_07,results/stage18_dense/full_context_v2/seed_07/stage18_ppo.history.json,1800,1751,1800,0.08711345797720631,-0.006758403798033084,0.17558807470569654,0.16332776192575693,0.004694640407251427,0.04010881696428571,100,2000,-13.97162495922171,0.8691926019034195,96.45,0,0
Dense,seed_07,results/stage18_dense/full_context_v2/seed_07/stage18_ppo.history.json,1850,1801,1850,0.0855619606653428,-0.007091340076710497,0.2044533092121128,0.15851169615884178,0.004658814410504419,0.03532118682882615,100,2000,-13.796742046727136,1.0440755143979938,96.39999999999999,0,0
Dense,seed_07,results/stage18_dense/full_context_v2/seed_07/stage18_ppo.history.json,1900,1851,1900,0.0807530758138455,-0.011043056546311294,0.18922119890339673,0.18960529286016103,0.004904804710089853,0.04042769462934562,100,2000,-13.751013047584895,1.0898045135402352,96.5,0,0
Dense,seed_07,results/stage18_dense/full_context_v2/seed_07/stage18_ppo.history.json,1950,1901,1950,0.08819819824111619,-0.006326274189632386,0.1983370015098314,0.18775138997092913,0.0070107357875843134,0.044921875,100,2000,-13.83128924378772,1.0095283173374092,96.65,0,0
Dense,seed_07,results/stage18_dense/full_context_v2/seed_07/stage18_ppo.history.json,2000,1951,2000,0.07930816103908,-0.007064498062910778,0.16804288607090712,0.1822884169367691,0.00827727176199135,0.04343377991712519,100,2000,-13.715701523971548,1.1251160371535818,96.6,0,0
Dense,seed_08,results/stage18_dense/full_context_v2/seed_08/stage18_ppo.history.json,50,1,50,0.10073291376933671,-0.002641949336975813,0.20275779786918846,0.2613902553130174,0.01778889380719712,0.04511718754656613,100,2000,-18.333766620938736,0.0,96.7,0,0
Dense,seed_08,results/stage18_dense/full_context_v2/seed_08/stage18_ppo.history.json,100,51,100,0.07636909133361769,-0.004583937648151602,0.15930579258565558,0.26002362635335885,0.011615804251050577,0.037085321731865406,100,2000,-16.556235395512545,1.7775312254261912,96.45,0,0
Dense,seed_08,results/stage18_dense/full_context_v2/seed_08/stage18_ppo.history.json,150,101,150,0.0690610916395339,-0.006807777365403516,0.15495603009185288,0.2772050818104097,0.008045732116443105,0.035421317210420966,100,2000,-14.785715809523527,3.5480508114152087,96.6,0,0
Dense,seed_08,results/stage18_dense/full_context_v2/seed_08/stage18_ppo.history.json,200,151,200,0.07612946516435061,-0.004987521812186709,0.1684068350212848,0.30788640548231305,0.009075630552615621,0.0390625,100,2000,-14.374838516911652,3.958928104027084,96.5,0,0
Dense,seed_08,results/stage18_dense/full_context_v2/seed_08/stage18_ppo.history.json,250,201,250,0.07667615001680263,-0.004722753173804709,0.17821491326737615,0.3318582834908739,0.010308989705663407,0.041733420853103914,100,2000,-14.254420455169827,4.079346165768909,96.35000000000001,0,0
Dense,seed_08,results/stage18_dense/full_context_v2/seed_08/stage18_ppo.history.json,300,251,300,0.07921740030412495,-0.00388274052446442,0.1717340083559975,0.3203364476781124,0.0090508795858893,0.04100119315886072,100,2000,-13.760235226510062,4.573531394428674,97.15,0,0
Dense,seed_08,results/stage18_dense/full_context_v2/seed_08/stage18_ppo.history.json,350,301,350,0.06579465843969956,-0.0074718317150005275,0.15259333289993393,0.26727358725786743,0.009915944879009788,0.041015625,100,2000,-13.564877701793007,4.768888919145729,96.65,0,0
Dense,seed_08,results/stage18_dense/full_context_v2/seed_08/stage18_ppo.history.json,400,351,400,0.06644993545705802,-0.004457967588678002,0.14739743953578,0.3181597334543572,0.00592734919700888,0.03554327466658183,100,2000,-14.140871833914021,4.192894787024715,97.05,0,0
Dense,seed_08,results/stage18_dense/full_context_v2/seed_08/stage18_ppo.history.json,450,401,450,0.06075419036122704,-0.00874548331401976,0.1470028494950384,0.33918184938374907,0.008775387454079464,0.040736607142857144,100,2000,-13.425335681746017,4.908430939192719,96.65,0,0
Dense,seed_08,results/stage18_dense/full_context_v2/seed_08/stage18_ppo.history.json,500,451,500,0.0836991730320733,-0.004921991529824612,0.17335804554750212,0.38422136926757433,0.00357492325201747,0.035804291388818195,100,2000,-13.622717446970011,4.711049173968725,96.5,0,0
Dense,seed_08,results/stage18_dense/full_context_v2/seed_08/stage18_ppo.history.json,550,501,550,0.09041958435721295,-0.006195048365043476,0.1921188377475898,0.2768624993041158,0.00889704677683767,0.0390625,100,2000,-14.030173105914114,4.303593515024621,96.5,0,0
Dense,seed_08,results/stage18_dense/full_context_v2/seed_08/stage18_ppo.history.json,600,551,600,0.09537659514587306,-0.0054645465154732975,0.18997949881512405,0.24438031669706106,0.009785014817940203,0.03564453125,100,2000,-13.878507938839231,4.455258682099505,96.45,0,0
Dense,seed_08,results/stage18_dense/full_context_v2/seed_08/stage18_ppo.history.json,650,601,650,0.08797927566774888,-0.006213063590361603,0.1753163501187893,0.24954820497493657,0.007235383537794959,0.036481584821428575,100,2000,-16.05302172886693,2.280744892071805,96.35000000000001,0,0
Dense,seed_08,results/stage18_dense/full_context_v2/seed_08/stage18_ppo.history.json,700,651,700,0.09705206255395232,-0.003620689597612779,0.2079469810705632,0.2521483411749361,0.011085076930092847,0.03597470253173794,100,2000,-14.302906663192484,4.030859957746252,96.89999999999999,0,0
Dense,seed_08,results/stage18_dense/full_context_v2/seed_08/stage18_ppo.history.json,750,701,750,0.08855559595186996,-0.0024074362590909004,0.16822824199750486,0.22466255285992565,0.00607897006557323,0.03376116071428571,100,2000,-13.474836119689938,4.858930501248798,96.39999999999999,0,0
Dense,seed_08,results/stage18_dense/full_context_v2/seed_08/stage18_ppo.history.json,800,751,800,0.08650463451340329,-0.005001634442513543,0.16957836266374215,0.27635381990238617,0.0059021651850343915,0.03125,100,2000,-12.870272922601147,5.463493698337588,96.55,0,0
Dense,seed_08,results/stage18_dense/full_context_v2/seed_08/stage18_ppo.history.json,850,801,850,0.08511756178424029,-0.006667457159242726,0.17546361149288714,0.20818366626626533,0.0036687105332800585,0.031880040253911696,100,2000,-13.607295788156819,4.726470832781917,96.6,0,0
Dense,seed_08,results/stage18_dense/full_context_v2/seed_08/stage18_ppo.history.json,900,851,900,0.07253560838944395,-0.006621807680598327,0.1548801780570232,0.280633532238514,0.0080413855396273,0.042201450892857144,100,2000,-13.021739139397862,5.3120274815408735,96.5,0,0
Dense,seed_08,results/stage18_dense/full_context_v2/seed_08/stage18_ppo.history.json,950,901,950,0.06503994240483735,-0.007853434653952718,0.17516970250289887,0.2677554514630174,0.006847476277893553,0.03681640629656613,100,2000,-13.174528064021548,5.159238556917188,96.45,0,0
Dense,seed_08,results/stage18_dense/full_context_v2/seed_08/stage18_ppo.history.json,1000,951,1000,0.07240218402668169,-0.010082928729908808,0.16554133911267854,0.29637829994317144,0.005562963560805656,0.04292064346373081,100,2000,-13.538012722364655,4.79575389857408,96.45,0,0
Dense,seed_08,results/stage18_dense/full_context_v2/seed_08/stage18_ppo.history.json,1050,1001,1050,0.08751801093187948,-0.009570725813059004,0.1814001795469916,0.28746188000326356,0.004738582429126836,0.04066220271800246,100,2000,-13.42314537042559,4.910621250513145,96.6,0,0
Dense,seed_08,results/stage18_dense/full_context_v2/seed_08/stage18_ppo.history.json,1100,1051,1100,0.09068001697596628,-0.007076984579076193,0.18415936046013875,0.2458979048533365,0.0068242565154962775,0.04202473978511989,100,2000,-14.195972703179054,4.137793917759682,97.6,0,0
Dense,seed_08,results/stage18_dense/full_context_v2/seed_08/stage18_ppo.history.json,1150,1101,1150,0.07518584239733173,-0.01096448366297409,0.17844676261302084,0.2332539838462253,0.007291134945782167,0.04150390625,100,2000,-13.667074561106276,4.66669205983246,97.5,0,0
Dense,seed_08,results/stage18_dense/full_context_v2/seed_08/stage18_ppo.history.json,1200,1151,1200,0.06600433306812192,-0.008610578586480448,0.16776820954692084,0.26123595313653225,0.005119269764691126,0.04140625009313226,100,2000,-12.920609881303333,5.413156739635403,97.1,0,0
Dense,seed_08,results/stage18_dense/full_context_v2/seed_08/stage18_ppo.history.json,1250,1201,1250,0.09567883939598687,-0.008471725217532367,0.2110726417740807,0.2888609104141194,0.0037524341605603695,0.04513968883215316,100,2000,-13.94203562047084,4.391731000467896,97.25,0,0
Dense,seed_08,results/stage18_dense/full_context_v2/seed_08/stage18_ppo.history.json,1300,1251,1300,0.11213794042123482,-0.007358324314866747,0.24587104891543277,0.30733206501879196,0.0057300899290047315,0.04666573670692742,100,2000,-13.44505083765276,4.888715783285976,96.8,0,0
Dense,seed_08,results/stage18_dense/full_context_v2/seed_08/stage18_ppo.history.json,1350,1301,1350,0.08521783305332065,-0.007889936278973306,0.19504330135532655,0.269641961137365,0.004184785549897794,0.04427083348855376,100,2000,-13.270419893382643,5.063346727556093,96.8,0,0
Dense,seed_08,results/stage18_dense/full_context_v2/seed_08/stage18_ppo.history.json,1400,1351,1400,0.07000119244548841,-0.011463626512392824,0.18362850438071682,0.27985611898891094,0.007576235861051828,0.04718176980635949,100,2000,-12.885655483026193,5.448111137912543,96.75,0,0
Dense,seed_08,results/stage18_dense/full_context_v2/seed_08/stage18_ppo.history.json,1450,1401,1450,0.08459025357296923,-0.007037362848807658,0.18186865269672126,0.2538815749410008,0.006113403414409342,0.044642857142857144,100,2000,-12.925585661200856,5.40818095973788,97.0,0,0
Dense,seed_08,results/stage18_dense/full_context_v2/seed_08/stage18_ppo.history.json,1500,1451,1500,0.06724446239448817,-0.008795825115937208,0.15302282678229467,0.25821894396559386,0.003763601830249692,0.0478515625,100,2000,-13.159610815312913,5.174155805625823,96.89999999999999,0,0
Dense,seed_08,results/stage18_dense/full_context_v2/seed_08/stage18_ppo.history.json,1550,1501,1550,0.07295695873108343,-0.008905562039996897,0.16432673658709973,0.2109883488216564,0.005912796685151989,0.04815833207352885,100,2000,-12.532948596716746,5.800818024221989,97.7,0,0
Dense,seed_08,results/stage18_dense/full_context_v2/seed_08/stage18_ppo.history.json,1600,1551,1600,0.0716165775416552,-0.009111372626128806,0.15977678887013877,0.2286785063199464,0.006953613286896143,0.05270287288086755,100,2000,-12.872458183606456,5.4613084373322796,97.15,0,0
Dense,seed_08,results/stage18_dense/full_context_v2/seed_08/stage18_ppo.history.json,1650,1601,1650,0.08295239924960437,-0.007134607527405024,0.1890658855700167,0.2562236968660727,0.004477735885302536,0.04978143616712519,100,2000,-13.25090531052584,5.082861310412897,97.05,0,0
Dense,seed_08,results/stage18_dense/full_context_v2/seed_08/stage18_ppo.history.json,1700,1651,1700,0.08467091167611734,-0.009260717417678928,0.1927352958362982,0.27175120827277105,0.005396650879577334,0.04813058045692742,100,2000,-13.4400291533695,4.893737467569236,96.39999999999999,0,0
Dense,seed_08,results/stage18_dense/full_context_v2/seed_08/stage18_ppo.history.json,1750,1701,1750,0.0732460570101726,-0.014691834770409124,0.18149042373988777,0.2738289939276326,0.006394079445434337,0.047313988142247715,100,2000,-13.192710091047754,5.141056529890982,96.45,0,0
Dense,seed_08,results/stage18_dense/full_context_v2/seed_08/stage18_ppo.history.json,1800,1751,1800,0.08945252062819366,-0.010759438753926327,0.20045051627676003,0.2516374752676182,0.006895615604922308,0.04926525345737381,100,2000,-13.059282827597361,5.274483793341375,96.5,0,0
Dense,seed_08,results/stage18_dense/full_context_v2/seed_08/stage18_ppo.history.json,1850,1801,1850,0.076368961874063,-0.011366226909948247,0.1828665288630873,0.2571123480904914,0.007788826845691281,0.06093750009313226,100,2000,-13.059217649481702,5.274548971457033,96.75,0,0
Dense,seed_08,results/stage18_dense/full_context_v2/seed_08/stage18_ppo.history.json,1900,1851,1900,0.06447891273637651,-0.01234900759300217,0.16851033223065315,0.25232643141810385,0.007542767103586812,0.06331380223855376,100,2000,-13.261949673102727,5.071816947836009,96.89999999999999,0,0
Dense,seed_08,results/stage18_dense/full_context_v2/seed_08/stage18_ppo.history.json,1950,1901,1950,0.08732693350611953,-0.009113689497878243,0.1874211289260919,0.21592584884559818,0.009730301851959666,0.05289713549427688,100,2000,-12.552438332858179,5.781328288080557,97.1,0,0
Dense,seed_08,results/stage18_dense/full_context_v2/seed_08/stage18_ppo.history.json,2000,1951,2000,0.07279743979597697,-0.00980298567031111,0.1432526052230969,0.23645748475077458,0.007325328928800445,0.05138578884569662,100,2000,-12.917310309633455,5.41645631130528,96.39999999999999,0,0
Dense,seed_09,results/stage18_dense/full_context_v2/seed_09/stage18_ppo.history.json,50,1,50,0.05591925034085372,-0.005937278802905764,0.1311666434048675,0.4767461129679873,0.010599803023978893,0.057868303963914514,100,2000,-14.21971513551078,0.0,97.6,0,0
Dense,seed_09,results/stage18_dense/full_context_v2/seed_09/stage18_ppo.history.json,100,51,100,0.05596599816635717,-0.006157897279730864,0.1234348450255181,0.2813284840168697,0.010590653262624983,0.0377185641388808,100,2000,-14.10865136062406,0.11106377488671981,96.7,0,0
Dense,seed_09,results/stage18_dense/full_context_v2/seed_09/stage18_ppo.history.json,150,101,150,0.06963592661694357,-0.003606545190060777,0.13291341458846417,0.25935579437230316,0.010831266983132082,0.042038690631410906,100,2000,-24.72882932532835,-10.509114189817568,99.4,0,0
Dense,seed_09,results/stage18_dense/full_context_v2/seed_09/stage18_ppo.history.json,200,151,200,0.0718471016391829,-0.006242873779098903,0.15452675840684346,0.272873276961036,0.006776451477662704,0.03662109375,100,2000,-13.749196600259275,0.47051853525150555,97.55,0,0
Dense,seed_09,results/stage18_dense/full_context_v2/seed_09/stage18_ppo.history.json,250,201,250,0.07372445758716951,-0.0060838088393211365,0.16378023191594238,0.39034435238655923,0.00426192917075241,0.03076171875,100,2000,-14.245594517744093,-0.02587938223331321,96.25,0,0
Dense,seed_09,results/stage18_dense/full_context_v2/seed_09/stage18_ppo.history.json,300,251,300,0.07040727944175679,-0.005964093316184258,0.14554637002038362,0.277638869008797,0.005109808883730693,0.030141625719677125,100,2000,-13.960132497777868,0.2595826377329118,96.45,0,0
Dense,seed_09,results/stage18_dense/full_context_v2/seed_09/stage18_ppo.history.json,350,301,350,0.07666997918204288,-0.004796169338078471,0.15576571478907553,0.2206734563592363,0.007213817283627577,0.03369140625,100,2000,-13.664614321743011,0.5551008137677691,96.45,0,0
Dense,seed_09,results/stage18_dense/full_context_v2/seed_09/stage18_ppo.history.json,400,351,400,0.07514301751091677,-0.00415639572643808,0.18472973367897794,0.2846202552318573,0.00940232929756998,0.03857421875,100,2000,-16.298396514729337,-2.0786813792185566,96.35000000000001,0,0
Dense,seed_09,results/stage18_dense/full_context_v2/seed_09/stage18_ppo.history.json,450,401,450,0.0809358663121072,-0.006424285313447139,0.17515829170588404,0.2570381547960876,0.008429111613492881,0.03373325902170368,100,2000,-17.465613536227597,-3.2458984007168166,97.35000000000001,0,0
Dense,seed_09,results/stage18_dense/full_context_v2/seed_09/stage18_ppo.history.json,500,451,500,0.0945781077753054,-0.005445005338905113,0.19973207410657778,0.29229058696988175,0.008476932038320228,0.043736049107142856,100,2000,-13.660430595054331,0.5592845404564493,96.75,0,0
Dense,seed_09,results/stage18_dense/full_context_v2/seed_09/stage18_ppo.history.json,550,501,550,0.07882414653431624,-0.0055970094399526715,0.17156864125614188,0.418721605790779,0.006392470473656431,0.03934151795692742,100,2000,-14.840348814186443,-0.620633678675663,96.85000000000001,0,0
Dense,seed_09,results/stage18_dense/full_context_v2/seed_09/stage18_ppo.history.json,600,551,600,0.0823718650603301,-0.006873082057739208,0.1661326545706418,0.4398921185805063,0.007220036461668704,0.042429315724543164,100,2000,-15.69473492221172,-1.4750197867009405,96.95,0,0
Dense,seed_09,results/stage18_dense/full_context_v2/seed_09/stage18_ppo.history.json,650,601,650,0.05313740846239463,-0.006736882064225418,0.1387485436696027,0.40567831532098353,0.005749984229623806,0.03181028578962598,100,2000,-13.77456773488831,0.4451474006224707,96.55,0,0
Dense,seed_09,results/stage18_dense/full_context_v2/seed_09/stage18_ppo.history.json,700,651,700,0.07552579479982212,-0.0016472344569982461,0.16006803110940382,0.3853550443891436,0.0026585139463090202,0.024587245990655253,100,2000,-13.654749085574206,0.5649660499365741,96.39999999999999,0,0
Dense,seed_09,results/stage18_dense/full_context_v2/seed_09/stage18_ppo.history.json,750,701,750,0.07387488993117586,-0.003810273949056864,0.15750404555417064,0.3671314186815705,0.003936763676392729,0.03305011508720262,100,2000,-13.97801183792873,0.24170329758205078,96.65,0,0
Dense,seed_09,results/stage18_dense/full_context_v2/seed_09/stage18_ppo.history.json,800,751,800,0.08499415167534607,-0.0050410948460921645,0.18260315926429826,0.31212312166046885,0.003371110905261178,0.035644531482830644,100,2000,-13.95869470078667,0.2610204347241094,96.45,0,0
Dense,seed_09,results/stage18_dense/full_context_v2/seed_09/stage18_ppo.history.json,850,801,850,0.07928335548162327,-0.0063310133825455394,0.17213418891852988,0.24677819479256868,0.004799562804691959,0.029715401785714288,100,2000,-14.425508761622655,-0.20579362611187513,96.6,0,0
Dense,seed_09,results/stage18_dense/full_context_v2/seed_09/stage18_ppo.history.json,900,851,900,0.079109408572549,-0.005297200787546379,0.16643295188271168,0.2554032447806094,0.0054361071925086435,0.03309461807033845,100,2000,-13.63960631289021,0.58010882262057,96.55,0,0
Dense,seed_09,results/stage18_dense/full_context_v2/seed_09/stage18_ppo.history.json,950,901,950,0.07854718561845532,-0.0015643593734629186,0.15720735962635704,0.2457203137436359,0.006423090405795457,0.03189772008252995,100,2000,-15.01454384587911,-0.7948287103683302,98.35000000000001,0,0
Dense,seed_09,results/stage18_dense/full_context_v2/seed_09/stage18_ppo.history.json,1000,951,1000,0.0983708765166479,-0.005677513620217464,0.2010831778170541,0.21136328325207743,0.00312332356998013,0.02978515625,100,2000,-13.623563423107717,0.5961517124030635,97.3,0,0
Dense,seed_09,results/stage18_dense/full_context_v2/seed_09/stage18_ppo.history.json,1050,1001,1050,0.06547874060925096,-0.01504665471293265,0.1653488154656121,0.2336978591138358,0.006538544787742597,0.03364329991329994,100,2000,-13.218211757466278,1.001503378044502,97.55,0,0
Dense,seed_09,results/stage18_dense/full_context_v2/seed_09/stage18_ppo.history.json,1100,1051,1100,0.07592794435913675,-0.008285664703830013,0.16711297612969897,0.22435837184296348,0.004752534965518862,0.03583984379656613,100,2000,-13.528396821507702,0.6913183140030785,97.25,0,0
Dense,seed_09,results/stage18_dense/full_context_v2/seed_09/stage18_ppo.history.json,1150,1101,1150,0.07096893664649023,-0.008212259904082333,0.149294094905989,0.255403977203449,0.0059283456007506175,0.033342633928571425,100,2000,-13.39544601475729,0.82426912075349,97.65,0,0
Dense,seed_09,results/stage18_dense/full_context_v2/seed_09/stage18_ppo.history.json,1200,1151,1200,0.08074910705909133,-0.00798596431403504,0.1896380855469033,0.2039179151624566,0.005169375571962779,0.03955078125,100,2000,-15.543543346609347,-1.3238282110985669,97.15,0,0
Dense,seed_09,results/stage18_dense/full_context_v2/seed_09/stage18_ppo.history.json,1250,1201,1250,0.07433938949907315,-0.004648823557155473,0.15565030596085955,0.2077164397149961,0.00646687032877123,0.033342633928571425,100,2000,-13.63910001584124,0.5806151196695399,96.89999999999999,0,0
Dense,seed_09,results/stage18_dense/full_context_v2/seed_09/stage18_ppo.history.json,1300,1251,1300,0.06889796402018483,-0.0058543782893139,0.14629134841795477,0.22958450477520126,0.00564238816296633,0.03310347581282258,100,2000,-13.7999320309854,0.41978310452538103,97.25,0,0
Dense,seed_09,results/stage18_dense/full_context_v2/seed_09/stage18_ppo.history.json,1350,1301,1350,0.0718987361989483,-0.006315630054034824,0.16447187642916106,0.1785774343830867,0.0051297642348799855,0.03434244799427688,100,2000,-13.939085485888684,0.2806296496220959,97.55,0,0
Dense,seed_09,results/stage18_dense/full_context_v2/seed_09/stage18_ppo.history.json,1400,1351,1400,0.0842826402222272,-0.00570868288299867,0.17707766743842512,0.15862152424057246,0.009278337401805663,0.03564453125,100,2000,-13.731343326500971,0.48837180900980925,96.7,0,0
Dense,seed_09,results/stage18_dense/full_context_v2/seed_09/stage18_ppo.history.json,1450,1401,1450,0.0700283585408345,-0.008159719041681716,0.15618758092335028,0.23159655685955322,0.0038553953078608316,0.04378255223855376,100,2000,-13.127789832977225,1.0919253025335554,97.5,0,0
Dense,seed_09,results/stage18_dense/full_context_v2/seed_09/stage18_ppo.history.json,1500,1451,1500,0.07704852741153445,-0.007364855813128608,0.17335400198187145,0.2738493621436547,0.00445796406217726,0.036830357142857144,100,2000,-13.26115490839252,0.9585602271182605,96.5,0,0
Dense,seed_09,results/stage18_dense/full_context_v2/seed_09/stage18_ppo.history.json,1550,1501,1550,0.07375500588386785,-0.007719018496572971,0.16668512682164355,0.23506694784639637,0.005408023910007387,0.0341796875,100,2000,-14.234329945398683,-0.014614809887902425,96.39999999999999,0,0
Dense,seed_09,results/stage18_dense/full_context_v2/seed_09/stage18_ppo.history.json,1600,1551,1600,0.0949037933189954,-0.007727704040007666,0.18926798657048494,0.20273956656464517,0.007668164651996838,0.0384944994667811,100,2000,-14.55712874661818,-0.3374136111073991,96.2,0,0
Dense,seed_09,results/stage18_dense/full_context_v2/seed_09/stage18_ppo.history.json,1650,1601,1650,0.09830165650055278,-0.007105174399579741,0.20891206955820962,0.27013302806361544,0.003860292985336855,0.040192522441170046,100,2000,-13.57369443536444,0.6460207001463409,96.3,0,0
Dense,seed_09,results/stage18_dense/full_context_v2/seed_09/stage18_ppo.history.json,1700,1651,1700,0.0745559639165419,-0.0066822660820824754,0.16728704952765838,0.2516315061945989,0.006529398757265881,0.03681640629656613,100,2000,-12.82423597821234,1.3954791572984409,96.39999999999999,0,0
Dense,seed_09,results/stage18_dense/full_context_v2/seed_09/stage18_ppo.history.json,1750,1701,1750,0.08287152952470933,-0.007097923591832763,0.1694106948270928,0.24236669840320246,0.007539241021731868,0.04303850466385484,100,2000,-13.203947316287772,1.015767819223008,97.3,0,0
Dense,seed_09,results/stage18_dense/full_context_v2/seed_09/stage18_ppo.history.json,1800,1751,1800,0.08826399517212329,-0.007375956030695565,0.19587255522076572,0.21552946697123848,0.007927546444989275,0.04414062504656613,100,2000,-14.172718773686112,0.04699636182466804,97.0,0,0
Dense,seed_09,results/stage18_dense/full_context_v2/seed_09/stage18_ppo.history.json,1850,1801,1850,0.07929221455742663,-0.006935667986648956,0.17765010767470812,0.22569517680260887,0.006083571034309898,0.04059709821428571,100,2000,-13.590625726690444,0.6290894088203363,97.15,0,0
Dense,seed_09,results/stage18_dense/full_context_v2/seed_09/stage18_ppo.history.json,1900,1851,1900,0.07691909957793541,-0.007219653996539169,0.17661158845294267,0.23768986606072368,0.0043341400284719256,0.04450334841385484,100,2000,-14.584571866586696,-0.3648567310759159,97.8,0,0
Dense,seed_09,results/stage18_dense/full_context_v2/seed_09/stage18_ppo.history.json,1950,1901,1950,0.09013084400794469,-0.005995428530565863,0.19357653444084072,0.21209067008088978,0.005952073959633708,0.04250071996024676,100,2000,-13.663001234822467,0.5567139006883135,97.55,0,0
Dense,seed_09,results/stage18_dense/full_context_v2/seed_09/stage18_ppo.history.json,2000,1951,2000,0.07100370868907444,-0.010711804647663874,0.16526374681104372,0.2226647235438577,0.00851599796442315,0.04296875,100,2000,-13.869552782115074,0.35016235339570656,97.2,0,0
Dense,seed_10,results/stage18_dense/full_context_v2/seed_10/stage18_ppo.history.json,50,1,50,0.09415826752228895,-0.003882230176324291,0.18066369195003062,0.2743146892612377,0.009482323252086644,0.03820920742249914,100,2000,-15.191088464173966,0.0,96.6,0,0
Dense,seed_10,results/stage18_dense/full_context_v2/seed_10/stage18_ppo.history.json,100,51,100,0.064330243029482,-0.006153460858123643,0.14871905873224023,0.3454359776307163,0.005970959241884495,0.028222656343132257,100,2000,-15.036895633594511,0.1541928305794542,96.6,0,0
Dense,seed_10,results/stage18_dense/full_context_v2/seed_10/stage18_ppo.history.json,150,101,150,0.08259033331082069,-0.0028594210951788618,0.18113457327126525,0.4262167850974947,0.006086934052291326,0.03583984379656613,100,2000,-15.382529967761052,-0.191441503587086,97.55,0,0
Dense,seed_10,results/stage18_dense/full_context_v2/seed_10/stage18_ppo.history.json,200,151,200,0.07440663191456615,-0.004998535724943005,0.15417248103767633,0.39994840603529674,0.005380673250848693,0.042875744202839475,100,2000,-14.256057363757964,0.9350311004160012,96.75,0,0
Dense,seed_10,results/stage18_dense/full_context_v2/seed_10/stage18_ppo.history.json,250,201,250,0.07663656910049862,-0.007832104040841972,0.1690763742371928,0.26600277674151585,0.007331782490837213,0.0340618264994451,100,2000,-14.35407151637369,0.8370169478002758,96.6,0,0
Dense,seed_10,results/stage18_dense/full_context_v2/seed_10/stage18_ppo.history.json,300,251,300,0.08917305257637054,-0.004598297552937376,0.19118855730630457,0.31416551347448163,0.005950867591309361,0.029971168309982334,100,2000,-16.321107632389833,-1.130019168215867,96.05,0,0
Dense,seed_10,results/stage18_dense/full_context_v2/seed_10/stage18_ppo.history.json,350,301,350,0.08849887683027191,-0.006264900988233941,0.20269544235634385,0.2882599075383041,0.007074956834133315,0.03076171875,100,2000,-15.005437931111455,0.18565053306251045,96.7,0,0
Dense,seed_10,results/stage18_dense/full_context_v2/seed_10/stage18_ppo.history.json,400,351,400,0.07085285276532106,-0.004237695896465863,0.1623098990530707,0.27214818007113145,0.004911376917516641,0.02807496927146401,100,2000,-14.149918654733694,1.0411698094402713,97.39999999999999,0,0
Dense,seed_10,results/stage18_dense/full_context_v2/seed_10/stage18_ppo.history.json,450,401,450,0.06618639923233006,-0.005951995163091591,0.16247778507386101,0.21392090844788722,0.007159908795074443,0.03095703129656613,100,2000,-15.120057211148255,0.07103125302571023,97.15,0,0
Dense,seed_10,results/stage18_dense/full_context_v2/seed_10/stage18_ppo.history.json,500,451,500,0.07880695316582985,-0.005522804401282753,0.1621142208044018,0.2454829186330052,0.006097488309023902,0.03974609379656613,100,2000,-14.068807219841686,1.1222812443322798,96.89999999999999,0,0
Dense,seed_10,results/stage18_dense/full_context_v2/seed_10/stage18_ppo.history.json,550,501,550,0.06372342296942536,-0.007649497993822609,0.15800717710953904,0.31705256362329237,0.007047139274488603,0.03466796875,100,2000,-13.5264458451956,1.664642618978366,96.7,0,0
Dense,seed_10,results/stage18_dense/full_context_v2/seed_10/stage18_ppo.history.json,600,551,600,0.07642122548713814,-0.0048243387469223565,0.1674141517141834,0.3440911148209125,0.00403238392482308,0.027622767857142856,100,2000,-13.75752916261356,1.4335593015604058,96.65,0,0
Dense,seed_10,results/stage18_dense/full_context_v2/seed_10/stage18_ppo.history.json,650,601,650,0.08682028466137126,-0.0038725059712305665,0.16979523050499015,0.2604400009066532,0.005345785364625044,0.030352492683700154,100,2000,-13.359335964742804,1.8317524994311611,96.5,0,0
Dense,seed_10,results/stage18_dense/full_context_v2/seed_10/stage18_ppo.history.json,700,651,700,0.08769976776238764,-0.004376593511551619,0.1938628884672653,0.1800274772353987,0.006351664314934169,0.02295146882534027,100,2000,-13.52803922220083,1.6630492419731358,96.6,0,0
Dense,seed_10,results/stage18_dense/full_context_v2/seed_10/stage18_ppo.history.json,750,701,750,0.09544402765563323,-0.0038589194882661104,0.1935015848139301,0.2123423980022972,0.014063467403632655,0.03238932299427688,100,2000,-13.291970707712087,1.8991177564618784,96.5,0,0
Dense,seed_10,results/stage18_dense/full_context_v2/seed_10/stage18_ppo.history.json,800,751,800,0.07521368307269377,-0.004800265555136971,0.1841695783296018,0.2103840935299307,0.0045254203396325465,0.033342633928571425,100,2000,-13.552354929750495,1.638733534423471,96.65,0,0
Dense,seed_10,results/stage18_dense/full_context_v2/seed_10/stage18_ppo.history.json,850,801,850,0.08352339586781454,-0.009053847752511501,0.202085557510145,0.290332431924071,0.0036477888061199337,0.03515625,100,2000,-14.22847833589327,0.962610128280696,96.5,0,0
Dense,seed_10,results/stage18_dense/full_context_v2/seed_10/stage18_ppo.history.json,900,851,900,0.09021756497012184,-0.006714086247874158,0.2304679393710103,0.303417130606249,0.004525440499037359,0.034373199833290916,100,2000,-14.171633574434612,1.0194548897393538,96.6,0,0
Dense,seed_10,results/stage18_dense/full_context_v2/seed_10/stage18_ppo.history.json,950,901,950,0.08406800199216896,-0.007559370083202209,0.18164737659390084,0.33651058841496706,0.0038556858718428494,0.0361328125,100,2000,-14.438745268408645,0.7523431957653202,96.45,0,0
Dense,seed_10,results/stage18_dense/full_context_v2/seed_10/stage18_ppo.history.json,1000,951,1000,0.10848677002026566,-0.0061952422838658094,0.21478988423768897,0.34705027379095554,0.002905077768705918,0.03955078125,100,2000,-14.963503318282937,0.22758514589102852,96.5,0,0
Dense,seed_10,results/stage18_dense/full_context_v2/seed_10/stage18_ppo.history.json,1050,1001,1050,0.06805267069388979,-0.009075786984924759,0.18475362377025054,0.34632697596680373,0.004996245502427752,0.038793103503329415,100,2000,-15.270078306722475,-0.07898984254850916,96.45,0,0
Dense,seed_10,results/stage18_dense/full_context_v2/seed_10/stage18_ppo.history.json,1100,1051,1100,0.08197796539336975,-0.008069316357640284,0.19256185663834913,0.24674921578844078,0.006217084895719641,0.03708147330741797,100,2000,-15.571057976181757,-0.3799695120077917,96.6,0,0
Dense,seed_10,results/stage18_dense/full_context_v2/seed_10/stage18_ppo.history.json,1150,1101,1150,0.08693480452555896,-0.0057859458361885375,0.1808657743801762,0.23576874687279006,0.006013674646965228,0.039897148231310506,100,2000,-15.610015184524917,-0.41892672035095124,96.5,0,0
Dense,seed_10,results/stage18_dense/full_context_v2/seed_10/stage18_ppo.history.json,1200,1151,1200,0.07696659829317859,-0.006084465621305364,0.1646637144149281,0.27997975236004485,0.005257263243298179,0.040941220408837714,100,2000,-15.152179892329064,0.038908571844901374,96.55,0,0
Dense,seed_10,results/stage18_dense/full_context_v2/seed_10/stage18_ppo.history.json,1250,1201,1250,0.09170435368183202,-0.0064401776845833016,0.20053462045533316,0.3131008549992527,0.006726896564941853,0.042759486607142856,100,2000,-14.024599167177183,1.166489296996783,96.75,0,0
Dense,seed_10,results/stage18_dense/full_context_v2/seed_10/stage18_ppo.history.json,1300,1251,1300,0.07913233446223396,-0.007630693027749658,0.17519419813262566,0.3111857590930802,0.005740978579914164,0.04121093754656613,100,2000,-13.635867921955132,1.5552205422188337,96.55,0,0
Dense,seed_10,results/stage18_dense/full_context_v2/seed_10/stage18_ppo.history.json,1350,1301,1350,0.06299437093548477,-0.006674485447417413,0.15116350129911943,0.38249878423188677,0.0029397744219750166,0.04378255223855376,100,2000,-14.319329755151184,0.8717587090227816,96.65,0,0
Dense,seed_10,results/stage18_dense/full_context_v2/seed_10/stage18_ppo.history.json,1400,1351,1400,0.06377365295182763,-0.010605629965929047,0.17303409784290125,0.32193067006301135,0.004363183164969087,0.042503720348966975,100,2000,-14.634541824771993,0.5565466394019722,96.55,0,0
Dense,seed_10,results/stage18_dense/full_context_v2/seed_10/stage18_ppo.history.json,1450,1401,1450,0.08725099407768408,-0.007147279437049292,0.18961347721051425,0.2986379298424424,0.0055689794606418475,0.03955078125,100,2000,-14.834780497388383,0.3563079667855824,96.45,0,0
Dense,seed_10,results/stage18_dense/full_context_v2/seed_10/stage18_ppo.history.json,1500,1451,1500,0.10021908247602239,-0.007400001798357283,0.2168896055627556,0.245858772424981,0.006190186054092399,0.033830915178571425,100,2000,-14.844543286391106,0.3465451777828594,96.45,0,0
Dense,seed_10,results/stage18_dense/full_context_v2/seed_10/stage18_ppo.history.json,1550,1501,1550,0.07756626293485169,-0.008731668058317155,0.18481537698036327,0.2522168282303028,0.007600260083563626,0.0434012277983129,100,2000,-14.485354650312244,0.7057338138617215,96.5,0,0
Dense,seed_10,results/stage18_dense/full_context_v2/seed_10/stage18_ppo.history.json,1600,1551,1600,0.08876454619530705,-0.0019784624912842575,0.18466405966319144,0.23062625456701166,0.005185004964005202,0.03548177098855376,100,2000,-14.64037752329872,0.5507109408752449,96.5,0,0
Dense,seed_10,results/stage18_dense/full_context_v2/seed_10/stage18_ppo.history.json,1650,1601,1650,0.0887859140348155,-0.00981586506324155,0.1908387850188384,0.22417318688323057,0.0037267607559832478,0.03859446996024676,100,2000,-13.9686778915152,1.2224105726587648,96.7,0,0
Dense,seed_10,results/stage18_dense/full_context_v2/seed_10/stage18_ppo.history.json,1700,1651,1700,0.07425939116365043,-0.008656816690095834,0.1788115871978724,0.23810292181691953,0.007171568273666448,0.04129689293248313,100,2000,-13.87274188113796,1.3183465830360053,96.6,0,0
Dense,seed_10,results/stage18_dense/full_context_v2/seed_10/stage18_ppo.history.json,1750,1701,1750,0.06515858935381402,-0.011570624982206417,0.15840555026079528,0.2760382704436779,0.005558291341003496,0.050013950892857144,100,2000,-14.175523027093437,1.0155654370805287,96.75,0,0
Dense,seed_10,results/stage18_dense/full_context_v2/seed_10/stage18_ppo.history.json,1800,1751,1800,0.0897472135028303,-0.0075130761002323455,0.18067417707061395,0.28809535747859627,0.008267377572337864,0.04910714295692742,100,2000,-13.6248477790087,1.5662406851652655,96.45,0,0
Dense,seed_10,results/stage18_dense/full_context_v2/seed_10/stage18_ppo.history.json,1850,1801,1850,0.08798955543794104,-0.010251709278756087,0.20813834923319519,0.2827064278119776,0.006146789123054727,0.04692900340471949,100,2000,-13.584525039193013,1.606563424980953,96.75,0,0
Dense,seed_10,results/stage18_dense/full_context_v2/seed_10/stage18_ppo.history.json,1900,1851,1900,0.08664129351382144,-0.011555081765566553,0.17760166044172365,0.26917017694995593,0.005156998711754568,0.048828125,100,2000,-13.534556101574504,1.656532362599462,96.55,0,0
Dense,seed_10,results/stage18_dense/full_context_v2/seed_10/stage18_ppo.history.json,1950,1901,1950,0.06860635278748564,-0.009951207420921752,0.16870192305084075,0.27178873809430515,0.004233972300426103,0.04622395848855376,100,2000,-13.383537671441818,1.8075507927321475,96.8,0,0
Dense,seed_10,results/stage18_dense/full_context_v2/seed_10/stage18_ppo.history.json,2000,1951,2000,0.079848647318743,-0.00847846831727241,0.1779842475662008,0.2532899115689735,0.005143478321510234,0.05078125,100,2000,-13.580518793441499,1.6105696707324668,96.65,0,0
Burst,seed_01,results/stage18_burst/full_context_v2/seed_01/stage18_ppo.history.json,50,1,50,0.009720843588833565,-0.0057277962332591414,0.03597795537539891,0.3494122774739351,0.016997111886407117,0.058567177038639784,100,2000,-87.0304909048156,0.0,96.8,0,0
Burst,seed_01,results/stage18_burst/full_context_v2/seed_01/stage18_ppo.history.json,100,51,100,0.0020694225760442874,-0.005680350786341088,0.02288364730442741,0.5025947509067399,0.009682318322510193,0.05589037721178361,100,2000,-78.94936593827843,8.08112496653716,96.7,0,0
Burst,seed_01,results/stage18_burst/full_context_v2/seed_01/stage18_ppo.history.json,150,101,150,0.008803751182443063,-0.006248866873128074,0.030303989287598858,0.39768984316703737,0.010970428719052246,0.046435335784086165,100,2000,-79.76078735494936,7.269703549866236,96.7,0,0
Burst,seed_01,results/stage18_burst/full_context_v2/seed_01/stage18_ppo.history.json,200,151,200,0.005248113585236882,-0.004596269257100565,0.028183842061220536,0.4306090123884912,0.010146838862315885,0.0473214286113424,100,2000,-80.39324235365322,6.637248551162372,97.7,0,0
Burst,seed_01,results/stage18_burst/full_context_v2/seed_01/stage18_ppo.history.json,250,201,250,0.004962502546342356,-0.008493467042821327,0.03166029184579938,0.476635892869256,0.011211440050309256,0.046903989144733975,100,2000,-80.06321474645668,6.967276158358914,98.25,0,0
Burst,seed_01,results/stage18_burst/full_context_v2/seed_01/stage18_ppo.history.json,300,251,300,0.006963442627152074,-0.005946866336411664,0.03692006494384259,0.47552146088509334,0.008281394261367885,0.038690476279173575,100,2000,-77.33839370683417,9.692097197981425,96.65,0,0
Burst,seed_01,results/stage18_burst/full_context_v2/seed_01/stage18_ppo.history.json,350,301,350,0.0034463697063204434,-0.006168019281522859,0.029565431443708285,0.40428468917629545,0.014918912590863847,0.046688988272632875,100,2000,-82.89698352259555,4.133507382220046,98.4,0,0
Burst,seed_01,results/stage18_burst/full_context_v2/seed_01/stage18_ppo.history.json,400,351,400,0.005953922160967653,-0.006290030931787831,0.029933155131792386,0.409442687210196,0.012014466670474837,0.048090278037956784,100,2000,-78.04664717735537,8.983843727460226,97.25,0,0
Burst,seed_01,results/stage18_burst/full_context_v2/seed_01/stage18_ppo.history.json,450,401,450,0.004437427248506407,-0.005871553073770234,0.029156856280418912,0.4268941075175202,0.009998666019652904,0.04743303571428571,100,2000,-77.10513493099192,9.92535597382367,96.5,0,0
Burst,seed_01,results/stage18_burst/full_context_v2/seed_01/stage18_ppo.history.json,500,451,500,0.0023181059929941383,-0.006833568697662226,0.028877109409742325,0.39803367793293937,0.013720097136683762,0.044084821428571425,100,2000,-76.69869828678402,10.331792618031571,96.65,0,0
Burst,seed_01,results/stage18_burst/full_context_v2/seed_01/stage18_ppo.history.json,550,501,550,0.00249347143593089,-0.00781666558967637,0.028624654564607353,0.48894032169066903,0.006363833526847884,0.04312818883252995,100,2000,-78.02676379304214,9.003727111773458,97.25,0,0
Burst,seed_01,results/stage18_burst/full_context_v2/seed_01/stage18_ppo.history.json,600,551,600,0.006108893932486396,-0.006647977346022214,0.030600148918373246,0.4071635212749243,0.008477197840774307,0.03845288138836622,100,2000,-76.58529375848747,10.445197146328127,97.15,0,0
Burst,seed_01,results/stage18_burst/full_context_v2/seed_01/stage18_ppo.history.json,650,601,650,0.006424828241246619,-0.007881555007770658,0.0342213103015508,0.40874667439124046,0.009466159578421087,0.04030257955725704,100,2000,-77.0144500398401,10.016040864975494,96.6,0,0
Burst,seed_01,results/stage18_burst/full_context_v2/seed_01/stage18_ppo.history.json,700,651,700,0.003918298736347684,-0.00647109506895677,0.029134977983111248,0.41950227637477966,0.009181806618081672,0.04602652468851634,100,2000,-77.82007973599585,9.210411168819746,96.3,0,0
Burst,seed_01,results/stage18_burst/full_context_v2/seed_01/stage18_ppo.history.json,750,701,750,0.004186873324215412,-0.006492295368973698,0.03305329322548849,0.37970555839794023,0.009456449920045478,0.04352678571428571,100,2000,-77.01111439984774,10.019376504967852,96.85000000000001,0,0
Burst,seed_01,results/stage18_burst/full_context_v2/seed_01/stage18_ppo.history.json,800,751,800,0.00542742180238877,-0.009485429693346044,0.03080394972182278,0.3895630622920816,0.009257672288055931,0.045031791286809106,100,2000,-77.81157613617502,9.218914768640573,96.65,0,0
Burst,seed_01,results/stage18_burst/full_context_v2/seed_01/stage18_ppo.history.json,850,801,850,0.006360810399720711,-0.0054324480283650615,0.03118926511212651,0.3764104110055736,0.008401979361743932,0.04087151720055512,100,2000,-76.6553401031428,10.375150801672788,97.05,0,0
Burst,seed_01,results/stage18_burst/full_context_v2/seed_01/stage18_ppo.history.json,900,851,900,0.00558313330319444,-0.008962650184652636,0.03460414079017937,0.3773578988787319,0.011174162148410969,0.04776213397937162,100,2000,-77.71915098422991,9.31133992058568,96.95,0,0
Burst,seed_01,results/stage18_burst/full_context_v2/seed_01/stage18_ppo.history.json,950,901,950,0.000964909658900329,-0.008884410652431791,0.03301393949160618,0.3820042551628181,0.006126150788207139,0.04876169256333794,100,2000,-78.6804024528497,8.350088451965888,97.1,0,0
Burst,seed_01,results/stage18_burst/full_context_v2/seed_01/stage18_ppo.history.json,1000,951,1000,0.001665102833482836,-0.011648899077304771,0.030400581921899823,0.3600225917263222,0.011932621188905606,0.053994554826723676,100,2000,-80.8096748820747,6.220816022740891,97.35000000000001,0,0
Burst,seed_01,results/stage18_burst/full_context_v2/seed_01/stage18_ppo.history.json,1050,1001,1050,0.000932090583124331,-0.010732879496312568,0.03408546423140381,0.42629945278167725,0.008776941795563938,0.054315476545265744,100,2000,-84.77876541438391,2.2517254904316815,98.45,0,0
Burst,seed_01,results/stage18_burst/full_context_v2/seed_01/stage18_ppo.history.json,1100,1051,1100,0.0055722043949312395,-0.011138775352654713,0.03746548917843029,0.5092798681849715,0.008478660047980417,0.05472470254504255,100,2000,-91.13878722378804,-4.1082963189724495,97.45,0,0
Burst,seed_01,results/stage18_burst/full_context_v2/seed_01/stage18_ppo.history.json,1150,1101,1150,0.0065890424552240544,-0.010012222869720842,0.039103326171503534,0.4824677856487207,0.011931284147846912,0.06111206540039607,100,2000,-87.02475462155549,0.005736283260105779,96.95,0,0
Burst,seed_01,results/stage18_burst/full_context_v2/seed_01/stage18_ppo.history.json,1200,1151,1200,0.01043805608060211,-0.006977551450420703,0.03996860073225218,0.4066553611512193,0.010964450181615706,0.05026041689727988,100,2000,-79.12122647568917,7.909264429126424,96.55,0,0
Burst,seed_01,results/stage18_burst/full_context_v2/seed_01/stage18_ppo.history.json,1250,1201,1250,0.010388270498619283,-0.005207832536793181,0.040416711459069374,0.43902773285905516,0.011143646247330167,0.049934348823236566,100,2000,-84.63529126927874,2.395199635536855,96.85000000000001,0,0
Burst,seed_01,results/stage18_burst/full_context_v2/seed_01/stage18_ppo.history.json,1300,1251,1300,0.011651858412993273,-0.005954160188723887,0.04033270895680679,0.3731003338471055,0.009925829494022764,0.05219155862661344,100,2000,-86.82144980412505,0.20904110069054127,97.3,0,0
Burst,seed_01,results/stage18_burst/full_context_v2/seed_01/stage18_ppo.history.json,1350,1301,1350,0.013315879415521132,-0.007786216513652887,0.04225773470742362,0.4021823078938095,0.009125340680059577,0.05301339299018894,100,2000,-89.39485534901105,-2.364364444195459,96.95,0,0
Burst,seed_01,results/stage18_burst/full_context_v2/seed_01/stage18_ppo.history.json,1400,1351,1400,0.011170900931964363,-0.008119483378582766,0.04780036039716963,0.46080781652459074,0.009601699396236134,0.05118475295603275,100,2000,-79.28958550792791,7.740905396887683,96.89999999999999,0,0
Burst,seed_01,results/stage18_burst/full_context_v2/seed_01/stage18_ppo.history.json,1450,1401,1450,0.009508605979915177,-0.010149001276918819,0.04785538002449487,0.5247781633266381,0.008703891187906265,0.05213804290230785,100,2000,-78.06172184051555,8.968769064300048,96.39999999999999,0,0
Burst,seed_01,results/stage18_burst/full_context_v2/seed_01/stage18_ppo.history.json,1500,1451,1500,0.011742837826854417,-0.009983342955820262,0.04707242643261063,0.48492192210895674,0.012328023602354472,0.061458333528467586,100,2000,-79.79116181567379,7.239329089141805,98.25,0,0
Burst,seed_01,results/stage18_burst/full_context_v2/seed_01/stage18_ppo.history.json,1550,1501,1550,0.01257238381991296,-0.008442105292834597,0.044949847672666826,0.538522144779563,0.007171561874981438,0.06034757675869124,100,2000,-81.20249742091906,5.827993483896535,98.1,0,0
Burst,seed_01,results/stage18_burst/full_context_v2/seed_01/stage18_ppo.history.json,1600,1551,1600,0.011602249811403453,-0.00884620166782822,0.05084130743385426,0.5241414194064679,0.01281374759439911,0.06268601225955146,100,2000,-82.44471962812985,4.5857712766857475,96.5,0,0
Burst,seed_01,results/stage18_burst/full_context_v2/seed_01/stage18_ppo.history.json,1650,1601,1650,0.011921410515372242,-0.009748651180416346,0.05086049267889134,0.5430628032024418,0.011052377496412191,0.06335565501025744,100,2000,-82.15520425396355,4.875286650852047,97.8,0,0
Burst,seed_01,results/stage18_burst/full_context_v2/seed_01/stage18_ppo.history.json,1700,1651,1700,0.012764650342952726,-0.008139407960698009,0.04889334937823671,0.5108733314123778,0.011655972405735935,0.058482143096625805,100,2000,-84.73340586415316,2.297085040662438,97.55,0,0
Burst,seed_01,results/stage18_burst/full_context_v2/seed_01/stage18_ppo.history.json,1750,1701,1750,0.010251983262908954,-0.00820476524876583,0.04847724413100098,0.507747545971402,0.00918130696352039,0.05318541904645306,100,2000,-90.65253581945817,-3.622044914642572,97.55,0,0
Burst,seed_01,results/stage18_burst/full_context_v2/seed_01/stage18_ppo.history.json,1800,1751,1800,0.0115522680903918,-0.011098538702797322,0.04839331743174366,0.5259886060531633,0.010338211272028275,0.06274801599127905,100,2000,-86.90891242585595,0.12157847895964835,97.45,0,0
Burst,seed_01,results/stage18_burst/full_context_v2/seed_01/stage18_ppo.history.json,1850,1801,1850,0.018539881803527742,-0.0057550514632436845,0.05223478746068265,0.5240992637617248,0.01029553692621578,0.06280293402128986,100,2000,-84.41558589156789,2.614905013247707,97.75,0,0
Burst,seed_01,results/stage18_burst/full_context_v2/seed_01/stage18_ppo.history.json,1900,1851,1900,0.014938846039253155,-0.010681577026844025,0.056522412258865576,0.5404281674751213,0.010589366769376544,0.06167935959196516,100,2000,-84.86868717198121,2.161803732834386,97.39999999999999,0,0
Burst,seed_01,results/stage18_burst/full_context_v2/seed_01/stage18_ppo.history.json,1950,1901,1950,0.013255983826682149,-0.005681382026523352,0.04697188425676099,0.5040554329752922,0.0144198410867136,0.0640252976944404,100,2000,-87.49341727764595,-0.46292637283035276,97.89999999999999,0,0
Burst,seed_01,results/stage18_burst/full_context_v2/seed_01/stage18_ppo.history.json,2000,1951,2000,0.014435149163806012,-0.009070366105463887,0.05238317245883601,0.4334669884826456,0.010922621596754263,0.06220975238829851,100,2000,-89.5093048893109,-2.4788139844953037,97.1,0,0
Burst,seed_02,results/stage18_burst/full_context_v2/seed_02/stage18_ppo.history.json,50,1,50,0.009487381720516299,-0.005923791023503457,0.03782911518854754,0.258766874138798,0.015476717274371561,0.050360577180981636,100,2000,-83.23637634764444,0.0,96.45,0,0
Burst,seed_02,results/stage18_burst/full_context_v2/seed_02/stage18_ppo.history.json,100,51,100,0.0006353004552823092,-0.006603333134470242,0.02679303740816457,0.5072476901113987,0.008709864662315731,0.05112621786871127,100,2000,-80.3607643939583,2.875611953686132,96.39999999999999,0,0
Burst,seed_02,results/stage18_burst/full_context_v2/seed_02/stage18_ppo.history.json,150,101,150,0.003404321331929948,-0.010008491650556346,0.029558266080649837,0.552482861493315,0.010095550296845042,0.04222470255834716,100,2000,-78.01498623210377,5.221390115540672,97.45,0,0
Burst,seed_02,results/stage18_burst/full_context_v2/seed_02/stage18_ppo.history.json,200,151,200,0.004515151443359042,-0.007884844755088645,0.0334290029713884,0.533887552712778,0.008629397161192693,0.04783888001527105,100,2000,-80.44424482654195,2.7921315211024904,98.0,0,0
Burst,seed_02,results/stage18_burst/full_context_v2/seed_02/stage18_ppo.history.json,250,201,250,0.00480187773272129,-0.005827560743671798,0.027944779356143305,0.48788849304297144,0.006803310333582755,0.03565228184951203,100,2000,-79.31216765369946,3.9242086939449763,97.95,0,0
Burst,seed_02,results/stage18_burst/full_context_v2/seed_02/stage18_ppo.history.json,300,251,300,0.008584935930446676,-0.0030263331718742847,0.03044177813821339,0.4839505947061947,0.007002721706937467,0.03685693030378648,100,2000,-78.66595374333622,4.57042260430822,96.8,0,0
Burst,seed_02,results/stage18_burst/full_context_v2/seed_02/stage18_ppo.history.json,350,301,350,0.00880664519666295,-0.004249698149838618,0.030736011344872947,0.5012847695221093,0.006745755436852397,0.041394803406936784,100,2000,-78.768796119162,4.467580228482433,97.15,0,0
Burst,seed_02,results/stage18_burst/full_context_v2/seed_02/stage18_ppo.history.json,400,351,400,0.002528404345780256,-0.008591589501260646,0.0299377481153767,0.5119541468364852,0.005249631246052948,0.037797619189534865,100,2000,-79.0525352382277,4.183841109416733,97.95,0,0
Burst,seed_02,results/stage18_burst/full_context_v2/seed_02/stage18_ppo.history.json,450,401,450,0.00719352583456341,-0.006477316126360425,0.032943550730124116,0.49785325831960237,0.006087538923436244,0.041703869189534865,100,2000,-77.26815593969573,5.9682204079487065,96.39999999999999,0,0
Burst,seed_02,results/stage18_burst/full_context_v2/seed_02/stage18_ppo.history.json,500,451,500,0.011848946526047906,-0.00399753764005644,0.03226754742874099,0.419985228584015,0.008421530458560613,0.04743303571428571,100,2000,-78.77591603882094,4.4604603088234995,97.1,0,0
Burst,seed_02,results/stage18_burst/full_context_v2/seed_02/stage18_ppo.history.json,550,501,550,0.00902932818280533,-0.007455239188857377,0.03147274794589196,0.37909167392977644,0.0070987571567197195,0.045634920708835125,100,2000,-79.9021288162992,3.334247531345241,97.05,0,0
Burst,seed_02,results/stage18_burst/full_context_v2/seed_02/stage18_ppo.history.json,600,551,600,0.0033438841928727925,-0.013126383402517865,0.04216702371403309,0.4752057078086571,0.009626154026461466,0.05418744244213615,100,2000,-79.00241587071622,4.2339604769282175,96.7,0,0
Burst,seed_02,results/stage18_burst/full_context_v2/seed_02/stage18_ppo.history.json,650,601,650,0.0075939050834027255,-0.010297292111707585,0.04126451339730661,0.47894695294754847,0.010031879480395998,0.05331134875970227,100,2000,-93.44803993362262,-10.211663585978187,99.5,0,0
Burst,seed_02,results/stage18_burst/full_context_v2/seed_02/stage18_ppo.history.json,700,651,700,0.007314232577170645,-0.009414264167259847,0.04040605840938432,0.5333825651822346,0.01095435255306906,0.05779897208724703,100,2000,-86.28510209705848,-3.0487257494140465,98.0,0,0
Burst,seed_02,results/stage18_burst/full_context_v2/seed_02/stage18_ppo.history.json,750,701,750,0.006757418394997893,-0.010784164461905936,0.04470796039926686,0.5359018735720643,0.0073194255653236595,0.051605017456625185,100,2000,-90.4184235137518,-7.182047166107367,97.39999999999999,0,0
Burst,seed_02,results/stage18_burst/full_context_v2/seed_02/stage18_ppo.history.json,800,751,800,0.006141883987722741,-0.010737555533913628,0.03989847390247243,0.4596941089465483,0.011809230033620787,0.05803571428571429,100,2000,-79.31436525162408,3.9220110960203556,96.7,0,0
Burst,seed_02,results/stage18_burst/full_context_v2/seed_02/stage18_ppo.history.json,850,801,850,0.0055013099834988165,-0.008125795245481033,0.0341857651614451,0.489600993825921,0.008657623997091184,0.05156250005321843,100,2000,-83.70409493063823,-0.46771858299379687,97.75,0,0
Burst,seed_02,results/stage18_burst/full_context_v2/seed_02/stage18_ppo.history.json,900,851,900,0.00305805351568519,-0.009935480708788549,0.032516182865947485,0.49064216922436443,0.009130611945303306,0.050995879274393835,100,2000,-84.50211293085009,-1.2657365832056513,97.2,0,0
Burst,seed_02,results/stage18_burst/full_context_v2/seed_02/stage18_ppo.history.json,950,901,950,0.004128660014387043,-0.01064495927476812,0.03771782837741609,0.49822413146362776,0.010034133929626217,0.05052437673189811,100,2000,-78.8050239510338,4.4313523966106345,96.85000000000001,0,0
Burst,seed_02,results/stage18_burst/full_context_v2/seed_02/stage18_ppo.history.json,1000,951,1000,0.0018013065647599952,-0.009287038488158334,0.03303162526572123,0.5053790006620277,0.007152150767589254,0.05669642865125622,100,2000,-81.56861483091986,1.6677615167245818,96.95,0,0
Burst,seed_02,results/stage18_burst/full_context_v2/seed_02/stage18_ppo.history.json,1050,1001,1050,0.0019742827446732137,-0.012776870613119433,0.03804932069033384,0.5056162793189287,0.006256242600751908,0.05877976199345929,100,2000,-82.82271840350455,0.4136579441398851,96.95,0,0
Burst,seed_02,results/stage18_burst/full_context_v2/seed_02/stage18_ppo.history.json,1100,1051,1100,0.005874569926943098,-0.00900659480664347,0.032894246446500935,0.46395135378198965,0.009824661126393559,0.0491691469880087,100,2000,-77.16436263809635,6.072013709548088,96.65,0,0
Burst,seed_02,results/stage18_burst/full_context_v2/seed_02/stage18_ppo.history.json,1150,1101,1150,0.006429573238295103,-0.010287315817549825,0.037806457291091125,0.3846705063286945,0.008986941352564566,0.04922355037359964,100,2000,-83.87292517510853,-0.6365488274640967,96.89999999999999,0,0
Burst,seed_02,results/stage18_burst/full_context_v2/seed_02/stage18_ppo.history.json,1200,1151,1200,0.005317817759489463,-0.009389989947002115,0.037716518089707406,0.3848245205756809,0.0075754750910813785,0.054344093560108116,100,2000,-83.85219033990278,-0.6158139922583388,97.15,0,0
Burst,seed_02,results/stage18_burst/full_context_v2/seed_02/stage18_ppo.history.json,1250,1201,1250,0.010878793055391207,-0.008614319542955075,0.041762542012812834,0.47927841836852686,0.0064436010850061265,0.05319940485060215,100,2000,-84.68434735531028,-1.447971007665842,97.7,0,0
Burst,seed_02,results/stage18_burst/full_context_v2/seed_02/stage18_ppo.history.json,1300,1251,1300,0.005670797686824309,-0.010715785436332226,0.041905631818475994,0.463542152329215,0.012530011370212639,0.053828983567655087,100,2000,-81.26067061422049,1.9757057334239505,96.85000000000001,0,0
Burst,seed_02,results/stage18_burst/full_context_v2/seed_02/stage18_ppo.history.json,1350,1301,1350,0.008712563171034811,-0.008887729740568569,0.03907318662719003,0.5534703305789402,0.007040001101337285,0.055257936606981924,100,2000,-83.88041208195143,-0.6440357343069962,96.89999999999999,0,0
Burst,seed_02,results/stage18_burst/full_context_v2/seed_02/stage18_ppo.history.json,1400,1351,1400,0.007962768207237656,-0.006900882087869658,0.038857290864966455,0.46853069421125665,0.009812511474592611,0.05699791958821672,100,2000,-82.53103120518674,0.705345142457702,97.8,0,0
Burst,seed_02,results/stage18_burst/full_context_v2/seed_02/stage18_ppo.history.json,1450,1401,1450,0.0026038807118311524,-0.011595339979976416,0.0382709591538601,0.5092228880256957,0.009722260590933729,0.060267857275903225,100,2000,-87.13628171862274,-3.8999053709783027,98.25,0,0
Burst,seed_02,results/stage18_burst/full_context_v2/seed_02/stage18_ppo.history.json,1500,1451,1500,0.009099895259298916,-0.008085562781031643,0.04164453502744436,0.4871034827593965,0.009202842733689716,0.06462585061256375,100,2000,-85.09021697590953,-1.8538406282650897,98.05,0,0
Burst,seed_02,results/stage18_burst/full_context_v2/seed_02/stage18_ppo.history.json,1550,1501,1550,0.007819179046366895,-0.009505591105802784,0.04285742335819773,0.4381164941358812,0.010735067622070866,0.06293322771255459,100,2000,-81.43833596431594,1.7980403833284981,97.2,0,0
Burst,seed_02,results/stage18_burst/full_context_v2/seed_02/stage18_ppo.history.json,1600,1551,1600,0.009638315781817904,-0.00876418235046523,0.038321322013091824,0.4762875890966305,0.010383315567326332,0.06305803571428571,100,2000,-83.50861440730125,-0.27223805965681436,98.0,0,0
Burst,seed_02,results/stage18_burst/full_context_v2/seed_02/stage18_ppo.history.json,1650,1601,1650,0.012375939870253205,-0.00990825394789378,0.0457999363342034,0.44504555818691316,0.01190070781324591,0.0704951300950987,100,2000,-79.77037475583037,3.466001591814063,97.1,0,0
Burst,seed_02,results/stage18_burst/full_context_v2/seed_02/stage18_ppo.history.json,1700,1651,1700,0.006312187860852906,-0.00967165531723627,0.0399835747666657,0.49635143178914276,0.012588518954414343,0.06999771110713482,100,2000,-87.26085667851694,-4.024480330872507,97.95,0,0
Burst,seed_02,results/stage18_burst/full_context_v2/seed_02/stage18_ppo.history.json,1750,1701,1750,0.009148383646139076,-0.010434714312266027,0.05155016225762665,0.5999461221425528,0.006906937669555191,0.06829294269638403,100,2000,-79.52564349729322,3.7107328503512207,97.55,0,0
Burst,seed_02,results/stage18_burst/full_context_v2/seed_02/stage18_ppo.history.json,1800,1751,1800,0.011084464370339577,-0.0076220757660589045,0.05385646396124352,0.6016039219518592,0.008837733173485114,0.06630478905779974,100,2000,-84.56026736389978,-1.3238910162553452,97.45,0,0
Burst,seed_02,results/stage18_burst/full_context_v2/seed_02/stage18_ppo.history.json,1850,1801,1850,0.02222338947467506,-0.004264600641493287,0.0667106641506377,0.5855693223753146,0.012787503899917715,0.06527923679511462,100,2000,-81.8017086051482,1.4346677424962309,96.95,0,0
Burst,seed_02,results/stage18_burst/full_context_v2/seed_02/stage18_ppo.history.json,1900,1851,1900,0.012017471624338732,-0.00809237964650882,0.04832061024249665,0.5624653803450721,0.007677992007562092,0.06328125018626451,100,2000,-83.351383084691,-0.1150067370465564,96.45,0,0
Burst,seed_02,results/stage18_burst/full_context_v2/seed_02/stage18_ppo.history.json,1950,1901,1950,0.01502372633383077,-0.010600995370103712,0.052059990320620794,0.5435676595994404,0.01007648419389235,0.05654761926936252,100,2000,-89.13002817836637,-5.893651830721936,97.1,0,0
Burst,seed_02,results/stage18_burst/full_context_v2/seed_02/stage18_ppo.history.json,2000,1951,2000,0.02091879005144749,-0.00741274879934887,0.0613521500823221,0.5788895937481098,0.011914682857293104,0.06194196428571429,100,2000,-95.75179126608886,-12.51541491844442,97.89999999999999,0,0
Burst,seed_03,results/stage18_burst/full_context_v2/seed_03/stage18_ppo.history.json,50,1,50,0.016297328477126678,-0.004352328134700656,0.039675628899463584,0.2613091340075505,0.01312235017706241,0.05434647830025781,100,2000,-81.96718642633994,0.0,97.8,0,0
Burst,seed_03,results/stage18_burst/full_context_v2/seed_03/stage18_ppo.history.json,100,51,100,0.013221515625316118,-0.0033671490382403135,0.03304349642712623,0.3422793943293852,0.011873116589673114,0.045610119189534865,100,2000,-77.3852218292314,4.581964597108538,97.25,0,0
Burst,seed_03,results/stage18_burst/full_context_v2/seed_03/stage18_ppo.history.json,150,101,150,0.007641622896439263,-0.006185880596084254,0.030685571762400547,0.48674608394503593,0.006720907573340117,0.04187748035682099,100,2000,-77.22942046807107,4.7377659582688665,97.35000000000001,0,0
Burst,seed_03,results/stage18_burst/full_context_v2/seed_03/stage18_ppo.history.json,200,151,200,0.013597526022100022,-0.0053582804393954575,0.04200652842077293,0.5205995005422405,0.007201094201133986,0.038030979622687616,100,2000,-76.31541071785632,5.651775708483612,97.8,0,0
Burst,seed_03,results/stage18_burst/full_context_v2/seed_03/stage18_ppo.history.json,250,201,250,0.012218482964228661,-0.009081236463749693,0.04146530615010609,0.4767924909080778,0.005825408398452834,0.037191439153892655,100,2000,-75.61237948784473,6.3548069384952015,96.5,0,0
Burst,seed_03,results/stage18_burst/full_context_v2/seed_03/stage18_ppo.history.json,300,251,300,0.010028501089739923,-0.00402669347490051,0.03089317328496171,0.37836992643947753,0.006793402146459336,0.039939413379345624,100,2000,-82.487965902955,-0.5207794766150613,98.6,0,0
Burst,seed_03,results/stage18_burst/full_context_v2/seed_03/stage18_ppo.history.json,350,301,350,0.006637384778254532,-0.008362965870349268,0.040852047511309914,0.35580683361040233,0.007862096091100414,0.04594494069793395,100,2000,-75.0439461025709,6.923240323769036,97.3,0,0
Burst,seed_03,results/stage18_burst/full_context_v2/seed_03/stage18_ppo.history.json,400,351,400,0.006242548755835742,-0.008407474484383351,0.036128990102692375,0.3851335058321378,0.011246033212436097,0.05341923715812819,100,2000,-76.77470938603271,5.1924770403072245,97.75,0,0
Burst,seed_03,results/stage18_burst/full_context_v2/seed_03/stage18_ppo.history.json,450,401,450,0.01091672112566552,-0.005761245179677471,0.03924977655489264,0.42264376028573936,0.010567428242731176,0.050719246068703275,100,2000,-76.03475544375182,5.932430982588116,96.55,0,0
Burst,seed_03,results/stage18_burst/full_context_v2/seed_03/stage18_ppo.history.json,500,451,500,0.006923752504267863,-0.008132469723932445,0.03490883688625347,0.47279181903494255,0.008894997922467951,0.05223214293697051,100,2000,-76.54854243581781,5.418643990522128,96.39999999999999,0,0
Burst,seed_03,results/stage18_burst/full_context_v2/seed_03/stage18_ppo.history.json,550,501,550,0.004922421200067869,-0.009472733801452532,0.03722252794874034,0.45656011739213553,0.007148282719775861,0.04951636910083748,100,2000,-76.69288420015847,5.274302226181462,98.0,0,0
Burst,seed_03,results/stage18_burst/full_context_v2/seed_03/stage18_ppo.history.json,600,551,600,0.0016066771031113432,-0.011332716260637556,0.03356949702304389,0.43740429995315416,0.010073271456972423,0.05379464291036129,100,2000,-76.28166526567749,5.6855211606624465,97.25,0,0
Burst,seed_03,results/stage18_burst/full_context_v2/seed_03/stage18_ppo.history.json,650,601,650,0.005505511254471327,-0.011040054339294631,0.03734552834482331,0.4533832179648536,0.012630066568298,0.056262433916951224,100,2000,-77.06255062613754,4.904635800202399,96.85000000000001,0,0
Burst,seed_03,results/stage18_burst/full_context_v2/seed_03/stage18_ppo.history.json,700,651,700,-0.0011717832530848682,-0.013400611900059239,0.037550091477377076,0.4017968612856099,0.013971209276600609,0.06390306153999907,100,2000,-75.85154830179495,6.1156381245449865,97.2,0,0
Burst,seed_03,results/stage18_burst/full_context_v2/seed_03/stage18_ppo.history.json,750,701,750,0.004930955765303224,-0.009862675165225352,0.03724551346663031,0.4222572248961244,0.01072654834881957,0.05625000037252903,100,2000,-77.70137339712356,4.265813029216375,96.95,0,0
Burst,seed_03,results/stage18_burst/full_context_v2/seed_03/stage18_ppo.history.json,800,751,800,0.008571888370040272,-0.006286463725181031,0.041431415293897905,0.41317153613947866,0.01287184213080244,0.060825893123235025,100,2000,-75.65687464927473,6.310311777065209,97.1,0,0
Burst,seed_03,results/stage18_burst/full_context_v2/seed_03/stage18_ppo.history.json,850,801,850,0.003742813664887632,-0.010340577534710366,0.03607748730462931,0.4621446233120098,0.011149385927378068,0.060794890902581666,100,2000,-75.17760175186078,6.789584674479158,96.6,0,0
Burst,seed_03,results/stage18_burst/full_context_v2/seed_03/stage18_ppo.history.json,900,851,900,0.006982354705022382,-0.010667509831754225,0.03723115043248981,0.4401458400059022,0.009987040309202451,0.05766369047619048,100,2000,-78.04184814509011,3.9253382812498216,96.65,0,0
Burst,seed_03,results/stage18_burst/full_context_v2/seed_03/stage18_ppo.history.json,950,901,950,0.006439461906362946,-0.009165426933794237,0.037202857534534166,0.3475150071167141,0.013679919234813757,0.05403645851072811,100,2000,-79.40638781214604,2.5607986141938994,97.75,0,0
Burst,seed_03,results/stage18_burst/full_context_v2/seed_03/stage18_ppo.history.json,1000,951,1000,0.005154282012621739,-0.011266104965692475,0.045422360783309815,0.4413727189855785,0.008812048676190898,0.060918898942569896,100,2000,-76.44877507792653,5.518411348413409,97.39999999999999,0,0
Burst,seed_03,results/stage18_burst/full_context_v2/seed_03/stage18_ppo.history.json,1050,1001,1050,0.006045745802111924,-0.012766020081471652,0.048038934347070086,0.4444753753819636,0.010129925165009417,0.07034532579460315,100,2000,-83.05133927276238,-1.084152846422441,98.35000000000001,0,0
Burst,seed_03,results/stage18_burst/full_context_v2/seed_03/stage18_ppo.history.json,1100,1051,1100,0.01334190700436011,-0.009403239702805877,0.048148109012150345,0.4931335199133693,0.014190296985773222,0.07327438225703581,100,2000,-87.25250598434395,-5.285319558004019,97.95,0,0
Burst,seed_03,results/stage18_burst/full_context_v2/seed_03/stage18_ppo.history.json,1150,1101,1150,0.003393025931602876,-0.010734077609543289,0.03925233834888786,0.4565384286854948,0.00992701007912512,0.06900703507874692,100,2000,-77.96610254983194,4.001083876507991,96.8,0,0
Burst,seed_03,results/stage18_burst/full_context_v2/seed_03/stage18_ppo.history.json,1200,1151,1200,0.008857058294649636,-0.009759720220851403,0.045052658600200496,0.5138991672013487,0.010395165959683556,0.06551467586264369,100,2000,-78.68076752916066,3.2864188971792743,96.7,0,0
Burst,seed_03,results/stage18_burst/full_context_v2/seed_03/stage18_ppo.history.json,1250,1201,1250,0.008146445776912429,-0.006966550701430866,0.035809884064032564,0.41475287833738894,0.012844613757416872,0.06637286341616086,100,2000,-77.53612377281588,4.431062653524052,97.39999999999999,0,0
Burst,seed_03,results/stage18_burst/full_context_v2/seed_03/stage18_ppo.history.json,1300,1251,1300,0.010886715525495154,-0.010418570700234601,0.04513101286387869,0.458247559211616,0.008194311505316625,0.06286638735660485,100,2000,-81.45937561147178,0.5078108148681508,97.35000000000001,0,0
Burst,seed_03,results/stage18_burst/full_context_v2/seed_03/stage18_ppo.history.json,1350,1301,1350,0.01368554389669693,-0.007252032219964479,0.04445615030376108,0.43668183285210815,0.015600005680296038,0.06774553576750414,100,2000,-83.59113942812654,-1.623953001786603,97.0,0,0
Burst,seed_03,results/stage18_burst/full_context_v2/seed_03/stage18_ppo.history.json,1400,1351,1400,0.020760161822961108,-0.010373583046852479,0.062033341133168766,0.4559243454464844,0.010399430948642215,0.06008184541549001,100,2000,-85.77548583666471,-3.8082994103247785,97.15,0,0
Burst,seed_03,results/stage18_burst/full_context_v2/seed_03/stage18_ppo.history.json,1450,1401,1450,0.012803457560949028,-0.006040689064234141,0.04520635383752441,0.4465061052746716,0.011989263468421996,0.06350446439215116,100,2000,-78.911513512058,3.055672914281942,96.65,0,0
Burst,seed_03,results/stage18_burst/full_context_v2/seed_03/stage18_ppo.history.json,1500,1451,1500,0.008475216987010623,-0.011656338348984718,0.044927733218563456,0.4101601174458795,0.009205582927632707,0.06288265330450876,100,2000,-91.86280325119475,-9.895616824854812,97.95,0,0
Burst,seed_03,results/stage18_burst/full_context_v2/seed_03/stage18_ppo.history.json,1550,1501,1550,0.010901271498629024,-0.009741658788351785,0.04761645013266909,0.3754322611244528,0.01403442416215382,0.06192911955128823,100,2000,-87.79875476143394,-5.831568335094005,97.5,0,0
Burst,seed_03,results/stage18_burst/full_context_v2/seed_03/stage18_ppo.history.json,1600,1551,1600,0.01015864790991015,-0.012335932680538723,0.054090805019118955,0.44925719781063633,0.014626078586193865,0.06851438512759549,100,2000,-92.64390068709517,-10.676714260755233,96.8,0,0
Burst,seed_03,results/stage18_burst/full_context_v2/seed_03/stage18_ppo.history.json,1650,1601,1650,0.012635825912834013,-0.010159357284594859,0.053981150256558544,0.45978403783270294,0.009192780094703527,0.0634586768712671,100,2000,-80.47320789629246,1.493978530047471,96.39999999999999,0,0
Burst,seed_03,results/stage18_burst/full_context_v2/seed_03/stage18_ppo.history.json,1700,1651,1700,0.024111679289489985,-0.009693843711699759,0.056337833969986865,0.4926210311906678,0.01358468402759172,0.06037946444536958,100,2000,-80.53635290980971,1.4308335165302282,96.6,0,0
Burst,seed_03,results/stage18_burst/full_context_v2/seed_03/stage18_ppo.history.json,1750,1701,1750,0.013593381707323715,-0.008813464165931302,0.05212499684707187,0.4699547666927434,0.015299917215348355,0.06875913749848094,100,2000,-79.64318534311172,2.324001083228211,96.75,0,0
Burst,seed_03,results/stage18_burst/full_context_v2/seed_03/stage18_ppo.history.json,1800,1751,1800,0.012987314457339898,-0.007252927237589444,0.05072621927995767,0.4383162914424048,0.012503828746454409,0.061383928904043775,100,2000,-80.2521373083889,1.7150491179510396,97.0,0,0
Burst,seed_03,results/stage18_burst/full_context_v2/seed_03/stage18_ppo.history.json,1850,1801,1850,0.012965720778863345,-0.01014857163231465,0.055619735046223334,0.5171077706451926,0.01165460873120797,0.06305803571428571,100,2000,-82.60608720003543,-0.6389007736954966,96.8,0,0
Burst,seed_03,results/stage18_burst/full_context_v2/seed_03/stage18_ppo.history.json,1900,1851,1900,0.01990530260705522,-0.007544282075416828,0.05918240237848035,0.5226526314924871,0.01164291845374724,0.06333085349095718,100,2000,-80.38794565406698,1.5792407722729536,97.1,0,0
Burst,seed_03,results/stage18_burst/full_context_v2/seed_03/stage18_ppo.history.json,1950,1901,1950,0.02405129245016724,-0.008286382077217457,0.06776214920960012,0.5203084061686241,0.009100596071220934,0.05919555335172585,100,2000,-79.0403575695231,2.92682885681684,96.6,0,0
Burst,seed_03,results/stage18_burst/full_context_v2/seed_03/stage18_ppo.history.json,2000,1951,2000,0.01825156024590667,-0.006892690235482795,0.060726871647472896,0.5679984108677932,0.010314189494931184,0.058364812417754104,100,2000,-81.47322985972806,0.49395656661187104,96.45,0,0
Burst,seed_04,results/stage18_burst/full_context_v2/seed_04/stage18_ppo.history.json,50,1,50,0.008605517039541155,-0.0071933157409408265,0.040839990634205084,0.5222417979634234,0.00959895397785918,0.05817663277100239,100,2000,-78.76423642051239,0.0,96.95,0,0
Burst,seed_04,results/stage18_burst/full_context_v2/seed_04/stage18_ppo.history.json,100,51,100,0.001022667923410024,-0.008626960683614016,0.03132465436855065,0.5609476422624928,0.009544587226281735,0.04843750023948295,100,2000,-77.2531143774448,1.5111220430675871,96.89999999999999,0,0
Burst,seed_04,results/stage18_burst/full_context_v2/seed_04/stage18_ppo.history.json,150,101,150,0.003266408099859421,-0.00642815199015396,0.027415202182185437,0.4047158534549886,0.00885505153844081,0.050629058586699624,100,2000,-77.57571642358631,1.1885199969260754,96.7,0,0
Burst,seed_04,results/stage18_burst/full_context_v2/seed_04/stage18_ppo.history.json,200,151,200,0.0057184429939037985,-0.007624039476338242,0.03619118136287268,0.5406131604686379,0.009590119822990215,0.05015420973567026,100,2000,-77.16170439056795,1.6025320299444417,96.35000000000001,0,0
Burst,seed_04,results/stage18_burst/full_context_v2/seed_04/stage18_ppo.history.json,250,201,250,0.005527517292648554,-0.004943989882511752,0.02409302400025938,0.4132884732181472,0.010179035424308884,0.04172137605824641,100,2000,-79.67699196587793,-0.9127555453655418,98.55000000000001,0,0
Burst,seed_04,results/stage18_burst/full_context_v2/seed_04/stage18_ppo.history.json,300,251,300,0.0029914124308907915,-0.00888019341177174,0.030345607232967656,0.4362145911990887,0.012111917000895898,0.04316191641347749,100,2000,-77.50679837283649,1.2574380476759046,97.7,0,0
Burst,seed_04,results/stage18_burst/full_context_v2/seed_04/stage18_ppo.history.json,350,301,350,0.006909301587646561,-0.005155234154136408,0.028963303481889725,0.33549101231619716,0.008746727243609104,0.04009885221187558,100,2000,-79.56824192482591,-0.8040055043135226,97.6,0,0
Burst,seed_04,results/stage18_burst/full_context_v2/seed_04/stage18_ppo.history.json,400,351,400,0.0007814501046336123,-0.011826978198119571,0.03068523295223713,0.3945987823951457,0.008362111962664391,0.04698426595755986,100,2000,-77.76382829699592,1.0004081235164648,96.6,0,0
Burst,seed_04,results/stage18_burst/full_context_v2/seed_04/stage18_ppo.history.json,450,401,450,0.006557497927652938,-0.006700967607598397,0.030262572840521376,0.3978826216521806,0.006517720335978083,0.040021930022963455,100,2000,-78.2313715998097,0.5328648207026845,96.6,0,0
Burst,seed_04,results/stage18_burst/full_context_v2/seed_04/stage18_ppo.history.json,500,451,500,0.004335452810794648,-0.008308791755033391,0.038949663883873394,0.4699427843803451,0.007947183110012529,0.0447544643123235,100,2000,-79.13831968623958,-0.37408326572719375,97.25,0,0
Burst,seed_04,results/stage18_burst/full_context_v2/seed_04/stage18_ppo.history.json,550,501,550,0.004716264882258007,-0.009665088029578328,0.03684523982173275,0.5005428355985454,0.005206213004255136,0.041889881182994165,100,2000,-76.09957443975107,2.6646619807613234,96.5,0,0
Burst,seed_04,results/stage18_burst/full_context_v2/seed_04/stage18_ppo.history.json,600,551,600,0.006423265978117429,-0.00910490714678807,0.033218066684813016,0.4031610633810812,0.010798930352653509,0.046396683901548386,100,2000,-79.40602725443095,-0.641790833918563,97.1,0,0
Burst,seed_04,results/stage18_burst/full_context_v2/seed_04/stage18_ppo.history.json,650,601,650,0.009701446018880233,-0.006187905740391995,0.03614516354615002,0.4481771629569786,0.008865684927773794,0.05016121055398669,100,2000,-78.36716169783114,0.39707472268125343,97.45,0,0
Burst,seed_04,results/stage18_burst/full_context_v2/seed_04/stage18_ppo.history.json,700,651,700,0.0073766242421697825,-0.0077790023226823116,0.035166842120123054,0.46190193062648177,0.0074376485343756425,0.04873511913631644,100,2000,-77.49888055962114,1.2653558608912476,97.85000000000001,0,0
Burst,seed_04,results/stage18_burst/full_context_v2/seed_04/stage18_ppo.history.json,750,701,750,0.005074187555389168,-0.008545246108302047,0.03243759954680822,0.48955708824879757,0.009526789271538811,0.052827381395867894,100,2000,-76.5207850563613,2.2434513641510847,97.05,0,0
Burst,seed_04,results/stage18_burst/full_context_v2/seed_04/stage18_ppo.history.json,800,751,800,0.00021227298670315316,-0.012779668627661608,0.03323011407961271,0.4560046935054872,0.007593068969851759,0.05304276317890201,100,2000,-76.84669081731458,1.9175456031978086,97.85000000000001,0,0
Burst,seed_04,results/stage18_burst/full_context_v2/seed_04/stage18_ppo.history.json,850,801,850,0.004480943208493824,-0.0090505945457456,0.035070432793526424,0.5021592298414492,0.00905006575132055,0.06101190485060215,100,2000,-74.63608614156723,4.1281502789451565,96.35000000000001,0,0
Burst,seed_04,results/stage18_burst/full_context_v2/seed_04/stage18_ppo.history.json,900,851,900,0.006471242240097905,-0.01140719514140593,0.03649364288763276,0.429257083684206,0.009222692470107827,0.05308827492851941,100,2000,-75.41912278714813,3.3451136333642637,96.45,0,0
Burst,seed_04,results/stage18_burst/full_context_v2/seed_04/stage18_ppo.history.json,950,901,950,0.007876934126086001,-0.008137508885868425,0.03520391735115222,0.4354421276865261,0.00895853340625763,0.05884829283292804,100,2000,-75.16983785346176,3.594398567050632,97.1,0,0
Burst,seed_04,results/stage18_burst/full_context_v2/seed_04/stage18_ppo.history.json,1000,951,1000,0.002761206581323807,-0.010680192050391009,0.031117633982960666,0.44974052218094585,0.011722375832115566,0.060267857142857144,100,2000,-76.36028024911317,2.4039561713992157,96.8,0,0
Burst,seed_04,results/stage18_burst/full_context_v2/seed_04/stage18_ppo.history.json,1050,1001,1050,0.00023226397544411675,-0.011125188919582538,0.031292284991303904,0.45729115472308224,0.006939088490461083,0.05369543661141679,100,2000,-75.769998869183,2.994237551329391,97.1,0,0
Burst,seed_04,results/stage18_burst/full_context_v2/seed_04/stage18_ppo.history.json,1100,1051,1100,0.011964175026930337,-0.0064723803329148465,0.0383937940226003,0.43966499217120664,0.008841165516059846,0.05449617374688387,100,2000,-77.73262222261604,1.0316141978963458,98.05,0,0
Burst,seed_04,results/stage18_burst/full_context_v2/seed_04/stage18_ppo.history.json,1150,1101,1150,0.008270116639323533,-0.007259679326255406,0.033329475604529896,0.42843394353985786,0.008558562424566065,0.056386781723371575,100,2000,-76.52806484210255,2.236171578409838,97.1,0,0
Burst,seed_04,results/stage18_burst/full_context_v2/seed_04/stage18_ppo.history.json,1200,1151,1200,0.0035802508271964534,-0.010345631245789784,0.039625352631056945,0.46202610965285984,0.006289444963580796,0.05807291676423379,100,2000,-74.92294846780742,3.841287952704974,96.75,0,0
Burst,seed_04,results/stage18_burst/full_context_v2/seed_04/stage18_ppo.history.json,1250,1201,1250,0.006129640071386737,-0.011142313147761991,0.041674557324898026,0.463259002555531,0.010174784915891775,0.0556175597012043,100,2000,-76.30257249334458,2.4616639271678054,96.35000000000001,0,0
Burst,seed_04,results/stage18_burst/full_context_v2/seed_04/stage18_ppo.history.json,1300,1251,1300,0.006622780580073595,-0.009378778665060443,0.03678605466016702,0.42920362796368344,0.010681672378268559,0.05695499379986099,100,2000,-77.66924981923255,1.0949866012798424,97.0,0,0
Burst,seed_04,results/stage18_burst/full_context_v2/seed_04/stage18_ppo.history.json,1350,1301,1350,0.006293379714147055,-0.01061748350704355,0.04169239313341677,0.42409429328316556,0.015450168906681938,0.06499787446643625,100,2000,-77.89177799574286,0.8724584247695333,97.6,0,0
Burst,seed_04,results/stage18_burst/full_context_v2/seed_04/stage18_ppo.history.json,1400,1351,1400,0.0055614291424197805,-0.008836126886308193,0.03282443410716951,0.42101259942033464,0.011910899850980577,0.06383070070296526,100,2000,-76.22028431995938,2.543952100553014,97.0,0,0
Burst,seed_04,results/stage18_burst/full_context_v2/seed_04/stage18_ppo.history.json,1450,1401,1450,0.005667850741052202,-0.012301444242309247,0.037104173397113166,0.43000200071505135,0.01036514887320144,0.0625,100,2000,-80.39678865097947,-1.632552230467084,97.35000000000001,0,0
Burst,seed_04,results/stage18_burst/full_context_v2/seed_04/stage18_ppo.history.json,1500,1451,1500,0.008488004752767404,-0.010527572178814028,0.0409486926426845,0.40828470829209046,0.012446272319981029,0.06343005969011713,100,2000,-80.76837004896271,-2.004133628450319,97.6,0,0
Burst,seed_04,results/stage18_burst/full_context_v2/seed_04/stage18_ppo.history.json,1550,1501,1550,0.004544398593550015,-0.009861259920788663,0.036649752840665836,0.459168335389612,0.0075801783352203314,0.05763583863154054,100,2000,-77.72791245758803,1.0363239629243566,97.15,0,0
Burst,seed_04,results/stage18_burst/full_context_v2/seed_04/stage18_ppo.history.json,1600,1551,1600,0.009369301027618349,-0.009749989690525191,0.037126770603381806,0.4610400009634239,0.01116279085856929,0.06126525166577526,100,2000,-78.3466644133129,0.41757200719949594,97.75,0,0
Burst,seed_04,results/stage18_burst/full_context_v2/seed_04/stage18_ppo.history.json,1650,1601,1650,0.005619040432585669,-0.010023685471553887,0.039573714236861894,0.4385576509851593,0.015233090164006821,0.05625000023948295,100,2000,-77.66979763616725,1.0944387843451437,97.05,0,0
Burst,seed_04,results/stage18_burst/full_context_v2/seed_04/stage18_ppo.history.json,1700,1651,1700,0.008774613279716244,-0.008082333619573286,0.036288189252705445,0.4610602722636291,0.00908652325701301,0.06111819749431951,100,2000,-78.66496412830129,0.09927229221109712,96.39999999999999,0,0
Burst,seed_04,results/stage18_burst/full_context_v2/seed_04/stage18_ppo.history.json,1750,1701,1750,0.003884687312945191,-0.00985637353733182,0.03440841897446219,0.4678133356251887,0.01023576655937913,0.06208014501524823,100,2000,-76.77746313205841,1.9867732884539748,96.3,0,0
Burst,seed_04,results/stage18_burst/full_context_v2/seed_04/stage18_ppo.history.json,1800,1751,1800,0.00792709573371602,-0.00851153808512858,0.0354297445654603,0.44210105309528963,0.011480781021029025,0.0663504465483129,100,2000,-78.9128512613329,-0.1486148408205139,97.2,0,0
Burst,seed_04,results/stage18_burst/full_context_v2/seed_04/stage18_ppo.history.json,1850,1801,1850,0.009074183264082032,-0.01170222946841802,0.04837023838522977,0.42364117183855604,0.011773683135938233,0.05786401126533747,100,2000,-80.6453953943977,-1.8811589738853058,97.3,0,0
Burst,seed_04,results/stage18_burst/full_context_v2/seed_04/stage18_ppo.history.json,1900,1851,1900,0.00976843070072521,-0.008098640919862583,0.04638684022107295,0.43580527016336745,0.008312949195637236,0.05897817468004567,100,2000,-79.3805648955643,-0.6163284750519153,97.7,0,0
Burst,seed_04,results/stage18_burst/full_context_v2/seed_04/stage18_ppo.history.json,1950,1901,1950,0.009025285030171897,-0.008702980587258935,0.04503695959491389,0.49450501639928135,0.012775015185720155,0.060267857408949306,100,2000,-82.21740137503294,-3.4531649545205454,97.39999999999999,0,0
Burst,seed_04,results/stage18_burst/full_context_v2/seed_04/stage18_ppo.history.json,2000,1951,2000,0.012003853218629956,-0.005494430677832237,0.038562681492684145,0.5153179349643844,0.011054847331251949,0.0622362018163715,100,2000,-92.19809737445154,-13.433860953939146,98.2,0,0
Burst,seed_05,results/stage18_burst/full_context_v2/seed_05/stage18_ppo.history.json,50,1,50,0.014719977513388065,-0.006422381498850882,0.0408684939279088,0.2894311911825623,0.012945144238723776,0.048202448790626864,100,2000,-78.31502261864154,0.0,97.25,0,0
Burst,seed_05,results/stage18_burst/full_context_v2/seed_05/stage18_ppo.history.json,100,51,100,0.00605477114108258,-0.00803643252168383,0.028599469223991036,0.49376068889562574,0.008842936874966003,0.05082041045118656,100,2000,-82.75451662982977,-4.439494011188231,98.9,0,0
Burst,seed_05,results/stage18_burst/full_context_v2/seed_05/stage18_ppo.history.json,150,101,150,0.005666245737562089,-0.008085747947916389,0.0360887194651046,0.4283007422262537,0.010979812679579481,0.04918686247297696,100,2000,-80.72072158018378,-2.4056989615422424,97.85000000000001,0,0
Burst,seed_05,results/stage18_burst/full_context_v2/seed_05/stage18_ppo.history.json,200,151,200,0.011911781720950136,-0.007142892439982721,0.036136149370577186,0.53095373798195,0.007625809812452644,0.050595238272632875,100,2000,-78.0888973378569,0.226125280784629,98.05,0,0
Burst,seed_05,results/stage18_burst/full_context_v2/seed_05/stage18_ppo.history.json,250,201,250,0.0069920124217224796,-0.006678002819951092,0.04206085158511996,0.4944104226306081,0.005254640734554934,0.04327876985605274,100,2000,-77.90849506814057,0.406527550500968,97.35000000000001,0,0
Burst,seed_05,results/stage18_burst/full_context_v2/seed_05/stage18_ppo.history.json,300,251,300,0.004079433120620837,-0.011025381163649615,0.03117880235991574,0.49583161338373716,0.005843952805402555,0.038787774874695716,100,2000,-79.01633369073028,-0.7013110720887425,98.15,0,0
Burst,seed_05,results/stage18_burst/full_context_v2/seed_05/stage18_ppo.history.json,350,301,350,0.00613644591621345,-0.008911123721017725,0.03536582009733788,0.4775535353858556,0.008630350537584621,0.042596726279173575,100,2000,-76.42976078188987,1.885261836751667,97.75,0,0
Burst,seed_05,results/stage18_burst/full_context_v2/seed_05/stage18_ppo.history.json,400,351,400,0.010416133670202856,-0.0062096854616400035,0.04388104798272252,0.5190695039917566,0.004897202551676725,0.04631696441876037,100,2000,-76.73777551463427,1.5772471040072702,97.39999999999999,0,0
Burst,seed_05,results/stage18_burst/full_context_v2/seed_05/stage18_ppo.history.json,450,401,450,0.009826253035238812,-0.00871383199202163,0.04022254353289359,0.47319737914949656,0.008170611017184066,0.04340277785169226,100,2000,-77.22917344526645,1.085849173375081,97.39999999999999,0,0
Burst,seed_05,results/stage18_burst/full_context_v2/seed_05/stage18_ppo.history.json,500,451,500,0.007082797171148871,-0.007002620758222682,0.038720929878763855,0.442077707745618,0.007556183080721115,0.0474330358473318,100,2000,-79.27698146187926,-0.9619588432377242,97.89999999999999,0,0
Burst,seed_05,results/stage18_burst/full_context_v2/seed_05/stage18_ppo.history.json,550,501,550,0.006423245757884746,-0.006848183327487536,0.03812398026431245,0.4489299291744828,0.003943289147822985,0.045679209354732714,100,2000,-77.84291035910435,0.47211225953718383,96.5,0,0
Burst,seed_05,results/stage18_burst/full_context_v2/seed_05/stage18_ppo.history.json,600,551,600,0.004076780086117131,-0.01077192067168653,0.036527741134965,0.45016133199845043,0.009362802526863691,0.04916588350066117,100,2000,-78.44431621561215,-0.12929359697061216,96.35000000000001,0,0
Burst,seed_05,results/stage18_burst/full_context_v2/seed_05/stage18_ppo.history.json,650,601,650,0.013774221347245787,-0.007933287315868905,0.05311316367615724,0.47059445367806674,0.009198189604960914,0.04486607174788203,100,2000,-76.51675063143009,1.79827198721145,96.7,0,0
Burst,seed_05,results/stage18_burst/full_context_v2/seed_05/stage18_ppo.history.json,700,651,700,0.008217131785516227,-0.00969451033909406,0.040288395281615,0.46816049329936504,0.01234938156059278,0.04843750010643687,100,2000,-75.82256713432082,2.4924554843207147,97.0,0,0
Burst,seed_05,results/stage18_burst/full_context_v2/seed_05/stage18_ppo.history.json,750,701,750,0.0129593661321061,-0.008686847585652555,0.05307591846212745,0.460924772146557,0.010199402615572103,0.055436862499586174,100,2000,-77.39133273153634,0.9236898871051977,96.3,0,0
Burst,seed_05,results/stage18_burst/full_context_v2/seed_05/stage18_ppo.history.json,800,751,800,0.01268954944264676,-0.009312485943415336,0.050888368660318,0.3912943285504298,0.009870565589933124,0.04302189645490476,100,2000,-78.78312834210509,-0.4681057234635517,96.8,0,0
Burst,seed_05,results/stage18_burst/full_context_v2/seed_05/stage18_ppo.history.json,850,801,850,0.009243289981636087,-0.009565720035295402,0.0480246472039393,0.4420296961186631,0.010577257830716138,0.04606331193021365,100,2000,-78.72821928434941,-0.41319666570787206,96.3,0,0
Burst,seed_05,results/stage18_burst/full_context_v2/seed_05/stage18_ppo.history.json,900,851,900,0.011732153390767053,-0.010812302485906651,0.05295843880490533,0.5000589587060469,0.010329236536303403,0.05173788299517972,100,2000,-79.28670163131336,-0.971679012671828,96.95,0,0
Burst,seed_05,results/stage18_burst/full_context_v2/seed_05/stage18_ppo.history.json,950,901,950,0.010032988768736166,-0.009047564318669694,0.04304035144325878,0.516168883577588,0.008002259631341855,0.05659496770905596,100,2000,-78.01747518660537,0.2975474320361684,96.75,0,0
Burst,seed_05,results/stage18_burst/full_context_v2/seed_05/stage18_ppo.history.json,1000,951,1000,0.014483123402377323,-0.007598817159998274,0.052506458978833895,0.46214288476455423,0.009372976740353676,0.05330774174737079,100,2000,-79.22337692945973,-0.9083543108181971,97.2,0,0
Burst,seed_05,results/stage18_burst/full_context_v2/seed_05/stage18_ppo.history.json,1050,1001,1050,0.010212584423633026,-0.008981122834874051,0.04585029144904443,0.432398724901889,0.007247656113967034,0.05383716018072196,100,2000,-78.64184629794164,-0.32682367930010514,96.3,0,0
Burst,seed_05,results/stage18_burst/full_context_v2/seed_05/stage18_ppo.history.json,1100,1051,1100,0.0016423610338409033,-0.01270072947123221,0.04150774037199361,0.42279017407521935,0.011483775275770486,0.050993835287434716,100,2000,-79.38312704332009,-1.0681044246785518,95.5,0,0
Burst,seed_05,results/stage18_burst/full_context_v2/seed_05/stage18_ppo.history.json,1150,1101,1150,0.009020635525562933,-0.008622832418907257,0.041131451326821535,0.5190238818675945,0.008863944238068404,0.05256696444536958,100,2000,-78.05488909787772,0.2601335207638158,96.5,0,0
Burst,seed_05,results/stage18_burst/full_context_v2/seed_05/stage18_ppo.history.json,1200,1151,1200,-0.00202792342003834,-0.013376198542703475,0.03159559319777015,0.4431909759129797,0.008388674651671733,0.05396116804331541,100,2000,-75.48373866656252,2.831283952079019,96.35000000000001,0,0
Burst,seed_05,results/stage18_burst/full_context_v2/seed_05/stage18_ppo.history.json,1250,1201,1250,0.006363791072674627,-0.007645408706074315,0.0317000192319808,0.46493316705216003,0.008930150508863983,0.056204212829470634,100,2000,-76.88878489949562,1.4262377191459166,96.75,0,0
Burst,seed_05,results/stage18_burst/full_context_v2/seed_05/stage18_ppo.history.json,1300,1251,1300,0.0010142258584632405,-0.01264577655820176,0.03090698874023344,0.422012114780955,0.009714392856612415,0.059037316989685805,100,2000,-79.40118600614841,-1.086163387506872,97.1,0,0
Burst,seed_05,results/stage18_burst/full_context_v2/seed_05/stage18_ppo.history.json,1350,1301,1350,0.0005601713104018321,-0.010394189196328323,0.03025786103292679,0.42397754458527614,0.011360924838040125,0.05610650538333825,100,2000,-78.38959118973249,-0.07456857109094983,96.89999999999999,0,0
Burst,seed_05,results/stage18_burst/full_context_v2/seed_05/stage18_ppo.history.json,1400,1351,1400,0.007546257294182266,-0.008101887080729717,0.0377582450164482,0.4116030529507303,0.007938523025326764,0.05328395590186119,100,2000,-79.08733619771485,-0.7723135790733124,97.39999999999999,0,0
Burst,seed_05,results/stage18_burst/full_context_v2/seed_05/stage18_ppo.history.json,1450,1401,1450,0.012161645547686412,-0.00990039306426687,0.04840669604683561,0.3985110696771049,0.010686980078129897,0.059219990346935536,100,2000,-78.90029005076393,-0.585267432122393,97.0,0,0
Burst,seed_05,results/stage18_burst/full_context_v2/seed_05/stage18_ppo.history.json,1500,1451,1500,0.011942382439017473,-0.009220341220498085,0.042565190877732154,0.4489842247483986,0.010548019384649316,0.061874509922095706,100,2000,-79.45958061300789,-1.1445579943663517,97.2,0,0
Burst,seed_05,results/stage18_burst/full_context_v2/seed_05/stage18_ppo.history.json,1550,1501,1550,0.014838623700641273,-0.01065871404716745,0.05260890768840909,0.45136532851133127,0.008621091289179665,0.05293367403958525,100,2000,-78.15100421244325,0.1640184061982808,96.6,0,0
Burst,seed_05,results/stage18_burst/full_context_v2/seed_05/stage18_ppo.history.json,1600,1551,1600,0.01665690402816316,-0.00924362410192511,0.058137477874489765,0.5082021042970675,0.010964347920629995,0.05624141517494406,100,2000,-78.83481400240174,-0.5197913837602073,97.89999999999999,0,0
Burst,seed_05,results/stage18_burst/full_context_v2/seed_05/stage18_ppo.history.json,1650,1601,1650,0.012906100131138893,-0.008799224659534437,0.0526802819554827,0.5219481478312186,0.00838856052307944,0.060586734741394005,100,2000,-79.83291928784513,-1.5178966692035942,97.7,0,0
Burst,seed_05,results/stage18_burst/full_context_v2/seed_05/stage18_ppo.history.json,1700,1651,1700,0.011275582547698702,-0.007723250725705709,0.049109813258317966,0.554180059106979,0.010147975298293335,0.059979083814791265,100,2000,-80.85700380867422,-2.5419811900326863,97.25,0,0
Burst,seed_05,results/stage18_burst/full_context_v2/seed_05/stage18_ppo.history.json,1750,1701,1750,0.01514835512387522,-0.009035441447936353,0.05202310428112036,0.5818029514713479,0.008520555133665246,0.06598376935081822,100,2000,-78.12083056759802,0.19419205104351533,96.65,0,0
Burst,seed_05,results/stage18_burst/full_context_v2/seed_05/stage18_ppo.history.json,1800,1751,1800,0.005807089453030909,-0.01212828909046948,0.04514144118210035,0.591937994372399,0.01245231844742583,0.062188370153307915,100,2000,-88.83456350278429,-10.519540884142756,97.1,0,0
Burst,seed_05,results/stage18_burst/full_context_v2/seed_05/stage18_ppo.history.json,1850,1801,1850,0.012309482005158707,-0.00799166051937001,0.048529965886180956,0.5713126478450639,0.007926105604773121,0.05811011910970722,100,2000,-93.32531755420092,-15.010294935559386,96.75,0,0
Burst,seed_05,results/stage18_burst/full_context_v2/seed_05/stage18_ppo.history.json,1900,1851,1900,0.0066999772763145825,-0.008119535765477588,0.04128705979590969,0.5517604699177485,0.008462018662092825,0.06194196428571429,100,2000,-87.88968532658029,-9.574662707938757,96.85000000000001,0,0
Burst,seed_05,results/stage18_burst/full_context_v2/seed_05/stage18_ppo.history.json,1950,1901,1950,0.0077004700100847655,-0.01131554925814271,0.04674488602073065,0.5648755761153144,0.009662870727229995,0.06711309576140984,100,2000,-80.00976633968406,-1.6947437210425278,97.15,0,0
Burst,seed_05,results/stage18_burst/full_context_v2/seed_05/stage18_ppo.history.json,2000,1951,2000,0.01434979762416333,-0.0052963125552716005,0.04813683365604707,0.6269521806389093,0.009762956968708231,0.06752232182770967,100,2000,-80.22774720138442,-1.9127245827428823,97.8,0,0
Burst,seed_06,results/stage18_burst/full_context_v2/seed_06/stage18_ppo.history.json,50,1,50,0.017446648271288723,-0.0048224200893725675,0.03622803235027407,0.2515550359702112,0.0185257232359228,0.05078425001175631,100,2000,-79.10591409211803,0.0,97.25,0,0
Burst,seed_06,results/stage18_burst/full_context_v2/seed_06/stage18_ppo.history.json,100,51,100,0.004363051249778697,-0.00843512054000582,0.0354152525098817,0.5187256917041461,0.0067209376970172995,0.03761160719607558,100,2000,-76.85925208348604,2.2466620086319864,96.45,0,0
Burst,seed_06,results/stage18_burst/full_context_v2/seed_06/stage18_ppo.history.json,150,101,150,0.0074376604918922696,-0.007088788951347982,0.03846021922903933,0.4988793568419559,0.007543159986588372,0.0374149660180722,100,2000,-76.29168859503869,2.8142254970793346,96.55,0,0
Burst,seed_06,results/stage18_burst/full_context_v2/seed_06/stage18_ppo.history.json,200,151,200,0.011660560664798442,-0.004774819327784436,0.039044344481746,0.5353577687544628,0.008566776061862973,0.0423677885638816,100,2000,-78.5731839915347,0.532730100583322,97.25,0,0
Burst,seed_06,results/stage18_burst/full_context_v2/seed_06/stage18_ppo.history.json,250,201,250,0.008816790118414377,-0.008976511127825472,0.03853423334658146,0.41554852575063705,0.004967385121355099,0.03731594620538609,100,2000,-77.40290132674585,1.7030127653721792,97.0,0,0
Burst,seed_06,results/stage18_burst/full_context_v2/seed_06/stage18_ppo.history.json,300,251,300,0.006004932910270457,-0.00702249309203277,0.037149864088167395,0.48526838927396704,0.005998779043910049,0.042912946481789865,100,2000,-76.93913156174715,2.166782530370881,96.3,0,0
Burst,seed_06,results/stage18_burst/full_context_v2/seed_06/stage18_ppo.history.json,350,301,350,0.009405610542411782,-0.007303215546666512,0.034978572063014975,0.5187076456191126,0.011922427810662026,0.047061011993459294,100,2000,-78.36520091235062,0.7407131797674111,97.3,0,0
Burst,seed_06,results/stage18_burst/full_context_v2/seed_06/stage18_ppo.history.json,400,351,400,0.009313773594580459,-0.010357282357290387,0.043909203304792754,0.49482890990163597,0.00820277942832382,0.04202516243926116,100,2000,-79.250241447043,-0.14432735492496818,97.65,0,0
Burst,seed_06,results/stage18_burst/full_context_v2/seed_06/stage18_ppo.history.json,450,401,450,0.007959028743373762,-0.009027632552066019,0.03513728446393673,0.4245407006570271,0.009350738365485865,0.04625602942403583,100,2000,-77.3407759716601,1.7651381204579337,96.75,0,0
Burst,seed_06,results/stage18_burst/full_context_v2/seed_06/stage18_ppo.history.json,500,451,500,0.005493959545024804,-0.004977531664605652,0.03251481888998699,0.38726203261490155,0.0063737248246546925,0.037375106520596,100,2000,-77.13574175886812,1.9701723332499057,96.7,0,0
Burst,seed_06,results/stage18_burst/full_context_v2/seed_06/stage18_ppo.history.json,550,501,550,0.003714975651486644,-0.010034796183130572,0.03343339828175626,0.39591581653803587,0.007610062906418793,0.04017857142857143,100,2000,-78.24238632451865,0.8635277675993791,96.6,0,0
Burst,seed_06,results/stage18_burst/full_context_v2/seed_06/stage18_ppo.history.json,600,551,600,0.005390699328494347,-0.007986927691187399,0.028624246029981544,0.41365567435111317,0.007182062280272865,0.04076522455683776,100,2000,-76.12392767780167,2.981986414316353,96.55,0,0
Burst,seed_06,results/stage18_burst/full_context_v2/seed_06/stage18_ppo.history.json,650,601,650,0.008654675404873809,-0.00733492270644222,0.03389629387363259,0.3886853255915932,0.0081764386933563,0.042720734141767025,100,2000,-87.64989790740017,-8.543983815282147,97.5,0,0
Burst,seed_06,results/stage18_burst/full_context_v2/seed_06/stage18_ppo.history.json,700,651,700,0.01526582598619695,-0.005078313728084876,0.04310854456187892,0.4168828394530075,0.006755775088787378,0.04593063212398972,100,2000,-79.77839644840056,-0.6724823562825293,96.89999999999999,0,0
Burst,seed_06,results/stage18_burst/full_context_v2/seed_06/stage18_ppo.history.json,750,701,750,0.007678892010257446,-0.006360385766518968,0.03585088143258223,0.41150421025009737,0.010340909222057755,0.04797512785132442,100,2000,-75.69556322585831,3.4103508662597193,96.45,0,0
Burst,seed_06,results/stage18_burst/full_context_v2/seed_06/stage18_ppo.history.json,800,751,800,0.006253035048887665,-0.008018234495206604,0.033207618398591876,0.40342982006924494,0.008967149495479783,0.04378434071051222,100,2000,-78.20961532734371,0.8962987647743148,96.75,0,0
Burst,seed_06,results/stage18_burst/full_context_v2/seed_06/stage18_ppo.history.json,850,801,850,0.004104614713079562,-0.008586750698408911,0.032095124264482626,0.39498667891270345,0.01070379002287934,0.046514735712359354,100,2000,-75.17038914926198,3.9355249428560484,96.5,0,0
Burst,seed_06,results/stage18_burst/full_context_v2/seed_06/stage18_ppo.history.json,900,851,900,0.005608084603279297,-0.0060210863372222295,0.03853026714308985,0.43651406553278044,0.01016015003967498,0.042110840789973736,100,2000,-76.02123890481897,3.084675187299055,96.45,0,0
Burst,seed_06,results/stage18_burst/full_context_v2/seed_06/stage18_ppo.history.json,950,901,950,0.0053553536417894065,-0.006520450492167757,0.031437863961660435,0.3525098470438804,0.005255843313144786,0.03712459434089916,100,2000,-76.52913470231655,2.576779389801473,96.3,0,0
Burst,seed_06,results/stage18_burst/full_context_v2/seed_06/stage18_ppo.history.json,1000,951,1000,0.008702335962360459,-0.006779515949477042,0.03503467348803367,0.3953404380452065,0.009721567168075547,0.04605368605726177,100,2000,-76.9743183326475,2.131595759470528,96.5,0,0
Burst,seed_06,results/stage18_burst/full_context_v2/seed_06/stage18_ppo.history.json,1050,1001,1050,0.006653179173424308,-0.01006514030242605,0.03504638438157383,0.41680726749057484,0.007753886879765474,0.05380120800275888,100,2000,-76.25765071456075,2.8482633775572737,96.5,0,0
Burst,seed_06,results/stage18_burst/full_context_v2/seed_06/stage18_ppo.history.json,1100,1051,1100,0.005516603214865816,-0.008483756533158677,0.03333964254263611,0.3191922709146249,0.008020585186646454,0.04921875002660922,100,2000,-76.91365507552719,2.192259016590839,96.7,0,0
Burst,seed_06,results/stage18_burst/full_context_v2/seed_06/stage18_ppo.history.json,1150,1101,1150,0.002088729653873348,-0.01094946181512482,0.02988986198657325,0.3882329019751134,0.011270918623941788,0.06188881822994777,100,2000,-76.66637679051527,2.439537301602755,96.6,0,0
Burst,seed_06,results/stage18_burst/full_context_v2/seed_06/stage18_ppo.history.json,1200,1151,1200,0.0023565513963278916,-0.010401532386562655,0.029206517485103438,0.4256271444819749,0.012811226676040817,0.05819619545668718,100,2000,-76.3951114211864,2.7108026709316277,96.5,0,0
Burst,seed_06,results/stage18_burst/full_context_v2/seed_06/stage18_ppo.history.json,1250,1201,1250,0.0012729635026993318,-0.008572828258842318,0.03023598022160253,0.3957982324063778,0.012066928823644827,0.05803571428571429,100,2000,-75.77973942418011,3.32617466793792,96.55,0,0
Burst,seed_06,results/stage18_burst/full_context_v2/seed_06/stage18_ppo.history.json,1300,1251,1300,0.0021211293961165383,-0.0094028631269577,0.03398639261958383,0.38523283075275166,0.008892270270735025,0.06057787699890988,100,2000,-77.65938004891301,1.4465340432050198,96.25,0,0
Burst,seed_06,results/stage18_burst/full_context_v2/seed_06/stage18_ppo.history.json,1350,1301,1350,0.0021859356701107962,-0.011812163284048438,0.03546963562257588,0.4443387386854738,0.014279356820874715,0.061761267350188324,100,2000,-75.08280324740704,4.023110844710985,96.45,0,0
Burst,seed_06,results/stage18_burst/full_context_v2/seed_06/stage18_ppo.history.json,1400,1351,1400,0.006271052249108574,-0.006379078724421561,0.03358260996174067,0.4091236780264548,0.012325178657885686,0.06622555306447403,100,2000,-79.42545138513918,-0.3195372930211562,96.7,0,0
Burst,seed_06,results/stage18_burst/full_context_v2/seed_06/stage18_ppo.history.json,1450,1401,1450,0.0038960942155903296,-0.009765648416110446,0.034936363742287674,0.4767480939626694,0.01069984758838213,0.06801835327808345,100,2000,-76.5818242103988,2.5240898817192203,96.95,0,0
Burst,seed_06,results/stage18_burst/full_context_v2/seed_06/stage18_ppo.history.json,1500,1451,1500,0.007372534368187189,-0.010658283152484467,0.04200933361425996,0.4696024847882134,0.01636403484735638,0.07110549828835896,100,2000,-78.85007213592743,0.2558419561905936,97.7,0,0
Burst,seed_06,results/stage18_burst/full_context_v2/seed_06/stage18_ppo.history.json,1550,1501,1550,0.010014669836631842,-0.012684009969234467,0.0460340328448053,0.49584446200714455,0.014308458526751824,0.06979166716337204,100,2000,-76.61799104659663,2.4879230455213985,97.2,0,0
Burst,seed_06,results/stage18_burst/full_context_v2/seed_06/stage18_ppo.history.json,1600,1551,1600,0.008449613510276236,-0.011641948672366283,0.04020911445591732,0.4094589308240566,0.011478935859797852,0.07052508548700384,100,2000,-78.43563984449585,0.6702742476221744,97.8,0,0
Burst,seed_06,results/stage18_burst/full_context_v2/seed_06/stage18_ppo.history.json,1650,1601,1650,0.009327091154686752,-0.011601143782692298,0.04837007030645119,0.4488772794291089,0.01554796259872438,0.07099454377644829,100,2000,-78.7943629946862,0.3115510974318312,96.65,0,0
Burst,seed_06,results/stage18_burst/full_context_v2/seed_06/stage18_ppo.history.json,1700,1651,1700,0.007099735168074923,-0.010066112403624823,0.03861464047804475,0.4262258013976472,0.01459926035022363,0.06809895862603471,100,2000,-76.379457450208,2.7264566419100333,96.35000000000001,0,0
Burst,seed_06,results/stage18_burst/full_context_v2/seed_06/stage18_ppo.history.json,1750,1701,1750,0.007868661595109318,-0.011285559739917517,0.04421257966896519,0.4676621521690062,0.01086543350746589,0.07351190490382059,100,2000,-80.27704745569434,-1.1711333635763168,96.35000000000001,0,0
Burst,seed_06,results/stage18_burst/full_context_v2/seed_06/stage18_ppo.history.json,1800,1751,1800,0.004952699561337275,-0.010305811900512447,0.03981022811162152,0.4677769604272076,0.009841719317981707,0.06390224390530161,100,2000,-77.93850223730355,1.1674118548144747,97.2,0,0
Burst,seed_06,results/stage18_burst/full_context_v2/seed_06/stage18_ppo.history.json,1850,1801,1850,0.007505368532812489,-0.006795591974098767,0.04049537585870851,0.4964186939676958,0.010643902139106234,0.061771271351192675,100,2000,-80.95135799503959,-1.8454439029215592,96.65,0,0
Burst,seed_06,results/stage18_burst/full_context_v2/seed_06/stage18_ppo.history.json,1900,1851,1900,0.01107699063140899,-0.009253452448839588,0.04326466919987329,0.4787262757974012,0.01260369163771559,0.06540055972124849,100,2000,-79.81450844081756,-0.7085943486995347,96.5,0,0
Burst,seed_06,results/stage18_burst/full_context_v2/seed_06/stage18_ppo.history.json,1950,1901,1950,0.013427911143350815,-0.009637929906602949,0.052767736288452785,0.5161344142896789,0.010965377042469169,0.0729786708418812,100,2000,-84.80314448001809,-5.697230387900063,97.25,0,0
Burst,seed_06,results/stage18_burst/full_context_v2/seed_06/stage18_ppo.history.json,2000,1951,2000,0.007711705801609371,-0.010866503164704357,0.04814539513816791,0.5462481778231449,0.013261999934911728,0.06881200415747507,100,2000,-84.11348481805129,-5.007570725933263,98.35000000000001,0,0
Burst,seed_07,results/stage18_burst/full_context_v2/seed_07/stage18_ppo.history.json,50,1,50,0.007835580376974707,-0.004805012539561306,0.033293092190953236,0.46567336682762417,0.015037281688169708,0.06377953663468361,100,2000,-78.27135700477398,0.0,96.25,0,0
Burst,seed_07,results/stage18_burst/full_context_v2/seed_07/stage18_ppo.history.json,100,51,100,0.0026787754447598544,-0.007858127438729363,0.025051757277521704,0.4784728509839624,0.01026417880452105,0.044642857142857144,100,2000,-76.89123698391052,1.3801200208634583,97.0,0,0
Burst,seed_07,results/stage18_burst/full_context_v2/seed_07/stage18_ppo.history.json,150,101,150,0.0097923536502224,-0.004196777074996914,0.032501911958596405,0.4567844696742083,0.009705586633312382,0.040768495095627647,100,2000,-75.70735327592595,2.5640037288480215,96.8,0,0
Burst,seed_07,results/stage18_burst/full_context_v2/seed_07/stage18_ppo.history.json,200,151,200,0.006062930305710151,-0.007633270773415765,0.0383284327108413,0.5460634861697022,0.004407394806288981,0.03943452398691859,100,2000,-75.9758883059126,2.29546869886137,96.89999999999999,0,0
Burst,seed_07,results/stage18_burst/full_context_v2/seed_07/stage18_ppo.history.json,250,201,250,0.007816112234390209,-0.003093131152646882,0.03225183794607542,0.49761755250762396,0.006276374422928451,0.036989795975387096,100,2000,-73.48665039830806,4.784706606465917,96.6,0,0
Burst,seed_07,results/stage18_burst/full_context_v2/seed_07/stage18_ppo.history.json,300,251,300,0.01228236490195351,-0.006589433577443872,0.04357124184302631,0.49758282929126707,0.00713546626502648,0.042113095322357755,100,2000,-76.57626043190625,1.695096572867726,97.89999999999999,0,0
Burst,seed_07,results/stage18_burst/full_context_v2/seed_07/stage18_ppo.history.json,350,301,350,0.01329814673018908,-0.007676896705691303,0.0486795005521604,0.468787342642567,0.005784521278526101,0.038194444828799794,100,2000,-75.75483200758845,2.5165249971855275,96.85000000000001,0,0
Burst,seed_07,results/stage18_burst/full_context_v2/seed_07/stage18_ppo.history.json,400,351,400,0.003023418926334541,-0.008025110735269706,0.029142843559384346,0.34034991006311216,0.007314950976121639,0.03603557923010417,100,2000,-74.15816812656153,4.113188878212441,96.35000000000001,0,0
Burst,seed_07,results/stage18_burst/full_context_v2/seed_07/stage18_ppo.history.json,450,401,450,0.005416007030622235,-0.007365593354084662,0.02880733160834227,0.37391398957974853,0.0065729404221721265,0.034784226279173575,100,2000,-74.86046370969713,3.4108932950768462,96.6,0,0
Burst,seed_07,results/stage18_burst/full_context_v2/seed_07/stage18_ppo.history.json,500,451,500,0.0032871228281042674,-0.009663472883403301,0.031476854212607056,0.33823055007947334,0.0068882846265166464,0.03125,100,2000,-74.96928257395996,3.3020744308140166,97.05,0,0
Burst,seed_07,results/stage18_burst/full_context_v2/seed_07/stage18_ppo.history.json,550,501,550,0.009862289697464024,-0.00600847605216716,0.0348221861100423,0.34544129991729833,0.006912723790589683,0.0381968293139445,100,2000,-76.38117055944817,1.89018644532581,98.05,0,0
Burst,seed_07,results/stage18_burst/full_context_v2/seed_07/stage18_ppo.history.json,600,551,600,0.008656413310312755,-0.005421288175663601,0.03186586720403284,0.285296146112062,0.010931459184835797,0.04543126164935529,100,2000,-78.51645901073212,-0.24510200595814524,98.45,0,0
Burst,seed_07,results/stage18_burst/full_context_v2/seed_07/stage18_ppo.history.json,650,601,650,0.0056214671681768125,-0.008405959438754334,0.034625837546108026,0.4137194581413185,0.007588147243950516,0.04309275820629582,100,2000,-77.36697971913857,0.9043772856354053,98.0,0,0
Burst,seed_07,results/stage18_burst/full_context_v2/seed_07/stage18_ppo.history.json,700,651,700,0.011315840261106911,-0.007425325379396479,0.039591814524361064,0.447015439991708,0.009200834711919015,0.04406887771827834,100,2000,-75.94452375202668,2.326833252747292,97.0,0,0
Burst,seed_07,results/stage18_burst/full_context_v2/seed_07/stage18_ppo.history.json,750,701,750,0.005705907999072224,-0.00944963248912245,0.03688850629675601,0.4255048695486039,0.009711246475688995,0.04836309541549001,100,2000,-76.01552817869667,2.2558288260773054,96.55,0,0
Burst,seed_07,results/stage18_burst/full_context_v2/seed_07/stage18_ppo.history.json,800,751,800,0.016124912127408953,-0.0023871859718513277,0.0421093434561044,0.35995680765647975,0.010271233244566247,0.04910714303453763,100,2000,-76.09283630883681,2.1785206959371664,96.45,0,0
Burst,seed_07,results/stage18_burst/full_context_v2/seed_07/stage18_ppo.history.json,850,801,850,0.014375128151316727,-0.005051170509042484,0.03353209673826184,0.3436149887773874,0.007664366932918451,0.04266540785985333,100,2000,-75.48562086814103,2.7857361366329485,96.5,0,0
Burst,seed_07,results/stage18_burst/full_context_v2/seed_07/stage18_ppo.history.json,900,851,900,0.0021974703288703623,-0.011143277127606172,0.03587306433057945,0.3451371749064752,0.007665840709315879,0.04597594263032079,100,2000,-75.35659886186554,2.9147581429084397,96.6,0,0
Burst,seed_07,results/stage18_burst/full_context_v2/seed_07/stage18_ppo.history.json,950,901,950,0.004335433610581926,-0.008421070665852832,0.034613525960594416,0.3846446961896228,0.007392747040804741,0.043543696137411256,100,2000,-75.71887607994667,2.5524809248273073,96.85000000000001,0,0
Burst,seed_07,results/stage18_burst/full_context_v2/seed_07/stage18_ppo.history.json,1000,951,1000,0.0011043299940259506,-0.010968947882897088,0.03328812273684889,0.4027903942125184,0.007449040937769626,0.045900652185082436,100,2000,-76.4529205610981,1.8184364436758784,96.7,0,0
Burst,seed_07,results/stage18_burst/full_context_v2/seed_07/stage18_ppo.history.json,1050,1001,1050,0.008522153698972294,-0.0072956259772625,0.03568802971858531,0.39744858252483284,0.008213146778871305,0.048549107142857144,100,2000,-73.92349623501963,4.347860769754348,96.55,0,0
Burst,seed_07,results/stage18_burst/full_context_v2/seed_07/stage18_ppo.history.json,1100,1051,1100,-0.0004519927980644362,-0.012545024726672897,0.031722876138181685,0.3461068736256233,0.009275719076304952,0.04607780623648848,100,2000,-77.30746262701432,0.963894377759658,98.0,0,0
Burst,seed_07,results/stage18_burst/full_context_v2/seed_07/stage18_ppo.history.json,1150,1101,1150,0.00910450768424198,-0.009467820165723208,0.04134032434584307,0.30282540979429284,0.010633627488329824,0.0498556196578734,100,2000,-75.36045078189701,2.91090622287696,96.7,0,0
Burst,seed_07,results/stage18_burst/full_context_v2/seed_07/stage18_ppo.history.json,1200,1151,1200,0.014325501716008321,-0.004472765805465835,0.03395674201393766,0.37334729969734326,0.00906918926713323,0.04988839291036129,100,2000,-74.74440759193182,3.526949412842157,96.6,0,0
Burst,seed_07,results/stage18_burst/full_context_v2/seed_07/stage18_ppo.history.json,1250,1201,1250,0.0044389096701273785,-0.010460332113628585,0.03466563080880968,0.39381441123165284,0.011387295502312815,0.05654761913631644,100,2000,-74.18227439890136,4.089082605872619,96.39999999999999,0,0
Burst,seed_07,results/stage18_burst/full_context_v2/seed_07/stage18_ppo.history.json,1300,1251,1300,0.00919273857393169,-0.006876320697345017,0.037579226873016784,0.369261665718763,0.010840229212534374,0.051148027669461,100,2000,-74.4711698448067,3.8001871599672796,96.39999999999999,0,0
Burst,seed_07,results/stage18_burst/full_context_v2/seed_07/stage18_ppo.history.json,1350,1301,1350,0.005275073735642114,-0.008096395027158514,0.036329366183573644,0.3785405800279266,0.007980825105083309,0.04786706369902406,100,2000,-75.02108705939636,3.2502699453776103,96.8,0,0
Burst,seed_07,results/stage18_burst/full_context_v2/seed_07/stage18_ppo.history.json,1400,1351,1400,0.0042116561671718955,-0.010198588383251002,0.033444145519752055,0.32323117441098603,0.008065786873755445,0.05176445602306298,100,2000,-73.87513855435935,4.396218450414622,96.95,0,0
Burst,seed_07,results/stage18_burst/full_context_v2/seed_07/stage18_ppo.history.json,1450,1401,1450,0.008343525128328196,-0.009919429037143431,0.03873175801709294,0.36698161867181106,0.008940564726279783,0.05628976154895056,100,2000,-75.87757326721206,2.393783737561918,96.75,0,0
Burst,seed_07,results/stage18_burst/full_context_v2/seed_07/stage18_ppo.history.json,1500,1451,1500,0.006385611551758345,-0.008021618010215684,0.03251486313196697,0.3354568669185808,0.013502457478482808,0.05873683627162661,100,2000,-75.26308852180159,3.008268482972383,96.8,0,0
Burst,seed_07,results/stage18_burst/full_context_v2/seed_07/stage18_ppo.history.json,1550,1501,1550,0.0064904756062398004,-0.01048674434700626,0.03780072937453432,0.38763339823552606,0.011663358072312457,0.060941876976617744,100,2000,-74.94908069837658,3.3222763063973986,96.65,0,0
Burst,seed_07,results/stage18_burst/full_context_v2/seed_07/stage18_ppo.history.json,1600,1551,1600,0.00845050596676412,-0.006701230176813191,0.03614518714104114,0.3240958862006664,0.011176540632732213,0.052703373067613156,100,2000,-75.8377949719494,2.433562032824568,96.95,0,0
Burst,seed_07,results/stage18_burst/full_context_v2/seed_07/stage18_ppo.history.json,1650,1601,1650,0.007149311252370743,-0.009303249501889306,0.03243555627497179,0.3219128438192586,0.008441269412287511,0.05188137771827834,100,2000,-74.49844309329863,3.7729139114753423,96.55,0,0
Burst,seed_07,results/stage18_burst/full_context_v2/seed_07/stage18_ppo.history.json,1700,1651,1700,0.00535481924556994,-0.0075905219529799756,0.0330405562694761,0.3479854359071136,0.012440990906075708,0.060007440724543164,100,2000,-79.02581179152872,-0.7544547867547493,97.55,0,0
Burst,seed_07,results/stage18_burst/full_context_v2/seed_07/stage18_ppo.history.json,1750,1701,1750,0.01278367468122659,-0.0070232094065951454,0.03724806123812284,0.3902405132761314,0.0072078566216597605,0.05896577398691859,100,2000,-76.60704567144555,1.6643113333284276,97.15,0,0
Burst,seed_07,results/stage18_burst/full_context_v2/seed_07/stage18_ppo.history.json,1800,1751,1800,0.00442225719702297,-0.01277732809207269,0.04084242654166051,0.3827464111881065,0.010842470117495395,0.06025191356561013,100,2000,-76.38237994317831,1.8889770615956678,97.05,0,0
Burst,seed_07,results/stage18_burst/full_context_v2/seed_07/stage18_ppo.history.json,1850,1801,1850,0.010626388895962876,-0.007096691090347511,0.038394697908578176,0.33045128471262397,0.01068504547791755,0.062369791946063444,100,2000,-75.41326477669806,2.8580922280759182,96.65,0,0
Burst,seed_07,results/stage18_burst/full_context_v2/seed_07/stage18_ppo.history.json,1900,1851,1900,0.008855444911335195,-0.010107850572759551,0.046967461272808056,0.34773696892495665,0.011992442454876646,0.06138072151779419,100,2000,-77.31179309593877,0.9595639088352073,96.35000000000001,0,0
Burst,seed_07,results/stage18_burst/full_context_v2/seed_07/stage18_ppo.history.json,1950,1901,1950,0.008296390281646467,-0.00933019514195621,0.04073893601473953,0.3461044727467067,0.009886340589478746,0.06045386913631644,100,2000,-75.79326060747557,2.478096397298401,96.3,0,0
Burst,seed_07,results/stage18_burst/full_context_v2/seed_07/stage18_ppo.history.json,2000,1951,2000,0.007138518648432745,-0.009029026292929692,0.03835247713695502,0.3923662859015167,0.010518991805535432,0.06027474651290547,100,2000,-75.1208146791275,3.1505423256464695,96.75,0,0
Burst,seed_08,results/stage18_burst/full_context_v2/seed_08/stage18_ppo.history.json,50,1,50,0.016251292083844807,-0.004108179260843566,0.042726304481870356,0.30040673633006265,0.015138591422068463,0.04988839304340738,100,2000,-84.76348885959641,0.0,96.39999999999999,0,0
Burst,seed_08,results/stage18_burst/full_context_v2/seed_08/stage18_ppo.history.json,100,51,100,0.004109793836029158,-0.006814465159550309,0.027490234933793545,0.4429856410604857,0.012263237232608455,0.05224508286586829,100,2000,-82.5780453985736,2.185443461022814,98.2,0,0
Burst,seed_08,results/stage18_burst/full_context_v2/seed_08/stage18_ppo.history.json,150,101,150,0.002840607011291597,-0.009201381555093186,0.028789289378827174,0.3728433233197956,0.008602604754352278,0.045758928571428575,100,2000,-80.0959736189532,4.667515240643212,97.8,0,0
Burst,seed_08,results/stage18_burst/full_context_v2/seed_08/stage18_ppo.history.json,200,151,200,0.002620381477754563,-0.008141994021744245,0.03236678974436862,0.4725150530492621,0.009045145752939528,0.046205357315817056,100,2000,-80.04702057291296,4.716468286683451,98.0,0,0
Burst,seed_08,results/stage18_burst/full_context_v2/seed_08/stage18_ppo.history.json,250,201,250,0.005760137345142928,-0.010798409348353744,0.03439212406131749,0.4382066234746682,0.007304027661198895,0.04957983197112169,100,2000,-77.34400989552411,7.419478964072297,97.35000000000001,0,0
Burst,seed_08,results/stage18_burst/full_context_v2/seed_08/stage18_ppo.history.json,300,251,300,0.00846004146816475,-0.008353027451362106,0.03578656334762595,0.48248263416878345,0.009404407614575967,0.05074066575616598,100,2000,-80.35112298757466,4.412365872021752,98.2,0,0
Burst,seed_08,results/stage18_burst/full_context_v2/seed_08/stage18_ppo.history.json,350,301,350,0.006491860008931586,-0.004718509236616748,0.03667443515067654,0.5686743988564038,0.009958614665915126,0.05006377585232258,100,2000,-79.64199245203432,5.121496407562091,97.85000000000001,0,0
Burst,seed_08,results/stage18_burst/full_context_v2/seed_08/stage18_ppo.history.json,400,351,400,0.006504585916575576,-0.009311318757855111,0.039655093037124195,0.565071877092123,0.009244797495609549,0.043154761993459294,100,2000,-81.83760100785692,2.925887851739489,96.35000000000001,0,0
Burst,seed_08,results/stage18_burst/full_context_v2/seed_08/stage18_ppo.history.json,450,401,450,0.00784490701542901,-0.008961989178455301,0.03653204366509315,0.5048232582796897,0.011255408260564894,0.050242794677615166,100,2000,-77.57997770135391,7.183511158242496,97.05,0,0
Burst,seed_08,results/stage18_burst/full_context_v2/seed_08/stage18_ppo.history.json,500,451,500,0.00510290325785588,-0.008284529313511615,0.03313093908530261,0.4717374505209071,0.010550922618546923,0.05084325386477368,100,2000,-76.57163542697805,8.191853432618359,96.5,0,0
Burst,seed_08,results/stage18_burst/full_context_v2/seed_08/stage18_ppo.history.json,550,501,550,0.008767057326622307,-0.006684542866423726,0.034937374315978514,0.5109556598056639,0.01054767522977532,0.05217305677277701,100,2000,-80.15918726333811,4.604301596258296,97.95,0,0
Burst,seed_08,results/stage18_burst/full_context_v2/seed_08/stage18_ppo.history.json,600,551,600,0.0054776282881253534,-0.010229265173187568,0.03564272687903472,0.4716968547242383,0.009812779443953852,0.049966341017612395,100,2000,-79.23592435838891,5.527564501207493,96.85000000000001,0,0
Burst,seed_08,results/stage18_burst/full_context_v2/seed_08/stage18_ppo.history.json,650,601,650,0.007642759401018598,-0.01026736426034144,0.03740808796802802,0.4661726596366082,0.014586534166612961,0.05608195086408939,100,2000,-77.7657425507969,6.997746308799506,96.39999999999999,0,0
Burst,seed_08,results/stage18_burst/full_context_v2/seed_08/stage18_ppo.history.json,700,651,700,0.006602256483997085,-0.010121350941647376,0.03681893480409469,0.49478854797780514,0.011238957591038863,0.04932697529771499,100,2000,-77.55191155732568,7.211577302270726,97.1,0,0
Burst,seed_08,results/stage18_burst/full_context_v2/seed_08/stage18_ppo.history.json,750,701,750,0.010588661933849965,-0.009543879095525924,0.04002256284556573,0.42156267379011425,0.006645021807344165,0.047681051705564775,100,2000,-77.6175005534136,7.145988306182801,97.85000000000001,0,0
Burst,seed_08,results/stage18_burst/full_context_v2/seed_08/stage18_ppo.history.json,800,751,800,0.009446696561229016,-0.006140541152230331,0.037806586495467594,0.3953745863572724,0.007732608388843281,0.04718501985605274,100,2000,-76.89520926987419,7.868279589722221,97.35000000000001,0,0
Burst,seed_08,results/stage18_burst/full_context_v2/seed_08/stage18_ppo.history.json,850,801,850,0.008016424918813365,-0.0051727258999432835,0.03314048602312271,0.46909264541630236,0.008320678255976028,0.04750744067132473,100,2000,-76.27315324985555,8.490335609740853,96.65,0,0
Burst,seed_08,results/stage18_burst/full_context_v2/seed_08/stage18_ppo.history.json,900,851,900,0.00441186124780437,-0.010346602997742593,0.03778573628681313,0.44230088743747076,0.009674809182927544,0.04808407753617281,100,2000,-76.74999717035834,8.013491689238066,96.6,0,0
Burst,seed_08,results/stage18_burst/full_context_v2/seed_08/stage18_ppo.history.json,950,901,950,0.004698899192070323,-0.008200669794210365,0.035564557083749344,0.468941491363304,0.01090337843578786,0.04638918076774903,100,2000,-76.9983143452854,7.765174514311013,97.3,0,0
Burst,seed_08,results/stage18_burst/full_context_v2/seed_08/stage18_ppo.history.json,1000,951,1000,0.005259191110131465,-0.00894488045014441,0.028418627356932985,0.4535649805194615,0.007480123022105545,0.04415922625256436,100,2000,-77.73615282503236,7.027336034564044,97.0,0,0
Burst,seed_08,results/stage18_burst/full_context_v2/seed_08/stage18_ppo.history.json,1050,1001,1050,0.0009008775315513568,-0.012324072855768637,0.03477789389268894,0.4703299408013534,0.008354777947845702,0.0555307540510382,100,2000,-78.27827824621063,6.4852106133857745,97.8,0,0
Burst,seed_08,results/stage18_burst/full_context_v2/seed_08/stage18_ppo.history.json,1100,1051,1100,0.006417049557924093,-0.009108737277399217,0.03700117275418181,0.4234897594100663,0.00528989546208842,0.05558035722268479,100,2000,-77.26670830480833,7.496780554788074,96.7,0,0
Burst,seed_08,results/stage18_burst/full_context_v2/seed_08/stage18_ppo.history.json,1150,1101,1150,0.004697069558980209,-0.00876062766404911,0.031393657371933975,0.38260175261114326,0.007651121646631509,0.0579927885638816,100,2000,-77.38733108168528,7.376157777911132,97.25,0,0
Burst,seed_08,results/stage18_burst/full_context_v2/seed_08/stage18_ppo.history.json,1200,1151,1200,0.010727701983081976,-0.007116999612965932,0.03566919426555701,0.3582896526737992,0.010785463099767054,0.05747767861577727,100,2000,-78.37477961271912,6.3887092468772835,97.7,0,0
Burst,seed_08,results/stage18_burst/full_context_v2/seed_08/stage18_ppo.history.json,1250,1201,1250,0.006472042986258333,-0.012153456497582652,0.03967959692402344,0.43560380994209225,0.006522616009793377,0.06070743279442901,100,2000,-78.8940025791039,5.869486280492509,97.3,0,0
Burst,seed_08,results/stage18_burst/full_context_v2/seed_08/stage18_ppo.history.json,1300,1251,1300,0.009689076853516911,-0.006595474135662829,0.03280940222820001,0.46797805884853005,0.010288967671548173,0.060491071481789865,100,2000,-80.48038726148269,4.283101598113717,97.85000000000001,0,0
Burst,seed_08,results/stage18_burst/full_context_v2/seed_08/stage18_ppo.history.json,1350,1301,1350,0.00586435800817396,-0.01251333175709338,0.040754066314548254,0.428337510941284,0.012885740039304698,0.061830357515386174,100,2000,-84.09518786536067,0.6683009942357359,97.0,0,0
Burst,seed_08,results/stage18_burst/full_context_v2/seed_08/stage18_ppo.history.json,1400,1351,1400,0.0034839559978406343,-0.013718749629333615,0.04275657505994397,0.45162434742919033,0.011299217853255479,0.06231398813958679,100,2000,-80.06239971038625,4.701089149210162,97.1,0,0
Burst,seed_08,results/stage18_burst/full_context_v2/seed_08/stage18_ppo.history.json,1450,1401,1450,0.006122917094866612,-0.01299617825342076,0.03975724227659937,0.41235422695587787,0.007368241887888871,0.054902129274393835,100,2000,-84.431895813311,0.33159304628540553,97.1,0,0
Burst,seed_08,results/stage18_burst/full_context_v2/seed_08/stage18_ppo.history.json,1500,1451,1500,0.009759646308209215,-0.008055538088748497,0.043204922894282,0.3662651402077505,0.011969686386042407,0.05362988968512841,100,2000,-87.10594177664649,-2.342452917050082,97.55,0,0
Burst,seed_08,results/stage18_burst/full_context_v2/seed_08/stage18_ppo.history.json,1550,1501,1550,0.004220348890937332,-0.013541942728417262,0.04327013988846115,0.4407692630110043,0.010308315996423647,0.06532738131604024,100,2000,-80.21337096003386,4.550117899562551,97.05,0,0
Burst,seed_08,results/stage18_burst/full_context_v2/seed_08/stage18_ppo.history.json,1600,1551,1600,0.007308537751669064,-0.012344344352771128,0.03994584561899371,0.42580020727057544,0.01162266147522522,0.06353635221187556,100,2000,-79.47826874335787,5.285220116238534,97.55,0,0
Burst,seed_08,results/stage18_burst/full_context_v2/seed_08/stage18_ppo.history.json,1650,1601,1650,0.009634023528113694,-0.013132122855278709,0.05333410767239652,0.427824214633022,0.010026754108756513,0.06085246655025653,100,2000,-77.53050185929375,7.232987000302657,96.7,0,0
Burst,seed_08,results/stage18_burst/full_context_v2/seed_08/stage18_ppo.history.json,1700,1651,1700,0.007891684121984457,-0.011326801796842898,0.04442153711404119,0.40194771710022387,0.013141952662928297,0.0630580358473318,100,2000,-80.70158967062109,4.0618991889753175,97.45,0,0
Burst,seed_08,results/stage18_burst/full_context_v2/seed_08/stage18_ppo.history.json,1750,1701,1750,0.011645140858100993,-0.009614022748012627,0.05011247683848653,0.4559532017322324,0.013009048732263702,0.06439732148178987,100,2000,-80.45783340570891,4.305655453887496,97.05,0,0
Burst,seed_08,results/stage18_burst/full_context_v2/seed_08/stage18_ppo.history.json,1800,1751,1800,0.0071344763107065645,-0.01121515710838139,0.045563363636444726,0.47979377835458914,0.00920323527472127,0.06330444144883327,100,2000,-77.54058874893468,7.222900110661726,96.85000000000001,0,0
Burst,seed_08,results/stage18_burst/full_context_v2/seed_08/stage18_ppo.history.json,1850,1801,1850,0.007588225982284972,-0.011006255550975246,0.045142022493694506,0.44904950563756196,0.007808467240205832,0.06639194155910186,100,2000,-85.85527552280492,-1.0917866632085094,97.95,0,0
Burst,seed_08,results/stage18_burst/full_context_v2/seed_08/stage18_ppo.history.json,1900,1851,1900,0.007044161936002118,-0.01058414432087115,0.037112101629775546,0.4838653771605875,0.00879550141118151,0.0598958335550768,100,2000,-78.74994841840565,6.013540441190756,97.39999999999999,0,0
Burst,seed_08,results/stage18_burst/full_context_v2/seed_08/stage18_ppo.history.json,1950,1901,1950,0.013831434380595704,-0.008288126704948289,0.05057273547364665,0.5150595091815506,0.008271240413055887,0.06155563212398972,100,2000,-84.9595267565417,-0.19603789694529894,96.75,0,0
Burst,seed_08,results/stage18_burst/full_context_v2/seed_08/stage18_ppo.history.json,2000,1951,2000,0.011254258944453406,-0.008321506270606602,0.0484549035650811,0.5500257033854723,0.008570912332938212,0.057018119775291004,100,2000,-97.87196776570956,-13.108478906113149,96.35000000000001,0,0
Burst,seed_09,results/stage18_burst/full_context_v2/seed_09/stage18_ppo.history.json,50,1,50,0.01135789766600023,-0.005451686015086514,0.03909765775980694,0.4717286782605308,0.00797231397258916,0.045742018680487356,100,2000,-114.10386917352069,0.0,96.8,0,0
Burst,seed_09,results/stage18_burst/full_context_v2/seed_09/stage18_ppo.history.json,100,51,100,0.009285006173221129,-0.00803031083030094,0.03753585064883477,0.3187207392017756,0.008318771058665811,0.04608591818915946,100,2000,-110.89584482521099,3.2080243483097064,97.85000000000001,0,0
Burst,seed_09,results/stage18_burst/full_context_v2/seed_09/stage18_ppo.history.json,150,101,150,0.011167926809451143,-0.005081049593475958,0.033629824606967826,0.4435268258010703,0.013314763562188352,0.04746685629444463,100,2000,-78.70397087608943,35.399898297431264,96.8,0,0
Burst,seed_09,results/stage18_burst/full_context_v2/seed_09/stage18_ppo.history.json,200,151,200,-0.000199628112438534,-0.006265147894044362,0.021724497857836207,0.5007517581590426,0.005284364081619839,0.038301542667405944,100,2000,-75.55789336690833,38.54597580661236,97.35000000000001,0,0
Burst,seed_09,results/stage18_burst/full_context_v2/seed_09/stage18_ppo.history.json,250,201,250,0.00010149937588721514,-0.005641859723255038,0.020930202361861508,0.48468449605362757,0.008574781118243533,0.04055059528244393,100,2000,-79.81947318069872,34.28439599282197,98.65,0,0
Burst,seed_09,results/stage18_burst/full_context_v2/seed_09/stage18_ppo.history.json,300,251,300,0.002282969836544778,-0.006016687756138188,0.024010509701578746,0.44243685205303807,0.006665767691239515,0.040178571495094476,100,2000,-75.51460319782531,38.58926597569538,97.65,0,0
Burst,seed_09,results/stage18_burst/full_context_v2/seed_09/stage18_ppo.history.json,350,301,350,0.006482288574001619,-0.006133886386773415,0.02772424281075863,0.4511032129770943,0.006172670974462693,0.04172137605824641,100,2000,-78.34734291990996,35.75652625361073,96.89999999999999,0,0
Burst,seed_09,results/stage18_burst/full_context_v2/seed_09/stage18_ppo.history.json,400,351,400,0.0036647301361275213,-0.006798235092165193,0.025248846005914465,0.3695469309667325,0.01110324630558136,0.04233099506901843,100,2000,-78.81946709300435,35.284402080516344,96.39999999999999,0,0
Burst,seed_09,results/stage18_burst/full_context_v2/seed_09/stage18_ppo.history.json,450,401,450,0.0016457575173782451,-0.007146561302111617,0.0275623889312902,0.4782097165339759,0.010626178001984954,0.04813431070319244,100,2000,-78.00498027624062,36.09888889728008,97.95,0,0
Burst,seed_09,results/stage18_burst/full_context_v2/seed_09/stage18_ppo.history.json,500,451,500,0.004542481163904692,-0.00793340037177716,0.03238285931625537,0.4684244457743585,0.006105700090605144,0.03769841271319559,100,2000,-76.16861686274916,37.93525231077153,97.39999999999999,0,0
Burst,seed_09,results/stage18_burst/full_context_v2/seed_09/stage18_ppo.history.json,550,501,550,-0.000335841594884793,-0.008053136041520963,0.023744438317537843,0.39063273503312046,0.007243058271428925,0.036209023324772716,100,2000,-75.74897095949227,38.354898214028424,97.95,0,0
Burst,seed_09,results/stage18_burst/full_context_v2/seed_09/stage18_ppo.history.json,600,551,600,0.0007237216216578547,-0.009403859287322987,0.027194413639205908,0.45137346589139526,0.007349897038823525,0.04817708333333333,100,2000,-76.00343931345719,38.1004298600635,96.85000000000001,0,0
Burst,seed_09,results/stage18_burst/full_context_v2/seed_09/stage18_ppo.history.json,650,601,650,0.004860828554401884,-0.005255455783169184,0.03109985866259584,0.48924394938431653,0.006736345339699515,0.03854166677532096,100,2000,-77.1422438547747,36.96162531874599,96.8,0,0
Burst,seed_09,results/stage18_burst/full_context_v2/seed_09/stage18_ppo.history.json,700,651,700,0.0034430857880839282,-0.008520824036427906,0.02843875590977924,0.4421214792778042,0.010094816238092465,0.04488670499995351,100,2000,-77.8312641496358,36.27260502388489,96.8,0,0
Burst,seed_09,results/stage18_burst/full_context_v2/seed_09/stage18_ppo.history.json,750,701,750,-0.00022872307870004858,-0.009420586957795811,0.027160617971925864,0.37842912479702917,0.009181581368855923,0.04691220261156559,100,2000,-77.39253828826838,36.71133088525231,97.5,0,0
Burst,seed_09,results/stage18_burst/full_context_v2/seed_09/stage18_ppo.history.json,800,751,800,0.0014527192903361062,-0.010062265010284526,0.028883572834144743,0.2798948253371941,0.009390412377224981,0.04539930567677532,100,2000,-75.57785930851986,38.52600986500083,97.45,0,0
Burst,seed_09,results/stage18_burst/full_context_v2/seed_09/stage18_ppo.history.json,850,801,850,0.00459950853421885,-0.007309454586252937,0.02774204667990229,0.3027953884198463,0.009048696890074228,0.03785277237849576,100,2000,-76.05922721627934,38.04464195724135,96.6,0,0
Burst,seed_09,results/stage18_burst/full_context_v2/seed_09/stage18_ppo.history.json,900,851,900,0.005050549229573724,-0.00797810391495226,0.03221058511241738,0.3046210611426906,0.008466201711818095,0.040513392870447466,100,2000,-75.82194856796701,38.28192060555368,96.45,0,0
Burst,seed_09,results/stage18_burst/full_context_v2/seed_09/stage18_ppo.history.json,950,901,950,0.0034075055030241075,-0.010929398804104755,0.02761925938206592,0.34020066557319034,0.012310013218666427,0.045135374580110826,100,2000,-75.55945590939386,38.54441326412683,96.5,0,0
Burst,seed_09,results/stage18_burst/full_context_v2/seed_09/stage18_ppo.history.json,1000,951,1000,0.003792865467923028,-0.007940120612537222,0.027946919959504157,0.41973296807477056,0.01025115777078359,0.0452008929236659,100,2000,-79.20067532687187,34.90319384664882,97.35000000000001,0,0
Burst,seed_09,results/stage18_burst/full_context_v2/seed_09/stage18_ppo.history.json,1050,1001,1050,0.006670274780065353,-0.009598130177307342,0.03310904621944896,0.4421899911637107,0.006161147800628983,0.04360650533011981,100,2000,-78.50376334016481,35.60010583335588,97.0,0,0
Burst,seed_09,results/stage18_burst/full_context_v2/seed_09/stage18_ppo.history.json,1100,1051,1100,0.0008881900866981596,-0.012656738571379157,0.03221406609684761,0.4026184973273692,0.006320668608948057,0.04776213397937161,100,2000,-78.18219092089856,35.92167825262213,96.55,0,0
Burst,seed_09,results/stage18_burst/full_context_v2/seed_09/stage18_ppo.history.json,1150,1101,1150,0.0029489735856519216,-0.01032324434657182,0.0320561812591872,0.4566034252503804,0.008444467399385758,0.051004464338932715,100,2000,-81.11942155491596,32.98444761860473,97.25,0,0
Burst,seed_09,results/stage18_burst/full_context_v2/seed_09/stage18_ppo.history.json,1200,1151,1200,0.006829507820796044,-0.011596289768238507,0.0386321301838117,0.4368223780766149,0.010290956024791496,0.05238605862749474,100,2000,-85.90480921210637,28.19905996141432,97.2,0,0
Burst,seed_09,results/stage18_burst/full_context_v2/seed_09/stage18_ppo.history.json,1250,1201,1250,0.0056184625801896405,-0.007989487311403667,0.03758070235406714,0.4008928187291271,0.013231490904997503,0.05249255975442273,100,2000,-78.73686580938077,35.36700336413992,97.39999999999999,0,0
Burst,seed_09,results/stage18_burst/full_context_v2/seed_09/stage18_ppo.history.json,1300,1251,1300,0.009148912554207658,-0.01054062379989773,0.046353726620076315,0.4615503212698968,0.014950274634559588,0.0582615860981778,100,2000,-85.04651936639507,29.057349807125618,97.65,0,0
Burst,seed_09,results/stage18_burst/full_context_v2/seed_09/stage18_ppo.history.json,1350,1301,1350,0.005376983038981312,-0.011920836454789554,0.041278790699185004,0.44215509328725083,0.010097419875121107,0.05746173486113548,100,2000,-84.88091989470595,29.22294927881474,98.45,0,0
Burst,seed_09,results/stage18_burst/full_context_v2/seed_09/stage18_ppo.history.json,1400,1351,1400,0.00740078864951751,-0.0093842928763479,0.03941020150835227,0.443831713021999,0.012574667909315655,0.06152931720550571,100,2000,-83.9757755579746,30.128093615546092,97.15,0,0
Burst,seed_09,results/stage18_burst/full_context_v2/seed_09/stage18_ppo.history.json,1450,1401,1450,0.012086239435510442,-0.007992528711578677,0.043490659445524216,0.4669609953193036,0.011681807036178986,0.06885097841066973,100,2000,-90.61702000071277,23.486849172807922,98.35000000000001,0,0
Burst,seed_09,results/stage18_burst/full_context_v2/seed_09/stage18_ppo.history.json,1500,1451,1500,0.007743003294481674,-0.013654113481087344,0.04703140195592174,0.4037617798814088,0.009648200604195674,0.06104910719607558,100,2000,-91.20873076502535,22.89513840849534,97.5,0,0
Burst,seed_09,results/stage18_burst/full_context_v2/seed_09/stage18_ppo.history.json,1550,1501,1550,0.009322999352921864,-0.010302035703456829,0.04737132020956584,0.481781044708831,0.012732108306538845,0.06245707427816732,100,2000,-86.97872948548222,27.125139688038473,96.85000000000001,0,0
Burst,seed_09,results/stage18_burst/full_context_v2/seed_09/stage18_ppo.history.json,1600,1551,1600,0.010007245266543967,-0.010023108012752519,0.04992723099089094,0.5644524479409614,0.01340014878041984,0.060863095335662365,100,2000,-91.31777410910595,22.786095064414738,97.2,0,0
Burst,seed_09,results/stage18_burst/full_context_v2/seed_09/stage18_ppo.history.json,1650,1601,1650,0.012916369613126984,-0.009954245794298393,0.05511109926737845,0.5600866625151997,0.011938850840254287,0.062401523148374896,100,2000,-93.10876496837837,20.995104205142326,97.7,0,0
Burst,seed_09,results/stage18_burst/full_context_v2/seed_09/stage18_ppo.history.json,1700,1651,1700,0.013810017811400548,-0.007419474639131555,0.0540350757073611,0.5150958872810796,0.009632420468343688,0.05253507675869124,100,2000,-84.67032686695673,29.433542306563965,97.45,0,0
Burst,seed_09,results/stage18_burst/full_context_v2/seed_09/stage18_ppo.history.json,1750,1701,1750,0.009417601362136858,-0.008092194562777877,0.046732252530221424,0.5265045864507556,0.012074754357204905,0.056533310628895245,100,2000,-83.77830588402736,30.32556328949333,97.2,0,0
Burst,seed_09,results/stage18_burst/full_context_v2/seed_09/stage18_ppo.history.json,1800,1751,1800,0.008714647281781902,-0.007082923232311649,0.037195898326379914,0.5072623610141731,0.0077798805661067096,0.05473111656361393,100,2000,-81.32003512050466,32.78383405301604,96.75,0,0
Burst,seed_09,results/stage18_burst/full_context_v2/seed_09/stage18_ppo.history.json,1850,1801,1850,0.010072970380341367,-0.008991618075274994,0.050157174650978825,0.5577981928030827,0.007110310065659827,0.052827381129775725,100,2000,-83.2174333070927,30.886435866427988,98.25,0,0
Burst,seed_09,results/stage18_burst/full_context_v2/seed_09/stage18_ppo.history.json,1900,1851,1900,0.011599229607132396,-0.007428177224937826,0.048421517047765,0.5165531257433551,0.009492723442755441,0.05691964299018894,100,2000,-103.75072817198703,10.353141001533658,98.5,0,0
Burst,seed_09,results/stage18_burst/full_context_v2/seed_09/stage18_ppo.history.json,1950,1901,1950,0.018568587284313424,-0.00564590933832473,0.061563768557139804,0.5912531445335065,0.009884962604181575,0.05693204374983907,100,2000,-84.44313578690215,29.660733386618546,98.05,0,0
Burst,seed_09,results/stage18_burst/full_context_v2/seed_09/stage18_ppo.history.json,2000,1951,2000,0.01145795896549576,-0.008795240461560232,0.04799501159245015,0.5932941949660224,0.01242711498135967,0.0625797196158341,100,2000,-90.2403724539997,23.863496719520995,97.25,0,0
Burst,seed_10,results/stage18_burst/full_context_v2/seed_10/stage18_ppo.history.json,50,1,50,0.013745448098883832,-0.0067980755314541366,0.04523130007354277,0.37798790633678436,0.009966671770338768,0.046438717682446756,100,2000,-112.65257365509906,0.0,96.8,0,0
Burst,seed_10,results/stage18_burst/full_context_v2/seed_10/stage18_ppo.history.json,100,51,100,0.002420662810826408,-0.007883181945154711,0.02533196739386767,0.4744432637734073,0.010168436384576904,0.048611111140676906,100,2000,-79.60892732451092,33.043646330588146,96.5,0,0
Burst,seed_10,results/stage18_burst/full_context_v2/seed_10/stage18_ppo.history.json,150,101,150,0.004127846026676707,-0.0065981725153202815,0.027444444667448158,0.5290639467448706,0.007726009436217802,0.04794034095747131,100,2000,-77.52534846829171,35.12722518680735,96.6,0,0
Burst,seed_10,results/stage18_burst/full_context_v2/seed_10/stage18_ppo.history.json,200,151,200,0.004205670062219724,-0.006790746297199456,0.024476069607771933,0.4038784488891126,0.007579483590754015,0.045599490138036866,100,2000,-78.64616704523945,34.00640660985961,98.15,0,0
Burst,seed_10,results/stage18_burst/full_context_v2/seed_10/stage18_ppo.history.json,250,201,250,0.005241038626991212,-0.007978542843678346,0.030993676744401455,0.47173088916263495,0.011011897112309401,0.05078125,100,2000,-77.54367539283133,35.10889826226773,97.2,0,0
Burst,seed_10,results/stage18_burst/full_context_v2/seed_10/stage18_ppo.history.json,300,251,300,0.0067827384752620545,-0.008228575212082694,0.03388367975795907,0.4049863874734867,0.012550827764373804,0.0561646533730839,100,2000,-78.50659124636766,34.1459824087314,98.05,0,0
Burst,seed_10,results/stage18_burst/full_context_v2/seed_10/stage18_ppo.history.json,350,301,350,0.007496459143502372,-0.007255432445422879,0.03201122864681695,0.4223795413854532,0.010651008549584298,0.04396217649004289,100,2000,-77.76654840775237,34.886025247346694,97.5,0,0
Burst,seed_10,results/stage18_burst/full_context_v2/seed_10/stage18_ppo.history.json,400,351,400,0.009345686013278152,-0.0067051973746856675,0.043391701133389554,0.39258806580411537,0.010271176350215683,0.047836538670318465,100,2000,-78.22471998717423,34.427853667924836,96.6,0,0
Burst,seed_10,results/stage18_burst/full_context_v2/seed_10/stage18_ppo.history.json,450,401,450,0.003671160516595202,-0.009344246988240186,0.034173924753087614,0.4451825791038573,0.00875149241827395,0.050967262126505375,100,2000,-78.92428760866217,33.72828604643689,97.35000000000001,0,0
Burst,seed_10,results/stage18_burst/full_context_v2/seed_10/stage18_ppo.history.json,500,451,500,0.00494469215516888,-0.006432720360213092,0.03375897256617983,0.4450748580108796,0.01051083805162177,0.050446428624647,100,2000,-80.89541760271986,31.7571560523792,97.39999999999999,0,0
Burst,seed_10,results/stage18_burst/full_context_v2/seed_10/stage18_ppo.history.json,550,501,550,0.008055218046398034,-0.009870791741247689,0.0389059182821906,0.3991981393358271,0.010340036455393904,0.05466269861374583,100,2000,-78.56282370477639,34.08974995032267,97.89999999999999,0,0
Burst,seed_10,results/stage18_burst/full_context_v2/seed_10/stage18_ppo.history.json,600,551,600,0.007915671012597159,-0.011795364935616299,0.03755062705438052,0.4445599668792316,0.01226619971774718,0.05079187938411321,100,2000,-77.11801908314735,35.534554571951716,97.05,0,0
Burst,seed_10,results/stage18_burst/full_context_v2/seed_10/stage18_ppo.history.json,650,601,650,0.0072794689580665106,-0.006168160454503128,0.030644082048508738,0.4436500474278416,0.00955913886926802,0.04743303571428571,100,2000,-79.79412807320767,32.85844558189139,97.25,0,0
Burst,seed_10,results/stage18_burst/full_context_v2/seed_10/stage18_ppo.history.json,700,651,700,0.014522478026005307,-0.0030207064036013825,0.0390830186993948,0.440821608740537,0.011359800518091236,0.05418792553246021,100,2000,-79.95927177463096,32.6933018804681,97.3,0,0
Burst,seed_10,results/stage18_burst/full_context_v2/seed_10/stage18_ppo.history.json,750,701,750,0.006574236920901708,-0.01328007910134537,0.03920302616565355,0.4446630281329687,0.007534479913634382,0.05277423480791705,100,2000,-79.36056841138391,33.29200524371515,97.2,0,0
Burst,seed_10,results/stage18_burst/full_context_v2/seed_10/stage18_ppo.history.json,800,751,800,0.008267369794858885,-0.008105676920552338,0.03683192961450134,0.32896366753127604,0.01028737793759709,0.04241071428571429,100,2000,-75.62600251507905,37.02657114002001,96.5,0,0
Burst,seed_10,results/stage18_burst/full_context_v2/seed_10/stage18_ppo.history.json,850,801,850,0.0030140633461996913,-0.006836060883610376,0.0278988520814372,0.4254410253571613,0.010418539920855048,0.04993091018072196,100,2000,-76.8846717166977,35.767901938401366,96.6,0,0
Burst,seed_10,results/stage18_burst/full_context_v2/seed_10/stage18_ppo.history.json,900,851,900,0.009268180192780813,-0.008225078428430217,0.03794496206267338,0.49764226100939724,0.00857879193167069,0.05357142870447465,100,2000,-82.1490985125022,30.503475142596855,97.75,0,0
Burst,seed_10,results/stage18_burst/full_context_v2/seed_10/stage18_ppo.history.json,950,901,950,0.010158761121731783,-0.00791540608874389,0.041827415149392824,0.4732181497716478,0.01045909886930271,0.058345734141767025,100,2000,-78.08017972879274,34.57239392630632,97.2,0,0
Burst,seed_10,results/stage18_burst/full_context_v2/seed_10/stage18_ppo.history.json,1000,951,1000,0.013050467008724809,-0.006035093284611191,0.044062152105782716,0.44691537340570775,0.00988679937186784,0.0571056552497404,100,2000,-76.73171015819413,35.92086349690493,96.45,0,0
Burst,seed_10,results/stage18_burst/full_context_v2/seed_10/stage18_ppo.history.json,1050,1001,1050,0.005017467051012707,-0.009730524416746838,0.044445606092700644,0.4957994891862784,0.011941836416404276,0.05177331352162929,100,2000,-78.67025209565988,33.982321559439185,96.65,0,0
Burst,seed_10,results/stage18_burst/full_context_v2/seed_10/stage18_ppo.history.json,1100,1051,1100,0.0042658248733329985,-0.012493550278512493,0.0425488498294726,0.48901875409925033,0.009020263616028907,0.05517857135938747,100,2000,-78.87095849442683,33.78161516067223,96.75,0,0
Burst,seed_10,results/stage18_burst/full_context_v2/seed_10/stage18_ppo.history.json,1150,1101,1150,0.010137181887070516,-0.009049048381192344,0.04343949748380553,0.4870922107781682,0.01049845470697619,0.05282576368855578,100,2000,-80.81223167860229,31.840341976496774,96.6,0,0
Burst,seed_10,results/stage18_burst/full_context_v2/seed_10/stage18_ppo.history.json,1200,1151,1200,0.011332221046489264,-0.01041939452157489,0.04727996682881245,0.5252410992980003,0.006842106497580451,0.05952132114076189,100,2000,-84.47997212939292,28.172601525706142,96.8,0,0
Burst,seed_10,results/stage18_burst/full_context_v2/seed_10/stage18_ppo.history.json,1250,1201,1250,0.00969657240368958,-0.008891916442995092,0.052446357174111266,0.5284083964569228,0.007783647693161453,0.05809771841658013,100,2000,-84.96230894983135,27.690264705267708,96.89999999999999,0,0
Burst,seed_10,results/stage18_burst/full_context_v2/seed_10/stage18_ppo.history.json,1300,1251,1300,0.009675216254046454,-0.009340968415407198,0.04541812534444034,0.5389769055348421,0.0076045597727768055,0.0563173188960978,100,2000,-81.52464658140936,31.127927073689705,97.15,0,0
Burst,seed_10,results/stage18_burst/full_context_v2/seed_10/stage18_ppo.history.json,1350,1301,1350,0.004593203035515866,-0.012382609536871314,0.04371335134575409,0.5364446671945708,0.010741434741898308,0.06518871762922832,100,2000,-83.6508288327109,29.00174482238816,98.15,0,0
Burst,seed_10,results/stage18_burst/full_context_v2/seed_10/stage18_ppo.history.json,1400,1351,1400,0.004703008603038532,-0.010201505717954466,0.038117561056943874,0.4857509152165481,0.009548978264709669,0.05943314844210233,100,2000,-81.2611771911557,31.391396463943366,97.2,0,0
Burst,seed_10,results/stage18_burst/full_context_v2/seed_10/stage18_ppo.history.json,1450,1401,1450,0.009858871552361443,-0.008442855983351667,0.04582038571658943,0.5583276591662849,0.007841443942327584,0.058779762126505375,100,2000,-80.33241637122988,32.32015728386918,96.8,0,0
Burst,seed_10,results/stage18_burst/full_context_v2/seed_10/stage18_ppo.history.json,1500,1451,1500,0.004033718923372882,-0.008679397005055631,0.0361738354632897,0.5259813820510837,0.012779372020824147,0.061556810446615734,100,2000,-79.45917077386324,33.193402881235826,97.1,0,0
Burst,seed_10,results/stage18_burst/full_context_v2/seed_10/stage18_ppo.history.json,1550,1501,1550,0.009360713618142264,-0.008549073677776114,0.043993396373740064,0.5185846111604147,0.011663473044921244,0.06361607142857142,100,2000,-82.11130235842735,30.54127129667171,96.3,0,0
Burst,seed_10,results/stage18_burst/full_context_v2/seed_10/stage18_ppo.history.json,1600,1551,1600,0.00928443474029856,-0.00841932331344911,0.047112199311543784,0.5908308059775403,0.007532825855638034,0.058519345309053145,100,2000,-82.83819065795646,29.8143829971426,96.45,0,0
Burst,seed_10,results/stage18_burst/full_context_v2/seed_10/stage18_ppo.history.json,1650,1601,1650,0.015752590959891677,-0.00786760427581612,0.053545050156701884,0.5410051602604133,0.008608990089442159,0.05379464291036129,100,2000,-87.3309370133953,25.321636641703762,97.15,0,0
Burst,seed_10,results/stage18_burst/full_context_v2/seed_10/stage18_ppo.history.json,1700,1651,1700,0.008241238039253014,-0.007133021504463007,0.0450956976440336,0.46517170460096424,0.009729209380956099,0.055369543709925244,100,2000,-80.08833614236036,32.5642375127387,97.0,0,0
Burst,seed_10,results/stage18_burst/full_context_v2/seed_10/stage18_ppo.history.json,1750,1701,1750,0.005486500316432543,-0.011093570113492508,0.03728831559419632,0.5029217874897378,0.01097409953252368,0.06702628977862851,100,2000,-79.76412359770376,32.8884500573953,97.6,0,0
Burst,seed_10,results/stage18_burst/full_context_v2/seed_10/stage18_ppo.history.json,1800,1751,1800,0.0034252969115706427,-0.010168070173157113,0.04062202060595155,0.541849144992219,0.006367971627956389,0.06082589338932719,100,2000,-79.81842074596395,32.83415290913511,96.65,0,0
Burst,seed_10,results/stage18_burst/full_context_v2/seed_10/stage18_ppo.history.json,1850,1801,1850,0.00631826354878112,-0.00921944049852235,0.044378116427521624,0.5699385475433831,0.0068311628235408406,0.06004464300349355,100,2000,-78.09173337474542,34.560840280353645,96.89999999999999,0,0
Burst,seed_10,results/stage18_burst/full_context_v2/seed_10/stage18_ppo.history.json,1900,1851,1900,0.002881539736076125,-0.011400989195819767,0.03694874808258776,0.5218513633257577,0.005716850301333969,0.06138392857142857,100,2000,-76.94638820549828,35.70618544960078,97.1,0,0
Burst,seed_10,results/stage18_burst/full_context_v2/seed_10/stage18_ppo.history.json,1950,1901,1950,0.012478720563064729,-0.005291877701113532,0.04807112508985613,0.5995188106982303,0.005382960525590111,0.052242289164236615,100,2000,-84.22194303803188,28.43063061706718,97.35000000000001,0,0
Burst,seed_10,results/stage18_burst/full_context_v2/seed_10/stage18_ppo.history.json,2000,1951,2000,0.008039556427060494,-0.007156674439708391,0.04570870583743922,0.5516214219915128,0.012476027793517069,0.06861182009535177,100,2000,-81.2817272337331,31.370846421365968,97.35000000000001,0,0
